reference_name	gene	state	mean_expression	marker_score	marker_rank
GSE220243_broad	GNG11	endothelial	2.500771999359131	1.882751703262329	1
GSE220243_broad	TM4SF1	endothelial	2.2092959880828857	1.6421462297439575	2
GSE220243_broad	IFI27	endothelial	2.3446943759918213	1.594389796257019	3
GSE220243_broad	PLVAP	endothelial	1.4608403444290161	1.4527853727340698	4
GSE220243_broad	EMCN	endothelial	1.3689124584197998	1.3550242185592651	5
GSE220243_broad	RAMP2	endothelial	1.7691832780838013	1.3516961336135864	6
GSE220243_broad	PECAM1	endothelial	1.7832670211791992	1.342954397201538	7
GSE220243_broad	SOX18	endothelial	1.3109066486358643	1.303003191947937	8
GSE220243_broad	CALCRL	endothelial	1.5250072479248047	1.2645190954208374	9
GSE220243_broad	EGFL7	endothelial	1.3806453943252563	1.2392215728759766	10
GSE220243_broad	ADGRL4	endothelial	1.200922966003418	1.1944940090179443	11
GSE220243_broad	ITGA6	endothelial	1.3100203275680542	1.1882010698318481	12
GSE220243_broad	CLEC14A	endothelial	1.1972682476043701	1.1829582452774048	13
GSE220243_broad	ACKR1	endothelial	1.1450194120407104	1.1278280019760132	14
GSE220243_broad	ECSCR	endothelial	1.1239861249923706	1.118384599685669	15
GSE220243_broad	KLF2	endothelial	2.1595890522003174	1.0980281829833984	16
GSE220243_broad	SLC9A3R2	endothelial	1.3751697540283203	1.023327112197876	17
GSE220243_broad	SPRY1	endothelial	1.3067164421081543	1.012924075126648	18
GSE220243_broad	HLA-E	endothelial	2.6912472248077393	1.0006998777389526	19
GSE220243_broad	GIMAP7	endothelial	1.4096986055374146	0.9800733327865601	20
GSE220243_broad	CD34	endothelial	1.188821792602539	0.975511908531189	21
GSE220243_broad	NPDC1	endothelial	1.3745383024215698	0.9753357172012329	22
GSE220243_broad	FLT1	endothelial	1.0575666427612305	0.9516416192054749	23
GSE220243_broad	RAMP3	endothelial	0.9633439183235168	0.9415850639343262	24
GSE220243_broad	CD93	endothelial	1.1538031101226807	0.9111776947975159	25
GSE220243_broad	VWF	endothelial	0.9119668006896973	0.9067496061325073	26
GSE220243_broad	CLDN5	endothelial	0.9897327423095703	0.8953089118003845	27
GSE220243_broad	AQP1	endothelial	1.915076494216919	0.8899240493774414	28
GSE220243_broad	PCAT19	endothelial	0.8759972453117371	0.8687448501586914	29
GSE220243_broad	ELK3	endothelial	1.1875107288360596	0.807680606842041	30
GSE220243_broad	HSPG2	endothelial	1.2903333902359009	0.8007376194000244	31
GSE220243_broad	PODXL	endothelial	0.8276589512825012	0.7997985482215881	32
GSE220243_broad	CCL14	endothelial	0.7990096211433411	0.7876608967781067	33
GSE220243_broad	CDH5	endothelial	0.7871453166007996	0.7737782597541809	34
GSE220243_broad	HYAL2	endothelial	0.9056969285011292	0.7681143879890442	35
GSE220243_broad	CRIP2	endothelial	1.7255871295928955	0.7624545693397522	36
GSE220243_broad	SPTBN1	endothelial	1.5068707466125488	0.7515862584114075	37
GSE220243_broad	TM4SF18	endothelial	0.7425703406333923	0.7386698722839355	38
GSE220243_broad	LMCD1	endothelial	1.0119236707687378	0.7326629161834717	39
GSE220243_broad	CYYR1	endothelial	0.7252050042152405	0.7218372821807861	40
GSE220243_broad	PTPRB	endothelial	0.728837251663208	0.7209691405296326	41
GSE220243_broad	PALMD	endothelial	1.1954749822616577	0.7186854481697083	42
GSE220243_broad	MGST2	endothelial	0.9678156971931458	0.7166314125061035	43
GSE220243_broad	MTUS1	endothelial	1.318109154701233	0.7072504162788391	44
GSE220243_broad	NEDD9	endothelial	0.8486709594726562	0.7048143148422241	45
GSE220243_broad	TCF4	endothelial	1.802849292755127	0.689660906791687	46
GSE220243_broad	MYCT1	endothelial	0.6818689703941345	0.6785208582878113	47
GSE220243_broad	TSPAN7	endothelial	0.7600768804550171	0.6753710508346558	48
GSE220243_broad	RDX	endothelial	1.1079517602920532	0.6536681652069092	49
GSE220243_broad	PLAT	endothelial	0.7256453037261963	0.6504323482513428	50
GSE220243_broad	ITM2A	endothelial	1.3789629936218262	0.6376194357872009	51
GSE220243_broad	SYNE2	endothelial	1.3313517570495605	0.619915783405304	52
GSE220243_broad	FKBP1A	endothelial	1.3321809768676758	0.614525556564331	53
GSE220243_broad	MMRN2	endothelial	0.6444761753082275	0.6018374562263489	54
GSE220243_broad	GIMAP1	endothelial	0.8374577164649963	0.599808394908905	55
GSE220243_broad	JAM2	endothelial	0.7099236249923706	0.5997767448425293	56
GSE220243_broad	RAB11A	endothelial	1.0197502374649048	0.5967867374420166	57
GSE220243_broad	SOX17	endothelial	0.587905764579773	0.5834880471229553	58
GSE220243_broad	SLCO2A1	endothelial	0.5826652646064758	0.5744748115539551	59
GSE220243_broad	CAVIN2	endothelial	0.8181822896003723	0.570894181728363	60
GSE220243_broad	RPL22	endothelial	2.7310268878936768	-0.23183155059814453	36472
GSE220243_broad	HMGB2	endothelial	0.5908729434013367	-0.25401270389556885	36644
GSE220243_broad	PHF3	endothelial	0.5008262395858765	-0.2553836703300476	36649
GSE220243_broad	CCNG2	endothelial	0.28529059886932373	-0.2935059070587158	36897
GSE220243_broad	RPL22L1	endothelial	0.6679861545562744	-0.3063403367996216	36962
GSE220243_broad	HSPA2	endothelial	0.4899965822696686	-0.321964830160141	37037
GSE220243_broad	IFITM2	endothelial	1.8384640216827393	-0.33109188079833984	37073
GSE220243_broad	PHC2	endothelial	0.3055952191352844	-0.3370100259780884	37104
GSE220243_broad	CLEC3A	endothelial	0.01926913857460022	-0.3387818932533264	37114
GSE220243_broad	PTGDS	endothelial	0.10558391362428665	-0.34254875779151917	37133
GSE220243_broad	EML4	endothelial	0.22490006685256958	-0.3703588843345642	37226
GSE220243_broad	MIA	endothelial	0.0531463548541069	-0.37219691276550293	37231
GSE220243_broad	SBSPON	endothelial	0.04131285846233368	-0.37530773878097534	37240
GSE220243_broad	TUBA4A	endothelial	0.2316911369562149	-0.3757168650627136	37241
GSE220243_broad	CTSG	endothelial	0.0003020679869223386	-0.3784710168838501	37253
GSE220243_broad	POLR1D	endothelial	0.6853216290473938	-0.3801913857460022	37258
GSE220243_broad	CCDC59	endothelial	0.46479135751724243	-0.38307493925094604	37272
GSE220243_broad	SYF2	endothelial	0.8921235203742981	-0.39473575353622437	37309
GSE220243_broad	TMOD1	endothelial	0.10923720896244049	-0.39642196893692017	37314
GSE220243_broad	RPS11	endothelial	2.584707736968994	-0.3985743522644043	37322
GSE220243_broad	SUB1	endothelial	0.9219241738319397	-0.4069172739982605	37337
GSE220243_broad	RPL24	endothelial	3.018195867538452	-0.4086453914642334	37344
GSE220243_broad	CTSW	endothelial	0.0033884700387716293	-0.4107675552368164	37353
GSE220243_broad	ITGB8	endothelial	0.0646267980337143	-0.41384291648864746	37364
GSE220243_broad	IL2RG	endothelial	0.009949677623808384	-0.4163517355918884	37370
GSE220243_broad	GSN	endothelial	2.7624423503875732	-0.4287683963775635	37398
GSE220243_broad	SPOCK2	endothelial	0.04630507528781891	-0.4307652711868286	37405
GSE220243_broad	COPS2	endothelial	0.4416944682598114	-0.43925121426582336	37424
GSE220243_broad	STK17A	endothelial	0.24972467124462128	-0.4454849362373352	37439
GSE220243_broad	PTGES3	endothelial	1.0550789833068848	-0.4468001127243042	37440
GSE220243_broad	RNMT	endothelial	0.28084567189216614	-0.4471489489078522	37441
GSE220243_broad	SERPINA3	endothelial	0.022267824038863182	-0.44840019941329956	37443
GSE220243_broad	MS4A2	endothelial	0.0011118955444544554	-0.4532279968261719	37453
GSE220243_broad	CDC42SE2	endothelial	0.26511842012405396	-0.46298545598983765	37475
GSE220243_broad	C1QTNF3	endothelial	0.018471071496605873	-0.4652905762195587	37483
GSE220243_broad	ADRA2A	endothelial	0.040045201778411865	-0.46592390537261963	37484
GSE220243_broad	SYTL3	endothelial	0.0063203852623701096	-0.4666508436203003	37486
GSE220243_broad	CRISPLD1	endothelial	0.07775980979204178	-0.4684804081916809	37494
GSE220243_broad	CCDC102B	endothelial	0.07301230728626251	-0.4697447419166565	37498
GSE220243_broad	HAPLN1	endothelial	0.028356261551380157	-0.472844660282135	37506
GSE220243_broad	MRVI1	endothelial	0.05307614803314209	-0.47665834426879883	37512
GSE220243_broad	PPIC	endothelial	0.5517340302467346	-0.4789348244667053	37516
GSE220243_broad	GUCY1A1	endothelial	0.12180246412754059	-0.48796015977859497	37537
GSE220243_broad	MXI1	endothelial	0.31225132942199707	-0.4896840453147888	37541
GSE220243_broad	SEMA3C	endothelial	0.03645099326968193	-0.49164628982543945	37548
GSE220243_broad	UBA2	endothelial	0.29207614064216614	-0.4922378957271576	37551
GSE220243_broad	ANP32B	endothelial	0.8945163488388062	-0.49441301822662354	37553
GSE220243_broad	ITGA4	endothelial	0.007389530539512634	-0.4948827624320984	37556
GSE220243_broad	ACAP1	endothelial	0.010907508432865143	-0.4956417381763458	37557
GSE220243_broad	MFAP5	endothelial	0.020220952108502388	-0.49580249190330505	37558
GSE220243_broad	COX7C	endothelial	1.5105706453323364	-0.5016604661941528	37566
GSE220243_broad	NRN1	endothelial	0.6418160796165466	-0.5021604895591736	37568
GSE220243_broad	CARMN	endothelial	0.042379800230264664	-0.5066123008728027	37575
GSE220243_broad	CREB5	endothelial	0.17607349157333374	-0.5077549815177917	37577
GSE220243_broad	BIRC3	endothelial	0.20265033841133118	-0.5079491138458252	37578
GSE220243_broad	KCNJ8	endothelial	0.07054147869348526	-0.5119795799255371	37583
GSE220243_broad	GGT5	endothelial	0.28538545966148376	-0.5129921436309814	37584
GSE220243_broad	LIMA1	endothelial	0.6292542219161987	-0.5204746723175049	37590
GSE220243_broad	BCL11B	endothelial	5.85171437705867e-05	-0.5242930054664612	37597
GSE220243_broad	RPLP0	endothelial	2.3339619636535645	-0.5260167121887207	37600
GSE220243_broad	FXYD6	endothelial	0.22002942860126495	-0.5275337100028992	37604
GSE220243_broad	ZFAND5	endothelial	0.8156023025512695	-0.5283061265945435	37606
GSE220243_broad	ANK3	endothelial	0.06719058752059937	-0.5327799916267395	37612
GSE220243_broad	COL2A1	endothelial	0.028869641944766045	-0.5385434627532959	37624
GSE220243_broad	COL18A1	endothelial	0.8795381784439087	-0.5399292707443237	37625
GSE220243_broad	IGFBP2	endothelial	0.5787613391876221	-0.5410118103027344	37629
GSE220243_broad	FHL5	endothelial	0.02828311361372471	-0.54974365234375	37645
GSE220243_broad	ITGA10	endothelial	0.23328641057014465	-0.5497816801071167	37646
GSE220243_broad	SFRP2	endothelial	0.02138904482126236	-0.5537715554237366	37651
GSE220243_broad	VEGFB	endothelial	0.20762865245342255	-0.5552758574485779	37652
GSE220243_broad	PPP2R5C	endothelial	0.2675486207008362	-0.5558862090110779	37654
GSE220243_broad	CNN1	endothelial	0.027539603412151337	-0.5588054060935974	37659
GSE220243_broad	LAG3	endothelial	0.052676934748888016	-0.559158980846405	37660
GSE220243_broad	PRDX6	endothelial	0.823671817779541	-0.5596300363540649	37661
GSE220243_broad	MFAP4	endothelial	0.03288546949625015	-0.5627188086509705	37668
GSE220243_broad	LEPROTL1	endothelial	0.2184666097164154	-0.5639766454696655	37671
GSE220243_broad	MYO1B	endothelial	0.2691190838813782	-0.5671239495277405	37675
GSE220243_broad	MT1G	endothelial	0.06363405287265778	-0.5678809881210327	37677
GSE220243_broad	LGI4	endothelial	0.08311989158391953	-0.5689499378204346	37678
GSE220243_broad	BCL6	endothelial	0.19819559156894684	-0.5692173838615417	37679
GSE220243_broad	TGFB1I1	endothelial	0.3204187750816345	-0.5731663703918457	37686
GSE220243_broad	FHL2	endothelial	0.09861398488283157	-0.5756499171257019	37692
GSE220243_broad	PAPSS2	endothelial	0.05237939953804016	-0.5767406225204468	37693
GSE220243_broad	FBN1	endothelial	0.24185217916965485	-0.5834838151931763	37706
GSE220243_broad	NEXN	endothelial	0.06275498121976852	-0.5834999680519104	37707
GSE220243_broad	WWP2	endothelial	0.16875971853733063	-0.5889272689819336	37718
GSE220243_broad	GPR65	endothelial	0.002453527646139264	-0.5900150537490845	37719
GSE220243_broad	TAF1D	endothelial	0.884780764579773	-0.5915380716323853	37721
GSE220243_broad	HIST1H1C	endothelial	0.2423359900712967	-0.5984903573989868	37729
GSE220243_broad	UBE2B	endothelial	0.8460529446601868	-0.6015471816062927	37733
GSE220243_broad	NKG7	endothelial	0.0008171169902198017	-0.6042698621749878	37734
GSE220243_broad	PPP1R12A	endothelial	0.7377074360847473	-0.6069933772087097	37737
GSE220243_broad	RPL28	endothelial	3.1791324615478516	-0.6079797744750977	37738
GSE220243_broad	ABCC9	endothelial	0.06709203124046326	-0.609605073928833	37741
GSE220243_broad	HPGD	endothelial	0.0011927098967134953	-0.6115171313285828	37744
GSE220243_broad	TRBC1	endothelial	0.0006910928059369326	-0.6137743592262268	37746
GSE220243_broad	CTSF	endothelial	0.17517036199569702	-0.6138426661491394	37747
GSE220243_broad	SMIM14	endothelial	0.29005855321884155	-0.6200374364852905	37750
GSE220243_broad	CD3G	endothelial	0.0	-0.6263687014579773	37756
GSE220243_broad	COX4I2	endothelial	0.10239462554454803	-0.6270867586135864	37758
GSE220243_broad	MCAM	endothelial	0.7377849221229553	-0.6274691224098206	37759
GSE220243_broad	GABARAPL1	endothelial	0.4069749116897583	-0.6334127187728882	37767
GSE220243_broad	RHOH	endothelial	0.00046690553426742554	-0.6385077834129333	37776
GSE220243_broad	CPQ	endothelial	0.1737673431634903	-0.6398178339004517	37778
GSE220243_broad	NR4A1	endothelial	0.6376315355300903	-0.6402387619018555	37779
GSE220243_broad	IKZF1	endothelial	0.001269589294679463	-0.6506725549697876	37790
GSE220243_broad	GZMK	endothelial	0.0008696800796315074	-0.6535081267356873	37792
GSE220243_broad	PGAM1	endothelial	0.4425865113735199	-0.6558225154876709	37795
GSE220243_broad	RPS20	endothelial	2.165648937225342	-0.6582627296447754	37799
GSE220243_broad	GZMA	endothelial	0.0008843321120366454	-0.6654451489448547	37807
GSE220243_broad	CST7	endothelial	0.00010654213838279247	-0.6657037734985352	37808
GSE220243_broad	YBX3	endothelial	1.6004964113235474	-0.6676725149154663	37810
GSE220243_broad	SNHG8	endothelial	1.0735417604446411	-0.6724978685379028	37812
GSE220243_broad	TPSB2	endothelial	0.0018735609482973814	-0.6791955232620239	37814
GSE220243_broad	KLRB1	endothelial	0.000768146594054997	-0.680406391620636	37816
GSE220243_broad	CCNB1IP1	endothelial	0.26630765199661255	-0.6813109517097473	37817
GSE220243_broad	PPP1R3C	endothelial	0.1186932623386383	-0.6885175704956055	37826
GSE220243_broad	EPS8	endothelial	0.8805386424064636	-0.6945342421531677	37830
GSE220243_broad	CD3E	endothelial	0.000152653141412884	-0.6964837312698364	37833
GSE220243_broad	BASP1	endothelial	0.01849176362156868	-0.6966500878334045	37834
GSE220243_broad	CHAD	endothelial	0.03754233568906784	-0.6980043649673462	37835
GSE220243_broad	PLN	endothelial	0.036084357649087906	-0.7029505968093872	37843
GSE220243_broad	ADIRF	endothelial	2.1766583919525146	-0.7074172496795654	37845
GSE220243_broad	SCARA5	endothelial	0.017092082649469376	-0.7091601490974426	37847
GSE220243_broad	PDE5A	endothelial	0.06881093233823776	-0.712413489818573	37850
GSE220243_broad	LTB	endothelial	0.00174852111376822	-0.7133989930152893	37851
GSE220243_broad	MYLK	endothelial	0.3669545352458954	-0.7164278030395508	37854
GSE220243_broad	MRC2	endothelial	0.04038885980844498	-0.7185032963752747	37856
GSE220243_broad	SLC7A2	endothelial	0.08316478878259659	-0.722130537033081	37857
GSE220243_broad	RSL24D1	endothelial	0.7458743453025818	-0.7268844246864319	37861
GSE220243_broad	EPB41L2	endothelial	0.27770286798477173	-0.7278425097465515	37862
GSE220243_broad	RUNX3	endothelial	0.0023196865804493427	-0.7328163981437683	37866
GSE220243_broad	PDGFRA	endothelial	0.06005409359931946	-0.7407470941543579	37876
GSE220243_broad	CPA3	endothelial	0.0002059057733276859	-0.7416346073150635	37878
GSE220243_broad	HES4	endothelial	0.25240182876586914	-0.7500628232955933	37882
GSE220243_broad	RPS29	endothelial	2.588979482650757	-0.7504661083221436	37883
GSE220243_broad	NPM1	endothelial	1.7123913764953613	-0.7522170543670654	37885
GSE220243_broad	PPIB	endothelial	1.0592279434204102	-0.7560074329376221	37889
GSE220243_broad	PLP2	endothelial	0.4761945605278015	-0.7570036053657532	37890
GSE220243_broad	ELL2	endothelial	0.12782157957553864	-0.7597038149833679	37892
GSE220243_broad	ATF3	endothelial	0.7668726444244385	-0.7628539800643921	37896
GSE220243_broad	IGF1	endothelial	0.07263694703578949	-0.7689533829689026	37900
GSE220243_broad	DCXR	endothelial	0.16473442316055298	-0.7904923558235168	37908
GSE220243_broad	SCX	endothelial	0.08856817334890366	-0.7950136661529541	37911
GSE220243_broad	GJA4	endothelial	0.2091182917356491	-0.8078381419181824	37915
GSE220243_broad	IL32	endothelial	0.5850611925125122	-0.8081110715866089	37916
GSE220243_broad	CD81	endothelial	1.9189121723175049	-0.8090312480926514	37917
GSE220243_broad	ITGBL1	endothelial	0.03616570681333542	-0.8141263127326965	37919
GSE220243_broad	SNHG12	endothelial	0.26918309926986694	-0.8146581053733826	37920
GSE220243_broad	TNXB	endothelial	0.37526634335517883	-0.8185817003250122	37924
GSE220243_broad	ACAN	endothelial	0.06266196817159653	-0.8202100992202759	37925
GSE220243_broad	RRAD	endothelial	0.13570064306259155	-0.8208962082862854	37926
GSE220243_broad	TPSAB1	endothelial	0.0007872571586631238	-0.8254011273384094	37932
GSE220243_broad	ID2	endothelial	1.0774527788162231	-0.8273657560348511	37933
GSE220243_broad	PDGFRL	endothelial	0.04932417348027229	-0.8295658826828003	37934
GSE220243_broad	PALLD	endothelial	0.21868236362934113	-0.8302406668663025	37935
GSE220243_broad	ARHGAP18	endothelial	0.30091050267219543	-0.8308613300323486	37936
GSE220243_broad	RAC2	endothelial	0.0032838312909007072	-0.8336849808692932	37937
GSE220243_broad	EIF1	endothelial	2.9254891872406006	-0.8358137607574463	37938
GSE220243_broad	TRAC	endothelial	0.00824062805622816	-0.835816502571106	37939
GSE220243_broad	CYTIP	endothelial	0.0009310654131695628	-0.8375601768493652	37940
GSE220243_broad	LTBP2	endothelial	0.07687485963106155	-0.8376061916351318	37941
GSE220243_broad	FPR3	endothelial	0.001191181829199195	-0.8396991491317749	37942
GSE220243_broad	DUSP2	endothelial	0.06324629485607147	-0.8432984948158264	37945
GSE220243_broad	FIBIN	endothelial	0.06015482172369957	-0.8473058938980103	37947
GSE220243_broad	RHOBTB3	endothelial	0.11849404871463776	-0.8584949374198914	37949
GSE220243_broad	FRZB	endothelial	0.07422439008951187	-0.8594549298286438	37951
GSE220243_broad	GAPDH	endothelial	2.492535352706909	-0.8634216785430908	37952
GSE220243_broad	TRBC2	endothelial	0.0020010704174637794	-0.866751492023468	37955
GSE220243_broad	SFRP1	endothelial	0.03457337245345116	-0.8720702528953552	37957
GSE220243_broad	LPP	endothelial	0.5718551874160767	-0.8812079429626465	37961
GSE220243_broad	EPB41L4A-AS1	endothelial	0.588053286075592	-0.8876213431358337	37964
GSE220243_broad	CD3D	endothelial	0.001180674647912383	-0.8918263912200928	37967
GSE220243_broad	KCNMA1	endothelial	0.04939504712820053	-0.90261310338974	37973
GSE220243_broad	TINAGL1	endothelial	0.5213840007781982	-0.9051445722579956	37974
GSE220243_broad	ARL4C	endothelial	0.13192106783390045	-0.9053839445114136	37975
GSE220243_broad	ADAMTS1	endothelial	0.7506308555603027	-0.9054169654846191	37976
GSE220243_broad	TPI1	endothelial	0.9738861918449402	-0.9067948460578918	37978
GSE220243_broad	SARAF	endothelial	0.5879955291748047	-0.9099694490432739	37979
GSE220243_broad	CSRP1	endothelial	0.46275660395622253	-0.9117356538772583	37980
GSE220243_broad	PLOD2	endothelial	0.21142925322055817	-0.9140424728393555	37981
GSE220243_broad	THBS4	endothelial	0.05608301982283592	-0.9170111417770386	37983
GSE220243_broad	FAM107B	endothelial	0.19821283221244812	-0.919425368309021	37984
GSE220243_broad	CPVL	endothelial	0.08603890240192413	-0.9210497736930847	37985
GSE220243_broad	FBXO2	endothelial	0.049191053956747055	-0.921375036239624	37986
GSE220243_broad	SLPI	endothelial	0.0550173856317997	-0.9246118664741516	37987
GSE220243_broad	PKM	endothelial	0.7907396554946899	-0.9262533187866211	37988
GSE220243_broad	RBP4	endothelial	0.044189680367708206	-0.9277712106704712	37989
GSE220243_broad	LMOD1	endothelial	0.07487231492996216	-0.9343904852867126	37990
GSE220243_broad	FCGR2B	endothelial	0.006394131574779749	-0.9426108598709106	37993
GSE220243_broad	CXCL2	endothelial	0.08389073610305786	-0.9427888989448547	37994
GSE220243_broad	MAP1B	endothelial	0.3677420914173126	-0.9554297924041748	37999
GSE220243_broad	TNFRSF11B	endothelial	0.10750509798526764	-0.9556481838226318	38000
GSE220243_broad	EFEMP1	endothelial	0.1432504951953888	-0.961207389831543	38001
GSE220243_broad	NBL1	endothelial	0.4540480673313141	-0.9612836837768555	38002
GSE220243_broad	NOTCH3	endothelial	0.1053575873374939	-0.9643780589103699	38004
GSE220243_broad	SAMSN1	endothelial	0.0009444078896194696	-0.9657205939292908	38005
GSE220243_broad	CIRBP	endothelial	1.2175005674362183	-0.9696987867355347	38007
GSE220243_broad	PLEK	endothelial	0.0025664689019322395	-0.9741346836090088	38009
GSE220243_broad	STK4	endothelial	0.12506885826587677	-0.9750218987464905	38010
GSE220243_broad	CTSK	endothelial	0.07408644258975983	-0.9787743091583252	38011
GSE220243_broad	CD63	endothelial	1.9708300828933716	-0.9802638292312622	38012
GSE220243_broad	SSPN	endothelial	0.12184089422225952	-0.9806526303291321	38013
GSE220243_broad	FILIP1L	endothelial	0.6282613277435303	-0.9904693365097046	38017
GSE220243_broad	MMP2	endothelial	0.2447497695684433	-1.0054395198822021	38020
GSE220243_broad	ISLR	endothelial	0.07358710467815399	-1.0105336904525757	38024
GSE220243_broad	CREM	endothelial	0.2782902121543884	-1.0128366947174072	38025
GSE220243_broad	CXCL3	endothelial	0.05628180131316185	-1.0190285444259644	38026
GSE220243_broad	WISP2	endothelial	0.04880943521857262	-1.024846076965332	38027
GSE220243_broad	CD2	endothelial	0.0017701643519103527	-1.0254747867584229	38028
GSE220243_broad	CCL3	endothelial	0.009645468555390835	-1.0292551517486572	38031
GSE220243_broad	IGFBP7	endothelial	3.1562061309814453	-1.0331363677978516	38033
GSE220243_broad	CYP1B1	endothelial	0.2094237208366394	-1.0342307090759277	38034
GSE220243_broad	MYH11	endothelial	0.050268109887838364	-1.0342819690704346	38035
GSE220243_broad	CD48	endothelial	0.0006736943032592535	-1.0460188388824463	38037
GSE220243_broad	SPI1	endothelial	0.0014663028996437788	-1.048971176147461	38040
GSE220243_broad	KCNE4	endothelial	0.10909700393676758	-1.049290657043457	38041
GSE220243_broad	SDC2	endothelial	0.0871983990073204	-1.0523407459259033	38043
GSE220243_broad	GRN	endothelial	0.5628004670143127	-1.0543346405029297	38044
GSE220243_broad	STK17B	endothelial	0.04144546017050743	-1.0570199489593506	38045
GSE220243_broad	CHI3L2	endothelial	0.3236592411994934	-1.057291030883789	38046
GSE220243_broad	EZR	endothelial	0.2820534408092499	-1.0608282089233398	38048
GSE220243_broad	ITM2C	endothelial	0.12007027864456177	-1.0654714107513428	38049
GSE220243_broad	CSF1R	endothelial	0.0011854025069624186	-1.0658841133117676	38050
GSE220243_broad	LILRB5	endothelial	0.002254501450806856	-1.0683845281600952	38051
GSE220243_broad	IFI30	endothelial	0.04716280847787857	-1.0766950845718384	38052
GSE220243_broad	APOE	endothelial	0.24613380432128906	-1.0779149532318115	38054
GSE220243_broad	HLA-DMA	endothelial	0.40303605794906616	-1.0827558040618896	38056
GSE220243_broad	PGK1	endothelial	0.7353428602218628	-1.0830235481262207	38057
GSE220243_broad	STAB1	endothelial	0.11296185851097107	-1.0860482454299927	38058
GSE220243_broad	CILP2	endothelial	0.05098661407828331	-1.0869288444519043	38059
GSE220243_broad	F13A1	endothelial	0.004731695633381605	-1.088546633720398	38060
GSE220243_broad	SYNPO2	endothelial	0.1359407752752304	-1.0891835689544678	38061
GSE220243_broad	VEGFA	endothelial	0.20345593988895416	-1.0900393724441528	38063
GSE220243_broad	ACKR3	endothelial	0.1967766135931015	-1.0965924263000488	38066
GSE220243_broad	PNRC1	endothelial	1.5963736772537231	-1.1036831140518188	38068
GSE220243_broad	SERPINF1	endothelial	0.10640058666467667	-1.1042283773422241	38069
GSE220243_broad	PPP1R14A	endothelial	0.19603331387043	-1.1046184301376343	38070
GSE220243_broad	SLC25A37	endothelial	0.42985281348228455	-1.1049151420593262	38071
GSE220243_broad	MSR1	endothelial	0.0011038961820304394	-1.1160187721252441	38072
GSE220243_broad	FSTL1	endothelial	0.4029264748096466	-1.1443827152252197	38075
GSE220243_broad	CPE	endothelial	0.15626372396945953	-1.150869607925415	38076
GSE220243_broad	NR2F2	endothelial	0.9060304164886475	-1.1695444583892822	38079
GSE220243_broad	IGFBP5	endothelial	0.4149613678455353	-1.1760214567184448	38082
GSE220243_broad	MAF	endothelial	0.1870989054441452	-1.1786918640136719	38083
GSE220243_broad	RBPJ	endothelial	0.4321134388446808	-1.178921103477478	38084
GSE220243_broad	CTGF	endothelial	0.6083658337593079	-1.1941936016082764	38085
GSE220243_broad	FCGR2A	endothelial	0.025741711258888245	-1.1947481632232666	38086
GSE220243_broad	ENO1	endothelial	0.9206960797309875	-1.2046833038330078	38089
GSE220243_broad	CD69	endothelial	0.006519352551549673	-1.2071447372436523	38090
GSE220243_broad	MXRA8	endothelial	0.13048526644706726	-1.2141178846359253	38092
GSE220243_broad	PMEPA1	endothelial	0.33570292592048645	-1.2269493341445923	38093
GSE220243_broad	CCDC80	endothelial	0.4308614730834961	-1.250402569770813	38095
GSE220243_broad	TIMP1	endothelial	1.3351082801818848	-1.2585980892181396	38097
GSE220243_broad	HLA-DQB1	endothelial	0.46578100323677063	-1.2679603099822998	38098
GSE220243_broad	LYVE1	endothelial	0.14381252229213715	-1.2693530321121216	38099
GSE220243_broad	ERRFI1	endothelial	0.2610020637512207	-1.2740262746810913	38100
GSE220243_broad	SERPINA1	endothelial	0.07606656849384308	-1.274897575378418	38101
GSE220243_broad	GALNT15	endothelial	0.1302594095468521	-1.2828145027160645	38102
GSE220243_broad	HLA-DRB5	endothelial	0.8325537443161011	-1.285282015800476	38103
GSE220243_broad	OGN	endothelial	0.11976582556962967	-1.2886333465576172	38104
GSE220243_broad	STEAP4	endothelial	0.20363503694534302	-1.2929456233978271	38105
GSE220243_broad	CCL5	endothelial	0.011695651337504387	-1.297189712524414	38106
GSE220243_broad	MRC1	endothelial	0.04176507890224457	-1.29866623878479	38107
GSE220243_broad	DPT	endothelial	0.07332149893045425	-1.299579381942749	38108
GSE220243_broad	VCAN	endothelial	0.1318390816450119	-1.324727177619934	38112
GSE220243_broad	LGMN	endothelial	0.1639702022075653	-1.3288600444793701	38113
GSE220243_broad	SLC39A14	endothelial	0.20416259765625	-1.339293122291565	38114
GSE220243_broad	COL6A3	endothelial	0.16867752373218536	-1.341282844543457	38115
GSE220243_broad	RGCC	endothelial	0.9497898817062378	-1.344772219657898	38117
GSE220243_broad	MS4A7	endothelial	0.005925866775214672	-1.3623319864273071	38119
GSE220243_broad	DDIT4	endothelial	1.1642011404037476	-1.3795527219772339	38120
GSE220243_broad	CD163	endothelial	0.0014970462070778012	-1.3887505531311035	38121
GSE220243_broad	LDHA	endothelial	1.4806408882141113	-1.3903226852416992	38122
GSE220243_broad	IL7R	endothelial	0.0030707265250384808	-1.3931998014450073	38123
GSE220243_broad	VSIG4	endothelial	0.0026726126670837402	-1.4104363918304443	38125
GSE220243_broad	APOD	endothelial	0.17426370084285736	-1.4457319974899292	38126
GSE220243_broad	PLAC9	endothelial	0.5432091355323792	-1.4679570198059082	38128
GSE220243_broad	PCOLCE	endothelial	0.16978643834590912	-1.4704508781433105	38129
GSE220243_broad	ID4	endothelial	0.1851649433374405	-1.4728890657424927	38130
GSE220243_broad	VAMP8	endothelial	0.03424416482448578	-1.4854158163070679	38131
GSE220243_broad	CD14	endothelial	0.15770022571086884	-1.4889411926269531	38132
GSE220243_broad	COL6A1	endothelial	0.44688236713409424	-1.4900859594345093	38133
GSE220243_broad	CEBPD	endothelial	1.1161092519760132	-1.5079034566879272	38136
GSE220243_broad	TPM1	endothelial	0.5178316831588745	-1.513870358467102	38137
GSE220243_broad	CFH	endothelial	0.49951082468032837	-1.520737886428833	38138
GSE220243_broad	CD52	endothelial	0.028899984434247017	-1.5316050052642822	38139
GSE220243_broad	RNASE1	endothelial	1.14003586769104	-1.5452101230621338	38141
GSE220243_broad	HLA-DQA1	endothelial	0.1785997897386551	-1.5471969842910767	38142
GSE220243_broad	CRYAB	endothelial	0.41816145181655884	-1.553668737411499	38143
GSE220243_broad	MFGE8	endothelial	0.38180530071258545	-1.558383584022522	38144
GSE220243_broad	HLA-DRB1	endothelial	1.644752860069275	-1.564212679862976	38145
GSE220243_broad	CXCL8	endothelial	0.05759057030081749	-1.572864055633545	38146
GSE220243_broad	COL1A1	endothelial	0.19218754768371582	-1.5825812816619873	38147
GSE220243_broad	C2ORF40	endothelial	0.23393514752388	-1.5859441757202148	38148
GSE220243_broad	TGFBI	endothelial	0.06590289622545242	-1.609005093574524	38149
GSE220243_broad	FOLR2	endothelial	0.002693625632673502	-1.633870005607605	38151
GSE220243_broad	C1S	endothelial	0.12391062080860138	-1.6392590999603271	38152
GSE220243_broad	CALD1	endothelial	1.378915786743164	-1.650768756866455	38154
GSE220243_broad	CD68	endothelial	0.05731693282723427	-1.6519323587417603	38155
GSE220243_broad	MARCO	endothelial	0.0028508943505585194	-1.6543538570404053	38156
GSE220243_broad	HLA-DPA1	endothelial	0.9137318730354309	-1.6786398887634277	38157
GSE220243_broad	CXCR4	endothelial	0.044183436781167984	-1.6872014999389648	38158
GSE220243_broad	MT1M	endothelial	0.2733180522918701	-1.7270569801330566	38160
GSE220243_broad	CYBB	endothelial	0.001347216428257525	-1.7300151586532593	38161
GSE220243_broad	CTSZ	endothelial	0.5541912913322449	-1.7364890575408936	38162
GSE220243_broad	MAFB	endothelial	0.23860397934913635	-1.7450276613235474	38163
GSE220243_broad	LAPTM5	endothelial	0.16698405146598816	-1.7634952068328857	38164
GSE220243_broad	CTSB	endothelial	0.4663197696208954	-1.7635829448699951	38165
GSE220243_broad	CD74	endothelial	1.9389837980270386	-1.7659786939620972	38166
GSE220243_broad	SELENOP	endothelial	0.552905797958374	-1.7706854343414307	38167
GSE220243_broad	CHI3L1	endothelial	0.155750572681427	-1.783818244934082	38168
GSE220243_broad	LYZ	endothelial	0.004144683480262756	-1.7967677116394043	38169
GSE220243_broad	MYL9	endothelial	0.8057551383972168	-1.8009679317474365	38170
GSE220243_broad	PTPRC	endothelial	0.002938227728009224	-1.8189562559127808	38172
GSE220243_broad	NUPR1	endothelial	0.43827036023139954	-1.8383138179779053	38173
GSE220243_broad	HLA-DPB1	endothelial	0.7087366580963135	-1.8437259197235107	38174
GSE220243_broad	C1R	endothelial	0.18008650839328766	-1.8642812967300415	38175
GSE220243_broad	COL6A2	endothelial	0.5553555488586426	-1.8749244213104248	38176
GSE220243_broad	SCRG1	endothelial	0.24391408264636993	-1.8780357837677002	38177
GSE220243_broad	CYBA	endothelial	0.3053961396217346	-1.8818445205688477	38178
GSE220243_broad	PRG4	endothelial	0.3498879075050354	-1.90529203414917	38180
GSE220243_broad	MS4A6A	endothelial	0.004779172129929066	-1.912194848060608	38181
GSE220243_broad	GLRX	endothelial	0.35214975476264954	-1.9164576530456543	38182
GSE220243_broad	CTSS	endothelial	0.12452555447816849	-1.927607536315918	38183
GSE220243_broad	FGFBP2	endothelial	0.20063532888889313	-1.9287790060043335	38184
GSE220243_broad	MMP3	endothelial	0.14370107650756836	-1.9416608810424805	38185
GSE220243_broad	FTH1	endothelial	2.7388906478881836	-1.950857162475586	38186
GSE220243_broad	COL3A1	endothelial	0.4738204777240753	-1.9510865211486816	38187
GSE220243_broad	SOD2	endothelial	0.8430942893028259	-2.0378172397613525	38188
GSE220243_broad	FCER1G	endothelial	0.006617765873670578	-2.0436270236968994	38189
GSE220243_broad	C1QC	endothelial	0.0027102164458483458	-2.137209415435791	38191
GSE220243_broad	C11ORF96	endothelial	0.5316960215568542	-2.148780584335327	38192
GSE220243_broad	SRGN	endothelial	0.6309752464294434	-2.152461290359497	38193
GSE220243_broad	HLA-DRA	endothelial	1.286454200744629	-2.1541709899902344	38194
GSE220243_broad	PCOLCE2	endothelial	0.16337285935878754	-2.1880297660827637	38195
GSE220243_broad	TPM2	endothelial	0.2879890203475952	-2.196491241455078	38197
GSE220243_broad	SOD3	endothelial	0.2974477708339691	-2.3025174140930176	38199
GSE220243_broad	FMOD	endothelial	0.2991879880428314	-2.3148233890533447	38200
GSE220243_broad	C1QB	endothelial	0.005559831857681274	-2.3299076557159424	38201
GSE220243_broad	COL1A2	endothelial	0.3810833990573883	-2.3471264839172363	38202
GSE220243_broad	AIF1	endothelial	0.007645879872143269	-2.3480658531188965	38203
GSE220243_broad	BGN	endothelial	0.4700218141078949	-2.3506646156311035	38204
GSE220243_broad	RGS5	endothelial	0.40702539682388306	-2.3707733154296875	38205
GSE220243_broad	MT1E	endothelial	0.5237563848495483	-2.390597343444824	38206
GSE220243_broad	ACTA2	endothelial	0.230651393532753	-2.4356281757354736	38207
GSE220243_broad	FTL	endothelial	2.8665931224823	-2.4445998668670654	38208
GSE220243_broad	PLA2G2A	endothelial	0.2675739824771881	-2.447112560272217	38209
GSE220243_broad	CILP	endothelial	0.3044798672199249	-2.5197501182556152	38212
GSE220243_broad	TYROBP	endothelial	0.0064353193156421185	-2.5201454162597656	38213
GSE220243_broad	NNMT	endothelial	0.738914430141449	-2.6011910438537598	38214
GSE220243_broad	C1QA	endothelial	0.007069316692650318	-2.6388702392578125	38215
GSE220243_broad	NDUFA4L2	endothelial	0.5176253914833069	-2.669992208480835	38216
GSE220243_broad	TAGLN	endothelial	0.9855853915214539	-2.863983392715454	38218
GSE220243_broad	GPX3	endothelial	0.38228127360343933	-3.036447048187256	38219
GSE220243_broad	PRELP	endothelial	0.45669206976890564	-3.1785950660705566	38220
GSE220243_broad	CLU	endothelial	1.9010448455810547	-3.2808690071105957	38221
GSE220243_broad	MT1X	endothelial	0.7756891846656799	-3.651822090148926	38222
GSE220243_broad	COMP	endothelial	0.9215964078903198	-3.747119903564453	38223
GSE220243_broad	DCN	endothelial	1.164099097251892	-3.926450729370117	38224
GSE220243_broad	CILP	fibrochondrocyte_core	2.8242299556732178	1.9129806756973267	1
GSE220243_broad	CLU	fibrochondrocyte_core	5.18191385269165	1.355234146118164	2
GSE220243_broad	FGFBP2	fibrochondrocyte_core	2.1294143199920654	1.3171848058700562	3
GSE220243_broad	FMOD	fibrochondrocyte_core	2.614011287689209	1.2862602472305298	4
GSE220243_broad	COMP	fibrochondrocyte_core	4.6687164306640625	1.2741665840148926	5
GSE220243_broad	SCRG1	fibrochondrocyte_core	2.1219499111175537	1.241187572479248	6
GSE220243_broad	PRELP	fibrochondrocyte_core	3.635287046432495	1.2388858795166016	7
GSE220243_broad	NDUFA4L2	fibrochondrocyte_core	3.187617540359497	1.0396738052368164	8
GSE220243_broad	SOD3	fibrochondrocyte_core	2.5999650955200195	0.8683698177337646	9
GSE220243_broad	CILP2	fibrochondrocyte_core	1.1379154920578003	0.8675801753997803	10
GSE220243_broad	PCOLCE2	fibrochondrocyte_core	2.351402521133423	0.8125677108764648	11
GSE220243_broad	C2ORF40	fibrochondrocyte_core	1.8198792934417725	0.7893126010894775	12
GSE220243_broad	SERPINA1	fibrochondrocyte_core	1.3509641885757446	0.763110876083374	13
GSE220243_broad	RGCC	fibrochondrocyte_core	2.2945621013641357	0.7404743432998657	14
GSE220243_broad	BGN	fibrochondrocyte_core	2.8206863403320312	0.73667311668396	15
GSE220243_broad	DCN	fibrochondrocyte_core	5.090549945831299	0.6833667755126953	16
GSE220243_broad	GAPDH	fibrochondrocyte_core	3.35595703125	0.6629993915557861	17
GSE220243_broad	ACAN	fibrochondrocyte_core	0.8828720450401306	0.5893994569778442	18
GSE220243_broad	PMEPA1	fibrochondrocyte_core	1.5626522302627563	0.5712107419967651	19
GSE220243_broad	MFGE8	fibrochondrocyte_core	1.9401888847351074	0.5653105974197388	20
GSE220243_broad	CHI3L2	fibrochondrocyte_core	1.3809503316879272	0.5418478846549988	21
GSE220243_broad	ITM2C	fibrochondrocyte_core	1.1855416297912598	0.541824996471405	22
GSE220243_broad	PGK1	fibrochondrocyte_core	1.8183664083480835	0.520693302154541	23
GSE220243_broad	ENO1	fibrochondrocyte_core	2.1253793239593506	0.5183451175689697	24
GSE220243_broad	FIBIN	fibrochondrocyte_core	0.9074606895446777	0.5147892236709595	25
GSE220243_broad	COL2A1	fibrochondrocyte_core	0.5674130916595459	0.5079152584075928	26
GSE220243_broad	CHAD	fibrochondrocyte_core	0.7355467081069946	0.4848767817020416	27
GSE220243_broad	PLOD2	fibrochondrocyte_core	1.1254717111587524	0.4475499987602234	28
GSE220243_broad	SCX	fibrochondrocyte_core	0.883581817150116	0.4111999571323395	29
GSE220243_broad	VEGFA	fibrochondrocyte_core	1.2934952974319458	0.40147167444229126	30
GSE220243_broad	TNFRSF11B	fibrochondrocyte_core	1.0631532669067383	0.39631015062332153	31
GSE220243_broad	FBXO2	fibrochondrocyte_core	0.9705660939216614	0.394584596157074	32
GSE220243_broad	MT1G	fibrochondrocyte_core	0.6315150260925293	0.37879088521003723	33
GSE220243_broad	LAG3	fibrochondrocyte_core	0.6118358969688416	0.3775178790092468	34
GSE220243_broad	ITGA10	fibrochondrocyte_core	0.7830681204795837	0.369338721036911	35
GSE220243_broad	TPI1	fibrochondrocyte_core	1.880681037902832	0.3653841018676758	36
GSE220243_broad	CTGF	fibrochondrocyte_core	1.802559494972229	0.35859954357147217	37
GSE220243_broad	LDHA	fibrochondrocyte_core	2.8709635734558105	0.3524205684661865	38
GSE220243_broad	PGAM1	fibrochondrocyte_core	1.0984090566635132	0.3480193018913269	39
GSE220243_broad	OGN	fibrochondrocyte_core	1.408399224281311	0.3464277982711792	40
GSE220243_broad	ID2	fibrochondrocyte_core	1.9048185348510742	0.3457305431365967	41
GSE220243_broad	LTBP2	fibrochondrocyte_core	0.9144810438156128	0.3411939740180969	42
GSE220243_broad	HAPLN1	fibrochondrocyte_core	0.5012009143829346	0.3380146026611328	43
GSE220243_broad	WWP2	fibrochondrocyte_core	0.757686972618103	0.33157387375831604	44
GSE220243_broad	PKM	fibrochondrocyte_core	1.716992974281311	0.32872819900512695	45
GSE220243_broad	MT1E	fibrochondrocyte_core	2.914353609085083	0.32534146308898926	46
GSE220243_broad	FRZB	fibrochondrocyte_core	0.9336793422698975	0.32225173711776733	47
GSE220243_broad	MIA	fibrochondrocyte_core	0.42534327507019043	0.3217769265174866	48
GSE220243_broad	ANK3	fibrochondrocyte_core	0.5999705791473389	0.31635650992393494	49
GSE220243_broad	FXYD6	fibrochondrocyte_core	0.7475631237030029	0.31465667486190796	50
GSE220243_broad	PAPSS2	fibrochondrocyte_core	0.6291199922561646	0.3140660524368286	51
GSE220243_broad	SBSPON	fibrochondrocyte_core	0.4166206121444702	0.3096473217010498	52
GSE220243_broad	PPP1R3C	fibrochondrocyte_core	0.8072108626365662	0.30206769704818726	53
GSE220243_broad	KCNMA1	fibrochondrocyte_core	0.9520081281661987	0.30202096700668335	54
GSE220243_broad	MT1M	fibrochondrocyte_core	2.0003750324249268	0.30078017711639404	55
GSE220243_broad	CLEC3A	fibrochondrocyte_core	0.35805103182792664	0.29484397172927856	56
GSE220243_broad	PLP2	fibrochondrocyte_core	1.2331981658935547	0.2927585244178772	57
GSE220243_broad	CRYAB	fibrochondrocyte_core	1.971830129623413	0.27378416061401367	58
GSE220243_broad	NRN1	fibrochondrocyte_core	1.1439765691757202	0.2698470950126648	59
GSE220243_broad	HSPA2	fibrochondrocyte_core	0.8119614124298096	0.2635481357574463	60
GSE220243_broad	CIRBP	fibrochondrocyte_core	1.955209732055664	-0.23198962211608887	36392
GSE220243_broad	RPL22L1	fibrochondrocyte_core	0.7402257323265076	-0.23410075902938843	36417
GSE220243_broad	PTGES3	fibrochondrocyte_core	1.2677584886550903	-0.23412060737609863	36418
GSE220243_broad	NPM1	fibrochondrocyte_core	2.226489543914795	-0.23811888694763184	36444
GSE220243_broad	PHF3	fibrochondrocyte_core	0.5061594843864441	-0.25005042552948	36540
GSE220243_broad	RPL22	fibrochondrocyte_core	2.711747407913208	-0.2511110305786133	36551
GSE220243_broad	RNMT	fibrochondrocyte_core	0.47393500804901123	-0.2540596127510071	36574
GSE220243_broad	NNMT	fibrochondrocyte_core	3.0810818672180176	-0.25902366638183594	36607
GSE220243_broad	BCL6	fibrochondrocyte_core	0.505515992641449	-0.2618969678878784	36627
GSE220243_broad	RPLP0	fibrochondrocyte_core	2.5963339805603027	-0.2636446952819824	36636
GSE220243_broad	PRDX6	fibrochondrocyte_core	1.1153779029846191	-0.2679239511489868	36660
GSE220243_broad	MXI1	fibrochondrocyte_core	0.5335456728935242	-0.2683897018432617	36661
GSE220243_broad	RBP4	fibrochondrocyte_core	0.7031974196434021	-0.2687634825706482	36666
GSE220243_broad	RSL24D1	fibrochondrocyte_core	1.1974225044250488	-0.27533626556396484	36709
GSE220243_broad	ACKR3	fibrochondrocyte_core	1.0147963762283325	-0.278572678565979	36727
GSE220243_broad	POLR1D	fibrochondrocyte_core	0.7855949401855469	-0.2799180746078491	36733
GSE220243_broad	COPS2	fibrochondrocyte_core	0.5998525619506836	-0.28109312057495117	36742
GSE220243_broad	SERPINA3	fibrochondrocyte_core	0.1893804669380188	-0.2812875509262085	36744
GSE220243_broad	CCDC59	fibrochondrocyte_core	0.5575811266899109	-0.2902851700782776	36805
GSE220243_broad	SLC39A14	fibrochondrocyte_core	1.2531538009643555	-0.2903019189834595	36806
GSE220243_broad	TMOD1	fibrochondrocyte_core	0.21488751471042633	-0.2907716631889343	36810
GSE220243_broad	CCNG2	fibrochondrocyte_core	0.28207385540008545	-0.2967226505279541	36839
GSE220243_broad	PHC2	fibrochondrocyte_core	0.3408110439777374	-0.3017942011356354	36863
GSE220243_broad	CCNB1IP1	fibrochondrocyte_core	0.6447072625160217	-0.30291134119033813	36867
GSE220243_broad	EIF1	fibrochondrocyte_core	3.456894874572754	-0.30440807342529297	36879
GSE220243_broad	SYF2	fibrochondrocyte_core	0.9783967733383179	-0.3084625005722046	36902
GSE220243_broad	SNHG12	fibrochondrocyte_core	0.767505407333374	-0.3163357973098755	36957
GSE220243_broad	CD63	fibrochondrocyte_core	2.6292483806610107	-0.32184553146362305	36992
GSE220243_broad	CTSF	fibrochondrocyte_core	0.4633537828922272	-0.32565924525260925	37011
GSE220243_broad	HMGB2	fibrochondrocyte_core	0.5177592039108276	-0.3271264433860779	37015
GSE220243_broad	ANP32B	fibrochondrocyte_core	1.061070442199707	-0.32785892486572266	37019
GSE220243_broad	RHOBTB3	fibrochondrocyte_core	0.6443634629249573	-0.33262550830841064	37049
GSE220243_broad	UBE2B	fibrochondrocyte_core	1.1134612560272217	-0.3341388702392578	37055
GSE220243_broad	VEGFB	fibrochondrocyte_core	0.427778422832489	-0.3351261019706726	37061
GSE220243_broad	RPL24	fibrochondrocyte_core	3.0889222621917725	-0.3379189968109131	37072
GSE220243_broad	COX7C	fibrochondrocyte_core	1.6663601398468018	-0.3458709716796875	37105
GSE220243_broad	MRC2	fibrochondrocyte_core	0.4118824601173401	-0.34700971841812134	37113
GSE220243_broad	DCXR	fibrochondrocyte_core	0.6073108315467834	-0.3479159474372864	37114
GSE220243_broad	SEMA3C	fibrochondrocyte_core	0.17949025332927704	-0.34860700368881226	37118
GSE220243_broad	MXRA8	fibrochondrocyte_core	0.9933682680130005	-0.35123491287231445	37130
GSE220243_broad	SSPN	fibrochondrocyte_core	0.7458693981170654	-0.35662412643432617	37147
GSE220243_broad	EPB41L2	fibrochondrocyte_core	0.6484407782554626	-0.3571045994758606	37150
GSE220243_broad	PDGFRL	fibrochondrocyte_core	0.5215721130371094	-0.3573179244995117	37151
GSE220243_broad	PPIB	fibrochondrocyte_core	1.453709363937378	-0.3615260124206543	37169
GSE220243_broad	ITGB8	fibrochondrocyte_core	0.11360137164592743	-0.3648683428764343	37185
GSE220243_broad	TUBA4A	fibrochondrocyte_core	0.23452448844909668	-0.37288349866867065	37215
GSE220243_broad	CTSG	fibrochondrocyte_core	0.0026490341406315565	-0.3761240541934967	37224
GSE220243_broad	SLC25A37	fibrochondrocyte_core	1.1558562517166138	-0.37891173362731934	37234
GSE220243_broad	ISLR	fibrochondrocyte_core	0.7031629085540771	-0.38095784187316895	37240
GSE220243_broad	C1QTNF3	fibrochondrocyte_core	0.09628520160913467	-0.38747644424438477	37257
GSE220243_broad	YBX3	fibrochondrocyte_core	1.8731721639633179	-0.3949967622756958	37279
GSE220243_broad	SDC2	fibrochondrocyte_core	0.7392982244491577	-0.4002408981323242	37302
GSE220243_broad	SMIM14	fibrochondrocyte_core	0.5079516768455505	-0.40214431285858154	37304
GSE220243_broad	CREB5	fibrochondrocyte_core	0.2800951302051544	-0.40373334288597107	37311
GSE220243_broad	CTSW	fibrochondrocyte_core	0.0042111510410904884	-0.4099448621273041	37326
GSE220243_broad	ELL2	fibrochondrocyte_core	0.47434505820274353	-0.41318032145500183	37335
GSE220243_broad	IL2RG	fibrochondrocyte_core	0.0036510066129267216	-0.42265042662620544	37359
GSE220243_broad	PTGDS	fibrochondrocyte_core	0.01650414988398552	-0.4316285252571106	37380
GSE220243_broad	HIST1H1C	fibrochondrocyte_core	0.40910354256629944	-0.4317227900028229	37381
GSE220243_broad	CTSK	fibrochondrocyte_core	0.6176374554634094	-0.4352232813835144	37392
GSE220243_broad	RPS11	fibrochondrocyte_core	2.544816255569458	-0.43846583366394043	37402
GSE220243_broad	ACAP1	fibrochondrocyte_core	0.06634841114282608	-0.4402008354663849	37403
GSE220243_broad	SYTL3	fibrochondrocyte_core	0.024077987298369408	-0.4488932490348816	37430
GSE220243_broad	MS4A2	fibrochondrocyte_core	0.0015680554788559675	-0.4527718424797058	37439
GSE220243_broad	CD81	fibrochondrocyte_core	2.272223949432373	-0.4557194709777832	37442
GSE220243_broad	SARAF	fibrochondrocyte_core	1.041613221168518	-0.45635175704956055	37444
GSE220243_broad	CRISPLD1	fibrochondrocyte_core	0.0871763750910759	-0.4590638279914856	37452
GSE220243_broad	TIMP1	fibrochondrocyte_core	2.1327290534973145	-0.46097731590270996	37457
GSE220243_broad	THBS4	fibrochondrocyte_core	0.5108803510665894	-0.46221381425857544	37462
GSE220243_broad	EPB41L4A-AS1	fibrochondrocyte_core	1.0108773708343506	-0.4647972583770752	37468
GSE220243_broad	MFAP5	fibrochondrocyte_core	0.04903373494744301	-0.4669897258281708	37474
GSE220243_broad	MFAP4	fibrochondrocyte_core	0.12644779682159424	-0.46915650367736816	37480
GSE220243_broad	ADRA2A	fibrochondrocyte_core	0.036039646714925766	-0.46992945671081543	37483
GSE220243_broad	SNHG8	fibrochondrocyte_core	1.27488374710083	-0.47115588188171387	37484
GSE220243_broad	STK17A	fibrochondrocyte_core	0.22210900485515594	-0.47310060262680054	37487
GSE220243_broad	SPOCK2	fibrochondrocyte_core	0.0038589327596127987	-0.4732114374637604	37488
GSE220243_broad	PDGFRA	fibrochondrocyte_core	0.3182453215122223	-0.4825558364391327	37505
GSE220243_broad	UBA2	fibrochondrocyte_core	0.29702919721603394	-0.4872848391532898	37515
GSE220243_broad	ERRFI1	fibrochondrocyte_core	1.04572331905365	-0.4893050193786621	37517
GSE220243_broad	CPQ	fibrochondrocyte_core	0.32076701521873474	-0.492818146944046	37523
GSE220243_broad	CEBPD	fibrochondrocyte_core	2.1261203289031982	-0.4978923797607422	37532
GSE220243_broad	SLC7A2	fibrochondrocyte_core	0.30416807532310486	-0.5011272430419922	37539
GSE220243_broad	ITGA4	fibrochondrocyte_core	0.0010233435314148664	-0.5012489557266235	37540
GSE220243_broad	ZFAND5	fibrochondrocyte_core	0.8413812518119812	-0.5025271773338318	37544
GSE220243_broad	SFRP2	fibrochondrocyte_core	0.06745996326208115	-0.5077006816864014	37552
GSE220243_broad	MT1X	fibrochondrocyte_core	3.916001558303833	-0.5115096569061279	37558
GSE220243_broad	PPIC	fibrochondrocyte_core	0.5071257948875427	-0.5235430598258972	37584
GSE220243_broad	BCL11B	fibrochondrocyte_core	0.0005597601411864161	-0.5237917900085449	37586
GSE220243_broad	MRVI1	fibrochondrocyte_core	0.0015801427653059363	-0.5281543731689453	37593
GSE220243_broad	CCDC102B	fibrochondrocyte_core	0.009413695894181728	-0.5333433151245117	37599
GSE220243_broad	FHL2	fibrochondrocyte_core	0.13865041732788086	-0.535613477230072	37604
GSE220243_broad	FBN1	fibrochondrocyte_core	0.2847556173801422	-0.5405803918838501	37616
GSE220243_broad	EML4	fibrochondrocyte_core	0.053326353430747986	-0.5419325828552246	37621
GSE220243_broad	CARMN	fibrochondrocyte_core	0.0028406474739313126	-0.5461514592170715	37626
GSE220243_broad	SLPI	fibrochondrocyte_core	0.4187778830528259	-0.5608513951301575	37644
GSE220243_broad	DDIT4	fibrochondrocyte_core	1.9777196645736694	-0.566034197807312	37650
GSE220243_broad	CHI3L1	fibrochondrocyte_core	1.3704957962036133	-0.569072961807251	37658
GSE220243_broad	TGFB1I1	fibrochondrocyte_core	0.3201659917831421	-0.5734191536903381	37664
GSE220243_broad	SLCO2A1	fibrochondrocyte_core	0.008190447464585304	-0.5744748115539551	37666
GSE220243_broad	GABARAPL1	fibrochondrocyte_core	0.4638182520866394	-0.5765693783760071	37670
GSE220243_broad	FHL5	fibrochondrocyte_core	0.0010753604583442211	-0.5769513845443726	37673
GSE220243_broad	KCNJ8	fibrochondrocyte_core	0.005546228028833866	-0.5769748687744141	37674
GSE220243_broad	CNN1	fibrochondrocyte_core	0.006695165298879147	-0.5796498656272888	37679
GSE220243_broad	SOX17	fibrochondrocyte_core	0.0012437086552381516	-0.5866620540618896	37688
GSE220243_broad	GPR65	fibrochondrocyte_core	0.0013243693392723799	-0.5911442041397095	37693
GSE220243_broad	IGFBP5	fibrochondrocyte_core	0.999188244342804	-0.5917945504188538	37694
GSE220243_broad	COL3A1	fibrochondrocyte_core	1.833069086074829	-0.5918378829956055	37695
GSE220243_broad	NR4A1	fibrochondrocyte_core	0.6802955269813538	-0.597574770450592	37704
GSE220243_broad	GALNT15	fibrochondrocyte_core	0.8149242401123047	-0.5981496572494507	37705
GSE220243_broad	SUB1	fibrochondrocyte_core	0.7287880182266235	-0.6000534296035767	37707
GSE220243_broad	GUCY1A1	fibrochondrocyte_core	0.008185447193682194	-0.6015771627426147	37710
GSE220243_broad	PPP2R5C	fibrochondrocyte_core	0.2207711935043335	-0.6026636362075806	37715
GSE220243_broad	NKG7	fibrochondrocyte_core	0.0007849018438719213	-0.6043021082878113	37720
GSE220243_broad	HPGD	fibrochondrocyte_core	0.006609621923416853	-0.6061002016067505	37725
GSE220243_broad	NEXN	fibrochondrocyte_core	0.03737371042370796	-0.6088812351226807	37729
GSE220243_broad	BIRC3	fibrochondrocyte_core	0.09902399778366089	-0.6115754246711731	37732
GSE220243_broad	TAF1D	fibrochondrocyte_core	0.8640075325965881	-0.6123113036155701	37734
GSE220243_broad	TRBC1	fibrochondrocyte_core	0.000401725759729743	-0.6140637397766113	37735
GSE220243_broad	DPT	fibrochondrocyte_core	0.7570502758026123	-0.615850567817688	37739
GSE220243_broad	TNXB	fibrochondrocyte_core	0.5682154893875122	-0.6256325244903564	37749
GSE220243_broad	CD3G	fibrochondrocyte_core	0.0006070316303521395	-0.6257616877555847	37751
GSE220243_broad	NBL1	fibrochondrocyte_core	0.7859304547309875	-0.6294012665748596	37755
GSE220243_broad	MMRN2	fibrochondrocyte_core	0.01316602062433958	-0.6313101649284363	37759
GSE220243_broad	LEPROTL1	fibrochondrocyte_core	0.14583811163902283	-0.6366051435470581	37762
GSE220243_broad	LGI4	fibrochondrocyte_core	0.015222369693219662	-0.6368474364280701	37763
GSE220243_broad	RHOH	fibrochondrocyte_core	0.0012389702023938298	-0.6377357244491577	37764
GSE220243_broad	IKZF1	fibrochondrocyte_core	0.006169586442410946	-0.6457725763320923	37771
GSE220243_broad	CDC42SE2	fibrochondrocyte_core	0.0796302855014801	-0.6484736204147339	37772
GSE220243_broad	PLAC9	fibrochondrocyte_core	1.3594838380813599	-0.6516822576522827	37774
GSE220243_broad	BASP1	fibrochondrocyte_core	0.062283433973789215	-0.6528583765029907	37776
GSE220243_broad	PNRC1	fibrochondrocyte_core	2.046820640563965	-0.6532361507415771	37777
GSE220243_broad	GZMK	fibrochondrocyte_core	0.0007166271097958088	-0.6536611914634705	37778
GSE220243_broad	CST7	fibrochondrocyte_core	0.0007698738481849432	-0.6650404334068298	37790
GSE220243_broad	GZMA	fibrochondrocyte_core	0.0007009732071310282	-0.6656285524368286	37791
GSE220243_broad	JAM2	fibrochondrocyte_core	0.0416669026017189	-0.6682567000389099	37797
GSE220243_broad	ABCC9	fibrochondrocyte_core	0.004473432432860136	-0.672223687171936	37801
GSE220243_broad	VCAN	fibrochondrocyte_core	0.7826356291770935	-0.6739305853843689	37802
GSE220243_broad	TPSB2	fibrochondrocyte_core	0.005326799117028713	-0.6757422685623169	37803
GSE220243_broad	EZR	fibrochondrocyte_core	0.6656247973442078	-0.6772568821907043	37807
GSE220243_broad	NUPR1	fibrochondrocyte_core	1.5971689224243164	-0.679415225982666	37808
GSE220243_broad	KLRB1	fibrochondrocyte_core	0.0010670439805835485	-0.6801074743270874	37809
GSE220243_broad	MYCT1	fibrochondrocyte_core	0.000773239997215569	-0.6810957193374634	37811
GSE220243_broad	PLAT	fibrochondrocyte_core	0.04267667606472969	-0.6829686164855957	37813
GSE220243_broad	ITGBL1	fibrochondrocyte_core	0.16423523426055908	-0.6860567927360535	37816
GSE220243_broad	CD3E	fibrochondrocyte_core	0.0007838081801310182	-0.6958525776863098	37826
GSE220243_broad	SCARA5	fibrochondrocyte_core	0.02359965071082115	-0.702652633190155	37834
GSE220243_broad	RPS20	fibrochondrocyte_core	2.1204826831817627	-0.7034289836883545	37835
GSE220243_broad	COL6A1	fibrochondrocyte_core	1.2329068183898926	-0.7040615081787109	37837
GSE220243_broad	MYO1B	fibrochondrocyte_core	0.13013464212417603	-0.7061083912849426	37838
GSE220243_broad	LTB	fibrochondrocyte_core	0.0037799878045916557	-0.7113674879074097	37842
GSE220243_broad	CYYR1	fibrochondrocyte_core	0.0011320181656628847	-0.7240729928016663	37851
GSE220243_broad	PTPRB	fibrochondrocyte_core	0.0036517558619379997	-0.7251855134963989	37853
GSE220243_broad	COX4I2	fibrochondrocyte_core	0.001581924268975854	-0.7278994917869568	37854
GSE220243_broad	RUNX3	fibrochondrocyte_core	0.005931362044066191	-0.7292047142982483	37856
GSE220243_broad	RAB11A	fibrochondrocyte_core	0.2858927845954895	-0.7338574528694153	37862
GSE220243_broad	IGF1	fibrochondrocyte_core	0.10524234175682068	-0.736348032951355	37866
GSE220243_broad	PLN	fibrochondrocyte_core	0.0017536489758640528	-0.737281322479248	37868
GSE220243_broad	CPA3	fibrochondrocyte_core	0.00306744035333395	-0.7387731075286865	37870
GSE220243_broad	TM4SF18	fibrochondrocyte_core	0.0013271375792101026	-0.7412431836128235	37873
GSE220243_broad	PALMD	fibrochondrocyte_core	0.4509819447994232	-0.7444930076599121	37876
GSE220243_broad	NEDD9	fibrochondrocyte_core	0.10169076919555664	-0.7469801902770996	37877
GSE220243_broad	TSPAN7	fibrochondrocyte_core	0.012682277709245682	-0.7473946213722229	37878
GSE220243_broad	LIMA1	fibrochondrocyte_core	0.39914777874946594	-0.7505811452865601	37881
GSE220243_broad	PCOLCE	fibrochondrocyte_core	0.8764833807945251	-0.7637539505958557	37883
GSE220243_broad	RDX	fibrochondrocyte_core	0.3434731960296631	-0.7644785642623901	37884
GSE220243_broad	RRAD	fibrochondrocyte_core	0.18889343738555908	-0.7677034139633179	37888
GSE220243_broad	PDE5A	fibrochondrocyte_core	0.013125435449182987	-0.7680990099906921	37889
GSE220243_broad	COL6A3	fibrochondrocyte_core	0.7317543029785156	-0.7782061100006104	37892
GSE220243_broad	PALLD	fibrochondrocyte_core	0.2687295079231262	-0.7801935076713562	37893
GSE220243_broad	GGT5	fibrochondrocyte_core	0.01712644100189209	-0.7812511920928955	37895
GSE220243_broad	CDH5	fibrochondrocyte_core	0.0011508387979120016	-0.7859944701194763	37899
GSE220243_broad	RPL28	fibrochondrocyte_core	3.000715732574463	-0.7863965034484863	37900
GSE220243_broad	ATF3	fibrochondrocyte_core	0.7359328269958496	-0.793793797492981	37910
GSE220243_broad	CCL14	fibrochondrocyte_core	0.001926728175021708	-0.7970829010009766	37912
GSE220243_broad	LMCD1	fibrochondrocyte_core	0.21260184049606323	-0.7993218302726746	37914
GSE220243_broad	CAVIN2	fibrochondrocyte_core	0.014739283360540867	-0.8034430146217346	37918
GSE220243_broad	CCDC80	fibrochondrocyte_core	0.8743987679481506	-0.8068652749061584	37922
GSE220243_broad	PODXL	fibrochondrocyte_core	0.01710745505988598	-0.8105515241622925	37925
GSE220243_broad	CFH	fibrochondrocyte_core	1.2094604969024658	-0.8107881546020508	37927
GSE220243_broad	CRIP2	fibrochondrocyte_core	0.910871148109436	-0.8147159814834595	37928
GSE220243_broad	TPSAB1	fibrochondrocyte_core	0.0025730871129781008	-0.823615312576294	37934
GSE220243_broad	RAC2	fibrochondrocyte_core	0.0028191653545945883	-0.8341496586799622	37944
GSE220243_broad	GIMAP1	fibrochondrocyte_core	0.0028075508307665586	-0.8346501588821411	37945
GSE220243_broad	CYTIP	fibrochondrocyte_core	0.0014646858908236027	-0.8370265960693359	37947
GSE220243_broad	MGST2	fibrochondrocyte_core	0.1294601559638977	-0.838355541229248	37948
GSE220243_broad	HYAL2	fibrochondrocyte_core	0.06686815619468689	-0.8388288021087646	37949
GSE220243_broad	COL6A2	fibrochondrocyte_core	1.5912041664123535	-0.8390758037567139	37950
GSE220243_broad	FPR3	fibrochondrocyte_core	0.0007941010990180075	-0.8400962352752686	37951
GSE220243_broad	TRAC	fibrochondrocyte_core	0.003020794363692403	-0.841036319732666	37953
GSE220243_broad	WISP2	fibrochondrocyte_core	0.2324683964252472	-0.8411871194839478	37954
GSE220243_broad	DUSP2	fibrochondrocyte_core	0.05795322358608246	-0.8485915660858154	37959
GSE220243_broad	SFRP1	fibrochondrocyte_core	0.055239878594875336	-0.8514037728309631	37961
GSE220243_broad	CSRP1	fibrochondrocyte_core	0.5227005481719971	-0.8517917394638062	37962
GSE220243_broad	TRBC2	fibrochondrocyte_core	0.0009264886612072587	-0.8678260445594788	37966
GSE220243_broad	PCAT19	fibrochondrocyte_core	0.002692220499739051	-0.8733050227165222	37972
GSE220243_broad	FAM107B	fibrochondrocyte_core	0.22656352818012238	-0.8910747170448303	37979
GSE220243_broad	CD3D	fibrochondrocyte_core	0.0008744564838707447	-0.892132580280304	37981
GSE220243_broad	FSTL1	fibrochondrocyte_core	0.6399980783462524	-0.9073110818862915	37987
GSE220243_broad	ELK3	fibrochondrocyte_core	0.2796534299850464	-0.9078572988510132	37988
GSE220243_broad	VWF	fibrochondrocyte_core	0.0030679318588227034	-0.9088988900184631	37989
GSE220243_broad	GPX3	fibrochondrocyte_core	2.5002191066741943	-0.9185092449188232	37992
GSE220243_broad	CLDN5	fibrochondrocyte_core	0.06736114621162415	-0.9223716259002686	37994
GSE220243_broad	IFITM2	fibrochondrocyte_core	1.2431117296218872	-0.9264441728591919	37998
GSE220243_broad	MMP3	fibrochondrocyte_core	1.1571494340896606	-0.9282125234603882	37999
GSE220243_broad	APOD	fibrochondrocyte_core	0.6888514757156372	-0.9311442375183105	38001
GSE220243_broad	C1S	fibrochondrocyte_core	0.8301942944526672	-0.9329754710197449	38002
GSE220243_broad	EFEMP1	fibrochondrocyte_core	0.1646457463502884	-0.9398121237754822	38006
GSE220243_broad	FCGR2B	fibrochondrocyte_core	0.0015102655161172152	-0.9474947452545166	38008
GSE220243_broad	FLT1	fibrochondrocyte_core	0.10592500865459442	-0.9516416192054749	38011
GSE220243_broad	RAMP3	fibrochondrocyte_core	0.005078996531665325	-0.958264946937561	38013
GSE220243_broad	SAMSN1	fibrochondrocyte_core	0.002007874893024564	-0.9646571278572083	38014
GSE220243_broad	HSPG2	fibrochondrocyte_core	0.32170140743255615	-0.9686319828033447	38016
GSE220243_broad	CYP1B1	fibrochondrocyte_core	0.2711254954338074	-0.9725289940834045	38018
GSE220243_broad	PLEK	fibrochondrocyte_core	0.002142197685316205	-0.97455894947052	38019
GSE220243_broad	NPDC1	fibrochondrocyte_core	0.3992025554180145	-0.9753357172012329	38020
GSE220243_broad	CXCL2	fibrochondrocyte_core	0.04666139930486679	-0.9800182580947876	38021
GSE220243_broad	STK4	fibrochondrocyte_core	0.11077562719583511	-0.9893150925636292	38023
GSE220243_broad	MAFB	fibrochondrocyte_core	0.9870504140853882	-0.9965811967849731	38024
GSE220243_broad	HES4	fibrochondrocyte_core	0.0058646430261433125	-0.9966000318527222	38025
GSE220243_broad	SPTBN1	fibrochondrocyte_core	0.50937819480896	-0.9974925518035889	38026
GSE220243_broad	CPVL	fibrochondrocyte_core	0.008955328725278378	-0.9981333613395691	38027
GSE220243_broad	FKBP1A	fibrochondrocyte_core	0.3311053216457367	-1.0010756254196167	38029
GSE220243_broad	ARL4C	fibrochondrocyte_core	0.03529021516442299	-1.0020147562026978	38030
GSE220243_broad	LMOD1	fibrochondrocyte_core	0.0030182229820638895	-1.0062445402145386	38031
GSE220243_broad	GJA4	fibrochondrocyte_core	0.0016077207401394844	-1.0153486728668213	38033
GSE220243_broad	MYLK	fibrochondrocyte_core	0.06258102506399155	-1.020801305770874	38039
GSE220243_broad	MAF	fibrochondrocyte_core	0.3399268388748169	-1.0258638858795166	38043
GSE220243_broad	CD2	fibrochondrocyte_core	0.0009403472649864852	-1.0263046026229858	38044
GSE220243_broad	F13A1	fibrochondrocyte_core	0.06622369587421417	-1.0270545482635498	38045
GSE220243_broad	CCL3	fibrochondrocyte_core	0.010347789153456688	-1.028552770614624	38047
GSE220243_broad	IGFBP2	fibrochondrocyte_core	0.08621642738580704	-1.0335566997528076	38048
GSE220243_broad	SERPINF1	fibrochondrocyte_core	0.17051981389522552	-1.0401091575622559	38049
GSE220243_broad	SPI1	fibrochondrocyte_core	0.006796656642109156	-1.0436408519744873	38053
GSE220243_broad	CD48	fibrochondrocyte_core	0.0011378302006050944	-1.0455546379089355	38054
GSE220243_broad	COL1A2	fibrochondrocyte_core	1.6818581819534302	-1.0463517904281616	38055
GSE220243_broad	PPP1R12A	fibrochondrocyte_core	0.29662835597991943	-1.0480724573135376	38056
GSE220243_broad	CXCL3	fibrochondrocyte_core	0.018429724499583244	-1.0568805932998657	38060
GSE220243_broad	STK17B	fibrochondrocyte_core	0.04052696004509926	-1.0579384565353394	38061
GSE220243_broad	NOTCH3	fibrochondrocyte_core	0.011491673067212105	-1.058243989944458	38063
GSE220243_broad	MTUS1	fibrochondrocyte_core	0.2537034749984741	-1.0644056797027588	38064
GSE220243_broad	CSF1R	fibrochondrocyte_core	0.0015978999435901642	-1.0654716491699219	38065
GSE220243_broad	LILRB5	fibrochondrocyte_core	0.001999081578105688	-1.068639874458313	38066
GSE220243_broad	TCF4	fibrochondrocyte_core	0.7312398552894592	-1.0716094970703125	38067
GSE220243_broad	MYH11	fibrochondrocyte_core	0.009962286800146103	-1.0745877027511597	38069
GSE220243_broad	CREM	fibrochondrocyte_core	0.21630224585533142	-1.0748246908187866	38070
GSE220243_broad	SOD2	fibrochondrocyte_core	1.799349069595337	-1.0815625190734863	38072
GSE220243_broad	IFI30	fibrochondrocyte_core	0.037847455590963364	-1.086010456085205	38074
GSE220243_broad	KLF2	fibrochondrocyte_core	1.061560869216919	-1.0980281829833984	38077
GSE220243_broad	EPS8	fibrochondrocyte_core	0.47637248039245605	-1.0987004041671753	38078
GSE220243_broad	RBPJ	fibrochondrocyte_core	0.5107337832450867	-1.1003007888793945	38079
GSE220243_broad	MMP2	fibrochondrocyte_core	0.14199483394622803	-1.1081944704055786	38080
GSE220243_broad	ARHGAP18	fibrochondrocyte_core	0.02126993238925934	-1.1105018854141235	38081
GSE220243_broad	MSR1	fibrochondrocyte_core	0.0019589709118008614	-1.1151636838912964	38083
GSE220243_broad	GSN	fibrochondrocyte_core	2.0759429931640625	-1.1152677536010742	38084
GSE220243_broad	KCNE4	fibrochondrocyte_core	0.04036438837647438	-1.1180232763290405	38085
GSE220243_broad	ECSCR	fibrochondrocyte_core	0.003432805184274912	-1.1205533742904663	38087
GSE220243_broad	CD34	fibrochondrocyte_core	0.05743752419948578	-1.131384253501892	38090
GSE220243_broad	ACKR1	fibrochondrocyte_core	0.0047433036379516125	-1.1402760744094849	38091
GSE220243_broad	LPP	fibrochondrocyte_core	0.3068583309650421	-1.1462048292160034	38092
GSE220243_broad	CD93	fibrochondrocyte_core	0.0025226303841918707	-1.1512805223464966	38095
GSE220243_broad	COL1A1	fibrochondrocyte_core	0.6073289513587952	-1.1674399375915527	38097
GSE220243_broad	LGMN	fibrochondrocyte_core	0.3224409818649292	-1.1703892946243286	38098
GSE220243_broad	RPS29	fibrochondrocyte_core	2.1618456840515137	-1.1775999069213867	38102
GSE220243_broad	STAB1	fibrochondrocyte_core	0.007094814442098141	-1.1919152736663818	38103
GSE220243_broad	CLEC14A	fibrochondrocyte_core	0.0023550542537122965	-1.1949131488800049	38105
GSE220243_broad	ADGRL4	fibrochondrocyte_core	0.0016613375628367066	-1.1992616653442383	38106
GSE220243_broad	ADIRF	fibrochondrocyte_core	1.678831934928894	-1.205243706703186	38108
GSE220243_broad	MAP1B	fibrochondrocyte_core	0.11570326238870621	-1.2074686288833618	38109
GSE220243_broad	FCGR2A	fibrochondrocyte_core	0.009862223640084267	-1.2106276750564575	38111
GSE220243_broad	CD69	fibrochondrocyte_core	0.0020403629168868065	-1.2116236686706543	38112
GSE220243_broad	ID4	fibrochondrocyte_core	0.4442066252231598	-1.2138473987579346	38113
GSE220243_broad	SYNPO2	fibrochondrocyte_core	0.008511953055858612	-1.216612458229065	38114
GSE220243_broad	GLRX	fibrochondrocyte_core	1.0452486276626587	-1.2233587503433228	38115
GSE220243_broad	SYNE2	fibrochondrocyte_core	0.09678380191326141	-1.2345679998397827	38117
GSE220243_broad	C1R	fibrochondrocyte_core	0.8077492713928223	-1.2366185188293457	38118
GSE220243_broad	SLC9A3R2	fibrochondrocyte_core	0.13305996358394623	-1.242109775543213	38120
GSE220243_broad	GRN	fibrochondrocyte_core	0.36562082171440125	-1.251514196395874	38121
GSE220243_broad	ITGA6	fibrochondrocyte_core	0.05443056672811508	-1.2555897235870361	38123
GSE220243_broad	CD14	fibrochondrocyte_core	0.38505449891090393	-1.2615869045257568	38124
GSE220243_broad	SPRY1	fibrochondrocyte_core	0.04008188098669052	-1.2666345834732056	38125
GSE220243_broad	CPE	fibrochondrocyte_core	0.029041633009910583	-1.2780916690826416	38127
GSE220243_broad	PRG4	fibrochondrocyte_core	0.9689857363700867	-1.286194086074829	38128
GSE220243_broad	APOE	fibrochondrocyte_core	0.037384241819381714	-1.2866644859313965	38129
GSE220243_broad	ITM2A	fibrochondrocyte_core	0.09209278225898743	-1.2868702411651611	38130
GSE220243_broad	PPP1R14A	fibrochondrocyte_core	0.007679135538637638	-1.2929726839065552	38132
GSE220243_broad	IL32	fibrochondrocyte_core	0.09914001077413559	-1.2940322160720825	38133
GSE220243_broad	CCL5	fibrochondrocyte_core	0.005016498267650604	-1.3038688898086548	38137
GSE220243_broad	SOX18	fibrochondrocyte_core	0.0037411984521895647	-1.307165503501892	38140
GSE220243_broad	COL18A1	fibrochondrocyte_core	0.10607729852199554	-1.3133901357650757	38141
GSE220243_broad	TGFBI	fibrochondrocyte_core	0.3525734841823578	-1.3223345279693604	38143
GSE220243_broad	MRC1	fibrochondrocyte_core	0.0015421600546687841	-1.3388891220092773	38145
GSE220243_broad	FTH1	fibrochondrocyte_core	3.3454675674438477	-1.3442802429199219	38147
GSE220243_broad	MCAM	fibrochondrocyte_core	0.00905382540076971	-1.3562002182006836	38149
GSE220243_broad	EMCN	fibrochondrocyte_core	0.003588529536500573	-1.3653239011764526	38150
GSE220243_broad	MS4A7	fibrochondrocyte_core	0.002165142446756363	-1.3660926818847656	38151
GSE220243_broad	STEAP4	fibrochondrocyte_core	0.12808488309383392	-1.3684958219528198	38152
GSE220243_broad	EGFL7	fibrochondrocyte_core	0.0091506103053689	-1.3714947700500488	38153
GSE220243_broad	CD163	fibrochondrocyte_core	0.00219804048538208	-1.388049602508545	38154
GSE220243_broad	IL7R	fibrochondrocyte_core	0.0018055371474474669	-1.3944649696350098	38155
GSE220243_broad	GIMAP7	fibrochondrocyte_core	0.002992071211338043	-1.4067065715789795	38157
GSE220243_broad	LYVE1	fibrochondrocyte_core	0.005724515300244093	-1.4074410200119019	38158
GSE220243_broad	CD68	fibrochondrocyte_core	0.30111807584762573	-1.4081311225891113	38159
GSE220243_broad	VSIG4	fibrochondrocyte_core	0.0017576434183865786	-1.4113514423370361	38160
GSE220243_broad	ADAMTS1	fibrochondrocyte_core	0.24417681992053986	-1.4118709564208984	38161
GSE220243_broad	TINAGL1	fibrochondrocyte_core	0.00741270836442709	-1.4191159009933472	38162
GSE220243_broad	HLA-DMA	fibrochondrocyte_core	0.039541177451610565	-1.4462507963180542	38164
GSE220243_broad	HLA-E	fibrochondrocyte_core	1.2364637851715088	-1.4547834396362305	38165
GSE220243_broad	AQP1	fibrochondrocyte_core	0.4600536823272705	-1.4550228118896484	38166
GSE220243_broad	PLVAP	fibrochondrocyte_core	0.004002335015684366	-1.4568380117416382	38167
GSE220243_broad	VAMP8	fibrochondrocyte_core	0.03752979636192322	-1.4821301698684692	38168
GSE220243_broad	CALCRL	fibrochondrocyte_core	0.0046758935786783695	-1.5203313827514648	38169
GSE220243_broad	FILIP1L	fibrochondrocyte_core	0.08650895953178406	-1.5322216749191284	38170
GSE220243_broad	FTL	fibrochondrocyte_core	3.764406204223633	-1.5467867851257324	38171
GSE220243_broad	CD52	fibrochondrocyte_core	0.0034225068520754576	-1.5570825338363647	38172
GSE220243_broad	CYBA	fibrochondrocyte_core	0.6084797978401184	-1.5787608623504639	38174
GSE220243_broad	CTSB	fibrochondrocyte_core	0.6503803730010986	-1.5795223712921143	38175
GSE220243_broad	TPM1	fibrochondrocyte_core	0.44474461674690247	-1.5869574546813965	38176
GSE220243_broad	CXCL8	fibrochondrocyte_core	0.023847147822380066	-1.6066075563430786	38177
GSE220243_broad	FOLR2	fibrochondrocyte_core	0.003254302078858018	-1.6333093643188477	38179
GSE220243_broad	HLA-DQB1	fibrochondrocyte_core	0.09927783906459808	-1.6344634294509888	38180
GSE220243_broad	TPM2	fibrochondrocyte_core	0.8476947546005249	-1.636785626411438	38181
GSE220243_broad	TM4SF1	fibrochondrocyte_core	0.5671497583389282	-1.6421462297439575	38182
GSE220243_broad	MARCO	fibrochondrocyte_core	0.00336447823792696	-1.6538403034210205	38183
GSE220243_broad	RAMP2	fibrochondrocyte_core	0.08381777256727219	-1.6853655576705933	38184
GSE220243_broad	HLA-DQA1	fibrochondrocyte_core	0.005144759546965361	-1.7206521034240723	38185
GSE220243_broad	CXCR4	fibrochondrocyte_core	0.009323963895440102	-1.722061038017273	38186
GSE220243_broad	CYBB	fibrochondrocyte_core	0.002644474385306239	-1.7287179231643677	38187
GSE220243_broad	PECAM1	fibrochondrocyte_core	0.006192960776388645	-1.7770740985870361	38188
GSE220243_broad	LYZ	fibrochondrocyte_core	0.004699519369751215	-1.796212911605835	38189
GSE220243_broad	PLA2G2A	fibrochondrocyte_core	0.9103583097457886	-1.8043283224105835	38190
GSE220243_broad	CTSZ	fibrochondrocyte_core	0.473844051361084	-1.8168363571166992	38191
GSE220243_broad	PTPRC	fibrochondrocyte_core	0.0037022531032562256	-1.8181922435760498	38192
GSE220243_broad	LAPTM5	fibrochondrocyte_core	0.0503702349960804	-1.8801090717315674	38193
GSE220243_broad	MS4A6A	fibrochondrocyte_core	0.0034280067775398493	-1.913546085357666	38194
GSE220243_broad	NR2F2	fibrochondrocyte_core	0.08217254281044006	-1.993402361869812	38195
GSE220243_broad	GNG11	fibrochondrocyte_core	0.4931919574737549	-2.007580041885376	38196
GSE220243_broad	CTSS	fibrochondrocyte_core	0.03300493210554123	-2.0191280841827393	38197
GSE220243_broad	FCER1G	fibrochondrocyte_core	0.009762709029018879	-2.0404820442199707	38199
GSE220243_broad	SELENOP	fibrochondrocyte_core	0.26044347882270813	-2.063147783279419	38200
GSE220243_broad	HLA-DRB5	fibrochondrocyte_core	0.04531297832727432	-2.0725228786468506	38201
GSE220243_broad	IFI27	fibrochondrocyte_core	0.22448675334453583	-2.1202075481414795	38203
GSE220243_broad	C1QC	fibrochondrocyte_core	0.004884608089923859	-2.1350347995758057	38204
GSE220243_broad	CALD1	fibrochondrocyte_core	0.8484793305397034	-2.1812052726745605	38205
GSE220243_broad	C11ORF96	fibrochondrocyte_core	0.41193464398384094	-2.2685420513153076	38206
GSE220243_broad	IGFBP7	fibrochondrocyte_core	1.9129222631454468	-2.2764201164245605	38207
GSE220243_broad	HLA-DPB1	fibrochondrocyte_core	0.2582494914531708	-2.294213056564331	38208
GSE220243_broad	C1QB	fibrochondrocyte_core	0.006141628138720989	-2.3293259143829346	38210
GSE220243_broad	AIF1	fibrochondrocyte_core	0.00548021262511611	-2.350231409072876	38211
GSE220243_broad	MYL9	fibrochondrocyte_core	0.12742839753627777	-2.479294776916504	38212
GSE220243_broad	HLA-DPA1	fibrochondrocyte_core	0.10611511766910553	-2.4862565994262695	38213
GSE220243_broad	TYROBP	fibrochondrocyte_core	0.010231791995465755	-2.5163490772247314	38214
GSE220243_broad	SRGN	fibrochondrocyte_core	0.2244848608970642	-2.5589516162872314	38215
GSE220243_broad	C1QA	fibrochondrocyte_core	0.008380524814128876	-2.637559175491333	38216
GSE220243_broad	ACTA2	fibrochondrocyte_core	0.027314774692058563	-2.638964891433716	38217
GSE220243_broad	RNASE1	fibrochondrocyte_core	0.011587858200073242	-2.6736581325531006	38218
GSE220243_broad	RGS5	fibrochondrocyte_core	0.02246011234819889	-2.755338430404663	38219
GSE220243_broad	HLA-DRB1	fibrochondrocyte_core	0.0695159062743187	-3.1394495964050293	38221
GSE220243_broad	HLA-DRA	fibrochondrocyte_core	0.030070116743445396	-3.410555124282837	38222
GSE220243_broad	CD74	fibrochondrocyte_core	0.05474057048559189	-3.650221824645996	38223
GSE220243_broad	TAGLN	fibrochondrocyte_core	0.11412160843610764	-3.7354471683502197	38224
GSE220243_broad	C1QA	immune_myeloid	2.645939588546753	2.6273460388183594	1
GSE220243_broad	C1QB	immune_myeloid	2.335467576980591	2.320411443710327	2
GSE220243_broad	AIF1	immune_myeloid	2.3557116985321045	2.319838523864746	3
GSE220243_broad	HLA-DRA	immune_myeloid	3.4406251907348633	2.1541709899902344	4
GSE220243_broad	C1QC	immune_myeloid	2.1399195194244385	2.12754225730896	5
GSE220243_broad	TYROBP	immune_myeloid	2.526580810546875	2.0100913047790527	6
GSE220243_broad	MS4A6A	immune_myeloid	1.9169740676879883	1.878467082977295	7
GSE220243_broad	HLA-DPB1	immune_myeloid	2.552462577819824	1.8437259197235107	8
GSE220243_broad	CTSS	immune_myeloid	2.052133083343506	1.8108404874801636	9
GSE220243_broad	LYZ	immune_myeloid	1.8009123802185059	1.7851581573486328	10
GSE220243_broad	CD74	immune_myeloid	3.7049624919891357	1.7659786939620972	11
GSE220243_broad	CYBB	immune_myeloid	1.7313623428344727	1.7075831890106201	12
GSE220243_broad	HLA-DPA1	immune_myeloid	2.592371702194214	1.6786398887634277	13
GSE220243_broad	MARCO	immune_myeloid	1.6572047472000122	1.6510649919509888	14
GSE220243_broad	FOLR2	immune_myeloid	1.6365636587142944	1.6270780563354492	15
GSE220243_broad	CXCL8	immune_myeloid	1.630454659461975	1.5690650939941406	16
GSE220243_broad	HLA-DRB1	immune_myeloid	3.208965539932251	1.564212679862976	17
GSE220243_broad	HLA-DQA1	immune_myeloid	1.7257968187332153	1.5471969842910767	18
GSE220243_broad	RNASE1	immune_myeloid	2.685245990753174	1.5452101230621338	19
GSE220243_broad	CTSZ	immune_myeloid	2.290680408477783	1.514279842376709	20
GSE220243_broad	FCER1G	immune_myeloid	2.0502448081970215	1.4735733270645142	21
GSE220243_broad	CTSB	immune_myeloid	2.229902744293213	1.445207118988037	22
GSE220243_broad	VSIG4	immune_myeloid	1.4131090641021729	1.4104363918304443	23
GSE220243_broad	CD163	immune_myeloid	1.3902475833892822	1.3818036317825317	24
GSE220243_broad	MS4A7	immune_myeloid	1.3682578802108765	1.3610103130340576	25
GSE220243_broad	MRC1	immune_myeloid	1.3404313325881958	1.29866623878479	26
GSE220243_broad	HLA-DRB5	immune_myeloid	2.117835760116577	1.285282015800476	27
GSE220243_broad	CD68	immune_myeloid	1.7092492580413818	1.270235300064087	28
GSE220243_broad	FTL	immune_myeloid	5.311192989349365	1.2694182395935059	29
GSE220243_broad	LYVE1	immune_myeloid	1.41316556930542	1.2693530321121216	30
GSE220243_broad	HLA-DQB1	immune_myeloid	1.733741283416748	1.2679603099822998	31
GSE220243_broad	CD14	immune_myeloid	1.6466413736343384	1.2615869045257568	32
GSE220243_broad	SELENOP	immune_myeloid	2.3235912322998047	1.1945807933807373	33
GSE220243_broad	FCGR2A	immune_myeloid	1.2204898595809937	1.1909880638122559	34
GSE220243_broad	TGFBI	immune_myeloid	1.6749080419540405	1.1900265216827393	35
GSE220243_broad	LGMN	immune_myeloid	1.4928302764892578	1.1703892946243286	36
GSE220243_broad	MSR1	immune_myeloid	1.1171226501464844	1.1086254119873047	37
GSE220243_broad	STAB1	immune_myeloid	1.1990101337432861	1.0860482454299927	38
GSE220243_broad	HLA-DMA	immune_myeloid	1.4857919216156006	1.0827558040618896	39
GSE220243_broad	LILRB5	immune_myeloid	1.0706390142440796	1.0666277408599854	40
GSE220243_broad	CSF1R	immune_myeloid	1.0670695304870605	1.064089059829712	41
GSE220243_broad	IFI30	immune_myeloid	1.123857855796814	1.0286566019058228	42
GSE220243_broad	F13A1	immune_myeloid	1.0932782888412476	1.0270545482635498	43
GSE220243_broad	SPI1	immune_myeloid	1.0504374504089355	1.012238621711731	44
GSE220243_broad	VAMP8	immune_myeloid	1.5196599960327148	0.985332727432251	45
GSE220243_broad	CXCL3	immune_myeloid	1.0753103494644165	0.9770732522010803	46
GSE220243_broad	CCL3	immune_myeloid	1.03890061378479	0.9716061353683472	47
GSE220243_broad	GRN	immune_myeloid	1.6171350479125977	0.9632887840270996	48
GSE220243_broad	LAPTM5	immune_myeloid	1.9304792881011963	0.9494730830192566	49
GSE220243_broad	FCGR2B	immune_myeloid	0.9490050077438354	0.9426108598709106	50
GSE220243_broad	MAF	immune_myeloid	1.3657907247543335	0.9269825220108032	51
GSE220243_broad	CPVL	immune_myeloid	1.0070886611938477	0.9210497736930847	52
GSE220243_broad	FTH1	immune_myeloid	4.6897478103637695	0.8926832675933838	53
GSE220243_broad	RBPJ	immune_myeloid	1.6110345125198364	0.8803932070732117	54
GSE220243_broad	CYBA	immune_myeloid	2.1872406005859375	0.8629318475723267	55
GSE220243_broad	PLEK	immune_myeloid	0.9767011404037476	0.8555831909179688	56
GSE220243_broad	FPR3	immune_myeloid	0.8408903479576111	0.8390898108482361	57
GSE220243_broad	MAFB	immune_myeloid	1.9836316108703613	0.8355181217193604	58
GSE220243_broad	CXCL2	immune_myeloid	1.0266796350479126	0.8340067863464355	59
GSE220243_broad	ARHGAP18	immune_myeloid	1.1317718029022217	0.8206130862236023	60
GSE220243_broad	PAPSS2	immune_myeloid	0.31505393981933594	-0.3140660524368286	36918
GSE220243_broad	CLEC3A	immune_myeloid	0.040384165942668915	-0.3176668584346771	36934
GSE220243_broad	RNMT	immune_myeloid	0.4049296975135803	-0.323064923286438	36962
GSE220243_broad	CREB5	immune_myeloid	0.3538454473018646	-0.32998302578926086	36993
GSE220243_broad	HSPA2	immune_myeloid	0.4786830544471741	-0.3332783579826355	37011
GSE220243_broad	PHF3	immune_myeloid	0.4119967818260193	-0.3442131280899048	37058
GSE220243_broad	CCNG2	immune_myeloid	0.22337782382965088	-0.35541868209838867	37096
GSE220243_broad	ZFAND5	immune_myeloid	0.9791052937507629	-0.36480313539505005	37132
GSE220243_broad	BASP1	immune_myeloid	0.34722277522087097	-0.36791905760765076	37142
GSE220243_broad	MIA	immune_myeloid	0.05346019193530083	-0.3718830943107605	37155
GSE220243_broad	CTSG	immune_myeloid	0.00240114564076066	-0.37637194991111755	37168
GSE220243_broad	IKZF1	immune_myeloid	0.2699469327926636	-0.38199520111083984	37194
GSE220243_broad	VEGFB	immune_myeloid	0.3776891529560089	-0.3852153718471527	37204
GSE220243_broad	SERPINF1	immune_myeloid	0.8248473405838013	-0.3857816457748413	37206
GSE220243_broad	SBSPON	immune_myeloid	0.03054516389966011	-0.3860754370689392	37209
GSE220243_broad	SYTL3	immune_myeloid	0.08477180451154709	-0.38819941878318787	37217
GSE220243_broad	BIRC3	immune_myeloid	0.32118454575538635	-0.38941487669944763	37223
GSE220243_broad	IL2RG	immune_myeloid	0.035611532628536224	-0.390689879655838	37228
GSE220243_broad	ID2	immune_myeloid	1.5128026008605957	-0.3920159339904785	37232
GSE220243_broad	ITGA4	immune_myeloid	0.10111244022846222	-0.4011598825454712	37254
GSE220243_broad	CTSW	immune_myeloid	0.008448729291558266	-0.40570729970932007	37266
GSE220243_broad	HPGD	immune_myeloid	0.20571692287921906	-0.40699291229248047	37271
GSE220243_broad	EML4	immune_myeloid	0.18579702079296112	-0.4094619154930115	37282
GSE220243_broad	PTGDS	immune_myeloid	0.03838025778532028	-0.40975239872932434	37286
GSE220243_broad	PTGES3	immune_myeloid	1.0913888216018677	-0.4104902744293213	37288
GSE220243_broad	FXYD6	immune_myeloid	0.3349241614341736	-0.41263896226882935	37291
GSE220243_broad	ITGB8	immune_myeloid	0.060864415019750595	-0.41760528087615967	37301
GSE220243_broad	HMGB2	immune_myeloid	0.41322416067123413	-0.4316614866256714	37327
GSE220243_broad	RPL22L1	immune_myeloid	0.5234503149986267	-0.4508761763572693	37380
GSE220243_broad	SERPINA3	immune_myeloid	0.019220419228076935	-0.45144760608673096	37383
GSE220243_broad	C1QTNF3	immune_myeloid	0.03221918269991875	-0.451542466878891	37384
GSE220243_broad	MS4A2	immune_myeloid	0.0011587159242480993	-0.4531811773777008	37386
GSE220243_broad	EZR	immune_myeloid	0.8829522728919983	-0.4599294066429138	37398
GSE220243_broad	HAPLN1	immune_myeloid	0.03669888898730278	-0.4645020365715027	37409
GSE220243_broad	GPR65	immune_myeloid	0.12754489481449127	-0.4649236798286438	37411
GSE220243_broad	PHC2	immune_myeloid	0.17063897848129272	-0.4719662666320801	37424
GSE220243_broad	SPOCK2	immune_myeloid	0.0041269585490226746	-0.47294339537620544	37427
GSE220243_broad	TMOD1	immune_myeloid	0.03168397769331932	-0.47397518157958984	37428
GSE220243_broad	CYTIP	immune_myeloid	0.3631942868232727	-0.4752969741821289	37432
GSE220243_broad	ACAP1	immune_myeloid	0.030411534011363983	-0.4761376976966858	37434
GSE220243_broad	MRVI1	immune_myeloid	0.05127603933215141	-0.4784584641456604	37439
GSE220243_broad	SEMA3C	immune_myeloid	0.045688387006521225	-0.48240888118743896	37450
GSE220243_broad	PPP2R5C	immune_myeloid	0.3400737941265106	-0.48336103558540344	37453
GSE220243_broad	TUBA4A	immune_myeloid	0.12216183543205261	-0.4852461516857147	37457
GSE220243_broad	CDC42SE2	immune_myeloid	0.23782525956630707	-0.49027860164642334	37462
GSE220243_broad	MFAP5	immune_myeloid	0.0244896300137043	-0.4915338158607483	37465
GSE220243_broad	STK17B	immune_myeloid	0.5947243571281433	-0.5037410855293274	37490
GSE220243_broad	ADRA2A	immune_myeloid	0.001922456780448556	-0.5040466785430908	37491
GSE220243_broad	COL2A1	immune_myeloid	0.05708937719464302	-0.510323703289032	37499
GSE220243_broad	SARAF	immune_myeloid	0.987572193145752	-0.5103927850723267	37500
GSE220243_broad	CRISPLD1	immune_myeloid	0.027307767421007156	-0.5189324617385864	37516
GSE220243_broad	CCDC59	immune_myeloid	0.3283497393131256	-0.5195165872573853	37519
GSE220243_broad	SYF2	immune_myeloid	0.7659379839897156	-0.5209212899208069	37524
GSE220243_broad	BCL11B	immune_myeloid	0.0031067130621522665	-0.5212448239326477	37525
GSE220243_broad	CCDC102B	immune_myeloid	0.020654408261179924	-0.5221026539802551	37528
GSE220243_broad	MT1G	immune_myeloid	0.10410527139902115	-0.5274097323417664	37538
GSE220243_broad	POLR1D	immune_myeloid	0.534349262714386	-0.53116375207901	37550
GSE220243_broad	ARL4C	immune_myeloid	0.5011378526687622	-0.5361671447753906	37560
GSE220243_broad	CPQ	immune_myeloid	0.2761055827140808	-0.5374795794487	37563
GSE220243_broad	COPS2	immune_myeloid	0.3424232006072998	-0.538522481918335	37565
GSE220243_broad	SUB1	immune_myeloid	0.7902423143386841	-0.5385991334915161	37566
GSE220243_broad	PKM	immune_myeloid	1.177649736404419	-0.5393432378768921	37567
GSE220243_broad	LAG3	immune_myeloid	0.06979367882013321	-0.5420421957969666	37569
GSE220243_broad	ANK3	immune_myeloid	0.056334879249334335	-0.5436357259750366	37575
GSE220243_broad	SFRP2	immune_myeloid	0.029986778274178505	-0.5451738238334656	37576
GSE220243_broad	CARMN	immune_myeloid	0.003060517366975546	-0.5459315776824951	37579
GSE220243_broad	BCL6	immune_myeloid	0.21838819980621338	-0.549024760723114	37590
GSE220243_broad	MXI1	immune_myeloid	0.2500912547111511	-0.5518441200256348	37597
GSE220243_broad	MFAP4	immune_myeloid	0.04168188199400902	-0.5539224147796631	37601
GSE220243_broad	SMIM14	immune_myeloid	0.3544307351112366	-0.5556652545928955	37603
GSE220243_broad	STK17A	immune_myeloid	0.1365106999874115	-0.5586988925933838	37605
GSE220243_broad	LEPROTL1	immune_myeloid	0.2217940241098404	-0.5606492757797241	37608
GSE220243_broad	RPS11	immune_myeloid	2.420962333679199	-0.5623197555541992	37611
GSE220243_broad	IGF1	immune_myeloid	0.27458444237709045	-0.5670058727264404	37620
GSE220243_broad	RUNX3	immune_myeloid	0.1603034883737564	-0.5748326182365417	37632
GSE220243_broad	FHL5	immune_myeloid	0.002555045299232006	-0.5754716992378235	37635
GSE220243_broad	DUSP2	immune_myeloid	0.3309329152107239	-0.5756118893623352	37636
GSE220243_broad	PTPRC	immune_myeloid	1.2457257509231567	-0.5761687755584717	37638
GSE220243_broad	KCNJ8	immune_myeloid	0.0026057923678308725	-0.5799152851104736	37641
GSE220243_broad	SLCO2A1	immune_myeloid	0.0015599904581904411	-0.5811052918434143	37644
GSE220243_broad	CNN1	immune_myeloid	0.0035222957376390696	-0.5828227400779724	37648
GSE220243_broad	ELL2	immune_myeloid	0.3014110028743744	-0.5861144065856934	37658
GSE220243_broad	SOX17	immune_myeloid	0.00019620165403466672	-0.5877095460891724	37662
GSE220243_broad	UBA2	immune_myeloid	0.19560164213180542	-0.5887123942375183	37666
GSE220243_broad	STK4	immune_myeloid	0.5112252831459045	-0.5888654589653015	37667
GSE220243_broad	CTSF	immune_myeloid	0.1992197334766388	-0.58979332447052	37670
GSE220243_broad	RAB11A	immune_myeloid	0.4229634702205658	-0.5967867374420166	37675
GSE220243_broad	KCNMA1	immune_myeloid	0.35331252217292786	-0.5986956357955933	37680
GSE220243_broad	NEXN	immune_myeloid	0.04709569737315178	-0.5991592407226562	37681
GSE220243_broad	GIMAP1	immune_myeloid	0.23764930665493011	-0.599808394908905	37683
GSE220243_broad	GUCY1A1	immune_myeloid	0.0094232726842165	-0.6003393530845642	37684
GSE220243_broad	NKG7	immune_myeloid	0.004507150966674089	-0.6005798578262329	37686
GSE220243_broad	RPL22	immune_myeloid	2.360058069229126	-0.6028003692626953	37688
GSE220243_broad	CD63	immune_myeloid	2.3418776988983154	-0.6092162132263184	37695
GSE220243_broad	TRBC1	immune_myeloid	0.002725511323660612	-0.611739993095398	37696
GSE220243_broad	FKBP1A	immune_myeloid	0.7176554203033447	-0.614525556564331	37701
GSE220243_broad	LTBP2	immune_myeloid	0.297005295753479	-0.6174757480621338	37705
GSE220243_broad	CD3G	immune_myeloid	0.0023461198434233665	-0.6240226030349731	37715
GSE220243_broad	WWP2	immune_myeloid	0.13112027943134308	-0.6265667080879211	37719
GSE220243_broad	RHOH	immune_myeloid	0.007639183197170496	-0.6313354969024658	37722
GSE220243_broad	MMRN2	immune_myeloid	0.008162373676896095	-0.636313796043396	37726
GSE220243_broad	LGI4	immune_myeloid	0.006199860945343971	-0.6458699703216553	37739
GSE220243_broad	EPB41L2	immune_myeloid	0.35718199610710144	-0.6483633518218994	37741
GSE220243_broad	GZMK	immune_myeloid	0.0039004329591989517	-0.650477409362793	37744
GSE220243_broad	CST7	immune_myeloid	0.01481320895254612	-0.6509971022605896	37746
GSE220243_broad	RAC2	immune_myeloid	0.18136990070343018	-0.6555989384651184	37752
GSE220243_broad	CTSK	immune_myeloid	0.3936047852039337	-0.6592559814453125	37756
GSE220243_broad	FHL2	immune_myeloid	0.01461678184568882	-0.6596471071243286	37757
GSE220243_broad	GZMA	immune_myeloid	0.00246810051612556	-0.6638613939285278	37759
GSE220243_broad	FAM107B	immune_myeloid	0.4534604251384735	-0.6641777753829956	37760
GSE220243_broad	SNHG12	immune_myeloid	0.41884294152259827	-0.6649982929229736	37761
GSE220243_broad	NR4A1	immune_myeloid	0.6075394749641418	-0.670330822467804	37765
GSE220243_broad	ABCC9	immune_myeloid	0.004894698970019817	-0.6718024611473083	37767
GSE220243_broad	LTB	immune_myeloid	0.041557084769010544	-0.6735904216766357	37769
GSE220243_broad	SCARA5	immune_myeloid	0.050915565341711044	-0.6753367185592651	37772
GSE220243_broad	TPSB2	immune_myeloid	0.0018951891688629985	-0.6791738867759705	37776
GSE220243_broad	MYCT1	immune_myeloid	0.0018119449960067868	-0.6800570487976074	37778
GSE220243_broad	MRC2	immune_myeloid	0.07805751264095306	-0.6808346509933472	37782
GSE220243_broad	KLRB1	immune_myeloid	0.0	-0.6811745166778564	37783
GSE220243_broad	CHAD	immune_myeloid	0.04434449225664139	-0.6912022233009338	37793
GSE220243_broad	ITGA10	immune_myeloid	0.09166376292705536	-0.6914043426513672	37794
GSE220243_broad	CD3E	immune_myeloid	0.002981386845931411	-0.6936550140380859	37797
GSE220243_broad	JAM2	immune_myeloid	0.010965858586132526	-0.6989577412605286	37803
GSE220243_broad	HIST1H1C	immune_myeloid	0.13971708714962006	-0.7011092305183411	37806
GSE220243_broad	ATF3	immune_myeloid	0.8284701704978943	-0.7012564539909363	37808
GSE220243_broad	PGAM1	immune_myeloid	0.3964952826499939	-0.7019137740135193	37809
GSE220243_broad	RPS20	immune_myeloid	2.120201349258423	-0.7037103176116943	37813
GSE220243_broad	NEDD9	immune_myeloid	0.14385667443275452	-0.7048143148422241	37814
GSE220243_broad	ANP32B	immune_myeloid	0.6837462186813354	-0.7051831483840942	37816
GSE220243_broad	COX7C	immune_myeloid	1.3021637201309204	-0.7100673913955688	37821
GSE220243_broad	UBE2B	immune_myeloid	0.7365936636924744	-0.7110064625740051	37822
GSE220243_broad	PLAT	immune_myeloid	0.01322163175791502	-0.7124236822128296	37824
GSE220243_broad	GABARAPL1	immune_myeloid	0.32461676001548767	-0.7157708406448364	37828
GSE220243_broad	MGST2	immune_myeloid	0.25118425488471985	-0.7166314125061035	37829
GSE220243_broad	TPI1	immune_myeloid	1.1635513305664062	-0.7171297073364258	37830
GSE220243_broad	CYYR1	immune_myeloid	0.0015558813465759158	-0.7236491441726685	37833
GSE220243_broad	PALLD	immune_myeloid	0.32500016689300537	-0.723922848701477	37834
GSE220243_broad	PTPRB	immune_myeloid	0.0048400647938251495	-0.723997175693512	37835
GSE220243_broad	COX4I2	immune_myeloid	0.0034610789734870195	-0.726020336151123	37838
GSE220243_broad	PLN	immune_myeloid	0.004047050606459379	-0.7349879145622253	37842
GSE220243_broad	PDGFRA	immune_myeloid	0.06554438173770905	-0.7352567911148071	37843
GSE220243_broad	CYP1B1	immune_myeloid	0.5081411004066467	-0.7355133891105652	37844
GSE220243_broad	CPA3	immune_myeloid	0.0017503338167443871	-0.7400901913642883	37848
GSE220243_broad	PPP1R3C	immune_myeloid	0.0671115517616272	-0.740099310874939	37849
GSE220243_broad	DCXR	immune_myeloid	0.2147601842880249	-0.7404665946960449	37850
GSE220243_broad	TM4SF18	immune_myeloid	0.00158195779658854	-0.7409883737564087	37851
GSE220243_broad	PRDX6	immune_myeloid	0.6420115232467651	-0.7412903308868408	37852
GSE220243_broad	TSPAN7	immune_myeloid	0.007749134209007025	-0.7523277401924133	37860
GSE220243_broad	SAMSN1	immune_myeloid	0.20885024964809418	-0.7578147649765015	37864
GSE220243_broad	FBN1	immune_myeloid	0.06181155517697334	-0.7635244131088257	37871
GSE220243_broad	TGFB1I1	immune_myeloid	0.12972275912761688	-0.7638623714447021	37872
GSE220243_broad	CAVIN2	immune_myeloid	0.05222417786717415	-0.7659581303596497	37874
GSE220243_broad	PLP2	immune_myeloid	0.46567201614379883	-0.7675261497497559	37875
GSE220243_broad	PDE5A	immune_myeloid	0.011925053782761097	-0.7692993879318237	37876
GSE220243_broad	PPIC	immune_myeloid	0.2606935203075409	-0.7699753046035767	37877
GSE220243_broad	RDX	immune_myeloid	0.33761271834373474	-0.7703390121459961	37878
GSE220243_broad	CDH5	immune_myeloid	0.013367080129683018	-0.7737782597541809	37880
GSE220243_broad	SLC7A2	immune_myeloid	0.02895180508494377	-0.7763435244560242	37881
GSE220243_broad	GGT5	immune_myeloid	0.016466395929455757	-0.7819112539291382	37889
GSE220243_broad	CCL14	immune_myeloid	0.011348705738782883	-0.7876608967781067	37894
GSE220243_broad	ITGBL1	immune_myeloid	0.06203315407037735	-0.7882588505744934	37895
GSE220243_broad	HYAL2	immune_myeloid	0.11416830122470856	-0.7915286421775818	37898
GSE220243_broad	CCNB1IP1	immune_myeloid	0.15308703482151031	-0.7945315837860107	37899
GSE220243_broad	SCX	immune_myeloid	0.07919356971979141	-0.8043882250785828	37907
GSE220243_broad	MYO1B	immune_myeloid	0.02868674136698246	-0.8075562715530396	37910
GSE220243_broad	PDGFRL	immune_myeloid	0.06441083550453186	-0.8144792318344116	37917
GSE220243_broad	RRAD	immune_myeloid	0.13972321152687073	-0.8168736696243286	37918
GSE220243_broad	ACAN	immune_myeloid	0.06583511084318161	-0.8170369267463684	37919
GSE220243_broad	RHOBTB3	immune_myeloid	0.15949568152427673	-0.8174933195114136	37920
GSE220243_broad	PODXL	immune_myeloid	0.008925269357860088	-0.8187336921691895	37923
GSE220243_broad	PPIB	immune_myeloid	0.9914802312850952	-0.823755145072937	37927
GSE220243_broad	TPSAB1	immune_myeloid	0.0010689807822927833	-0.8251193761825562	37930
GSE220243_broad	TAF1D	immune_myeloid	0.6489719748497009	-0.8273468613624573	37931
GSE220243_broad	PPP1R12A	immune_myeloid	0.5159138441085815	-0.8287869691848755	37932
GSE220243_broad	FIBIN	immune_myeloid	0.07031794637441635	-0.8371427655220032	37937
GSE220243_broad	TRAC	immune_myeloid	0.006029847543686628	-0.83802729845047	37938
GSE220243_broad	ELK3	immune_myeloid	0.33781322836875916	-0.849697470664978	37943
GSE220243_broad	SFRP1	immune_myeloid	0.04673216864466667	-0.8599114418029785	37947
GSE220243_broad	TRBC2	immune_myeloid	0.0033557401038706303	-0.8653967976570129	37951
GSE220243_broad	EIF1	immune_myeloid	2.892138719558716	-0.869164228439331	37952
GSE220243_broad	PCAT19	immune_myeloid	0.005160873755812645	-0.8708363771438599	37953
GSE220243_broad	RBP4	immune_myeloid	0.09624352306127548	-0.8757174015045166	37954
GSE220243_broad	FILIP1L	immune_myeloid	0.7409919500350952	-0.8777387142181396	37955
GSE220243_broad	RPL28	immune_myeloid	2.908179759979248	-0.8789324760437012	37956
GSE220243_broad	FRZB	immune_myeloid	0.05428041145205498	-0.8793989419937134	37957
GSE220243_broad	CD3D	immune_myeloid	0.005126238334923983	-0.887880802154541	37961
GSE220243_broad	RPLP0	immune_myeloid	1.9702116250991821	-0.889767050743103	37963
GSE220243_broad	RSL24D1	immune_myeloid	0.5807249546051025	-0.8920338153839111	37965
GSE220243_broad	PGK1	immune_myeloid	0.9233002662658691	-0.8950661420822144	37967
GSE220243_broad	THBS4	immune_myeloid	0.07531367987394333	-0.8977804780006409	37968
GSE220243_broad	VWF	immune_myeloid	0.004537508822977543	-0.9074292778968811	37971
GSE220243_broad	VEGFA	immune_myeloid	0.38583120703697205	-0.9076640605926514	37972
GSE220243_broad	CD93	immune_myeloid	0.2426254004240036	-0.9111776947975159	37975
GSE220243_broad	FBXO2	immune_myeloid	0.05913607403635979	-0.9114300012588501	37976
GSE220243_broad	NPM1	immune_myeloid	1.5529710054397583	-0.9116374254226685	37977
GSE220243_broad	CREM	immune_myeloid	0.374397337436676	-0.9167296290397644	37980
GSE220243_broad	APOE	immune_myeloid	0.4064043462276459	-0.9176443815231323	37982
GSE220243_broad	LPP	immune_myeloid	0.5283583998680115	-0.9247047305107117	37989
GSE220243_broad	SDC2	immune_myeloid	0.21036455035209656	-0.929174542427063	37991
GSE220243_broad	CD48	immune_myeloid	0.11686000227928162	-0.9298324584960938	37992
GSE220243_broad	SLPI	immune_myeloid	0.04696960002183914	-0.9326596856117249	37994
GSE220243_broad	ENO1	immune_myeloid	1.1773722171783447	-0.9480071067810059	38001
GSE220243_broad	VCAN	immune_myeloid	0.5061168670654297	-0.9504493474960327	38003
GSE220243_broad	LIMA1	immune_myeloid	0.19215312600135803	-0.957575798034668	38004
GSE220243_broad	RAMP3	immune_myeloid	0.0037215689662843943	-0.959622323513031	38005
GSE220243_broad	LMCD1	immune_myeloid	0.05194192752242088	-0.9599817395210266	38006
GSE220243_broad	TNFRSF11B	immune_myeloid	0.0951954647898674	-0.9679577946662903	38009
GSE220243_broad	HES4	immune_myeloid	0.03272620961070061	-0.9697384238243103	38011
GSE220243_broad	SRGN	immune_myeloid	1.811570644378662	-0.9718658924102783	38012
GSE220243_broad	CLDN5	immune_myeloid	0.014191968366503716	-0.9755407571792603	38015
GSE220243_broad	ISLR	immune_myeloid	0.1085749939084053	-0.9755457639694214	38016
GSE220243_broad	RPS29	immune_myeloid	2.3551580905914307	-0.9842875003814697	38019
GSE220243_broad	EFEMP1	immune_myeloid	0.12009640038013458	-0.984361469745636	38020
GSE220243_broad	SNHG8	immune_myeloid	0.7510362863540649	-0.995003342628479	38021
GSE220243_broad	HLA-E	immune_myeloid	1.6905473470687866	-1.0006998777389526	38024
GSE220243_broad	CD2	immune_myeloid	0.02635027840733528	-1.0008946657180786	38025
GSE220243_broad	RPL24	immune_myeloid	2.425732135772705	-1.0011091232299805	38026
GSE220243_broad	SSPN	immune_myeloid	0.09907852113246918	-1.0034149885177612	38027
GSE220243_broad	LMOD1	immune_myeloid	0.005093580111861229	-1.004169225692749	38028
GSE220243_broad	PLOD2	immune_myeloid	0.12109696120023727	-1.0043747425079346	38029
GSE220243_broad	CHI3L2	immune_myeloid	0.37464621663093567	-1.006304144859314	38031
GSE220243_broad	GJA4	immune_myeloid	0.005837164353579283	-1.0111192464828491	38033
GSE220243_broad	WISP2	immune_myeloid	0.061615098267793655	-1.012040376663208	38034
GSE220243_broad	FLT1	immune_myeloid	0.039629507809877396	-1.017937183380127	38035
GSE220243_broad	CSRP1	immune_myeloid	0.3433436155319214	-1.0311486721038818	38037
GSE220243_broad	MMP2	immune_myeloid	0.2147173434495926	-1.0354719161987305	38039
GSE220243_broad	PNRC1	immune_myeloid	1.6601890325546265	-1.0398677587509155	38042
GSE220243_broad	MYLK	immune_myeloid	0.032967716455459595	-1.0504146814346313	38044
GSE220243_broad	NOTCH3	immune_myeloid	0.008808063343167305	-1.0609276294708252	38046
GSE220243_broad	CILP2	immune_myeloid	0.07655202597379684	-1.0613634586334229	38047
GSE220243_broad	MYH11	immune_myeloid	0.016214879229664803	-1.0683351755142212	38049
GSE220243_broad	ITM2C	immune_myeloid	0.11634869128465652	-1.069192886352539	38050
GSE220243_broad	NRN1	immune_myeloid	0.07283443212509155	-1.0711421966552734	38051
GSE220243_broad	TNXB	immune_myeloid	0.1225660890340805	-1.071281909942627	38052
GSE220243_broad	GAPDH	immune_myeloid	2.269270420074463	-1.086686611175537	38056
GSE220243_broad	EPS8	immune_myeloid	0.4865536391735077	-1.0885192155838013	38057
GSE220243_broad	IGFBP2	immune_myeloid	0.020500190556049347	-1.0992729663848877	38059
GSE220243_broad	CXCR4	immune_myeloid	0.6233621835708618	-1.1080228090286255	38060
GSE220243_broad	GIMAP7	immune_myeloid	0.29442286491394043	-1.1152757406234741	38064
GSE220243_broad	ECSCR	immune_myeloid	0.005096523556858301	-1.118889570236206	38067
GSE220243_broad	KCNE4	immune_myeloid	0.0217575803399086	-1.1366300582885742	38068
GSE220243_broad	ACKR1	immune_myeloid	0.004598262719810009	-1.1404211521148682	38069
GSE220243_broad	ACKR3	immune_myeloid	0.15015707910060883	-1.1432119607925415	38071
GSE220243_broad	PALMD	immune_myeloid	0.04858551174402237	-1.1468894481658936	38072
GSE220243_broad	CD69	immune_myeloid	0.05684545263648033	-1.1568186283111572	38074
GSE220243_broad	EPB41L4A-AS1	immune_myeloid	0.3099835515022278	-1.1656911373138428	38075
GSE220243_broad	SERPINA1	immune_myeloid	0.18120035529136658	-1.1697638034820557	38077
GSE220243_broad	SYNPO2	immune_myeloid	0.04959805682301521	-1.1755262613296509	38079
GSE220243_broad	CD34	immune_myeloid	0.0116566838696599	-1.177165150642395	38080
GSE220243_broad	NBL1	immune_myeloid	0.23666737973690033	-1.1786643266677856	38081
GSE220243_broad	CLEC14A	immune_myeloid	0.0033623843919485807	-1.1939058303833008	38084
GSE220243_broad	CIRBP	immune_myeloid	0.9899312853813171	-1.197268009185791	38085
GSE220243_broad	ADGRL4	immune_myeloid	0.0036009959876537323	-1.1973220109939575	38086
GSE220243_broad	ITGA6	immune_myeloid	0.10417896509170532	-1.205841302871704	38089
GSE220243_broad	OGN	immune_myeloid	0.19306312501430511	-1.2153360843658447	38092
GSE220243_broad	MXRA8	immune_myeloid	0.12015164643526077	-1.2244515419006348	38094
GSE220243_broad	DPT	immune_myeloid	0.14050188660621643	-1.2323989868164062	38095
GSE220243_broad	SLC9A3R2	immune_myeloid	0.1426844447851181	-1.232485294342041	38096
GSE220243_broad	NPDC1	immune_myeloid	0.13988080620765686	-1.2346575260162354	38097
GSE220243_broad	HSPG2	immune_myeloid	0.055208366364240646	-1.2351250648498535	38098
GSE220243_broad	EGFL7	immune_myeloid	0.14142385125160217	-1.2392215728759766	38099
GSE220243_broad	MTUS1	immune_myeloid	0.07793472707271576	-1.240174412727356	38100
GSE220243_broad	PMEPA1	immune_myeloid	0.3199249505996704	-1.242727279663086	38101
GSE220243_broad	KLF2	immune_myeloid	0.9137226343154907	-1.2458664178848267	38102
GSE220243_broad	YBX3	immune_myeloid	1.0119740962982178	-1.256194829940796	38104
GSE220243_broad	RGCC	immune_myeloid	1.0304056406021118	-1.264156460762024	38105
GSE220243_broad	CD81	immune_myeloid	1.4614334106445312	-1.266510009765625	38106
GSE220243_broad	CCL5	immune_myeloid	0.032483238726854324	-1.2764021158218384	38108
GSE220243_broad	SPRY1	immune_myeloid	0.022942211478948593	-1.2837742567062378	38110
GSE220243_broad	ERRFI1	immune_myeloid	0.2511347532272339	-1.2838935852050781	38111
GSE220243_broad	PPP1R14A	immune_myeloid	0.011299396865069866	-1.2893524169921875	38112
GSE220243_broad	CPE	immune_myeloid	0.014865154400467873	-1.29226815700531	38113
GSE220243_broad	MAP1B	immune_myeloid	0.028518537059426308	-1.294653296470642	38114
GSE220243_broad	SLC25A37	immune_myeloid	0.23450712859630585	-1.3002609014511108	38115
GSE220243_broad	CRIP2	immune_myeloid	0.4230234920978546	-1.3025636672973633	38116
GSE220243_broad	SOX18	immune_myeloid	0.007903511635959148	-1.303003191947937	38117
GSE220243_broad	TCF4	immune_myeloid	0.49341681599617004	-1.3094325065612793	38118
GSE220243_broad	SYNE2	immune_myeloid	0.018831519410014153	-1.3125202655792236	38119
GSE220243_broad	COL6A3	immune_myeloid	0.17170405387878418	-1.3382563591003418	38122
GSE220243_broad	PECAM1	immune_myeloid	0.4403126835823059	-1.342954397201538	38123
GSE220243_broad	ITM2A	immune_myeloid	0.031089860945940018	-1.3478730916976929	38124
GSE220243_broad	GALNT15	immune_myeloid	0.06504634022712708	-1.3480275869369507	38125
GSE220243_broad	IL7R	immune_myeloid	0.047255780547857285	-1.3490147590637207	38126
GSE220243_broad	MCAM	immune_myeloid	0.013680939562618732	-1.35157310962677	38128
GSE220243_broad	CEBPD	immune_myeloid	1.2689714431762695	-1.355041265487671	38129
GSE220243_broad	EMCN	immune_myeloid	0.00411627721041441	-1.3647961616516113	38130
GSE220243_broad	TIMP1	immune_myeloid	1.2231947183609009	-1.3705116510391235	38131
GSE220243_broad	IL32	immune_myeloid	0.02155943028628826	-1.371612787246704	38132
GSE220243_broad	COL18A1	immune_myeloid	0.03606892004609108	-1.3833985328674316	38133
GSE220243_broad	IFITM2	immune_myeloid	0.7809198498725891	-1.3886361122131348	38136
GSE220243_broad	SPTBN1	immune_myeloid	0.10439994931221008	-1.4024708271026611	38137
GSE220243_broad	SLC39A14	immune_myeloid	0.13287612795829773	-1.4105795621871948	38138
GSE220243_broad	TINAGL1	immune_myeloid	0.008488071151077747	-1.4180405139923096	38141
GSE220243_broad	NUPR1	immune_myeloid	0.8556302189826965	-1.4209539890289307	38142
GSE220243_broad	IGFBP5	immune_myeloid	0.1669090837240219	-1.4240736961364746	38143
GSE220243_broad	FSTL1	immune_myeloid	0.12152159959077835	-1.4257875680923462	38144
GSE220243_broad	CCDC80	immune_myeloid	0.23400993645191193	-1.4472540616989136	38146
GSE220243_broad	GLRX	immune_myeloid	0.8189790844917297	-1.4496283531188965	38147
GSE220243_broad	STEAP4	immune_myeloid	0.046891581267118454	-1.4496891498565674	38148
GSE220243_broad	SOD2	immune_myeloid	1.4285285472869873	-1.452383041381836	38149
GSE220243_broad	PLVAP	immune_myeloid	0.00542926462367177	-1.4554110765457153	38150
GSE220243_broad	CD52	immune_myeloid	0.09382133185863495	-1.4666837453842163	38151
GSE220243_broad	CALCRL	immune_myeloid	0.04756014421582222	-1.4774471521377563	38152
GSE220243_broad	PCOLCE	immune_myeloid	0.1556488275527954	-1.4845885038375854	38153
GSE220243_broad	CTGF	immune_myeloid	0.3014688491821289	-1.5010906457901	38155
GSE220243_broad	APOD	immune_myeloid	0.0613224022090435	-1.5586732625961304	38157
GSE220243_broad	ADAMTS1	immune_myeloid	0.06033409386873245	-1.59571373462677	38159
GSE220243_broad	COL1A1	immune_myeloid	0.17230665683746338	-1.6024621725082397	38160
GSE220243_broad	ID4	immune_myeloid	0.05527452006936073	-1.602779507637024	38161
GSE220243_broad	C1S	immune_myeloid	0.14696501195430756	-1.6162047386169434	38164
GSE220243_broad	C2ORF40	immune_myeloid	0.19324436783790588	-1.626634955406189	38165
GSE220243_broad	TPM1	immune_myeloid	0.38941895961761475	-1.6422830820083618	38166
GSE220243_broad	LDHA	immune_myeloid	1.1939226388931274	-1.677040934562683	38167
GSE220243_broad	CRYAB	immune_myeloid	0.2795872390270233	-1.6922428607940674	38168
GSE220243_broad	AQP1	immune_myeloid	0.21775853633880615	-1.6973179578781128	38169
GSE220243_broad	COL6A1	immune_myeloid	0.20732633769512177	-1.7296420335769653	38171
GSE220243_broad	RAMP2	immune_myeloid	0.03507057577371597	-1.7341127395629883	38172
GSE220243_broad	MFGE8	immune_myeloid	0.18894952535629272	-1.75123929977417	38173
GSE220243_broad	CHI3L1	immune_myeloid	0.1838250458240509	-1.7557437419891357	38174
GSE220243_broad	PRG4	immune_myeloid	0.4927605390548706	-1.76241934299469	38176
GSE220243_broad	MT1M	immune_myeloid	0.22562742233276367	-1.774747610092163	38178
GSE220243_broad	PLAC9	immune_myeloid	0.2340250015258789	-1.7771410942077637	38179
GSE220243_broad	CFH	immune_myeloid	0.22746092081069946	-1.792787790298462	38180
GSE220243_broad	IFI27	immune_myeloid	0.5094845294952393	-1.835209846496582	38181
GSE220243_broad	GSN	immune_myeloid	1.3503475189208984	-1.8408632278442383	38182
GSE220243_broad	SCRG1	immune_myeloid	0.2743333578109741	-1.8476165533065796	38183
GSE220243_broad	C1R	immune_myeloid	0.16033321619033813	-1.8840346336364746	38184
GSE220243_broad	FGFBP2	immune_myeloid	0.23474381864070892	-1.8946704864501953	38185
GSE220243_broad	COL3A1	immune_myeloid	0.48999226093292236	-1.9349147081375122	38186
GSE220243_broad	DDIT4	immune_myeloid	0.5737137198448181	-1.9700400829315186	38188
GSE220243_broad	MMP3	immune_myeloid	0.1092837005853653	-1.9760782718658447	38189
GSE220243_broad	NR2F2	immune_myeloid	0.03303646296262741	-2.0425384044647217	38190
GSE220243_broad	PCOLCE2	immune_myeloid	0.2522600591182709	-2.099142551422119	38192
GSE220243_broad	TM4SF1	immune_myeloid	0.0573132298886776	-2.1519827842712402	38193
GSE220243_broad	GNG11	immune_myeloid	0.31714707612991333	-2.1836249828338623	38194
GSE220243_broad	COL6A2	immune_myeloid	0.2443951964378357	-2.185884714126587	38195
GSE220243_broad	FMOD	immune_myeloid	0.34731540083885193	-2.266695976257324	38196
GSE220243_broad	ADIRF	immune_myeloid	0.5569502711296082	-2.327125310897827	38197
GSE220243_broad	COL1A2	immune_myeloid	0.39305827021598816	-2.3351516723632812	38198
GSE220243_broad	SOD3	immune_myeloid	0.25879937410354614	-2.341165781021118	38199
GSE220243_broad	PLA2G2A	immune_myeloid	0.3694988191127777	-2.3451879024505615	38200
GSE220243_broad	TPM2	immune_myeloid	0.11879286170005798	-2.365687608718872	38201
GSE220243_broad	CILP	immune_myeloid	0.4087586998939514	-2.415471315383911	38202
GSE220243_broad	BGN	immune_myeloid	0.3809593915939331	-2.4397268295288086	38203
GSE220243_broad	MT1E	immune_myeloid	0.3972303867340088	-2.517123222351074	38204
GSE220243_broad	MYL9	immune_myeloid	0.06757903844118118	-2.5391440391540527	38206
GSE220243_broad	C11ORF96	immune_myeloid	0.10963863134384155	-2.57083797454834	38207
GSE220243_broad	ACTA2	immune_myeloid	0.028668886050581932	-2.637610673904419	38208
GSE220243_broad	RGS5	immune_myeloid	0.02604668214917183	-2.7517518997192383	38210
GSE220243_broad	NDUFA4L2	immune_myeloid	0.40798553824424744	-2.779632091522217	38211
GSE220243_broad	CALD1	immune_myeloid	0.16795243322849274	-2.861732006072998	38212
GSE220243_broad	NNMT	immune_myeloid	0.4210106134414673	-2.919095039367676	38213
GSE220243_broad	GPX3	immune_myeloid	0.42310014367103577	-2.9956281185150146	38215
GSE220243_broad	PRELP	immune_myeloid	0.5041374564170837	-3.1311495304107666	38216
GSE220243_broad	COMP	immune_myeloid	1.0551258325576782	-3.613590717315674	38219
GSE220243_broad	IGFBP7	immune_myeloid	0.5313854217529297	-3.657957077026367	38220
GSE220243_broad	TAGLN	immune_myeloid	0.14464084804058075	-3.704927921295166	38221
GSE220243_broad	MT1X	immune_myeloid	0.703579306602478	-3.7239317893981934	38222
GSE220243_broad	DCN	immune_myeloid	1.291560173034668	-3.798989772796631	38223
GSE220243_broad	CLU	immune_myeloid	1.2816710472106934	-3.900242805480957	38224
GSE220243_broad	GLRX	inflammatory_like	2.2686073780059814	1.2233587503433228	1
GSE220243_broad	SOD2	inflammatory_like	2.8809115886688232	1.0815625190734863	2
GSE220243_broad	APOD	inflammatory_like	1.6199957132339478	0.9311442375183105	3
GSE220243_broad	MMP3	inflammatory_like	2.085361957550049	0.9282125234603882	4
GSE220243_broad	GPX3	inflammatory_like	3.4187283515930176	0.9185092449188232	5
GSE220243_broad	NUPR1	inflammatory_like	2.2765841484069824	0.679415225982666	6
GSE220243_broad	PNRC1	inflammatory_like	2.700056791305542	0.6532361507415771	7
GSE220243_broad	GALNT15	inflammatory_like	1.4130738973617554	0.5981496572494507	8
GSE220243_broad	TAF1D	inflammatory_like	1.4763188362121582	0.5915380716323853	9
GSE220243_broad	CHI3L1	inflammatory_like	1.9395687580108643	0.569072961807251	10
GSE220243_broad	DDIT4	inflammatory_like	2.5437538623809814	0.566034197807312	11
GSE220243_broad	SLPI	inflammatory_like	0.9796292781829834	0.5608513951301575	12
GSE220243_broad	MT1X	inflammatory_like	4.427511215209961	0.5115096569061279	13
GSE220243_broad	CEBPD	inflammatory_like	2.6240127086639404	0.4978923797607422	14
GSE220243_broad	ERRFI1	inflammatory_like	1.535028338432312	0.4893050193786621	15
GSE220243_broad	SNHG8	inflammatory_like	1.746039628982544	0.47115588188171387	16
GSE220243_broad	EPB41L4A-AS1	inflammatory_like	1.4756746292114258	0.4647972583770752	17
GSE220243_broad	RPS20	inflammatory_like	2.823911666870117	0.4541902542114258	18
GSE220243_broad	GABARAPL1	inflammatory_like	1.0403876304626465	0.44123387336730957	19
GSE220243_broad	HIST1H1C	inflammatory_like	0.8408263325691223	0.4317227900028229	20
GSE220243_broad	ELL2	inflammatory_like	0.8875253796577454	0.41318032145500183	21
GSE220243_broad	YBX3	inflammatory_like	2.2681689262390137	0.3949967622756958	22
GSE220243_broad	SLC25A37	inflammatory_like	1.534767985343933	0.37891173362731934	23
GSE220243_broad	DCXR	inflammatory_like	0.9552267789840698	0.3479159474372864	24
GSE220243_broad	RPL24	inflammatory_like	3.4268412590026855	0.3379189968109131	25
GSE220243_broad	UBE2B	inflammatory_like	1.4476001262664795	0.3341388702392578	26
GSE220243_broad	RHOBTB3	inflammatory_like	0.9769889712333679	0.33262550830841064	27
GSE220243_broad	IFITM2	inflammatory_like	2.169555902481079	0.33109188079833984	28
GSE220243_broad	ANP32B	inflammatory_like	1.3889293670654297	0.32785892486572266	29
GSE220243_broad	COX7C	inflammatory_like	2.0122311115264893	0.3225189447402954	30
GSE220243_broad	SNHG12	inflammatory_like	1.0838412046432495	0.3163357973098755	31
GSE220243_broad	SYF2	inflammatory_like	1.2868592739105225	0.3084625005722046	32
GSE220243_broad	EIF1	inflammatory_like	3.761302947998047	0.30440807342529297	33
GSE220243_broad	CCNB1IP1	inflammatory_like	0.9476186037063599	0.30291134119033813	34
GSE220243_broad	PHC2	inflammatory_like	0.6426052451133728	0.3017942011356354	35
GSE220243_broad	ZFAND5	inflammatory_like	1.343908429145813	0.29890143871307373	36
GSE220243_broad	TMOD1	inflammatory_like	0.5056591629981995	0.2907716631889343	37
GSE220243_broad	SLC39A14	inflammatory_like	1.543455719947815	0.2903019189834595	38
GSE220243_broad	CCDC59	inflammatory_like	0.8478662967681885	0.2902851700782776	39
GSE220243_broad	RPS11	inflammatory_like	2.9832820892333984	0.2853710651397705	40
GSE220243_broad	SERPINA3	inflammatory_like	0.4706680178642273	0.2812875509262085	41
GSE220243_broad	COPS2	inflammatory_like	0.8809456825256348	0.28109312057495117	42
GSE220243_broad	POLR1D	inflammatory_like	1.065513014793396	0.2799180746078491	43
GSE220243_broad	RSL24D1	inflammatory_like	1.4727587699890137	0.27533626556396484	44
GSE220243_broad	RBP4	inflammatory_like	0.9719609022140503	0.2687634825706482	45
GSE220243_broad	MXI1	inflammatory_like	0.8019353747367859	0.2683897018432617	46
GSE220243_broad	PRDX6	inflammatory_like	1.383301854133606	0.2679239511489868	47
GSE220243_broad	ACKR3	inflammatory_like	1.2933690547943115	0.2657812833786011	48
GSE220243_broad	RPLP0	inflammatory_like	2.859978675842285	0.2636446952819824	49
GSE220243_broad	BCL6	inflammatory_like	0.7674129605293274	0.2618969678878784	50
GSE220243_broad	CCNG2	inflammatory_like	0.5787965059280396	0.2603782117366791	51
GSE220243_broad	NNMT	inflammatory_like	3.3401055335998535	0.25902366638183594	52
GSE220243_broad	RNMT	inflammatory_like	0.7279946208000183	0.2540596127510071	53
GSE220243_broad	HMGB2	inflammatory_like	0.8448856472969055	0.25401270389556885	54
GSE220243_broad	PHF3	inflammatory_like	0.7562099099159241	0.25005042552948	55
GSE220243_broad	NPM1	inflammatory_like	2.4646084308624268	0.23811888694763184	56
GSE220243_broad	PTGES3	inflammatory_like	1.501879096031189	0.23412060737609863	57
GSE220243_broad	RPL22L1	inflammatory_like	0.974326491355896	0.23410075902938843	58
GSE220243_broad	CIRBP	inflammatory_like	2.187199354171753	0.23198962211608887	59
GSE220243_broad	RPL22	inflammatory_like	2.9628584384918213	0.23183155059814453	60
GSE220243_broad	HSPA2	inflammatory_like	0.5484132766723633	-0.2635481357574463	36446
GSE220243_broad	NRN1	inflammatory_like	0.8741294741630554	-0.2698470950126648	36503
GSE220243_broad	MT1M	inflammatory_like	1.6995948553085327	-0.30078017711639404	36727
GSE220243_broad	KCNMA1	inflammatory_like	0.6499871611595154	-0.30202096700668335	36738
GSE220243_broad	PPP1R3C	inflammatory_like	0.5051431655883789	-0.30206769704818726	36739
GSE220243_broad	ANK3	inflammatory_like	0.28361406922340393	-0.31635650992393494	36823
GSE220243_broad	FRZB	inflammatory_like	0.6114276051521301	-0.32225173711776733	36860
GSE220243_broad	MT1E	inflammatory_like	2.5890121459960938	-0.32534146308898926	36878
GSE220243_broad	ITGB8	inflammatory_like	0.14935745298862457	-0.3291122317314148	36899
GSE220243_broad	WWP2	inflammatory_like	0.426113098859787	-0.33157387375831604	36909
GSE220243_broad	VEGFB	inflammatory_like	0.4274415671825409	-0.3354629576206207	36932
GSE220243_broad	PLP2	inflammatory_like	0.8918510675430298	-0.3413470983505249	36955
GSE220243_broad	CREB5	inflammatory_like	0.3366190195083618	-0.34720945358276367	36984
GSE220243_broad	HAPLN1	inflammatory_like	0.15129637718200684	-0.34990453720092773	36994
GSE220243_broad	LDHA	inflammatory_like	2.518543004989624	-0.3524205684661865	37007
GSE220243_broad	CLEC3A	inflammatory_like	0.005322598852217197	-0.3527284264564514	37008
GSE220243_broad	PTGDS	inflammatory_like	0.09499578177928925	-0.35313689708709717	37013
GSE220243_broad	PDGFRA	inflammatory_like	0.44637852907180786	-0.3544226288795471	37019
GSE220243_broad	MIA	inflammatory_like	0.06015254184603691	-0.3651907444000244	37072
GSE220243_broad	TPI1	inflammatory_like	1.5152969360351562	-0.3653841018676758	37073
GSE220243_broad	ITGA10	inflammatory_like	0.41372939944267273	-0.369338721036911	37094
GSE220243_broad	LAG3	inflammatory_like	0.23431801795959473	-0.3775178790092468	37132
GSE220243_broad	CTSG	inflammatory_like	0.0005277715972624719	-0.3782453238964081	37136
GSE220243_broad	SBSPON	inflammatory_like	0.03796390816569328	-0.3786567151546478	37140
GSE220243_broad	MT1G	inflammatory_like	0.25272414088249207	-0.37879088521003723	37141
GSE220243_broad	ID2	inflammatory_like	1.5249615907669067	-0.3798569440841675	37144
GSE220243_broad	TUBA4A	inflammatory_like	0.2183293253183365	-0.38907867670059204	37174
GSE220243_broad	PPIB	inflammatory_like	1.4257889986038208	-0.3894463777542114	37175
GSE220243_broad	SEMA3C	inflammatory_like	0.13618700206279755	-0.39191025495529175	37179
GSE220243_broad	MFAP5	inflammatory_like	0.12283321470022202	-0.3931902348995209	37188
GSE220243_broad	FBXO2	inflammatory_like	0.5759814977645874	-0.394584596157074	37195
GSE220243_broad	TNFRSF11B	inflammatory_like	0.6668431162834167	-0.39631015062332153	37202
GSE220243_broad	VEGFA	inflammatory_like	0.8920236229896545	-0.40147167444229126	37210
GSE220243_broad	CTSW	inflammatory_like	0.002671839203685522	-0.4114841818809509	37238
GSE220243_broad	SMIM14	inflammatory_like	0.4956597089767456	-0.4144362807273865	37246
GSE220243_broad	SDC2	inflammatory_like	0.7216331958770752	-0.41790592670440674	37256
GSE220243_broad	SFRP2	inflammatory_like	0.15366385877132416	-0.42149674892425537	37269
GSE220243_broad	IL2RG	inflammatory_like	0.0018976732390001416	-0.42440375685691833	37279
GSE220243_broad	PAPSS2	inflammatory_like	0.1905478835105896	-0.43857210874557495	37307
GSE220243_broad	CTSF	inflammatory_like	0.34859904646873474	-0.4404139816761017	37313
GSE220243_broad	ACAP1	inflammatory_like	0.05856923758983612	-0.44797998666763306	37337
GSE220243_broad	PGAM1	inflammatory_like	0.6501063108444214	-0.4483027458190918	37338
GSE220243_broad	MS4A2	inflammatory_like	0.0003150498087052256	-0.4540248513221741	37349
GSE220243_broad	CRISPLD1	inflammatory_like	0.08901576697826385	-0.45722442865371704	37354
GSE220243_broad	SYTL3	inflammatory_like	0.012287667021155357	-0.46068355441093445	37366
GSE220243_broad	MFAP4	inflammatory_like	0.13441281020641327	-0.46119147539138794	37367
GSE220243_broad	C1QTNF3	inflammatory_like	0.019610170274972916	-0.4641514718532562	37374
GSE220243_broad	UBA2	inflammatory_like	0.3176001012325287	-0.46671393513679504	37377
GSE220243_broad	SPOCK2	inflammatory_like	0.005497502628713846	-0.4715728461742401	37394
GSE220243_broad	BASP1	inflammatory_like	0.23854513466358185	-0.4765967130661011	37404
GSE220243_broad	STK17A	inflammatory_like	0.21307216584682465	-0.48213744163513184	37419
GSE220243_broad	CHAD	inflammatory_like	0.250669926404953	-0.4848767817020416	37424
GSE220243_broad	ADRA2A	inflammatory_like	0.019074352458119392	-0.48689475655555725	37431
GSE220243_broad	SFRP1	inflammatory_like	0.4154752790927887	-0.491168349981308	37443
GSE220243_broad	ITGA4	inflammatory_like	0.0019528736593201756	-0.5003194212913513	37463
GSE220243_broad	SLC7A2	inflammatory_like	0.3039875030517578	-0.5013078451156616	37465
GSE220243_broad	FXYD6	inflammatory_like	0.24450303614139557	-0.5030601024627686	37468
GSE220243_broad	IGF1	inflammatory_like	0.3340388834476471	-0.5075514316558838	37477
GSE220243_broad	ENO1	inflammatory_like	1.6070342063903809	-0.5183451175689697	37494
GSE220243_broad	PGK1	inflammatory_like	1.2976731061935425	-0.520693302154541	37497
GSE220243_broad	PLA2G2A	inflammatory_like	2.1918463706970215	-0.5228402614593506	37501
GSE220243_broad	BCL11B	inflammatory_like	0.0004597748920787126	-0.5238917469978333	37504
GSE220243_broad	MRVI1	inflammatory_like	0.0027995575219392776	-0.5269349217414856	37512
GSE220243_broad	CCDC102B	inflammatory_like	0.013920068740844727	-0.5288369655609131	37515
GSE220243_broad	COL2A1	inflammatory_like	0.035456474870443344	-0.5319566130638123	37522
GSE220243_broad	FBN1	inflammatory_like	0.29319024085998535	-0.5321457386016846	37524
GSE220243_broad	FIBIN	inflammatory_like	0.3751011788845062	-0.5323594808578491	37526
GSE220243_broad	CARMN	inflammatory_like	0.006527832709252834	-0.5424642562866211	37549
GSE220243_broad	EML4	inflammatory_like	0.05066714808344841	-0.5445917844772339	37553
GSE220243_broad	THBS4	inflammatory_like	0.4264466464519501	-0.5466475486755371	37558
GSE220243_broad	SCARA5	inflammatory_like	0.17655356228351593	-0.5496987104415894	37561
GSE220243_broad	NR4A1	inflammatory_like	0.7280396819114685	-0.5498306155204773	37562
GSE220243_broad	KCNJ8	inflammatory_like	0.018592802807688713	-0.5639283061027527	37591
GSE220243_broad	CNN1	inflammatory_like	0.014679196290671825	-0.5716658234596252	37602
GSE220243_broad	FHL5	inflammatory_like	0.00525857275351882	-0.5727682113647461	37607
GSE220243_broad	MRC2	inflammatory_like	0.18304014205932617	-0.5758520364761353	37612
GSE220243_broad	PLOD2	inflammatory_like	0.5493102669715881	-0.5761614441871643	37614
GSE220243_broad	SLCO2A1	inflammatory_like	0.0045855543576180935	-0.5780797004699707	37617
GSE220243_broad	FHL2	inflammatory_like	0.09344054758548737	-0.5808233618736267	37624
GSE220243_broad	ATF3	inflammatory_like	0.9463496208190918	-0.5833770036697388	37625
GSE220243_broad	SOX17	inflammatory_like	0.004417736548930407	-0.5834880471229553	37627
GSE220243_broad	NEXN	inflammatory_like	0.059320636093616486	-0.5869343280792236	37630
GSE220243_broad	ACAN	inflammatory_like	0.2934725880622864	-0.5893994569778442	37633
GSE220243_broad	CPQ	inflammatory_like	0.22303135693073273	-0.5905538201332092	37634
GSE220243_broad	GPR65	inflammatory_like	0.0007459864718839526	-0.5917225480079651	37635
GSE220243_broad	EPB41L2	inflammatory_like	0.4089905321598053	-0.5965548753738403	37643
GSE220243_broad	GUCY1A1	inflammatory_like	0.011845468543469906	-0.5979171395301819	37645
GSE220243_broad	LTBP2	inflammatory_like	0.31566551327705383	-0.5988155603408813	37646
GSE220243_broad	LIMA1	inflammatory_like	0.5507984161376953	-0.5989304780960083	37647
GSE220243_broad	HPGD	inflammatory_like	0.011860460042953491	-0.6008493900299072	37648
GSE220243_broad	NKG7	inflammatory_like	0.00011418322537792847	-0.604972779750824	37654
GSE220243_broad	CFH	inflammatory_like	1.4145690202713013	-0.6056796312332153	37655
GSE220243_broad	ABCC9	inflammatory_like	0.06795304268598557	-0.6087440848350525	37658
GSE220243_broad	TRBC1	inflammatory_like	0.000523676979355514	-0.6139417886734009	37668
GSE220243_broad	SERPINF1	inflammatory_like	0.5916205048561096	-0.619008481502533	37674
GSE220243_broad	PPP2R5C	inflammatory_like	0.19989395141601562	-0.6235408782958984	37678
GSE220243_broad	LGI4	inflammatory_like	0.026452302932739258	-0.625617504119873	37680
GSE220243_broad	CD3G	inflammatory_like	0.0002579708816483617	-0.6261107325553894	37681
GSE220243_broad	MMRN2	inflammatory_like	0.010023375041782856	-0.6344528198242188	37689
GSE220243_broad	RHOH	inflammatory_like	0.0002542869478929788	-0.6387203931808472	37693
GSE220243_broad	PDGFRL	inflammatory_like	0.23488308489322662	-0.6440069675445557	37701
GSE220243_broad	IKZF1	inflammatory_like	0.00112645432818681	-0.6508156657218933	37708
GSE220243_broad	GZMK	inflammatory_like	0.00043678731890395284	-0.6539410352706909	37710
GSE220243_broad	BIRC3	inflammatory_like	0.054727550595998764	-0.6558718681335449	37713
GSE220243_broad	CDC42SE2	inflammatory_like	0.06719004362821579	-0.6609138250350952	37715
GSE220243_broad	JAM2	inflammatory_like	0.04736049845814705	-0.662563145160675	37721
GSE220243_broad	CST7	inflammatory_like	0.0004001932393293828	-0.6654101014137268	37727
GSE220243_broad	GZMA	inflammatory_like	8.96653436939232e-05	-0.666239857673645	37729
GSE220243_broad	MYCT1	inflammatory_like	0.0020507737062871456	-0.6798182129859924	37739
GSE220243_broad	TPSB2	inflammatory_like	0.001221975195221603	-0.6798471212387085	37740
GSE220243_broad	KLRB1	inflammatory_like	0.0003571976558305323	-0.6808173060417175	37742
GSE220243_broad	TGFB1I1	inflammatory_like	0.21094375848770142	-0.6826413869857788	37747
GSE220243_broad	GGT5	inflammatory_like	0.11523527652025223	-0.683142364025116	37748
GSE220243_broad	DCN	inflammatory_like	4.4071831703186035	-0.6833667755126953	37749
GSE220243_broad	ITGBL1	inflammatory_like	0.15924032032489777	-0.691051721572876	37758
GSE220243_broad	SARAF	inflammatory_like	0.8045796751976013	-0.6933853030204773	37759
GSE220243_broad	SCX	inflammatory_like	0.18984557688236237	-0.6937362551689148	37760
GSE220243_broad	CD3E	inflammatory_like	0.000556949176825583	-0.696079432964325	37761
GSE220243_broad	RPL28	inflammatory_like	3.0886194705963135	-0.6984927654266357	37762
GSE220243_broad	CD63	inflammatory_like	2.245816707611084	-0.7052772045135498	37769
GSE220243_broad	LEPROTL1	inflammatory_like	0.0737348422408104	-0.7087084650993347	37772
GSE220243_broad	PLAT	inflammatory_like	0.016418499872088432	-0.7092267870903015	37774
GSE220243_broad	LTB	inflammatory_like	0.0034260968677699566	-0.7117214202880859	37777
GSE220243_broad	CYP1B1	inflammatory_like	0.5318757891654968	-0.7117787003517151	37778
GSE220243_broad	SSPN	inflammatory_like	0.3809646666049957	-0.7215288877487183	37784
GSE220243_broad	CYYR1	inflammatory_like	0.001552237314172089	-0.7236527800559998	37786
GSE220243_broad	PLN	inflammatory_like	0.01225330401211977	-0.7267816662788391	37787
GSE220243_broad	PTPRB	inflammatory_like	0.0019398108124732971	-0.7268974184989929	37788
GSE220243_broad	COX4I2	inflammatory_like	0.0020549476612359285	-0.7274264693260193	37790
GSE220243_broad	VCAN	inflammatory_like	0.7288214564323425	-0.7277447581291199	37791
GSE220243_broad	RUNX3	inflammatory_like	0.00304739479906857	-0.7320886850357056	37794
GSE220243_broad	RGCC	inflammatory_like	1.55408775806427	-0.7404743432998657	37803
GSE220243_broad	CPA3	inflammatory_like	0.0009078401490114629	-0.7409327030181885	37804
GSE220243_broad	TM4SF18	inflammatory_like	0.001330516068264842	-0.7412398457527161	37805
GSE220243_broad	TSPAN7	inflammatory_like	0.017760243266820908	-0.7423166632652283	37807
GSE220243_broad	SUB1	inflammatory_like	0.5862978100776672	-0.742543637752533	37808
GSE220243_broad	PDE5A	inflammatory_like	0.03196432814002037	-0.7492601275444031	37813
GSE220243_broad	MYO1B	inflammatory_like	0.08648446202278137	-0.7497586011886597	37814
GSE220243_broad	CHI3L2	inflammatory_like	0.6274341940879822	-0.7535161375999451	37815
GSE220243_broad	RPS29	inflammatory_like	2.5822112560272217	-0.7572343349456787	37820
GSE220243_broad	CTSK	inflammatory_like	0.2946137487888336	-0.7582470178604126	37822
GSE220243_broad	SERPINA1	inflammatory_like	0.5878533124923706	-0.763110876083374	37825
GSE220243_broad	RDX	inflammatory_like	0.34271278977394104	-0.7652390003204346	37827
GSE220243_broad	WISP2	inflammatory_like	0.30002203583717346	-0.7736334800720215	37832
GSE220243_broad	PALLD	inflammatory_like	0.27419576048851013	-0.7747272253036499	37833
GSE220243_broad	MMP2	inflammatory_like	0.47047001123428345	-0.7797192931175232	37835
GSE220243_broad	CDH5	inflammatory_like	0.0024959545116871595	-0.7846493721008301	37842
GSE220243_broad	RAB11A	inflammatory_like	0.23324333131313324	-0.7865068912506104	37845
GSE220243_broad	EFEMP1	inflammatory_like	0.3135066628456116	-0.7909511923789978	37847
GSE220243_broad	GAPDH	inflammatory_like	2.56261944770813	-0.7933375835418701	37850
GSE220243_broad	CAVIN2	inflammatory_like	0.02465873956680298	-0.7935235500335693	37851
GSE220243_broad	NEDD9	inflammatory_like	0.052766863256692886	-0.7959040999412537	37855
GSE220243_broad	CCL14	inflammatory_like	0.0022345709148794413	-0.7967750430107117	37856
GSE220243_broad	LMCD1	inflammatory_like	0.21423102915287018	-0.7976926565170288	37857
GSE220243_broad	RRAD	inflammatory_like	0.15754036605358124	-0.7990564703941345	37859
GSE220243_broad	ISLR	inflammatory_like	0.2804042398929596	-0.8037165403366089	37862
GSE220243_broad	PCOLCE2	inflammatory_like	1.538834810256958	-0.8125677108764648	37869
GSE220243_broad	PPIC	inflammatory_like	0.2099016159772873	-0.8207672238349915	37876
GSE220243_broad	PODXL	inflammatory_like	0.0057707191444933414	-0.8218882083892822	37878
GSE220243_broad	TPSAB1	inflammatory_like	0.00041494949255138636	-0.8257734179496765	37882
GSE220243_broad	ITM2C	inflammatory_like	0.3556020259857178	-0.829939603805542	37885
GSE220243_broad	GIMAP1	inflammatory_like	0.004878439009189606	-0.8325792551040649	37887
GSE220243_broad	MFGE8	inflammatory_like	1.1075786352157593	-0.8326102495193481	37888
GSE220243_broad	MXRA8	inflammatory_like	0.5115525126457214	-0.8330506682395935	37890
GSE220243_broad	DUSP2	inflammatory_like	0.07270202040672302	-0.8338427543640137	37891
GSE220243_broad	RAC2	inflammatory_like	0.0007951316074468195	-0.8361737132072449	37893
GSE220243_broad	CYTIP	inflammatory_like	0.002014046534895897	-0.8364772200584412	37894
GSE220243_broad	TRAC	inflammatory_like	0.0039983787573874	-0.8400587439537048	37896
GSE220243_broad	FPR3	inflammatory_like	0.00048209968372248113	-0.8404082655906677	37897
GSE220243_broad	MGST2	inflammatory_like	0.11371888965368271	-0.8540968298912048	37904
GSE220243_broad	HYAL2	inflammatory_like	0.038540780544281006	-0.8671561479568481	37909
GSE220243_broad	CILP2	inflammatory_like	0.27033528685569763	-0.8675801753997803	37910
GSE220243_broad	IGFBP5	inflammatory_like	0.7232363224029541	-0.8677464723587036	37911
GSE220243_broad	SOD3	inflammatory_like	1.7315952777862549	-0.8683698177337646	37913
GSE220243_broad	TRBC2	inflammatory_like	0.00030468686600215733	-0.8684478402137756	37914
GSE220243_broad	PCAT19	inflammatory_like	0.005424278788268566	-0.8705729842185974	37916
GSE220243_broad	PMEPA1	inflammatory_like	0.6804887652397156	-0.8821634650230408	37920
GSE220243_broad	C1S	inflammatory_like	0.8744338154792786	-0.8887359499931335	37923
GSE220243_broad	CD3D	inflammatory_like	0.0004629863833542913	-0.8925440311431885	37926
GSE220243_broad	CLDN5	inflammatory_like	0.0944238230586052	-0.8953089118003845	37930
GSE220243_broad	VWF	inflammatory_like	0.0025701532140374184	-0.9093966484069824	37936
GSE220243_broad	PKM	inflammatory_like	0.8044005632400513	-0.9125924110412598	37939
GSE220243_broad	RBPJ	inflammatory_like	0.6967392563819885	-0.9142952561378479	37941
GSE220243_broad	CRYAB	inflammatory_like	1.0557528734207153	-0.9160772562026978	37943
GSE220243_broad	EZR	inflammatory_like	0.4219878017902374	-0.9208939075469971	37945
GSE220243_broad	C2ORF40	inflammatory_like	0.8834734559059143	-0.9364058375358582	37952
GSE220243_broad	CXCL2	inflammatory_like	0.08763166517019272	-0.9390479922294617	37953
GSE220243_broad	FCGR2B	inflammatory_like	0.0008008690201677382	-0.9482041597366333	37956
GSE220243_broad	FAM107B	inflammatory_like	0.16743309795856476	-0.9502051472663879	37958
GSE220243_broad	TNXB	inflammatory_like	0.23339849710464478	-0.9604495167732239	37964
GSE220243_broad	RAMP3	inflammatory_like	0.0025197642389684916	-0.9608241319656372	37965
GSE220243_broad	ARL4C	inflammatory_like	0.0751836970448494	-0.962121307849884	37967
GSE220243_broad	LMOD1	inflammatory_like	0.043770335614681244	-0.9654924869537354	37970
GSE220243_broad	SAMSN1	inflammatory_like	0.0007683702860958874	-0.9658966660499573	37971
GSE220243_broad	PLEK	inflammatory_like	0.0005556807154789567	-0.9761454463005066	37976
GSE220243_broad	FSTL1	inflammatory_like	0.5696966648101807	-0.9776124954223633	37977
GSE220243_broad	STK4	inflammatory_like	0.11907567828893661	-0.9810150861740112	37978
GSE220243_broad	HES4	inflammatory_like	0.020658358931541443	-0.9818062782287598	37980
GSE220243_broad	FLT1	inflammatory_like	0.07529088109731674	-0.9822757840156555	37981
GSE220243_broad	KCNE4	inflammatory_like	0.17283886671066284	-0.9855487942695618	37983
GSE220243_broad	CPVL	inflammatory_like	0.010943778790533543	-0.9961448907852173	37987
GSE220243_broad	PALMD	inflammatory_like	0.1958344727754593	-0.9996405243873596	37989
GSE220243_broad	NBL1	inflammatory_like	0.4133256673812866	-1.0020060539245605	37990
GSE220243_broad	FKBP1A	inflammatory_like	0.32072800397872925	-1.0114529132843018	37994
GSE220243_broad	GJA4	inflammatory_like	0.005082712508738041	-1.011873722076416	37995
GSE220243_broad	STK17B	inflammatory_like	0.08411690592765808	-1.0143485069274902	37997
GSE220243_broad	C1R	inflammatory_like	1.0266445875167847	-1.0177232027053833	37998
GSE220243_broad	ELK3	inflammatory_like	0.16953061521053314	-1.0179800987243652	37999
GSE220243_broad	CD2	inflammatory_like	0.0005269754910841584	-1.0267179012298584	38003
GSE220243_broad	PPP1R12A	inflammatory_like	0.31775328516960144	-1.0269474983215332	38004
GSE220243_broad	PRG4	inflammatory_like	1.2224013805389404	-1.0327785015106201	38006
GSE220243_broad	MYLK	inflammatory_like	0.04870692268013954	-1.0346754789352417	38007
GSE220243_broad	CCL3	inflammatory_like	0.002343175234273076	-1.0365574359893799	38008
GSE220243_broad	LPP	inflammatory_like	0.41554972529411316	-1.0375133752822876	38009
GSE220243_broad	MTUS1	inflammatory_like	0.2799142599105835	-1.0381948947906494	38010
GSE220243_broad	NDUFA4L2	inflammatory_like	2.1479437351226807	-1.0396738052368164	38011
GSE220243_broad	SPI1	inflammatory_like	0.006380950100719929	-1.0440565347671509	38012
GSE220243_broad	CD48	inflammatory_like	0.0008935726946219802	-1.045798897743225	38013
GSE220243_broad	GSN	inflammatory_like	2.143458843231201	-1.0477519035339355	38014
GSE220243_broad	IFI30	inflammatory_like	0.07476018369197845	-1.0490976572036743	38015
GSE220243_broad	CXCL3	inflammatory_like	0.02095366083085537	-1.0543566942214966	38017
GSE220243_broad	EPS8	inflammatory_like	0.5194845795631409	-1.0555882453918457	38018
GSE220243_broad	MYH11	inflammatory_like	0.025520216673612595	-1.0590298175811768	38019
GSE220243_broad	SPTBN1	inflammatory_like	0.44582581520080566	-1.0610449314117432	38020
GSE220243_broad	NOTCH3	inflammatory_like	0.008172971196472645	-1.0615626573562622	38021
GSE220243_broad	CSF1R	inflammatory_like	0.00016165054694283754	-1.0669078826904297	38023
GSE220243_broad	COL6A3	inflammatory_like	0.4419820010662079	-1.0679783821105957	38025
GSE220243_broad	LILRB5	inflammatory_like	0.0004132057656534016	-1.0702258348464966	38026
GSE220243_broad	MAF	inflammatory_like	0.29392942786216736	-1.0718612670898438	38029
GSE220243_broad	F13A1	inflammatory_like	0.021298184990882874	-1.0719801187515259	38030
GSE220243_broad	CSRP1	inflammatory_like	0.30184775590896606	-1.0726444721221924	38031
GSE220243_broad	APOE	inflammatory_like	0.24137374758720398	-1.0826749801635742	38037
GSE220243_broad	IGFBP2	inflammatory_like	0.027363602072000504	-1.0924094915390015	38039
GSE220243_broad	CREM	inflammatory_like	0.19428502023220062	-1.0968419313430786	38042
GSE220243_broad	ARHGAP18	inflammatory_like	0.027348767966032028	-1.1044230461120605	38044
GSE220243_broad	TIMP1	inflammatory_like	1.482952356338501	-1.1107540130615234	38047
GSE220243_broad	MSR1	inflammatory_like	0.0008110459893941879	-1.1163115501403809	38049
GSE220243_broad	SYNE2	inflammatory_like	0.21386653184890747	-1.1174852848052979	38050
GSE220243_broad	ECSCR	inflammatory_like	0.0055079106241464615	-1.1184781789779663	38051
GSE220243_broad	CD34	inflammatory_like	0.06136558949947357	-1.1274561882019043	38055
GSE220243_broad	ACKR1	inflammatory_like	0.011582601815462112	-1.1334367990493774	38056
GSE220243_broad	CD93	inflammatory_like	0.0035492887254804373	-1.1502537727355957	38060
GSE220243_broad	DPT	inflammatory_like	0.2177620530128479	-1.1551387310028076	38062
GSE220243_broad	HSPG2	inflammatory_like	0.13512706756591797	-1.155206322669983	38063
GSE220243_broad	OGN	inflammatory_like	0.24750904738903046	-1.1608902215957642	38064
GSE220243_broad	MAP1B	inflammatory_like	0.1614886224269867	-1.161683201789856	38065
GSE220243_broad	SPRY1	inflammatory_like	0.1388077437877655	-1.1679086685180664	38068
GSE220243_broad	MAFB	inflammatory_like	0.8111023306846619	-1.1725292205810547	38070
GSE220243_broad	CD81	inflammatory_like	1.5546963214874268	-1.1732470989227295	38071
GSE220243_broad	SYNPO2	inflammatory_like	0.03954004868865013	-1.185584306716919	38073
GSE220243_broad	FTH1	inflammatory_like	3.500084400177002	-1.1896634101867676	38074
GSE220243_broad	CLEC14A	inflammatory_like	0.004513908643275499	-1.1927543878555298	38075
GSE220243_broad	STAB1	inflammatory_like	0.0024139436427503824	-1.1965961456298828	38077
GSE220243_broad	ADGRL4	inflammatory_like	0.003211857518181205	-1.1977111101150513	38078
GSE220243_broad	ID4	inflammatory_like	0.45837274193763733	-1.199681282043457	38079
GSE220243_broad	ITM2A	inflammatory_like	0.1748124361038208	-1.2041505575180054	38080
GSE220243_broad	CD69	inflammatory_like	0.0011011456372216344	-1.212562918663025	38082
GSE220243_broad	NPDC1	inflammatory_like	0.1613505482673645	-1.2131876945495605	38083
GSE220243_broad	FCGR2A	inflammatory_like	0.007159078493714333	-1.2133307456970215	38084
GSE220243_broad	PRELP	inflammatory_like	2.3964011669158936	-1.2388858795166016	38090
GSE220243_broad	CCDC80	inflammatory_like	0.43433529138565063	-1.2469286918640137	38093
GSE220243_broad	CPE	inflammatory_like	0.05015947297215462	-1.2569738626480103	38096
GSE220243_broad	FTL	inflammatory_like	4.041774749755859	-1.2694182395935059	38098
GSE220243_broad	COMP	inflammatory_like	3.39454984664917	-1.2741665840148926	38099
GSE220243_broad	ITGA6	inflammatory_like	0.03265564143657684	-1.277364730834961	38101
GSE220243_broad	PPP1R14A	inflammatory_like	0.01979583501815796	-1.2808558940887451	38102
GSE220243_broad	TCF4	inflammatory_like	0.5149167776107788	-1.2879325151443481	38104
GSE220243_broad	ADAMTS1	inflammatory_like	0.36769694089889526	-1.2883508205413818	38105
GSE220243_broad	HLA-E	inflammatory_like	1.4016906023025513	-1.289556622505188	38106
GSE220243_broad	LGMN	inflammatory_like	0.19206736981868744	-1.3007628917694092	38108
GSE220243_broad	CCL5	inflammatory_like	0.001740484731271863	-1.3071448802947998	38111
GSE220243_broad	SOX18	inflammatory_like	0.001910943421535194	-1.3089957237243652	38112
GSE220243_broad	SLC9A3R2	inflammatory_like	0.06033601611852646	-1.3148337602615356	38113
GSE220243_broad	FGFBP2	inflammatory_like	0.8122295141220093	-1.3171848058700562	38115
GSE220243_broad	COL6A1	inflammatory_like	0.6060876846313477	-1.3308806419372559	38116
GSE220243_broad	PLAC9	inflammatory_like	0.6763896346092224	-1.3347764015197754	38119
GSE220243_broad	COL18A1	inflammatory_like	0.08452402055263519	-1.334943413734436	38120
GSE220243_broad	MRC1	inflammatory_like	0.0013973847962915897	-1.3390339612960815	38122
GSE220243_broad	IL32	inflammatory_like	0.05068758875131607	-1.342484712600708	38123
GSE220243_broad	MCAM	inflammatory_like	0.012691940180957317	-1.3525620698928833	38124
GSE220243_broad	CLU	inflammatory_like	3.8266797065734863	-1.355234146118164	38125
GSE220243_broad	EMCN	inflammatory_like	0.003325948491692543	-1.365586519241333	38126
GSE220243_broad	MS4A7	inflammatory_like	0.0008283390197902918	-1.367429494857788	38127
GSE220243_broad	CD68	inflammatory_like	0.34065109491348267	-1.368598222732544	38128
GSE220243_broad	EGFL7	inflammatory_like	0.0086827976629138	-1.371962547302246	38129
GSE220243_broad	STEAP4	inflammatory_like	0.11614373326301575	-1.3804370164871216	38131
GSE220243_broad	CD163	inflammatory_like	0.002471216255798936	-1.3877763748168945	38132
GSE220243_broad	IL7R	inflammatory_like	0.00259266491048038	-1.393677830696106	38133
GSE220243_broad	LYVE1	inflammatory_like	0.009870799258351326	-1.4032948017120361	38136
GSE220243_broad	GIMAP7	inflammatory_like	0.005966880824416876	-1.4037317037582397	38138
GSE220243_broad	VSIG4	inflammatory_like	0.0014763213694095612	-1.411632776260376	38139
GSE220243_broad	CTGF	inflammatory_like	0.3875953257083893	-1.414964199066162	38141
GSE220243_broad	TINAGL1	inflammatory_like	0.009015698917210102	-1.4175128936767578	38142
GSE220243_broad	PCOLCE	inflammatory_like	0.21125905215740204	-1.4289783239364624	38143
GSE220243_broad	KLF2	inflammatory_like	0.724216103553772	-1.4353729486465454	38144
GSE220243_broad	CD14	inflammatory_like	0.20257751643657684	-1.4440639019012451	38145
GSE220243_broad	GRN	inflammatory_like	0.16640545427799225	-1.4507296085357666	38147
GSE220243_broad	HLA-DMA	inflammatory_like	0.029397111386060715	-1.4563947916030884	38149
GSE220243_broad	PLVAP	inflammatory_like	0.004221756476908922	-1.4566185474395752	38150
GSE220243_broad	FILIP1L	inflammatory_like	0.15591388940811157	-1.4628167152404785	38151
GSE220243_broad	CALCRL	inflammatory_like	0.05588367208838463	-1.4691236019134521	38152
GSE220243_broad	ADIRF	inflammatory_like	1.4072529077529907	-1.4768227338790894	38153
GSE220243_broad	VAMP8	inflammatory_like	0.032522570341825485	-1.4871374368667603	38154
GSE220243_broad	CRIP2	inflammatory_like	0.22899937629699707	-1.4965877532958984	38155
GSE220243_broad	COL6A2	inflammatory_like	0.9199132919311523	-1.510366678237915	38156
GSE220243_broad	RAMP2	inflammatory_like	0.22350531816482544	-1.545677900314331	38158
GSE220243_broad	COL1A1	inflammatory_like	0.22643978893756866	-1.5483289957046509	38159
GSE220243_broad	CD52	inflammatory_like	0.0009121735347434878	-1.559592843055725	38160
GSE220243_broad	BGN	inflammatory_like	1.2357834577560425	-1.5849028825759888	38161
GSE220243_broad	TGFBI	inflammatory_like	0.08035299926996231	-1.5945550203323364	38162
GSE220243_broad	CXCL8	inflammatory_like	0.010452683083713055	-1.620002031326294	38164
GSE220243_broad	FOLR2	inflammatory_like	0.0007976791239343584	-1.6357660293579102	38167
GSE220243_broad	SCRG1	inflammatory_like	0.4850400686264038	-1.63690984249115	38168
GSE220243_broad	MARCO	inflammatory_like	0.0008178073330782354	-1.6563869714736938	38169
GSE220243_broad	FMOD	inflammatory_like	0.9254579544067383	-1.6885533332824707	38171
GSE220243_broad	TPM1	inflammatory_like	0.3357965052127838	-1.6959055662155151	38172
GSE220243_broad	HLA-DQB1	inflammatory_like	0.02163246087729931	-1.712108850479126	38173
GSE220243_broad	CXCR4	inflammatory_like	0.009490680880844593	-1.7218942642211914	38174
GSE220243_broad	HLA-DQA1	inflammatory_like	0.0010827835649251938	-1.7247140407562256	38175
GSE220243_broad	CYBB	inflammatory_like	0.0007801827741786838	-1.7305821180343628	38176
GSE220243_broad	C11ORF96	inflammatory_like	0.9255709648132324	-1.7549057006835938	38178
GSE220243_broad	PECAM1	inflammatory_like	0.00788851734250784	-1.7753784656524658	38179
GSE220243_broad	LYZ	inflammatory_like	0.0022943364456295967	-1.7986180782318115	38181
GSE220243_broad	SELENOP	inflammatory_like	0.517390251159668	-1.8062009811401367	38182
GSE220243_broad	PTPRC	inflammatory_like	0.0013460377231240273	-1.8205485343933105	38184
GSE220243_broad	CTSB	inflammatory_like	0.40119612216949463	-1.8287066221237183	38185
GSE220243_broad	AQP1	inflammatory_like	0.0810169130563736	-1.8340595960617065	38186
GSE220243_broad	NR2F2	inflammatory_like	0.22113831341266632	-1.8544365167617798	38187
GSE220243_broad	CYBA	inflammatory_like	0.3234640657901764	-1.8637765645980835	38188
GSE220243_broad	TPM2	inflammatory_like	0.5930478572845459	-1.891432523727417	38189
GSE220243_broad	TM4SF1	inflammatory_like	0.30141764879226685	-1.9078783988952637	38190
GSE220243_broad	LAPTM5	inflammatory_like	0.021574759855866432	-1.9089045524597168	38191
GSE220243_broad	MS4A6A	inflammatory_like	0.000811518169939518	-1.9161624908447266	38192
GSE220243_broad	CILP	inflammatory_like	0.8536761999130249	-1.9705537557601929	38194
GSE220243_broad	CTSZ	inflammatory_like	0.28433096408843994	-2.006349563598633	38195
GSE220243_broad	CTSS	inflammatory_like	0.02666686661541462	-2.025466203689575	38197
GSE220243_broad	FCER1G	inflammatory_like	0.00945238582789898	-2.040792465209961	38198
GSE220243_broad	HLA-DRB5	inflammatory_like	0.034289222210645676	-2.0835466384887695	38199
GSE220243_broad	CALD1	inflammatory_like	0.9216886758804321	-2.1079959869384766	38200
GSE220243_broad	COL3A1	inflammatory_like	0.3110158145427704	-2.113891124725342	38201
GSE220243_broad	C1QC	inflammatory_like	0.002190658589825034	-2.1377289295196533	38202
GSE220243_broad	IFI27	inflammatory_like	0.17957809567451477	-2.165116310119629	38203
GSE220243_broad	COL1A2	inflammatory_like	0.45205581188201904	-2.276154041290283	38204
GSE220243_broad	GNG11	inflammatory_like	0.1961795538663864	-2.3045923709869385	38205
GSE220243_broad	HLA-DPB1	inflammatory_like	0.24550047516822815	-2.306962013244629	38206
GSE220243_broad	C1QB	inflammatory_like	0.00326398853212595	-2.3322036266326904	38207
GSE220243_broad	MYL9	inflammatory_like	0.26869186758995056	-2.33803129196167	38208
GSE220243_broad	AIF1	inflammatory_like	0.0022614747285842896	-2.353450298309326	38209
GSE220243_broad	TYROBP	inflammatory_like	0.003937527071684599	-2.5226433277130127	38210
GSE220243_broad	HLA-DPA1	inflammatory_like	0.05198561027646065	-2.540386199951172	38211
GSE220243_broad	ACTA2	inflammatory_like	0.11528877168893814	-2.5509908199310303	38212
GSE220243_broad	C1QA	inflammatory_like	0.0032436831388622522	-2.642695903778076	38213
GSE220243_broad	RNASE1	inflammatory_like	0.006914800498634577	-2.678331136703491	38214
GSE220243_broad	SRGN	inflammatory_like	0.07075867801904678	-2.7126779556274414	38216
GSE220243_broad	RGS5	inflammatory_like	0.021700747311115265	-2.7560977935791016	38217
GSE220243_broad	HLA-DRB1	inflammatory_like	0.07868245244026184	-3.1302831172943115	38220
GSE220243_broad	IGFBP7	inflammatory_like	0.9860690832138062	-3.203273296356201	38221
GSE220243_broad	HLA-DRA	inflammatory_like	0.02241312898695469	-3.4182121753692627	38222
GSE220243_broad	TAGLN	inflammatory_like	0.3537842035293579	-3.4957847595214844	38223
GSE220243_broad	CD74	inflammatory_like	0.06927480548620224	-3.6356875896453857	38224
GSE220243_broad	TAGLN	mural_smooth_muscle	3.8495688438415527	2.863983392715454	1
GSE220243_broad	ACTA2	mural_smooth_muscle	2.6662795543670654	2.4356281757354736	2
GSE220243_broad	RGS5	mural_smooth_muscle	2.777798652648926	2.3707733154296875	3
GSE220243_broad	MYL9	mural_smooth_muscle	2.6067230701446533	1.7144752740859985	4
GSE220243_broad	C11ORF96	mural_smooth_muscle	2.680476665496826	1.6596417427062988	5
GSE220243_broad	TPM2	mural_smooth_muscle	2.484480381011963	1.636785626411438	6
GSE220243_broad	TPM1	mural_smooth_muscle	2.0317020416259766	1.3091888427734375	7
GSE220243_broad	CALD1	mural_smooth_muscle	3.029684543609619	1.2543023824691772	8
GSE220243_broad	NR2F2	mural_smooth_muscle	2.0755748748779297	1.1695444583892822	9
GSE220243_broad	CPE	mural_smooth_muscle	1.3071333169937134	1.150869607925415	10
GSE220243_broad	PPP1R14A	mural_smooth_muscle	1.3006517887115479	1.1046184301376343	11
GSE220243_broad	SYNPO2	mural_smooth_muscle	1.2251243591308594	1.0891835689544678	12
GSE220243_broad	MYH11	mural_smooth_muscle	1.0845500230789185	1.0342819690704346	13
GSE220243_broad	IGFBP7	mural_smooth_muscle	4.189342498779297	1.0331363677978516	14
GSE220243_broad	STEAP4	mural_smooth_muscle	1.496580719947815	1.007062554359436	15
GSE220243_broad	ID4	mural_smooth_muscle	1.658053994178772	0.9933254718780518	16
GSE220243_broad	NOTCH3	mural_smooth_muscle	1.0697356462478638	0.9643780589103699	17
GSE220243_broad	MAP1B	mural_smooth_muscle	1.323171854019165	0.9450314044952393	18
GSE220243_broad	LMOD1	mural_smooth_muscle	1.0092628002166748	0.9343904852867126	19
GSE220243_broad	ADAMTS1	mural_smooth_muscle	1.6560478210449219	0.9054169654846191	20
GSE220243_broad	TINAGL1	mural_smooth_muscle	1.4265285730361938	0.9051445722579956	21
GSE220243_broad	LPP	mural_smooth_muscle	1.4530631303787231	0.8812079429626465	22
GSE220243_broad	FILIP1L	mural_smooth_muscle	1.6187306642532349	0.8777387142181396	23
GSE220243_broad	GJA4	mural_smooth_muscle	1.0169564485549927	0.8078381419181824	24
GSE220243_broad	KCNE4	mural_smooth_muscle	1.1583876609802246	0.7824064493179321	25
GSE220243_broad	CSRP1	mural_smooth_muscle	1.3744922876358032	0.7571389079093933	26
GSE220243_broad	HES4	mural_smooth_muscle	1.0024646520614624	0.7500628232955933	27
GSE220243_broad	RRAD	mural_smooth_muscle	0.956596851348877	0.7483409643173218	28
GSE220243_broad	MYLK	mural_smooth_muscle	1.0833823680877686	0.7164278030395508	29
GSE220243_broad	ADIRF	mural_smooth_muscle	2.88407564163208	0.7074172496795654	30
GSE220243_broad	PLN	mural_smooth_muscle	0.7390349507331848	0.7029505968093872	31
GSE220243_broad	EPS8	mural_smooth_muscle	1.5750728845596313	0.6945342421531677	32
GSE220243_broad	MCAM	mural_smooth_muscle	1.3652540445327759	0.6274691224098206	33
GSE220243_broad	COX4I2	mural_smooth_muscle	0.7294813990592957	0.6270867586135864	34
GSE220243_broad	PDE5A	mural_smooth_muscle	0.7812244296073914	0.6203649044036865	35
GSE220243_broad	PPP1R12A	mural_smooth_muscle	1.344700813293457	0.6069933772087097	36
GSE220243_broad	ABCC9	mural_smooth_muscle	0.6766971349716187	0.584780216217041	37
GSE220243_broad	ATF3	mural_smooth_muscle	1.5297266244888306	0.5833770036697388	38
GSE220243_broad	PALLD	mural_smooth_muscle	1.0489230155944824	0.5739356279373169	39
GSE220243_broad	LGI4	mural_smooth_muscle	0.6520698070526123	0.5689499378204346	40
GSE220243_broad	CNN1	mural_smooth_muscle	0.5863450169563293	0.5588054060935974	41
GSE220243_broad	APOE	mural_smooth_muscle	1.3240487575531006	0.5520240068435669	42
GSE220243_broad	FHL5	mural_smooth_muscle	0.5780267715454102	0.54974365234375	43
GSE220243_broad	IGFBP2	mural_smooth_muscle	1.1197731494903564	0.5410118103027344	44
GSE220243_broad	COL18A1	mural_smooth_muscle	1.4194674491882324	0.5399292707443237	45
GSE220243_broad	NR4A1	mural_smooth_muscle	1.2778702974319458	0.529028058052063	46
GSE220243_broad	MYO1B	mural_smooth_muscle	0.8362430334091187	0.52375328540802	47
GSE220243_broad	TGFB1I1	mural_smooth_muscle	0.8935851454734802	0.5168634653091431	48
GSE220243_broad	NEXN	mural_smooth_muscle	0.6462549567222595	0.5132624506950378	49
GSE220243_broad	KCNJ8	mural_smooth_muscle	0.5825210809707642	0.5119795799255371	50
GSE220243_broad	CARMN	mural_smooth_muscle	0.5489920973777771	0.5066123008728027	51
GSE220243_broad	SLC7A2	mural_smooth_muscle	0.8052953481674194	0.5011272430419922	52
GSE220243_broad	FHL2	mural_smooth_muscle	0.6742638945579529	0.49795567989349365	53
GSE220243_broad	IGFBP5	mural_smooth_muscle	1.5909827947616577	0.4925035238265991	54
GSE220243_broad	GUCY1A1	mural_smooth_muscle	0.6097626090049744	0.48796015977859497	55
GSE220243_broad	MRVI1	mural_smooth_muscle	0.5297344923019409	0.47665834426879883	56
GSE220243_broad	CCDC102B	mural_smooth_muscle	0.5427570343017578	0.4697447419166565	57
GSE220243_broad	UBA2	mural_smooth_muscle	0.7843140363693237	0.46671393513679504	58
GSE220243_broad	ADRA2A	mural_smooth_muscle	0.5059691071510315	0.46592390537261963	59
GSE220243_broad	GGT5	mural_smooth_muscle	0.7983776330947876	0.464510440826416	60
GSE220243_broad	CRYAB	mural_smooth_muscle	1.6980459690093994	-0.27378416061401367	36695
GSE220243_broad	MXI1	mural_smooth_muscle	0.522249162197113	-0.27968621253967285	36737
GSE220243_broad	CCNG2	mural_smooth_muscle	0.29742753505706787	-0.2813689708709717	36750
GSE220243_broad	RPS11	mural_smooth_muscle	2.697911024093628	-0.2853710651397705	36785
GSE220243_broad	HSPA2	mural_smooth_muscle	0.5220958590507507	-0.28986555337905884	36820
GSE220243_broad	ZFAND5	mural_smooth_muscle	1.0450069904327393	-0.29890143871307373	36869
GSE220243_broad	RPL22L1	mural_smooth_muscle	0.6734788417816162	-0.3008476495742798	36880
GSE220243_broad	RPL22	mural_smooth_muscle	2.6569223403930664	-0.3059360980987549	36907
GSE220243_broad	SBSPON	mural_smooth_muscle	0.10697329789400101	-0.3096473217010498	36932
GSE220243_broad	PHC2	mural_smooth_muscle	0.32691317796707153	-0.31569206714630127	36964
GSE220243_broad	COX7C	mural_smooth_muscle	1.6897121667861938	-0.3225189447402954	37004
GSE220243_broad	VEGFB	mural_smooth_muscle	0.4300630986690521	-0.3328414261341095	37058
GSE220243_broad	CLEC3A	mural_smooth_muscle	0.025014307349920273	-0.33303672075271606	37060
GSE220243_broad	PTGES3	mural_smooth_muscle	1.1640684604644775	-0.3378106355667114	37083
GSE220243_broad	COL6A1	mural_smooth_muscle	1.5982993841171265	-0.33866894245147705	37088
GSE220243_broad	PHF3	mural_smooth_muscle	0.40930765867233276	-0.3469022512435913	37118
GSE220243_broad	CCDC59	mural_smooth_muscle	0.49741554260253906	-0.3504507541656494	37135
GSE220243_broad	EPB41L2	mural_smooth_muscle	0.6547801494598389	-0.3507652282714844	37136
GSE220243_broad	RPLP0	mural_smooth_muscle	2.5026466846466064	-0.3573319911956787	37162
GSE220243_broad	CD63	mural_smooth_muscle	2.593458414077759	-0.357635498046875	37164
GSE220243_broad	BCL6	mural_smooth_muscle	0.40602895617485046	-0.36138400435447693	37178
GSE220243_broad	RPL24	mural_smooth_muscle	3.064958333969116	-0.36188292503356934	37183
GSE220243_broad	COPS2	mural_smooth_muscle	0.5078179240226746	-0.3731277585029602	37228
GSE220243_broad	CTSG	mural_smooth_muscle	0.0018009747145697474	-0.37697210907936096	37243
GSE220243_broad	NPM1	mural_smooth_muscle	2.0874617099761963	-0.37714672088623047	37244
GSE220243_broad	HMGB2	mural_smooth_muscle	0.4634324610233307	-0.38145318627357483	37256
GSE220243_broad	SERPINF1	mural_smooth_muscle	0.828244149684906	-0.3823848366737366	37258
GSE220243_broad	TMOD1	mural_smooth_muscle	0.12052782624959946	-0.3851313292980194	37268
GSE220243_broad	RNMT	mural_smooth_muscle	0.33792316913604736	-0.39007145166397095	37285
GSE220243_broad	MIA	mural_smooth_muscle	0.03419676423072815	-0.3911465108394623	37289
GSE220243_broad	SYF2	mural_smooth_muscle	0.8955090641975403	-0.3913502097129822	37291
GSE220243_broad	PRDX6	mural_smooth_muscle	0.9878122210502625	-0.3954896330833435	37312
GSE220243_broad	IFITM2	mural_smooth_muscle	1.7637861967086792	-0.4057697057723999	37332
GSE220243_broad	CTSW	mural_smooth_muscle	0.002516144420951605	-0.41163986921310425	37352
GSE220243_broad	ANP32B	mural_smooth_muscle	0.9742375612258911	-0.4146918058395386	37362
GSE220243_broad	POLR1D	mural_smooth_muscle	0.6448090076446533	-0.4207040071487427	37377
GSE220243_broad	EML4	mural_smooth_muscle	0.1735556721687317	-0.4217032790184021	37380
GSE220243_broad	IL2RG	mural_smooth_muscle	0.0008501851698383689	-0.42545124888420105	37393
GSE220243_broad	SUB1	mural_smooth_muscle	0.8965282440185547	-0.4323132038116455	37408
GSE220243_broad	CPQ	mural_smooth_muscle	0.379275381565094	-0.43430978059768677	37413
GSE220243_broad	PTGDS	mural_smooth_muscle	0.012751943431794643	-0.4353807270526886	37418
GSE220243_broad	SERPINA3	mural_smooth_muscle	0.028378013521432877	-0.4422900080680847	37442
GSE220243_broad	FXYD6	mural_smooth_muscle	0.3032434284687042	-0.4443196952342987	37446
GSE220243_broad	SSPN	mural_smooth_muscle	0.6508254408836365	-0.4516680836677551	37457
GSE220243_broad	MS4A2	mural_smooth_muscle	0.00048134231474250555	-0.45385855436325073	37460
GSE220243_broad	TUBA4A	mural_smooth_muscle	0.14640237390995026	-0.46100562810897827	37472
GSE220243_broad	ITGB8	mural_smooth_muscle	0.015556235797703266	-0.462913453578949	37477
GSE220243_broad	C1QTNF3	mural_smooth_muscle	0.017789732664823532	-0.4659719169139862	37483
GSE220243_broad	HAPLN1	mural_smooth_muscle	0.03508957847952843	-0.46611133217811584	37485
GSE220243_broad	ITGA4	mural_smooth_muscle	0.03346364572644234	-0.468808650970459	37492
GSE220243_broad	SYTL3	mural_smooth_muscle	0.0035224135499447584	-0.4694488048553467	37494
GSE220243_broad	MFAP4	mural_smooth_muscle	0.12401352822780609	-0.4715907573699951	37503
GSE220243_broad	SPOCK2	mural_smooth_muscle	0.0020906783174723387	-0.4749796688556671	37511
GSE220243_broad	MT1G	mural_smooth_muscle	0.14653043448925018	-0.4849845767021179	37527
GSE220243_broad	CTSF	mural_smooth_muscle	0.30065861344337463	-0.4883544147014618	37536
GSE220243_broad	ACAP1	mural_smooth_muscle	0.01795548014342785	-0.4885937571525574	37538
GSE220243_broad	CD81	mural_smooth_muscle	2.2356128692626953	-0.49233055114746094	37546
GSE220243_broad	STK17A	mural_smooth_muscle	0.20099185407161713	-0.49421775341033936	37549
GSE220243_broad	MFAP5	mural_smooth_muscle	0.016675030812621117	-0.4993484318256378	37556
GSE220243_broad	LIMA1	mural_smooth_muscle	0.6484093070030212	-0.5013195872306824	37560
GSE220243_broad	SDC2	mural_smooth_muscle	0.6347721219062805	-0.5047670006752014	37569
GSE220243_broad	SEMA3C	mural_smooth_muscle	0.021988239139318466	-0.5061090588569641	37574
GSE220243_broad	PLAC9	mural_smooth_muscle	1.495813250541687	-0.5153528451919556	37593
GSE220243_broad	PLP2	mural_smooth_muscle	0.7176153659820557	-0.515582799911499	37594
GSE220243_broad	PPIB	mural_smooth_muscle	1.2956295013427734	-0.5196058750152588	37603
GSE220243_broad	ANK3	mural_smooth_muscle	0.07866635173559189	-0.5213042497634888	37609
GSE220243_broad	PGAM1	mural_smooth_muscle	0.5762888789176941	-0.5221201777458191	37610
GSE220243_broad	CREB5	mural_smooth_muscle	0.16112761199474335	-0.522700846195221	37613
GSE220243_broad	BCL11B	mural_smooth_muscle	0.0009782779961824417	-0.5233732461929321	37615
GSE220243_broad	TPI1	mural_smooth_muscle	1.354581356048584	-0.526099681854248	37620
GSE220243_broad	COL6A2	mural_smooth_muscle	1.9041779041290283	-0.5261020660400391	37621
GSE220243_broad	CRISPLD1	mural_smooth_muscle	0.019505346193909645	-0.5267348885536194	37623
GSE220243_broad	COL2A1	mural_smooth_muscle	0.03827248513698578	-0.5291405916213989	37625
GSE220243_broad	LAG3	mural_smooth_muscle	0.07754334807395935	-0.5342925786972046	37630
GSE220243_broad	SFRP2	mural_smooth_muscle	0.035602010786533356	-0.5395585894584656	37637
GSE220243_broad	FRZB	mural_smooth_muscle	0.3887959420681	-0.5448833703994751	37648
GSE220243_broad	ID2	mural_smooth_muscle	1.359276533126831	-0.5455420017242432	37649
GSE220243_broad	RSL24D1	mural_smooth_muscle	0.923332929611206	-0.5494258403778076	37653
GSE220243_broad	FBN1	mural_smooth_muscle	0.2732622027397156	-0.5520737767219543	37656
GSE220243_broad	PAPSS2	mural_smooth_muscle	0.07525687664747238	-0.5538631081581116	37660
GSE220243_broad	MFGE8	mural_smooth_muscle	1.3748782873153687	-0.5653105974197388	37684
GSE220243_broad	HIST1H1C	mural_smooth_muscle	0.27417826652526855	-0.5666480660438538	37687
GSE220243_broad	CAVIN2	mural_smooth_muscle	0.24728810787200928	-0.570894181728363	37694
GSE220243_broad	PMEPA1	mural_smooth_muscle	0.9914414882659912	-0.5712107419967651	37695
GSE220243_broad	SLCO2A1	mural_smooth_muscle	0.0021405478473752737	-0.580524742603302	37707
GSE220243_broad	SMIM14	mural_smooth_muscle	0.32881462574005127	-0.5812813639640808	37710
GSE220243_broad	SOX17	mural_smooth_muscle	0.002506710821762681	-0.5853990316390991	37716
GSE220243_broad	GPR65	mural_smooth_muscle	0.0020620140712708235	-0.5904065370559692	37720
GSE220243_broad	RPS20	mural_smooth_muscle	2.2318925857543945	-0.5920190811157227	37721
GSE220243_broad	COL6A3	mural_smooth_muscle	0.9133021831512451	-0.5966582298278809	37728
GSE220243_broad	WWP2	mural_smooth_muscle	0.16000349819660187	-0.5976834893226624	37731
GSE220243_broad	MMRN2	mural_smooth_muscle	0.042638737708330154	-0.6018374562263489	37735
GSE220243_broad	PPP1R3C	mural_smooth_muscle	0.20427030324935913	-0.602940559387207	37736
GSE220243_broad	VEGFA	mural_smooth_muscle	0.689303994178772	-0.6041913032531738	37738
GSE220243_broad	NKG7	mural_smooth_muscle	0.00014085040311329067	-0.6049461364746094	37739
GSE220243_broad	HPGD	mural_smooth_muscle	0.0033181465696543455	-0.6093916893005371	37742
GSE220243_broad	ELL2	mural_smooth_muscle	0.27810049057006836	-0.609424889087677	37743
GSE220243_broad	TRBC1	mural_smooth_muscle	0.0007724545430392027	-0.6136929988861084	37745
GSE220243_broad	UBE2B	mural_smooth_muscle	0.8305128812789917	-0.6170872449874878	37746
GSE220243_broad	PPP2R5C	mural_smooth_muscle	0.2018565535545349	-0.6215782761573792	37750
GSE220243_broad	CIRBP	mural_smooth_muscle	1.5627965927124023	-0.6244027614593506	37756
GSE220243_broad	CEBPD	mural_smooth_muscle	1.9992096424102783	-0.6248030662536621	37757
GSE220243_broad	CD3G	mural_smooth_muscle	0.0006632153526879847	-0.6257054805755615	37758
GSE220243_broad	RHOH	mural_smooth_muscle	0.0009693659958429635	-0.6380053162574768	37773
GSE220243_broad	LEPROTL1	mural_smooth_muscle	0.13756030797958374	-0.6448829770088196	37779
GSE220243_broad	CDC42SE2	mural_smooth_muscle	0.08034031093120575	-0.6477635502815247	37783
GSE220243_broad	PLAT	mural_smooth_muscle	0.07521292567253113	-0.6504323482513428	37785
GSE220243_broad	IKZF1	mural_smooth_muscle	0.0007690017228014767	-0.6511731147766113	37787
GSE220243_broad	GZMK	mural_smooth_muscle	0.001028538914397359	-0.6533492803573608	37788
GSE220243_broad	BIRC3	mural_smooth_muscle	0.056858617812395096	-0.6537408232688904	37789
GSE220243_broad	CCNB1IP1	mural_smooth_muscle	0.285638689994812	-0.6619799137115479	37794
GSE220243_broad	GAPDH	mural_smooth_muscle	2.692957639694214	-0.6629993915557861	37796
GSE220243_broad	CST7	mural_smooth_muscle	0.0006439345306716859	-0.6651663780212402	37800
GSE220243_broad	GZMA	mural_smooth_muscle	0.0005969299818389118	-0.6657325625419617	37803
GSE220243_broad	BASP1	mural_smooth_muscle	0.04857810214161873	-0.6665637493133545	37804
GSE220243_broad	CHAD	mural_smooth_muscle	0.06531230360269547	-0.6702343821525574	37806
GSE220243_broad	SNHG12	mural_smooth_muscle	0.41054221987724304	-0.6732989549636841	37807
GSE220243_broad	MYCT1	mural_smooth_muscle	0.003348139114677906	-0.6785208582878113	37812
GSE220243_broad	TPSB2	mural_smooth_muscle	0.0014414573088288307	-0.6796275973320007	37815
GSE220243_broad	KLRB1	mural_smooth_muscle	0.0012729242444038391	-0.6799015998840332	37816
GSE220243_broad	RHOBTB3	mural_smooth_muscle	0.2880789339542389	-0.6889100074768066	37822
GSE220243_broad	ITGA10	mural_smooth_muscle	0.09323868900537491	-0.689829409122467	37823
GSE220243_broad	EIF1	mural_smooth_muscle	3.070138692855835	-0.6911642551422119	37824
GSE220243_broad	CD3E	mural_smooth_muscle	0.0007062075892463326	-0.6959301829338074	37826
GSE220243_broad	JAM2	mural_smooth_muscle	0.013963240198791027	-0.6959604024887085	37827
GSE220243_broad	PPIC	mural_smooth_muscle	0.33384791016578674	-0.6968209743499756	37829
GSE220243_broad	MRC2	mural_smooth_muscle	0.06169355660676956	-0.6971986293792725	37830
GSE220243_broad	GABARAPL1	mural_smooth_muscle	0.34108754992485046	-0.6993000507354736	37832
GSE220243_broad	MTUS1	mural_smooth_muscle	0.6108587384223938	-0.7072504162788391	37842
GSE220243_broad	SCARA5	mural_smooth_muscle	0.018595049157738686	-0.7076572179794312	37844
GSE220243_broad	DCXR	mural_smooth_muscle	0.24673624336719513	-0.7084905505180359	37846
GSE220243_broad	TAF1D	mural_smooth_muscle	0.7643395662307739	-0.7119792699813843	37848
GSE220243_broad	LTB	mural_smooth_muscle	0.0025468114763498306	-0.7126007080078125	37849
GSE220243_broad	NBL1	mural_smooth_muscle	0.6992236971855164	-0.7161080241203308	37851
GSE220243_broad	RAB11A	mural_smooth_muscle	0.2980731129646301	-0.7216771245002747	37855
GSE220243_broad	CYYR1	mural_smooth_muscle	0.0024009747430682182	-0.7228040099143982	37856
GSE220243_broad	RDX	mural_smooth_muscle	0.38427308201789856	-0.723678708076477	37857
GSE220243_broad	RUNX3	mural_smooth_muscle	0.011378192342817783	-0.7237579226493835	37858
GSE220243_broad	PTPRB	mural_smooth_muscle	0.002108017448335886	-0.7267292141914368	37860
GSE220243_broad	LMCD1	mural_smooth_muscle	0.2792607843875885	-0.7326629161834717	37864
GSE220243_broad	PCOLCE	mural_smooth_muscle	0.9044433832168579	-0.735793948173523	37867
GSE220243_broad	TM4SF18	mural_smooth_muscle	0.0038284154143184423	-0.738741934299469	37871
GSE220243_broad	CPA3	mural_smooth_muscle	0.0018425349844619632	-0.7399979829788208	37874
GSE220243_broad	TSPAN7	mural_smooth_muscle	0.015096471644937992	-0.7449803948402405	37879
GSE220243_broad	SCX	mural_smooth_muscle	0.1335206925868988	-0.7500611543655396	37883
GSE220243_broad	SPTBN1	mural_smooth_muscle	0.7552844882011414	-0.7515862584114075	37884
GSE220243_broad	PDGFRA	mural_smooth_muscle	0.03896471858024597	-0.7618364095687866	37889
GSE220243_broad	CRIP2	mural_smooth_muscle	0.9631325602531433	-0.7624545693397522	37890
GSE220243_broad	NEDD9	mural_smooth_muscle	0.08424687385559082	-0.7644240856170654	37893
GSE220243_broad	YBX3	mural_smooth_muscle	1.4915159940719604	-0.7766529321670532	37897
GSE220243_broad	PNRC1	mural_smooth_muscle	1.922883152961731	-0.777173638343811	37898
GSE220243_broad	EPB41L4A-AS1	mural_smooth_muscle	0.6912420988082886	-0.7844325304031372	37905
GSE220243_broad	CDH5	mural_smooth_muscle	0.0020658602006733418	-0.7850794792175293	37906
GSE220243_broad	ACAN	mural_smooth_muscle	0.09551142156124115	-0.7873606085777283	37911
GSE220243_broad	PDGFRL	mural_smooth_muscle	0.09142923355102539	-0.7874608039855957	37913
GSE220243_broad	CCL14	mural_smooth_muscle	0.01062367856502533	-0.7883859276771545	37915
GSE220243_broad	ITM2C	mural_smooth_muscle	0.3929295837879181	-0.7926120758056641	37916
GSE220243_broad	RPL28	mural_smooth_muscle	2.9940645694732666	-0.7930476665496826	37917
GSE220243_broad	ITGBL1	mural_smooth_muscle	0.05318685993552208	-0.7971051931381226	37920
GSE220243_broad	FAM107B	mural_smooth_muscle	0.32051581144332886	-0.7971224188804626	37921
GSE220243_broad	FKBP1A	mural_smooth_muscle	0.5347164273262024	-0.7974645495414734	37922
GSE220243_broad	KCNMA1	mural_smooth_muscle	0.14649760723114014	-0.8055105209350586	37927
GSE220243_broad	COL1A1	mural_smooth_muscle	0.9667952060699463	-0.8079736232757568	37928
GSE220243_broad	IGF1	mural_smooth_muscle	0.027299629524350166	-0.8142907023429871	37929
GSE220243_broad	CYTIP	mural_smooth_muscle	0.02076156623661518	-0.8177297115325928	37931
GSE220243_broad	PODXL	mural_smooth_muscle	0.00620715506374836	-0.8214517831802368	37934
GSE220243_broad	LTBP2	mural_smooth_muscle	0.09161195904016495	-0.822869062423706	37937
GSE220243_broad	FIBIN	mural_smooth_muscle	0.08303573727607727	-0.8244249820709229	37939
GSE220243_broad	TPSAB1	mural_smooth_muscle	0.0013793929247185588	-0.8248090147972107	37941
GSE220243_broad	GIMAP1	mural_smooth_muscle	0.0051980651915073395	-0.8322596549987793	37945
GSE220243_broad	DUSP2	mural_smooth_muscle	0.07387794554233551	-0.8326668739318848	37946
GSE220243_broad	TRAC	mural_smooth_muscle	0.0095591451972723	-0.8344979882240295	37948
GSE220243_broad	HYAL2	mural_smooth_muscle	0.07062627375125885	-0.8350706696510315	37949
GSE220243_broad	RAC2	mural_smooth_muscle	0.000732810702174902	-0.8362360000610352	37950
GSE220243_broad	PKM	mural_smooth_muscle	0.8796588778495789	-0.8373340964317322	37951
GSE220243_broad	FPR3	mural_smooth_muscle	0.0005760757485404611	-0.8403142690658569	37952
GSE220243_broad	CTSK	mural_smooth_muscle	0.2061627060174942	-0.8466980457305908	37954
GSE220243_broad	MGST2	mural_smooth_muscle	0.10843199491500854	-0.8593837022781372	37959
GSE220243_broad	TRBC2	mural_smooth_muscle	0.004469802603125572	-0.8642827272415161	37963
GSE220243_broad	SYNE2	mural_smooth_muscle	0.46644288301467896	-0.8649088740348816	37964
GSE220243_broad	PCAT19	mural_smooth_muscle	0.007252417504787445	-0.8687448501586914	37965
GSE220243_broad	SARAF	mural_smooth_muscle	0.6237659454345703	-0.8741990327835083	37970
GSE220243_broad	TIMP1	mural_smooth_muscle	1.7165720462799072	-0.8771343231201172	37971
GSE220243_broad	FBXO2	mural_smooth_muscle	0.0873715877532959	-0.8831945061683655	37974
GSE220243_broad	SFRP1	mural_smooth_muscle	0.02203078754246235	-0.8846128582954407	37976
GSE220243_broad	SNHG8	mural_smooth_muscle	0.858681857585907	-0.887357771396637	37977
GSE220243_broad	ISLR	mural_smooth_muscle	0.19486427307128906	-0.889256477355957	37978
GSE220243_broad	CREM	mural_smooth_muscle	0.4018210470676422	-0.8893059492111206	37979
GSE220243_broad	CD3D	mural_smooth_muscle	0.0011893428163602948	-0.8918176889419556	37981
GSE220243_broad	CXCL2	mural_smooth_muscle	0.13124720752239227	-0.8954324126243591	37985
GSE220243_broad	RBP4	mural_smooth_muscle	0.06921731680631638	-0.9027435779571533	37987
GSE220243_broad	THBS4	mural_smooth_muscle	0.06869493424892426	-0.9043992161750793	37988
GSE220243_broad	VWF	mural_smooth_muscle	0.0040414053946733475	-0.9079253673553467	37993
GSE220243_broad	PLOD2	mural_smooth_muscle	0.21721956133842468	-0.9082521200180054	37994
GSE220243_broad	SLPI	mural_smooth_muscle	0.056421153247356415	-0.9232081174850464	37998
GSE220243_broad	MAF	mural_smooth_muscle	0.43880823254585266	-0.9269825220108032	38000
GSE220243_broad	FSTL1	mural_smooth_muscle	0.6157561540603638	-0.9315530061721802	38001
GSE220243_broad	GSN	mural_smooth_muscle	2.2559192180633545	-0.9352915287017822	38002
GSE220243_broad	FCGR2B	mural_smooth_muscle	0.0009770728647708893	-0.9480279088020325	38004
GSE220243_broad	WISP2	mural_smooth_muscle	0.12160423398017883	-0.9520512819290161	38008
GSE220243_broad	STK17B	mural_smooth_muscle	0.13991498947143555	-0.9585504531860352	38013
GSE220243_broad	RAMP3	mural_smooth_muscle	0.004266485571861267	-0.9590774178504944	38014
GSE220243_broad	RPS29	mural_smooth_muscle	2.3783516883850098	-0.9610939025878906	38015
GSE220243_broad	SAMSN1	mural_smooth_muscle	0.0009333825437352061	-0.9657316207885742	38017
GSE220243_broad	TNFRSF11B	mural_smooth_muscle	0.09514407068490982	-0.9680091738700867	38019
GSE220243_broad	ACKR3	mural_smooth_muscle	0.32134950160980225	-0.9720195531845093	38023
GSE220243_broad	TCF4	mural_smooth_muscle	0.8285375237464905	-0.9743117690086365	38026
GSE220243_broad	CLDN5	mural_smooth_muscle	0.015125522390007973	-0.9746072292327881	38028
GSE220243_broad	PLEK	mural_smooth_muscle	0.0009508145740255713	-0.9757503271102905	38029
GSE220243_broad	ARL4C	mural_smooth_muscle	0.05060073733329773	-0.9867042303085327	38032
GSE220243_broad	CFH	mural_smooth_muscle	1.0311535596847534	-0.9890950918197632	38033
GSE220243_broad	COL3A1	mural_smooth_muscle	1.4344664812088013	-0.9904404878616333	38034
GSE220243_broad	STK4	mural_smooth_muscle	0.10468843579292297	-0.9954023361206055	38035
GSE220243_broad	ELK3	mural_smooth_muscle	0.1872163861989975	-1.0002943277359009	38036
GSE220243_broad	CPVL	mural_smooth_muscle	0.002868522424250841	-1.0042201280593872	38038
GSE220243_broad	NRN1	mural_smooth_muscle	0.138597309589386	-1.0053791999816895	38039
GSE220243_broad	MXRA8	mural_smooth_muscle	0.3368430435657501	-1.0077601671218872	38041
GSE220243_broad	ERRFI1	mural_smooth_muscle	0.5235030055046082	-1.0115253925323486	38043
GSE220243_broad	SPRY1	mural_smooth_muscle	0.29379239678382874	-1.012924075126648	38044
GSE220243_broad	ARHGAP18	mural_smooth_muscle	0.11458657681941986	-1.0171852111816406	38048
GSE220243_broad	SLC9A3R2	mural_smooth_muscle	0.3518427014350891	-1.023327112197876	38049
GSE220243_broad	CYP1B1	mural_smooth_muscle	0.2195555865764618	-1.0240988731384277	38050
GSE220243_broad	CD2	mural_smooth_muscle	0.0004904338857159019	-1.0267544984817505	38051
GSE220243_broad	CCL3	mural_smooth_muscle	0.011751358397305012	-1.0271492004394531	38052
GSE220243_broad	TNXB	mural_smooth_muscle	0.1571759432554245	-1.0366721153259277	38056
GSE220243_broad	EFEMP1	mural_smooth_muscle	0.06684751063585281	-1.0376102924346924	38057
GSE220243_broad	EZR	mural_smooth_muscle	0.303578644990921	-1.0393030643463135	38058
GSE220243_broad	FLT1	mural_smooth_muscle	0.017760200425982475	-1.0398064851760864	38059
GSE220243_broad	CXCL3	mural_smooth_muscle	0.034873999655246735	-1.0404363870620728	38060
GSE220243_broad	CD48	mural_smooth_muscle	0.0009805556619539857	-1.0457119941711426	38063
GSE220243_broad	SPI1	mural_smooth_muscle	0.0014926338335499167	-1.0489448308944702	38064
GSE220243_broad	CILP2	mural_smooth_muscle	0.08558766543865204	-1.0523278713226318	38067
GSE220243_broad	CSF1R	mural_smooth_muscle	0.002980523044243455	-1.064089059829712	38068
GSE220243_broad	PALMD	mural_smooth_muscle	0.12896528840065002	-1.06650972366333	38069
GSE220243_broad	IFI30	mural_smooth_muscle	0.05645390972495079	-1.0674039125442505	38070
GSE220243_broad	LILRB5	mural_smooth_muscle	0.0022544902749359608	-1.0683845281600952	38071
GSE220243_broad	LDHA	mural_smooth_muscle	1.7988247871398926	-1.072138786315918	38072
GSE220243_broad	CCDC80	mural_smooth_muscle	0.5956349968910217	-1.0856289863586426	38074
GSE220243_broad	F13A1	mural_smooth_muscle	0.00659036124125123	-1.0866879224777222	38075
GSE220243_broad	HSPG2	mural_smooth_muscle	0.18722283840179443	-1.1031105518341064	38079
GSE220243_broad	MSR1	mural_smooth_muscle	0.0016370423836633563	-1.1154855489730835	38081
GSE220243_broad	ECSCR	mural_smooth_muscle	0.005601467564702034	-1.118384599685669	38082
GSE220243_broad	CD93	mural_smooth_muscle	0.026653075590729713	-1.127150058746338	38083
GSE220243_broad	SOD3	mural_smooth_muscle	1.4666723012924194	-1.1332927942276	38084
GSE220243_broad	ACKR1	mural_smooth_muscle	0.011619623750448227	-1.1333998441696167	38085
GSE220243_broad	FTH1	mural_smooth_muscle	3.553443193435669	-1.1363046169281006	38086
GSE220243_broad	PGK1	mural_smooth_muscle	0.6715532541275024	-1.146813154220581	38087
GSE220243_broad	CD34	mural_smooth_muscle	0.039838243275880814	-1.1489835977554321	38088
GSE220243_broad	NUPR1	mural_smooth_muscle	1.1194721460342407	-1.1571120023727417	38089
GSE220243_broad	KLF2	mural_smooth_muscle	0.9916114211082458	-1.1679775714874268	38092
GSE220243_broad	CHI3L2	mural_smooth_muscle	0.2102264165878296	-1.1707239151000977	38093
GSE220243_broad	RBPJ	mural_smooth_muscle	0.43793463706970215	-1.1730998754501343	38094
GSE220243_broad	MT1M	mural_smooth_muscle	0.8205585479736328	-1.179816484451294	38096
GSE220243_broad	CLEC14A	mural_smooth_muscle	0.006940423510968685	-1.1903278827667236	38097
GSE220243_broad	C1S	mural_smooth_muscle	0.5722630023956299	-1.1909067630767822	38098
GSE220243_broad	MMP2	mural_smooth_muscle	0.05538060888648033	-1.1948087215423584	38099
GSE220243_broad	ADGRL4	mural_smooth_muscle	0.00513090193271637	-1.1957920789718628	38100
GSE220243_broad	STAB1	mural_smooth_muscle	0.0024874843657016754	-1.19652259349823	38101
GSE220243_broad	NPDC1	mural_smooth_muscle	0.1760195940732956	-1.1985187530517578	38102
GSE220243_broad	FCGR2A	mural_smooth_muscle	0.01817842200398445	-1.202311396598816	38103
GSE220243_broad	CD69	mural_smooth_muscle	0.0014787974068894982	-1.212185263633728	38105
GSE220243_broad	C1R	mural_smooth_muscle	0.8318147659301758	-1.2125530242919922	38106
GSE220243_broad	SERPINA1	mural_smooth_muscle	0.1313101351261139	-1.2196540832519531	38107
GSE220243_broad	TGFBI	mural_smooth_muscle	0.4434201717376709	-1.2314878702163696	38108
GSE220243_broad	SLC25A37	mural_smooth_muscle	0.2997834384441376	-1.2349845170974731	38109
GSE220243_broad	C2ORF40	mural_smooth_muscle	0.5845207571983337	-1.235358476638794	38110
GSE220243_broad	LGMN	mural_smooth_muscle	0.24690155684947968	-1.2459287643432617	38111
GSE220243_broad	CTGF	mural_smooth_muscle	0.5522657632827759	-1.2502937316894531	38112
GSE220243_broad	AQP1	mural_smooth_muscle	0.6574103236198425	-1.2576661109924316	38114
GSE220243_broad	SLC39A14	mural_smooth_muscle	0.2833985686302185	-1.2600572109222412	38115
GSE220243_broad	OGN	mural_smooth_muscle	0.14731654524803162	-1.261082649230957	38116
GSE220243_broad	ENO1	mural_smooth_muscle	0.8614037036895752	-1.2639756202697754	38117
GSE220243_broad	CALCRL	mural_smooth_muscle	0.2604881227016449	-1.2645190954208374	38118
GSE220243_broad	BGN	mural_smooth_muscle	1.5508677959442139	-1.2698185443878174	38119
GSE220243_broad	MAFB	mural_smooth_muscle	0.7128346562385559	-1.2707970142364502	38120
GSE220243_broad	VCAN	mural_smooth_muscle	0.18304333090782166	-1.2735228538513184	38121
GSE220243_broad	DPT	mural_smooth_muscle	0.08768612891435623	-1.2852146625518799	38124
GSE220243_broad	CCL5	mural_smooth_muscle	0.01405158918350935	-1.294833779335022	38125
GSE220243_broad	ITGA6	mural_smooth_muscle	0.01017200481146574	-1.2998483180999756	38126
GSE220243_broad	SOX18	mural_smooth_muscle	0.007247288711369038	-1.3036593198776245	38127
GSE220243_broad	GRN	mural_smooth_muscle	0.30367040634155273	-1.313464641571045	38128
GSE220243_broad	DDIT4	mural_smooth_muscle	1.229882001876831	-1.3138718605041504	38129
GSE220243_broad	NDUFA4L2	mural_smooth_muscle	1.8709455728530884	-1.3166719675064087	38130
GSE220243_broad	MRC1	mural_smooth_muscle	0.0014868115540593863	-1.3389445543289185	38131
GSE220243_broad	GALNT15	mural_smooth_muscle	0.07360395789146423	-1.3394699096679688	38132
GSE220243_broad	IL32	mural_smooth_muscle	0.040535420179367065	-1.3526368141174316	38135
GSE220243_broad	ITM2A	mural_smooth_muscle	0.02570141665637493	-1.3532615900039673	38136
GSE220243_broad	EMCN	mural_smooth_muscle	0.01388819981366396	-1.3550242185592651	38137
GSE220243_broad	EGFL7	mural_smooth_muscle	0.02439190074801445	-1.3562535047531128	38138
GSE220243_broad	MS4A7	mural_smooth_muscle	0.0016266129678115249	-1.366631269454956	38140
GSE220243_broad	COL1A2	mural_smooth_muscle	1.3593721389770508	-1.368837833404541	38141
GSE220243_broad	LYVE1	mural_smooth_muscle	0.030939657241106033	-1.3822258710861206	38142
GSE220243_broad	HLA-E	mural_smooth_muscle	1.304498553276062	-1.3867486715316772	38143
GSE220243_broad	CD163	mural_smooth_muscle	0.0006255087209865451	-1.3896220922470093	38145
GSE220243_broad	IL7R	mural_smooth_muscle	0.0020913046319037676	-1.3941792249679565	38146
GSE220243_broad	GIMAP7	mural_smooth_muscle	0.00822449941188097	-1.401474118232727	38147
GSE220243_broad	VSIG4	mural_smooth_muscle	0.0012604997027665377	-1.411848545074463	38148
GSE220243_broad	PLVAP	mural_smooth_muscle	0.008054936304688454	-1.4527853727340698	38151
GSE220243_broad	HLA-DMA	mural_smooth_muscle	0.0255765151232481	-1.460215449333191	38152
GSE220243_broad	VAMP8	mural_smooth_muscle	0.01667729765176773	-1.50298273563385	38154
GSE220243_broad	APOD	mural_smooth_muscle	0.11008822172880173	-1.5099074840545654	38155
GSE220243_broad	CD52	mural_smooth_muscle	0.00266848411411047	-1.5578365325927734	38159
GSE220243_broad	CD14	mural_smooth_muscle	0.07795655727386475	-1.5686848163604736	38160
GSE220243_broad	SELENOP	mural_smooth_muscle	0.7311095595359802	-1.5924816131591797	38162
GSE220243_broad	CXCL8	mural_smooth_muscle	0.021722111850976944	-1.6087325811386108	38163
GSE220243_broad	CD68	mural_smooth_muscle	0.08891979604959488	-1.62032949924469	38164
GSE220243_broad	FOLR2	mural_smooth_muscle	0.0020486866123974323	-1.6345149278640747	38165
GSE220243_broad	CYBA	mural_smooth_muscle	0.5422849059104919	-1.6449556350708008	38166
GSE220243_broad	MARCO	mural_smooth_muscle	0.0028393948450684547	-1.6543653011322021	38167
GSE220243_broad	TM4SF1	mural_smooth_muscle	0.54412442445755	-1.6651716232299805	38168
GSE220243_broad	RAMP2	mural_smooth_muscle	0.0734526589512825	-1.6957305669784546	38169
GSE220243_broad	CXCR4	mural_smooth_muscle	0.0335400253534317	-1.6978449821472168	38170
GSE220243_broad	CHI3L1	mural_smooth_muscle	0.2279510498046875	-1.7116177082061768	38171
GSE220243_broad	HLA-DQB1	mural_smooth_muscle	0.013364151120185852	-1.7203770875930786	38172
GSE220243_broad	HLA-DQA1	mural_smooth_muscle	0.003255363553762436	-1.7225414514541626	38173
GSE220243_broad	CTSZ	mural_smooth_muscle	0.5646093487739563	-1.7260711193084717	38174
GSE220243_broad	CYBB	mural_smooth_muscle	0.0016584702534601092	-1.7297039031982422	38175
GSE220243_broad	MT1E	mural_smooth_muscle	1.1812987327575684	-1.7330548763275146	38176
GSE220243_broad	PECAM1	mural_smooth_muscle	0.013684164732694626	-1.7695828676223755	38178
GSE220243_broad	FTL	mural_smooth_muscle	3.520003080368042	-1.7911899089813232	38179
GSE220243_broad	LYZ	mural_smooth_muscle	0.002036110032349825	-1.7988762855529785	38180
GSE220243_broad	PTPRC	mural_smooth_muscle	0.002775676315650344	-1.819118857383728	38181
GSE220243_broad	MMP3	mural_smooth_muscle	0.2254869043827057	-1.8598750829696655	38182
GSE220243_broad	SCRG1	mural_smooth_muscle	0.2598850429058075	-1.8620648384094238	38183
GSE220243_broad	GLRX	mural_smooth_muscle	0.39419683814048767	-1.8744105100631714	38184
GSE220243_broad	CTSB	mural_smooth_muscle	0.353895902633667	-1.876006841659546	38185
GSE220243_broad	GNG11	mural_smooth_muscle	0.618020236492157	-1.882751703262329	38186
GSE220243_broad	FGFBP2	mural_smooth_muscle	0.23704402148723602	-1.892370343208313	38187
GSE220243_broad	IFI27	mural_smooth_muscle	0.4309345781803131	-1.9137598276138306	38188
GSE220243_broad	MS4A6A	mural_smooth_muscle	0.0016557321650907397	-1.9153183698654175	38189
GSE220243_broad	LAPTM5	mural_smooth_muscle	0.007474859245121479	-1.923004388809204	38190
GSE220243_broad	PRG4	mural_smooth_muscle	0.31557539105415344	-1.9396045207977295	38191
GSE220243_broad	RGCC	mural_smooth_muscle	0.33547961711883545	-1.9590824842453003	38192
GSE220243_broad	SOD2	mural_smooth_muscle	0.8933041095733643	-1.987607479095459	38193
GSE220243_broad	CTSS	mural_smooth_muscle	0.01636972650885582	-2.0357632637023926	38195
GSE220243_broad	FCER1G	mural_smooth_muscle	0.007517407648265362	-2.042727470397949	38197
GSE220243_broad	NNMT	mural_smooth_muscle	1.2512205839157104	-2.0888848304748535	38199
GSE220243_broad	HLA-DRB5	mural_smooth_muscle	0.018501153215765953	-2.099334716796875	38200
GSE220243_broad	PCOLCE2	mural_smooth_muscle	0.24302907288074493	-2.1083734035491943	38201
GSE220243_broad	C1QC	mural_smooth_muscle	0.002156974980607629	-2.1377625465393066	38202
GSE220243_broad	FMOD	mural_smooth_muscle	0.42996102571487427	-2.1840503215789795	38204
GSE220243_broad	SRGN	mural_smooth_muscle	0.5382325649261475	-2.245203971862793	38205
GSE220243_broad	C1QB	mural_smooth_muscle	0.004380274098366499	-2.331087350845337	38206
GSE220243_broad	AIF1	mural_smooth_muscle	0.0020124518778175116	-2.353699207305908	38207
GSE220243_broad	HLA-DPB1	mural_smooth_muscle	0.18816423416137695	-2.3642983436584473	38208
GSE220243_broad	PLA2G2A	mural_smooth_muscle	0.27559030055999756	-2.439096450805664	38209
GSE220243_broad	CILP	mural_smooth_muscle	0.34706464409828186	-2.4771652221679688	38210
GSE220243_broad	TYROBP	mural_smooth_muscle	0.005175250582396984	-2.5214054584503174	38211
GSE220243_broad	HLA-DPA1	mural_smooth_muscle	0.052912235260009766	-2.539459466934204	38213
GSE220243_broad	C1QA	mural_smooth_muscle	0.005990193225443363	-2.639949321746826	38214
GSE220243_broad	RNASE1	mural_smooth_muscle	0.01473693922162056	-2.670509099960327	38215
GSE220243_broad	GPX3	mural_smooth_muscle	0.7454084753990173	-2.6733198165893555	38216
GSE220243_broad	PRELP	mural_smooth_muscle	0.6854902505874634	-2.949796676635742	38217
GSE220243_broad	MT1X	mural_smooth_muscle	1.2590419054031372	-3.1684694290161133	38218
GSE220243_broad	HLA-DRB1	mural_smooth_muscle	0.03180868551135063	-3.177156925201416	38219
GSE220243_broad	HLA-DRA	mural_smooth_muscle	0.026309743523597717	-3.4143154621124268	38220
GSE220243_broad	DCN	mural_smooth_muscle	1.6243842840194702	-3.466165542602539	38221
GSE220243_broad	CD74	mural_smooth_muscle	0.036243561655282974	-3.6687188148498535	38222
GSE220243_broad	COMP	mural_smooth_muscle	0.973024308681488	-3.6956920623779297	38223
GSE220243_broad	CLU	mural_smooth_muscle	1.3224247694015503	-3.8594889640808105	38224
GSE220243_broad	COL1A2	outer_fibrous_like	2.728209972381592	1.0463517904281616	1
GSE220243_broad	PRG4	outer_fibrous_like	2.2551798820495605	1.0327785015106201	2
GSE220243_broad	C1R	outer_fibrous_like	2.044367790222168	1.0177232027053833	3
GSE220243_broad	FSTL1	outer_fibrous_like	1.547309160232544	0.9073110818862915	4
GSE220243_broad	C1S	outer_fibrous_like	1.763169765472412	0.8887359499931335	5
GSE220243_broad	COL1A1	outer_fibrous_like	1.7747688293457031	0.8079736232757568	6
GSE220243_broad	CCDC80	outer_fibrous_like	1.681264042854309	0.8068652749061584	7
GSE220243_broad	EFEMP1	outer_fibrous_like	1.1044578552246094	0.7909511923789978	8
GSE220243_broad	MMP2	outer_fibrous_like	1.2501893043518066	0.7797192931175232	9
GSE220243_broad	WISP2	outer_fibrous_like	1.0736554861068726	0.7736334800720215	10
GSE220243_broad	PCOLCE	outer_fibrous_like	1.6402373313903809	0.735793948173523	11
GSE220243_broad	CYP1B1	outer_fibrous_like	1.243654489517212	0.7117787003517151	12
GSE220243_broad	ITGBL1	outer_fibrous_like	0.8502920269966125	0.6860567927360535	13
GSE220243_broad	VCAN	outer_fibrous_like	1.4565662145614624	0.6739305853843689	14
GSE220243_broad	NBL1	outer_fibrous_like	1.4153317213058472	0.6294012665748596	15
GSE220243_broad	TNXB	outer_fibrous_like	1.1938480138778687	0.6256325244903564	16
GSE220243_broad	DPT	outer_fibrous_like	1.3729008436203003	0.615850567817688	17
GSE220243_broad	CFH	outer_fibrous_like	2.0202486515045166	0.6056796312332153	18
GSE220243_broad	COL6A3	outer_fibrous_like	1.509960412979126	0.5966582298278809	19
GSE220243_broad	COL3A1	outer_fibrous_like	2.4249069690704346	0.5918378829956055	20
GSE220243_broad	SCARA5	outer_fibrous_like	0.7262522578239441	0.5496987104415894	21
GSE220243_broad	FBN1	outer_fibrous_like	0.8253359794616699	0.5321457386016846	22
GSE220243_broad	COL6A2	outer_fibrous_like	2.4302799701690674	0.5261020660400391	23
GSE220243_broad	PLA2G2A	outer_fibrous_like	2.714686632156372	0.5228402614593506	24
GSE220243_broad	PLAC9	outer_fibrous_like	2.0111660957336426	0.5153528451919556	25
GSE220243_broad	IGF1	outer_fibrous_like	0.8415903449058533	0.5075514316558838	26
GSE220243_broad	LIMA1	outer_fibrous_like	1.1497288942337036	0.5013195872306824	27
GSE220243_broad	SFRP1	outer_fibrous_like	0.9066436290740967	0.491168349981308	28
GSE220243_broad	PPIC	outer_fibrous_like	1.03066885471344	0.4789348244667053	29
GSE220243_broad	THBS4	outer_fibrous_like	0.9730941653251648	0.46221381425857544	30
GSE220243_broad	MFAP4	outer_fibrous_like	0.5956043004989624	0.46119147539138794	31
GSE220243_broad	TIMP1	outer_fibrous_like	2.5937063694000244	0.46097731590270996	32
GSE220243_broad	CRISPLD1	outer_fibrous_like	0.5462402105331421	0.45722442865371704	33
GSE220243_broad	CD81	outer_fibrous_like	2.7279434204101562	0.4557194709777832	34
GSE220243_broad	CTSK	outer_fibrous_like	1.0528607368469238	0.4352232813835144	35
GSE220243_broad	CPQ	outer_fibrous_like	0.8135851621627808	0.43430978059768677	36
GSE220243_broad	GSN	outer_fibrous_like	3.1912107467651367	0.4287683963775635	37
GSE220243_broad	SFRP2	outer_fibrous_like	0.5751606225967407	0.42149674892425537	38
GSE220243_broad	SMIM14	outer_fibrous_like	0.9100959897041321	0.40214431285858154	39
GSE220243_broad	SDC2	outer_fibrous_like	1.139539122581482	0.4002408981323242	40
GSE220243_broad	MFAP5	outer_fibrous_like	0.5160234570503235	0.3931902348995209	41
GSE220243_broad	C1QTNF3	outer_fibrous_like	0.48376163840293884	0.38747644424438477	42
GSE220243_broad	SERPINF1	outer_fibrous_like	1.2106289863586426	0.3823848366737366	43
GSE220243_broad	ISLR	outer_fibrous_like	1.084120750427246	0.38095784187316895	44
GSE220243_broad	BASP1	outer_fibrous_like	0.7151418328285217	0.36791905760765076	45
GSE220243_broad	PPIB	outer_fibrous_like	1.8152353763580322	0.3615260124206543	46
GSE220243_broad	PDGFRL	outer_fibrous_like	0.8788900375366211	0.3573179244995117	47
GSE220243_broad	SSPN	outer_fibrous_like	1.1024935245513916	0.35662412643432617	48
GSE220243_broad	PDGFRA	outer_fibrous_like	0.800801157951355	0.3544226288795471	49
GSE220243_broad	MXRA8	outer_fibrous_like	1.344603180885315	0.35123491287231445	50
GSE220243_broad	EPB41L2	outer_fibrous_like	1.0055453777313232	0.3507652282714844	51
GSE220243_broad	SEMA3C	outer_fibrous_like	0.5280972719192505	0.34860700368881226	52
GSE220243_broad	MRC2	outer_fibrous_like	0.7588921785354614	0.34700971841812134	53
GSE220243_broad	PTGDS	outer_fibrous_like	0.4481326639652252	0.34254875779151917	54
GSE220243_broad	COL6A1	outer_fibrous_like	1.9369683265686035	0.33866894245147705	55
GSE220243_broad	VEGFB	outer_fibrous_like	0.7629045248031616	0.3328414261341095	56
GSE220243_broad	CREB5	outer_fibrous_like	0.6838284730911255	0.32998302578926086	57
GSE220243_broad	ITGB8	outer_fibrous_like	0.47846969962120056	0.3291122317314148	58
GSE220243_broad	CTSF	outer_fibrous_like	0.7890130281448364	0.32565924525260925	59
GSE220243_broad	CD63	outer_fibrous_like	2.951093912124634	0.32184553146362305	60
GSE220243_broad	CCNG2	outer_fibrous_like	0.3184182941913605	-0.2603782117366791	36764
GSE220243_broad	ACKR3	outer_fibrous_like	1.0275877714157104	-0.2657812833786011	36802
GSE220243_broad	HSPA2	outer_fibrous_like	0.5442538261413574	-0.26770758628845215	36815
GSE220243_broad	PHF3	outer_fibrous_like	0.4855707883834839	-0.2706391215324402	36836
GSE220243_broad	RPL22L1	outer_fibrous_like	0.6851624846458435	-0.2891640067100525	36932
GSE220243_broad	PLP2	outer_fibrous_like	0.9404396414756775	-0.2927585244178772	36959
GSE220243_broad	CLEC3A	outer_fibrous_like	0.06320707499980927	-0.29484397172927856	36965
GSE220243_broad	FXYD6	outer_fibrous_like	0.43290644884109497	-0.31465667486190796	37041
GSE220243_broad	RNMT	outer_fibrous_like	0.40791675448417664	-0.3200778663158417	37068
GSE220243_broad	MIA	outer_fibrous_like	0.10356636345386505	-0.3217769265174866	37077
GSE220243_broad	PKM	outer_fibrous_like	1.388264775276184	-0.32872819900512695	37105
GSE220243_broad	PRDX6	outer_fibrous_like	1.048693060874939	-0.334608793258667	37131
GSE220243_broad	HAPLN1	outer_fibrous_like	0.16318631172180176	-0.3380146026611328	37140
GSE220243_broad	LTBP2	outer_fibrous_like	0.5732870697975159	-0.3411939740180969	37150
GSE220243_broad	SBSPON	outer_fibrous_like	0.07132145762443542	-0.3452991545200348	37169
GSE220243_broad	ID2	outer_fibrous_like	1.5590879917144775	-0.3457305431365967	37173
GSE220243_broad	OGN	outer_fibrous_like	1.0619714260101318	-0.3464277982711792	37176
GSE220243_broad	PGAM1	outer_fibrous_like	0.7503897547721863	-0.3480193018913269	37179
GSE220243_broad	CRYAB	outer_fibrous_like	1.6221566200256348	-0.3496735095977783	37192
GSE220243_broad	CTGF	outer_fibrous_like	1.4439599514007568	-0.35859954357147217	37220
GSE220243_broad	SERPINA3	outer_fibrous_like	0.10752073675394058	-0.3631472885608673	37236
GSE220243_broad	BCL6	outer_fibrous_like	0.3963177800178528	-0.3710951805114746	37268
GSE220243_broad	CTSG	outer_fibrous_like	0.001338290050625801	-0.37743479013442993	37287
GSE220243_broad	TMOD1	outer_fibrous_like	0.12290455400943756	-0.3827546238899231	37302
GSE220243_broad	RPLP0	outer_fibrous_like	2.47501277923584	-0.3849658966064453	37313
GSE220243_broad	HMGB2	outer_fibrous_like	0.4570849537849426	-0.3878006935119629	37323
GSE220243_broad	PHC2	outer_fibrous_like	0.24875468015670776	-0.39385056495666504	37342
GSE220243_broad	CCDC59	outer_fibrous_like	0.4523239731788635	-0.39554232358932495	37349
GSE220243_broad	TPI1	outer_fibrous_like	1.470941185951233	-0.4097398519515991	37378
GSE220243_broad	CTSW	outer_fibrous_like	0.004243482369929552	-0.4099125266075134	37379
GSE220243_broad	SCX	outer_fibrous_like	0.4723818600177765	-0.4111999571323395	37384
GSE220243_broad	PAPSS2	outer_fibrous_like	0.21349497139453888	-0.41562503576278687	37399
GSE220243_broad	UBE2B	outer_fibrous_like	1.0291951894760132	-0.4184049367904663	37408
GSE220243_broad	IL2RG	outer_fibrous_like	0.0011995701352134347	-0.4251018464565277	37420
GSE220243_broad	ANK3	outer_fibrous_like	0.17057713866233826	-0.4293934404850006	37430
GSE220243_broad	LAG3	outer_fibrous_like	0.18051309883594513	-0.4313228130340576	37437
GSE220243_broad	COPS2	outer_fibrous_like	0.44443753361701965	-0.4365081489086151	37449
GSE220243_broad	RHOBTB3	outer_fibrous_like	0.53798907995224	-0.43899989128112793	37457
GSE220243_broad	GABARAPL1	outer_fibrous_like	0.5991537570953369	-0.44123387336730957	37462
GSE220243_broad	SUB1	outer_fibrous_like	0.8865796327590942	-0.44226181507110596	37464
GSE220243_broad	SYTL3	outer_fibrous_like	0.0297418050467968	-0.44322943687438965	37468
GSE220243_broad	SYF2	outer_fibrous_like	0.8432657122612	-0.4435935616493225	37469
GSE220243_broad	PLOD2	outer_fibrous_like	0.677921712398529	-0.4475499987602234	37483
GSE220243_broad	POLR1D	outer_fibrous_like	0.6179500818252563	-0.44756293296813965	37484
GSE220243_broad	MT1G	outer_fibrous_like	0.18090948462486267	-0.4506055414676666	37493
GSE220243_broad	MS4A2	outer_fibrous_like	0.0008767357794567943	-0.4534631669521332	37503
GSE220243_broad	GGT5	outer_fibrous_like	0.3338671922683716	-0.464510440826416	37523
GSE220243_broad	SPOCK2	outer_fibrous_like	0.008024897426366806	-0.4690454602241516	37534
GSE220243_broad	ZFAND5	outer_fibrous_like	0.8700689077377319	-0.47383952140808105	37546
GSE220243_broad	ACAP1	outer_fibrous_like	0.031082190573215485	-0.4754670560359955	37552
GSE220243_broad	ELL2	outer_fibrous_like	0.41199588775634766	-0.4755294919013977	37553
GSE220243_broad	PTGES3	outer_fibrous_like	1.0253888368606567	-0.4764902591705322	37556
GSE220243_broad	MXI1	outer_fibrous_like	0.32523953914642334	-0.47669583559036255	37557
GSE220243_broad	ITGA4	outer_fibrous_like	0.014506123028695583	-0.48776617646217346	37577
GSE220243_broad	UBA2	outer_fibrous_like	0.29522615671157837	-0.48908787965774536	37581
GSE220243_broad	ADRA2A	outer_fibrous_like	0.015115529298782349	-0.49085357785224915	37584
GSE220243_broad	IGFBP5	outer_fibrous_like	1.0984792709350586	-0.4925035238265991	37589
GSE220243_broad	TUBA4A	outer_fibrous_like	0.1134255975484848	-0.49398237466812134	37590
GSE220243_broad	STK17A	outer_fibrous_like	0.198003351688385	-0.49720627069473267	37600
GSE220243_broad	FHL2	outer_fibrous_like	0.17630819976329803	-0.49795567989349365	37604
GSE220243_broad	COX7C	outer_fibrous_like	1.512102723121643	-0.5001283884048462	37608
GSE220243_broad	CCDC102B	outer_fibrous_like	0.04219770431518555	-0.5005593299865723	37609
GSE220243_broad	EML4	outer_fibrous_like	0.08996789157390594	-0.5052910447120667	37616
GSE220243_broad	COL2A1	outer_fibrous_like	0.059497810900211334	-0.5079152584075928	37620
GSE220243_broad	NEXN	outer_fibrous_like	0.13299250602722168	-0.5132624506950378	37634
GSE220243_broad	FIBIN	outer_fibrous_like	0.3926714360713959	-0.5147892236709595	37637
GSE220243_broad	TGFB1I1	outer_fibrous_like	0.37672168016433716	-0.5168634653091431	37642
GSE220243_broad	GUCY1A1	outer_fibrous_like	0.08901979774236679	-0.5207428336143494	37647
GSE220243_broad	BCL11B	outer_fibrous_like	0.0008143209852278233	-0.5235372185707092	37652
GSE220243_broad	MYO1B	outer_fibrous_like	0.312489777803421	-0.52375328540802	37653
GSE220243_broad	RPL22	outer_fibrous_like	2.4382195472717285	-0.5246388912200928	37657
GSE220243_broad	MRVI1	outer_fibrous_like	0.004917310085147619	-0.524817168712616	37658
GSE220243_broad	NR4A1	outer_fibrous_like	0.7488422393798828	-0.529028058052063	37670
GSE220243_broad	PPP1R3C	outer_fibrous_like	0.2730700373649597	-0.5341408252716064	37680
GSE220243_broad	CARMN	outer_fibrous_like	0.010900415480136871	-0.5380916595458984	37685
GSE220243_broad	RPS11	outer_fibrous_like	2.444985866546631	-0.5382962226867676	37686
GSE220243_broad	ITM2C	outer_fibrous_like	0.6437166333198547	-0.541824996471405	37693
GSE220243_broad	CHI3L2	outer_fibrous_like	0.8391024470329285	-0.5418478846549988	37694
GSE220243_broad	APOE	outer_fibrous_like	0.7720247507095337	-0.5520240068435669	37703
GSE220243_broad	KCNJ8	outer_fibrous_like	0.02914167381823063	-0.5533794164657593	37704
GSE220243_broad	ITGA10	outer_fibrous_like	0.22000831365585327	-0.5630598068237305	37712
GSE220243_broad	CNN1	outer_fibrous_like	0.012779945507645607	-0.5735650658607483	37725
GSE220243_broad	ANP32B	outer_fibrous_like	0.8150246739387512	-0.5739046931266785	37727
GSE220243_broad	PALLD	outer_fibrous_like	0.4749873876571655	-0.5739356279373169	37728
GSE220243_broad	FHL5	outer_fibrous_like	0.0029572949279099703	-0.5750694870948792	37731
GSE220243_broad	SLCO2A1	outer_fibrous_like	0.00456984480842948	-0.5780954360961914	37737
GSE220243_broad	ABCC9	outer_fibrous_like	0.09191694855690002	-0.584780216217041	37743
GSE220243_broad	SOX17	outer_fibrous_like	0.0017707007937133312	-0.5861350893974304	37746
GSE220243_broad	PPP2R5C	outer_fibrous_like	0.23253686726093292	-0.5908979773521423	37754
GSE220243_broad	HPGD	outer_fibrous_like	0.021603357046842575	-0.5911064743995667	37756
GSE220243_broad	GPR65	outer_fibrous_like	0.0009114035638049245	-0.5915571451187134	37758
GSE220243_broad	KCNMA1	outer_fibrous_like	0.35623419284820557	-0.5957739353179932	37766
GSE220243_broad	LGI4	outer_fibrous_like	0.053050585091114044	-0.5990192294120789	37770
GSE220243_broad	JAM2	outer_fibrous_like	0.1101469025015831	-0.5997767448425293	37771
GSE220243_broad	HIST1H1C	outer_fibrous_like	0.2390599399805069	-0.6017664074897766	37775
GSE220243_broad	NKG7	outer_fibrous_like	0.0008301984635181725	-0.604256808757782	37780
GSE220243_broad	WWP2	outer_fibrous_like	0.15315638482570648	-0.6045305728912354	37781
GSE220243_broad	TRBC1	outer_fibrous_like	0.0009492493118159473	-0.6135162115097046	37786
GSE220243_broad	LEPROTL1	outer_fibrous_like	0.16750220954418182	-0.6149410605430603	37788
GSE220243_broad	ATF3	outer_fibrous_like	0.9097841382026672	-0.6199424862861633	37791
GSE220243_broad	PDE5A	outer_fibrous_like	0.16085949540138245	-0.6203649044036865	37792
GSE220243_broad	DCXR	outer_fibrous_like	0.3333630859851837	-0.6218637228012085	37795
GSE220243_broad	RPL24	outer_fibrous_like	2.8039536476135254	-0.6228876113891602	37796
GSE220243_broad	SLC7A2	outer_fibrous_like	0.18095917999744415	-0.6243361830711365	37801
GSE220243_broad	CEBPD	outer_fibrous_like	1.9996603727340698	-0.6243523359298706	37802
GSE220243_broad	CD3G	outer_fibrous_like	0.0007818128215149045	-0.6255868673324585	37805
GSE220243_broad	MMRN2	outer_fibrous_like	0.017402762547135353	-0.6270734071731567	37807
GSE220243_broad	RBP4	outer_fibrous_like	0.3437402844429016	-0.6282206177711487	37810
GSE220243_broad	RHOH	outer_fibrous_like	0.0011357993353158236	-0.6378388404846191	37823
GSE220243_broad	RAB11A	outer_fibrous_like	0.38053324818611145	-0.6392170190811157	37824
GSE220243_broad	YBX3	outer_fibrous_like	1.6270641088485718	-0.6411048173904419	37826
GSE220243_broad	CDC42SE2	outer_fibrous_like	0.08455097675323486	-0.6435528993606567	37828
GSE220243_broad	BIRC3	outer_fibrous_like	0.06298531591892242	-0.6476141214370728	37831
GSE220243_broad	IKZF1	outer_fibrous_like	0.0018841263372451067	-0.6500580310821533	37837
GSE220243_broad	ACAN	outer_fibrous_like	0.23185816407203674	-0.6510138511657715	37838
GSE220243_broad	GZMK	outer_fibrous_like	0.0018398533575236797	-0.6525379419326782	37840
GSE220243_broad	CCNB1IP1	outer_fibrous_like	0.29493722319602966	-0.6526813507080078	37841
GSE220243_broad	RDX	outer_fibrous_like	0.45428362488746643	-0.6536681652069092	37843
GSE220243_broad	CIRBP	outer_fibrous_like	1.5331718921661377	-0.6540274620056152	37844
GSE220243_broad	TNFRSF11B	outer_fibrous_like	0.40749070048332214	-0.6556625366210938	37845
GSE220243_broad	CHAD	outer_fibrous_like	0.07933731377124786	-0.656209409236908	37847
GSE220243_broad	RSL24D1	outer_fibrous_like	0.8142865896224976	-0.6584721803665161	37849
GSE220243_broad	ENO1	outer_fibrous_like	1.4650566577911377	-0.6603226661682129	37851
GSE220243_broad	PLAT	outer_fibrous_like	0.06498296558856964	-0.6606623530387878	37852
GSE220243_broad	CST7	outer_fibrous_like	0.0009248486021533608	-0.6648854613304138	37855
GSE220243_broad	GZMA	outer_fibrous_like	0.0008044444839470088	-0.6655250787734985	37856
GSE220243_broad	SARAF	outer_fibrous_like	0.8317612409591675	-0.6662037372589111	37858
GSE220243_broad	FKBP1A	outer_fibrous_like	0.660722017288208	-0.6714589595794678	37866
GSE220243_broad	ERRFI1	outer_fibrous_like	0.8612111806869507	-0.6738171577453613	37869
GSE220243_broad	TSPAN7	outer_fibrous_like	0.08470582216978073	-0.6753710508346558	37870
GSE220243_broad	TPSB2	outer_fibrous_like	0.001514276722446084	-0.67955482006073	37872
GSE220243_broad	KLRB1	outer_fibrous_like	0.0008352661971002817	-0.6803392767906189	37873
GSE220243_broad	MYCT1	outer_fibrous_like	0.0013932071160525084	-0.6804757714271545	37874
GSE220243_broad	EIF1	outer_fibrous_like	3.074411392211914	-0.6868915557861328	37876
GSE220243_broad	TCF4	outer_fibrous_like	1.11318838596344	-0.689660906791687	37881
GSE220243_broad	NUPR1	outer_fibrous_like	1.586319923400879	-0.6902642250061035	37882
GSE220243_broad	CD3E	outer_fibrous_like	0.0004630875482689589	-0.6961733102798462	37884
GSE220243_broad	LDHA	outer_fibrous_like	2.1686344146728516	-0.702329158782959	37889
GSE220243_broad	SLPI	outer_fibrous_like	0.2727164924144745	-0.7069127559661865	37892
GSE220243_broad	IFITM2	outer_fibrous_like	1.4613081216812134	-0.7082477807998657	37895
GSE220243_broad	LTB	outer_fibrous_like	0.0018194824224337935	-0.7133280038833618	37899
GSE220243_broad	PALMD	outer_fibrous_like	0.47678953409194946	-0.7186854481697083	37901
GSE220243_broad	COX4I2	outer_fibrous_like	0.008530226536095142	-0.7209511995315552	37903
GSE220243_broad	CYYR1	outer_fibrous_like	0.003367725759744644	-0.7218372821807861	37905
GSE220243_broad	PTPRB	outer_fibrous_like	0.0025268993340432644	-0.7263103723526001	37910
GSE220243_broad	GAPDH	outer_fibrous_like	2.6284165382385254	-0.7275404930114746	37911
GSE220243_broad	PLN	outer_fibrous_like	0.008934885263442993	-0.7301000356674194	37913
GSE220243_broad	RUNX3	outer_fibrous_like	0.003997560124844313	-0.7311385273933411	37915
GSE220243_broad	BGN	outer_fibrous_like	2.0840132236480713	-0.73667311668396	37921
GSE220243_broad	CPA3	outer_fibrous_like	0.0022365543991327286	-0.7396039962768555	37924
GSE220243_broad	VEGFA	outer_fibrous_like	0.5523690581321716	-0.7411262392997742	37926
GSE220243_broad	TM4SF18	outer_fibrous_like	0.001281185308471322	-0.7412891387939453	37927
GSE220243_broad	RRAD	outer_fibrous_like	0.20825590193271637	-0.7483409643173218	37933
GSE220243_broad	LMCD1	outer_fibrous_like	0.25589635968208313	-0.756027340888977	37937
GSE220243_broad	CSRP1	outer_fibrous_like	0.6173533797264099	-0.7571389079093933	37938
GSE220243_broad	NPM1	outer_fibrous_like	1.7069710493087769	-0.7576373815536499	37940
GSE220243_broad	SNHG12	outer_fibrous_like	0.32459208369255066	-0.7592490911483765	37943
GSE220243_broad	MT1M	outer_fibrous_like	1.2378920316696167	-0.7624830007553101	37944
GSE220243_broad	CAVIN2	outer_fibrous_like	0.05569642782211304	-0.7624858617782593	37945
GSE220243_broad	PMEPA1	outer_fibrous_like	0.798095703125	-0.7645565271377563	37947
GSE220243_broad	HYAL2	outer_fibrous_like	0.13758254051208496	-0.7681143879890442	37949
GSE220243_broad	SPTBN1	outer_fibrous_like	0.7368994951248169	-0.7699712514877319	37951
GSE220243_broad	FAM107B	outer_fibrous_like	0.34082478284835815	-0.7768134474754333	37955
GSE220243_broad	KCNE4	outer_fibrous_like	0.3759811818599701	-0.7824064493179321	37959
GSE220243_broad	CDH5	outer_fibrous_like	0.0026172518264502287	-0.7845280766487122	37963
GSE220243_broad	C2ORF40	outer_fibrous_like	1.030566692352295	-0.7893126010894775	37967
GSE220243_broad	CCL14	outer_fibrous_like	0.005969827529042959	-0.7930397987365723	37972
GSE220243_broad	TAF1D	outer_fibrous_like	0.6787897944450378	-0.7975290417671204	37975
GSE220243_broad	PODXL	outer_fibrous_like	0.027860412374138832	-0.7997985482215881	37977
GSE220243_broad	FRZB	outer_fibrous_like	0.133780837059021	-0.7998985052108765	37978
GSE220243_broad	NEDD9	outer_fibrous_like	0.04816412180662155	-0.8005068302154541	37979
GSE220243_broad	HSPG2	outer_fibrous_like	0.4895957410335541	-0.8007376194000244	37980
GSE220243_broad	ELK3	outer_fibrous_like	0.37983015179634094	-0.807680606842041	37984
GSE220243_broad	RPL28	outer_fibrous_like	2.978573799133301	-0.8085384368896484	37985
GSE220243_broad	FBXO2	outer_fibrous_like	0.16135315597057343	-0.8092129230499268	37987
GSE220243_broad	MFGE8	outer_fibrous_like	1.127798080444336	-0.8123908042907715	37989
GSE220243_broad	TPSAB1	outer_fibrous_like	0.0022141810040920973	-0.8239741921424866	37992
GSE220243_broad	TRAC	outer_fibrous_like	0.015072794631123543	-0.8289843201637268	37995
GSE220243_broad	RAC2	outer_fibrous_like	0.0038065568078309298	-0.8331623077392578	37997
GSE220243_broad	SLC39A14	outer_fibrous_like	0.7100311517715454	-0.8334245681762695	37998
GSE220243_broad	GIMAP1	outer_fibrous_like	0.003888167906552553	-0.8335695266723633	37999
GSE220243_broad	CXCL2	outer_fibrous_like	0.19267286360263824	-0.8340067863464355	38000
GSE220243_broad	MAFB	outer_fibrous_like	1.148113489151001	-0.8355181217193604	38003
GSE220243_broad	CYTIP	outer_fibrous_like	0.002435300499200821	-0.8360559344291687	38004
GSE220243_broad	ARL4C	outer_fibrous_like	0.19837631285190582	-0.8389286994934082	38005
GSE220243_broad	FPR3	outer_fibrous_like	0.0009797040838748217	-0.839910626411438	38007
GSE220243_broad	NRN1	outer_fibrous_like	0.2906966805458069	-0.8532798886299133	38011
GSE220243_broad	MGST2	outer_fibrous_like	0.11173191666603088	-0.8560837507247925	38013
GSE220243_broad	NNMT	outer_fibrous_like	2.481781005859375	-0.8583245277404785	38014
GSE220243_broad	PPP1R12A	outer_fibrous_like	0.4858325719833374	-0.8588682413101196	38016
GSE220243_broad	TRBC2	outer_fibrous_like	0.0013945992104709148	-0.8673579692840576	38018
GSE220243_broad	DUSP2	outer_fibrous_like	0.03849475085735321	-0.8680500388145447	38019
GSE220243_broad	PCAT19	outer_fibrous_like	0.0034130059648305178	-0.8725842237472534	38020
GSE220243_broad	CRIP2	outer_fibrous_like	0.8527940511703491	-0.8727930784225464	38021
GSE220243_broad	CILP2	outer_fibrous_like	0.26345935463905334	-0.8744561672210693	38022
GSE220243_broad	PGK1	outer_fibrous_like	0.9433947801589966	-0.8749716281890869	38023
GSE220243_broad	EZR	outer_fibrous_like	0.46477609872817993	-0.8781055808067322	38024
GSE220243_broad	RBPJ	outer_fibrous_like	0.7306413054466248	-0.8803932070732117	38025
GSE220243_broad	AQP1	outer_fibrous_like	1.0251524448394775	-0.8899240493774414	38028
GSE220243_broad	CD3D	outer_fibrous_like	0.001105784671381116	-0.8919012546539307	38030
GSE220243_broad	EPB41L4A-AS1	outer_fibrous_like	0.5826793313026428	-0.892995297908783	38032
GSE220243_broad	VWF	outer_fibrous_like	0.005217188037931919	-0.9067496061325073	38037
GSE220243_broad	LPP	outer_fibrous_like	0.5447221398353577	-0.9083409905433655	38038
GSE220243_broad	SNHG8	outer_fibrous_like	0.8375100493431091	-0.9085295796394348	38039
GSE220243_broad	ITM2A	outer_fibrous_like	0.45819002389907837	-0.9207729697227478	38040
GSE220243_broad	HES4	outer_fibrous_like	0.06676055490970612	-0.9357041120529175	38043
GSE220243_broad	RPS20	outer_fibrous_like	1.8873443603515625	-0.9365673065185547	38044
GSE220243_broad	ADIRF	outer_fibrous_like	1.9469435214996338	-0.9371321201324463	38045
GSE220243_broad	GALNT15	outer_fibrous_like	0.47318035364151	-0.9398935437202454	38047
GSE220243_broad	RAMP3	outer_fibrous_like	0.02175886370241642	-0.9415850639343262	38048
GSE220243_broad	STK17B	outer_fibrous_like	0.15617474913597107	-0.9422906637191772	38049
GSE220243_broad	PCOLCE2	outer_fibrous_like	1.4084886312484741	-0.9429138898849487	38050
GSE220243_broad	MAP1B	outer_fibrous_like	0.3781404197216034	-0.9450314044952393	38051
GSE220243_broad	FCGR2B	outer_fibrous_like	0.0013785188784822822	-0.9476264715194702	38053
GSE220243_broad	LMOD1	outer_fibrous_like	0.052237264811992645	-0.9570255279541016	38058
GSE220243_broad	DCN	outer_fibrous_like	4.132246494293213	-0.9583034515380859	38059
GSE220243_broad	IGFBP2	outer_fibrous_like	0.15855079889297485	-0.9612223505973816	38060
GSE220243_broad	GRN	outer_fibrous_like	0.653846263885498	-0.9632887840270996	38061
GSE220243_broad	SAMSN1	outer_fibrous_like	0.0012812439817935228	-0.965383768081665	38062
GSE220243_broad	RGCC	outer_fibrous_like	1.3226906061172485	-0.9718714952468872	38066
GSE220243_broad	PLEK	outer_fibrous_like	0.00178177235648036	-0.9749193787574768	38067
GSE220243_broad	CD34	outer_fibrous_like	0.21330991387367249	-0.975511908531189	38068
GSE220243_broad	CXCL3	outer_fibrous_like	0.09823708981275558	-0.9770732522010803	38069
GSE220243_broad	CLDN5	outer_fibrous_like	0.011535330675542355	-0.9781973958015442	38070
GSE220243_broad	STK4	outer_fibrous_like	0.11727545410394669	-0.9828152656555176	38071
GSE220243_broad	CPVL	outer_fibrous_like	0.024080753326416016	-0.9830079078674316	38072
GSE220243_broad	NOTCH3	outer_fibrous_like	0.08139538764953613	-0.9883402585983276	38074
GSE220243_broad	ID4	outer_fibrous_like	0.6647285223007202	-0.9933254718780518	38075
GSE220243_broad	EPS8	outer_fibrous_like	0.5808811783790588	-0.9941917061805725	38076
GSE220243_broad	MYLK	outer_fibrous_like	0.07921891659498215	-1.0041635036468506	38078
GSE220243_broad	STEAP4	outer_fibrous_like	0.4895181953907013	-1.007062554359436	38079
GSE220243_broad	GJA4	outer_fibrous_like	0.006042079534381628	-1.0109143257141113	38080
GSE220243_broad	CCL3	outer_fibrous_like	0.013068693690001965	-1.025831937789917	38081
GSE220243_broad	CD2	outer_fibrous_like	0.0011832498712465167	-1.0260616540908813	38082
GSE220243_broad	ARHGAP18	outer_fibrous_like	0.10532616078853607	-1.0264456272125244	38083
GSE220243_broad	MTUS1	outer_fibrous_like	0.28717100620269775	-1.0309381484985352	38084
GSE220243_broad	MAF	outer_fibrous_like	0.33349868655204773	-1.0322920083999634	38085
GSE220243_broad	NPDC1	outer_fibrous_like	0.3398340940475464	-1.0347042083740234	38086
GSE220243_broad	SLC25A37	outer_fibrous_like	0.49807870388031006	-1.036689281463623	38087
GSE220243_broad	CREM	outer_fibrous_like	0.2512591481208801	-1.039867877960205	38090
GSE220243_broad	CD48	outer_fibrous_like	0.0009099418530240655	-1.0457825660705566	38092
GSE220243_broad	SPI1	outer_fibrous_like	0.002982295351102948	-1.0474551916122437	38093
GSE220243_broad	FLT1	outer_fibrous_like	0.009783081710338593	-1.047783613204956	38094
GSE220243_broad	APOD	outer_fibrous_like	0.5666174292564392	-1.0533783435821533	38097
GSE220243_broad	CSF1R	outer_fibrous_like	0.0024604005739092827	-1.064609169960022	38098
GSE220243_broad	PNRC1	outer_fibrous_like	1.6341772079467773	-1.0658795833587646	38099
GSE220243_broad	LILRB5	outer_fibrous_like	0.0019167079590260983	-1.0687222480773926	38101
GSE220243_broad	IFI30	outer_fibrous_like	0.05423067882657051	-1.0696271657943726	38102
GSE220243_broad	SPRY1	outer_fibrous_like	0.23670139908790588	-1.0700150728225708	38103
GSE220243_broad	FILIP1L	outer_fibrous_like	0.546279788017273	-1.072450876235962	38104
GSE220243_broad	MYH11	outer_fibrous_like	0.011705735698342323	-1.0728442668914795	38105
GSE220243_broad	ADAMTS1	outer_fibrous_like	0.5812962055206299	-1.074751615524292	38106
GSE220243_broad	F13A1	outer_fibrous_like	0.009131300263106823	-1.0841469764709473	38107
GSE220243_broad	MSR1	outer_fibrous_like	0.0014665101189166307	-1.1156561374664307	38111
GSE220243_broad	COL18A1	outer_fibrous_like	0.3025795519351959	-1.1168879270553589	38112
GSE220243_broad	ECSCR	outer_fibrous_like	0.004347172565758228	-1.1196389198303223	38113
GSE220243_broad	SERPINA1	outer_fibrous_like	0.22446417808532715	-1.1265000104904175	38114
GSE220243_broad	ACKR1	outer_fibrous_like	0.008021913468837738	-1.1369974613189697	38115
GSE220243_broad	SYNPO2	outer_fibrous_like	0.08682305365800858	-1.1383012533187866	38116
GSE220243_broad	CD93	outer_fibrous_like	0.0031866622157394886	-1.1506164073944092	38118
GSE220243_broad	FTH1	outer_fibrous_like	3.519498825073242	-1.1702489852905273	38119
GSE220243_broad	LGMN	outer_fibrous_like	0.3131546974182129	-1.179675579071045	38121
GSE220243_broad	CLEC14A	outer_fibrous_like	0.014309978112578392	-1.1829582452774048	38122
GSE220243_broad	STAB1	outer_fibrous_like	0.015620723366737366	-1.18338942527771	38123
GSE220243_broad	SYNE2	outer_fibrous_like	0.14774297177791595	-1.1836087703704834	38124
GSE220243_broad	CPE	outer_fibrous_like	0.12259473651647568	-1.1845386028289795	38125
GSE220243_broad	ITGA6	outer_fibrous_like	0.12181922793388367	-1.1882010698318481	38126
GSE220243_broad	TGFBI	outer_fibrous_like	0.48488155007362366	-1.1900265216827393	38127
GSE220243_broad	ADGRL4	outer_fibrous_like	0.006428970955312252	-1.1944940090179443	38128
GSE220243_broad	SELENOP	outer_fibrous_like	1.1290104389190674	-1.1945807933807373	38129
GSE220243_broad	FCGR2A	outer_fibrous_like	0.011425725184381008	-1.2090641260147095	38130
GSE220243_broad	CD69	outer_fibrous_like	0.00200667860917747	-1.2116574048995972	38132
GSE220243_broad	MT1E	outer_fibrous_like	1.696401834487915	-1.217951774597168	38133
GSE220243_broad	SLC9A3R2	outer_fibrous_like	0.14992846548557281	-1.2252413034439087	38134
GSE220243_broad	RPS29	outer_fibrous_like	2.1128549575805664	-1.226590633392334	38135
GSE220243_broad	IL32	outer_fibrous_like	0.1636151671409607	-1.2295570373535156	38136
GSE220243_broad	SCRG1	outer_fibrous_like	0.8807622790336609	-1.241187572479248	38137
GSE220243_broad	CALD1	outer_fibrous_like	1.775382161140442	-1.2543023824691772	38139
GSE220243_broad	HLA-E	outer_fibrous_like	1.436846375465393	-1.2544008493423462	38140
GSE220243_broad	CD68	outer_fibrous_like	0.4390139579772949	-1.270235300064087	38141
GSE220243_broad	KLF2	outer_fibrous_like	0.8736871480941772	-1.2859019041061401	38142
GSE220243_broad	FMOD	outer_fibrous_like	1.3277510404586792	-1.2862602472305298	38143
GSE220243_broad	PPP1R14A	outer_fibrous_like	0.011197946965694427	-1.2894538640975952	38145
GSE220243_broad	CCL5	outer_fibrous_like	0.006938980892300606	-1.3019464015960693	38146
GSE220243_broad	SOX18	outer_fibrous_like	0.004075095523148775	-1.3068315982818604	38147
GSE220243_broad	TPM1	outer_fibrous_like	0.7225131392478943	-1.3091888427734375	38148
GSE220243_broad	DDIT4	outer_fibrous_like	1.2191449403762817	-1.3246089220046997	38149
GSE220243_broad	SOD3	outer_fibrous_like	1.2661311626434326	-1.333833932876587	38150
GSE220243_broad	CYBA	outer_fibrous_like	0.8518281579017639	-1.3354125022888184	38151
GSE220243_broad	FGFBP2	outer_fibrous_like	0.7919920086860657	-1.3374223709106445	38152
GSE220243_broad	MRC1	outer_fibrous_like	0.0023335034493356943	-1.3380978107452393	38153
GSE220243_broad	MCAM	outer_fibrous_like	0.026733197271823883	-1.338520884513855	38154
GSE220243_broad	EGFL7	outer_fibrous_like	0.03179650753736496	-1.3488489389419556	38155
GSE220243_broad	RAMP2	outer_fibrous_like	0.41748711466789246	-1.3516961336135864	38156
GSE220243_broad	CHI3L1	outer_fibrous_like	0.5869364738464355	-1.3526322841644287	38157
GSE220243_broad	EMCN	outer_fibrous_like	0.004386008717119694	-1.364526391029358	38158
GSE220243_broad	MS4A7	outer_fibrous_like	0.0026438357308506966	-1.3656140565872192	38159
GSE220243_broad	CD163	outer_fibrous_like	0.0019974890165030956	-1.3882501125335693	38160
GSE220243_broad	IL7R	outer_fibrous_like	0.002554266480728984	-1.3937162160873413	38161
GSE220243_broad	LYVE1	outer_fibrous_like	0.012708526104688644	-1.4004570245742798	38162
GSE220243_broad	HLA-DMA	outer_fibrous_like	0.08207536488771439	-1.4037165641784668	38163
GSE220243_broad	GIMAP7	outer_fibrous_like	0.005435768514871597	-1.4042627811431885	38164
GSE220243_broad	VSIG4	outer_fibrous_like	0.002004627836868167	-1.411104440689087	38165
GSE220243_broad	TINAGL1	outer_fibrous_like	0.014112084172666073	-1.4124164581298828	38166
GSE220243_broad	SOD2	outer_fibrous_like	1.4519912004470825	-1.4289203882217407	38167
GSE220243_broad	CALCRL	outer_fibrous_like	0.09310898929834366	-1.4318982362747192	38168
GSE220243_broad	CD14	outer_fibrous_like	0.20976343750953674	-1.436877965927124	38169
GSE220243_broad	FTL	outer_fibrous_like	3.8685989379882812	-1.442594051361084	38170
GSE220243_broad	CTSB	outer_fibrous_like	0.7846956253051758	-1.445207118988037	38171
GSE220243_broad	NDUFA4L2	outer_fibrous_like	1.737884521484375	-1.449733018875122	38172
GSE220243_broad	PLVAP	outer_fibrous_like	0.005185804329812527	-1.455654501914978	38173
GSE220243_broad	VAMP8	outer_fibrous_like	0.039165038615465164	-1.4804949760437012	38174
GSE220243_broad	CTSZ	outer_fibrous_like	0.776400625705719	-1.514279842376709	38175
GSE220243_broad	CD52	outer_fibrous_like	0.0029345587827265263	-1.557570457458496	38177
GSE220243_broad	CXCL8	outer_fibrous_like	0.061389509588479996	-1.5690650939941406	38178
GSE220243_broad	IFI27	outer_fibrous_like	0.7503045797348022	-1.594389796257019	38180
GSE220243_broad	GLRX	outer_fibrous_like	0.6405717134475708	-1.6280356645584106	38181
GSE220243_broad	FOLR2	outer_fibrous_like	0.003083381336182356	-1.6334803104400635	38182
GSE220243_broad	MARCO	outer_fibrous_like	0.004188339691609144	-1.653016448020935	38183
GSE220243_broad	NR2F2	outer_fibrous_like	0.42016491293907166	-1.6554099321365356	38184
GSE220243_broad	C11ORF96	outer_fibrous_like	1.0208349227905273	-1.6596417427062988	38185
GSE220243_broad	CLU	outer_fibrous_like	3.519179344177246	-1.6627345085144043	38186
GSE220243_broad	HLA-DQB1	outer_fibrous_like	0.05945424363017082	-1.6742870807647705	38187
GSE220243_broad	MYL9	outer_fibrous_like	0.8922477960586548	-1.7144752740859985	38188
GSE220243_broad	HLA-DQA1	outer_fibrous_like	0.008231026120483875	-1.7175657749176025	38189
GSE220243_broad	CXCR4	outer_fibrous_like	0.005345814395695925	-1.726039171218872	38190
GSE220243_broad	CYBB	outer_fibrous_like	0.0024574268609285355	-1.7289049625396729	38191
GSE220243_broad	PRELP	outer_fibrous_like	1.8917075395584106	-1.7435795068740845	38192
GSE220243_broad	PECAM1	outer_fibrous_like	0.014261137694120407	-1.7690058946609497	38193
GSE220243_broad	LYZ	outer_fibrous_like	0.004568023141473532	-1.7963443994522095	38194
GSE220243_broad	TM4SF1	outer_fibrous_like	0.40453049540519714	-1.8047654628753662	38195
GSE220243_broad	PTPRC	outer_fibrous_like	0.003611712483689189	-1.8182828426361084	38196
GSE220243_broad	TPM2	outer_fibrous_like	0.6655259132385254	-1.8189544677734375	38197
GSE220243_broad	GPX3	outer_fibrous_like	1.5689363479614258	-1.8497920036315918	38198
GSE220243_broad	MMP3	outer_fibrous_like	0.22344718873500824	-1.8619147539138794	38199
GSE220243_broad	GNG11	outer_fibrous_like	0.6160357594490051	-1.8847362995147705	38200
GSE220243_broad	LAPTM5	outer_fibrous_like	0.019652431830763817	-1.9108268022537231	38201
GSE220243_broad	CILP	outer_fibrous_like	0.9112492799758911	-1.9129806756973267	38202
GSE220243_broad	MS4A6A	outer_fibrous_like	0.00394274340942502	-1.9130313396453857	38203
GSE220243_broad	CTSS	outer_fibrous_like	0.10833896696567535	-1.9437941312789917	38204
GSE220243_broad	HLA-DRB5	outer_fibrous_like	0.13325108587741852	-1.9845846891403198	38205
GSE220243_broad	IGFBP7	outer_fibrous_like	2.1843395233154297	-2.005002975463867	38206
GSE220243_broad	FCER1G	outer_fibrous_like	0.008269852958619595	-2.0419750213623047	38207
GSE220243_broad	C1QC	outer_fibrous_like	0.0048314169980585575	-2.1350882053375244	38208
GSE220243_broad	MT1X	outer_fibrous_like	2.2073402404785156	-2.2201709747314453	38209
GSE220243_broad	HLA-DPB1	outer_fibrous_like	0.2660459280014038	-2.286416530609131	38210
GSE220243_broad	COMP	outer_fibrous_like	2.3606040477752686	-2.308112382888794	38211
GSE220243_broad	C1QB	outer_fibrous_like	0.007448767777532339	-2.3280189037323	38212
GSE220243_broad	AIF1	outer_fibrous_like	0.0066926078870892525	-2.3490190505981445	38213
GSE220243_broad	HLA-DPA1	outer_fibrous_like	0.1391828954219818	-2.453188896179199	38214
GSE220243_broad	TYROBP	outer_fibrous_like	0.01250514481216669	-2.514075756072998	38215
GSE220243_broad	ACTA2	outer_fibrous_like	0.10059944540262222	-2.5656800270080566	38216
GSE220243_broad	SRGN	outer_fibrous_like	0.18840305507183075	-2.5950334072113037	38217
GSE220243_broad	C1QA	outer_fibrous_like	0.010386168956756592	-2.6355533599853516	38218
GSE220243_broad	RNASE1	outer_fibrous_like	0.015901939943432808	-2.669343948364258	38219
GSE220243_broad	RGS5	outer_fibrous_like	0.04300861060619354	-2.734790086746216	38220
GSE220243_broad	HLA-DRB1	outer_fibrous_like	0.275115966796875	-2.933849573135376	38221
GSE220243_broad	TAGLN	outer_fibrous_like	0.7445091605186462	-3.1050596237182617	38222
GSE220243_broad	HLA-DRA	outer_fibrous_like	0.12165616452693939	-3.3189690113067627	38223
GSE220243_broad	CD74	outer_fibrous_like	0.28453028202056885	-3.4204320907592773	38224
GSE220243_broad	CD52	t_nk	1.5605050325393677	1.4666837453842163	1
GSE220243_broad	IL7R	t_nk	1.396270513534546	1.3490147590637207	2
GSE220243_broad	CCL5	t_nk	1.3088853359222412	1.2764021158218384	3
GSE220243_broad	CD69	t_nk	1.2136640548706055	1.1568186283111572	4
GSE220243_broad	CXCR4	t_nk	1.7313849925994873	1.1080228090286255	5
GSE220243_broad	CD2	t_nk	1.0272449254989624	1.0008946657180786	6
GSE220243_broad	SRGN	t_nk	2.7834365367889404	0.9718658924102783	7
GSE220243_broad	CD48	t_nk	1.0466924905776978	0.9298324584960938	8
GSE220243_broad	CREM	t_nk	1.2911269664764404	0.8893059492111206	9
GSE220243_broad	CD3D	t_nk	0.8930070400238037	0.887880802154541	10
GSE220243_broad	TRBC2	t_nk	0.8687525391578674	0.8642827272415161	11
GSE220243_broad	TRAC	t_nk	0.8440571427345276	0.8289843201637268	12
GSE220243_broad	TPSAB1	t_nk	0.8261883854866028	0.823615312576294	13
GSE220243_broad	IL32	t_nk	1.393172264099121	0.8081110715866089	14
GSE220243_broad	SAMSN1	t_nk	0.9666650295257568	0.7578147649765015	15
GSE220243_broad	RPS29	t_nk	3.3394455909729004	0.7504661083221436	16
GSE220243_broad	CPA3	t_nk	0.7418405413627625	0.7387731075286865	17
GSE220243_broad	CD3E	t_nk	0.6966363787651062	0.6936550140380859	18
GSE220243_broad	KLRB1	t_nk	0.6811745166778564	0.6799015998840332	19
GSE220243_broad	TPSB2	t_nk	0.6810690760612488	0.6757422685623169	20
GSE220243_broad	LTB	t_nk	0.7151474952697754	0.6735904216766357	21
GSE220243_broad	FAM107B	t_nk	1.1176382303237915	0.6641777753829956	22
GSE220243_broad	GZMA	t_nk	0.6663295030593872	0.6638613939285278	23
GSE220243_broad	RAC2	t_nk	0.8369688391685486	0.6555989384651184	24
GSE220243_broad	CST7	t_nk	0.6658102869987488	0.6509971022605896	25
GSE220243_broad	GZMK	t_nk	0.654377818107605	0.650477409362793	26
GSE220243_broad	RHOH	t_nk	0.638974666595459	0.6313354969024658	27
GSE220243_broad	CD3G	t_nk	0.6263687014579773	0.6240226030349731	28
GSE220243_broad	TRBC1	t_nk	0.6144654750823975	0.611739993095398	29
GSE220243_broad	RPL28	t_nk	3.787112236022949	0.6079797744750977	30
GSE220243_broad	NKG7	t_nk	0.6050869822502136	0.6005798578262329	31
GSE220243_broad	STK4	t_nk	1.100090742111206	0.5888654589653015	32
GSE220243_broad	PTPRC	t_nk	1.8218945264816284	0.5761687755584717	33
GSE220243_broad	DUSP2	t_nk	0.9065448045730591	0.5756118893623352	34
GSE220243_broad	RUNX3	t_nk	0.735136091709137	0.5748326182365417	35
GSE220243_broad	LEPROTL1	t_nk	0.7824432849884033	0.5606492757797241	36
GSE220243_broad	ARL4C	t_nk	1.0373049974441528	0.5361671447753906	37
GSE220243_broad	BCL11B	t_nk	0.5243515372276306	0.5212448239326477	38
GSE220243_broad	STK17B	t_nk	1.0984654426574707	0.5037410855293274	39
GSE220243_broad	PPP2R5C	t_nk	0.8234348297119141	0.48336103558540344	40
GSE220243_broad	CYTIP	t_nk	0.8384912610054016	0.4752969741821289	41
GSE220243_broad	GPR65	t_nk	0.5924685597419739	0.4649236798286438	42
GSE220243_broad	CDC42SE2	t_nk	0.7281038761138916	0.46298545598983765	43
GSE220243_broad	EZR	t_nk	1.342881679534912	0.4599294066429138	44
GSE220243_broad	SARAF	t_nk	1.4979649782180786	0.45635175704956055	45
GSE220243_broad	MS4A2	t_nk	0.4543398916721344	0.4527718424797058	46
GSE220243_broad	STK17A	t_nk	0.6952096223831177	0.4454849362373352	47
GSE220243_broad	ACAP1	t_nk	0.5065492391586304	0.4402008354663849	48
GSE220243_broad	SPOCK2	t_nk	0.4770703613758087	0.4307652711868286	49
GSE220243_broad	HPGD	t_nk	0.6127098202705383	0.40699291229248047	50
GSE220243_broad	SUB1	t_nk	1.3288414478302002	0.4069172739982605	51
GSE220243_broad	CTSW	t_nk	0.4141560196876526	0.40570729970932007	52
GSE220243_broad	ITGA4	t_nk	0.5022723078727722	0.4011598825454712	53
GSE220243_broad	IL2RG	t_nk	0.42630141973495483	0.390689879655838	54
GSE220243_broad	BIRC3	t_nk	0.710599422454834	0.38941487669944763	55
GSE220243_broad	SYTL3	t_nk	0.47297123074531555	0.38819941878318787	56
GSE220243_broad	IKZF1	t_nk	0.6519421339035034	0.38199520111083984	57
GSE220243_broad	CTSG	t_nk	0.3787730932235718	0.3761240541934967	58
GSE220243_broad	TUBA4A	t_nk	0.6074079871177673	0.37288349866867065	59
GSE220243_broad	EML4	t_nk	0.5952589511871338	0.3703588843345642	60
GSE220243_broad	HMGB2	t_nk	0.5851083397865295	-0.259777307510376	35554
GSE220243_broad	RPS11	t_nk	2.6652138233184814	-0.318068265914917	36098
GSE220243_broad	PTGES3	t_nk	1.1760506629943848	-0.3258284330368042	36164
GSE220243_broad	CLEC3A	t_nk	0.013103041797876358	-0.3449479937553406	36310
GSE220243_broad	RPL22L1	t_nk	0.616438090801239	-0.357888400554657	36412
GSE220243_broad	RNMT	t_nk	0.3634900450706482	-0.3645045757293701	36459
GSE220243_broad	RPL24	t_nk	3.0493905544281006	-0.37745070457458496	36528
GSE220243_broad	CCDC59	t_nk	0.4687366187572479	-0.37912967801094055	36535
GSE220243_broad	MIA	t_nk	0.043391238898038864	-0.38195204734802246	36552
GSE220243_broad	PHF3	t_nk	0.37321364879608154	-0.38299626111984253	36559
GSE220243_broad	CCNG2	t_nk	0.19301484525203705	-0.3857816457748413	36575
GSE220243_broad	RPL22	t_nk	2.566131830215454	-0.3967266082763672	36648
GSE220243_broad	SBSPON	t_nk	0.016869129613041878	-0.3997514843940735	36663
GSE220243_broad	PTGDS	t_nk	0.019740819931030273	-0.42839184403419495	36810
GSE220243_broad	RPS20	t_nk	2.3697214126586914	-0.4541902542114258	36921
GSE220243_broad	TMOD1	t_nk	0.043727897107601166	-0.4619312584400177	36950
GSE220243_broad	ITGB8	t_nk	0.010725668631494045	-0.46774402260780334	36980
GSE220243_broad	SERPINA3	t_nk	0.0019956654869019985	-0.46867236495018005	36985
GSE220243_broad	PLP2	t_nk	0.7615633606910706	-0.47163480520248413	36993
GSE220243_broad	C1QTNF3	t_nk	0.009659013710916042	-0.47410261631011963	37001
GSE220243_broad	COX7C	t_nk	1.5377689599990845	-0.4744621515274048	37003
GSE220243_broad	HAPLN1	t_nk	0.01446673646569252	-0.48673418164253235	37039
GSE220243_broad	ADRA2A	t_nk	0.0033053383231163025	-0.502663791179657	37102
GSE220243_broad	ANK3	t_nk	0.09583456069231033	-0.5041360259056091	37110
GSE220243_broad	LAG3	t_nk	0.1030765250325203	-0.5087593793869019	37124
GSE220243_broad	MFAP5	t_nk	0.005049203522503376	-0.5109742283821106	37133
GSE220243_broad	POLR1D	t_nk	0.5502709150314331	-0.5152420997619629	37151
GSE220243_broad	SEMA3C	t_nk	0.006389925256371498	-0.5217073559761047	37173
GSE220243_broad	MRVI1	t_nk	0.0021524718031287193	-0.527582049369812	37192
GSE220243_broad	CCDC102B	t_nk	0.005309196654707193	-0.5374478101730347	37230
GSE220243_broad	CRISPLD1	t_nk	0.006543438881635666	-0.5396967530250549	37240
GSE220243_broad	MXI1	t_nk	0.26196518540382385	-0.5399701595306396	37242
GSE220243_broad	CARMN	t_nk	0.0	-0.5489920973777771	37263
GSE220243_broad	COL2A1	t_nk	0.017672667279839516	-0.5497404336929321	37266
GSE220243_broad	COPS2	t_nk	0.3298426568508148	-0.5511029958724976	37272
GSE220243_broad	SFRP2	t_nk	0.00922395009547472	-0.5659366846084595	37318
GSE220243_broad	VEGFB	t_nk	0.1966097056865692	-0.56629478931427	37320
GSE220243_broad	MT1G	t_nk	0.05695975199341774	-0.5745552778244019	37340
GSE220243_broad	FHL5	t_nk	0.0	-0.5780267715454102	37343
GSE220243_broad	UBA2	t_nk	0.20536351203918457	-0.5789505243301392	37345
GSE220243_broad	SLCO2A1	t_nk	0.0019618801306933165	-0.5807033777236938	37349
GSE220243_broad	KCNJ8	t_nk	0.0	-0.5825210809707642	37354
GSE220243_broad	HSPA2	t_nk	0.22855980694293976	-0.583401620388031	37357
GSE220243_broad	EIF1	t_nk	3.1769907474517822	-0.5843122005462646	37362
GSE220243_broad	SYF2	t_nk	0.7020933628082275	-0.5847659111022949	37363
GSE220243_broad	CNN1	t_nk	0.0	-0.5863450169563293	37366
GSE220243_broad	SOX17	t_nk	0.0013800602173432708	-0.5865256786346436	37368
GSE220243_broad	NPM1	t_nk	1.8776257038116455	-0.5869827270507812	37370
GSE220243_broad	MFAP4	t_nk	0.0034270239993929863	-0.5921772718429565	37379
GSE220243_broad	PHC2	t_nk	0.043246377259492874	-0.599358856678009	37393
GSE220243_broad	HIST1H1C	t_nk	0.23972295224666595	-0.6011033654212952	37399
GSE220243_broad	GUCY1A1	t_nk	0.005669559817761183	-0.604093074798584	37408
GSE220243_broad	PAPSS2	t_nk	0.022357013076543808	-0.6067630052566528	37415
GSE220243_broad	BCL6	t_nk	0.15997709333896637	-0.6074358820915222	37416
GSE220243_broad	CAVIN2	t_nk	0.19953440129756927	-0.6186478734016418	37440
GSE220243_broad	SYNE2	t_nk	0.7114359736442566	-0.619915783405304	37443
GSE220243_broad	PRDX6	t_nk	0.7578305602073669	-0.625471293926239	37454
GSE220243_broad	ELL2	t_nk	0.2596539855003357	-0.6278713941574097	37461
GSE220243_broad	ANP32B	t_nk	0.7556093335151672	-0.6333200335502625	37472
GSE220243_broad	NEXN	t_nk	0.011020545847713947	-0.6352344155311584	37475
GSE220243_broad	ITM2A	t_nk	0.7413435578346252	-0.6376194357872009	37482
GSE220243_broad	MMRN2	t_nk	0.003276841714978218	-0.6411993503570557	37491
GSE220243_broad	BASP1	t_nk	0.06998800486326218	-0.645153820514679	37497
GSE220243_broad	LGI4	t_nk	0.004327631089836359	-0.6477421522140503	37501
GSE220243_broad	CREB5	t_nk	0.03210059180855751	-0.6517278552055359	37505
GSE220243_broad	GIMAP1	t_nk	0.17478999495506287	-0.6626677513122559	37526
GSE220243_broad	FHL2	t_nk	0.007604606915265322	-0.6666592955589294	37532
GSE220243_broad	ABCC9	t_nk	0.0016809055814519525	-0.6750162243843079	37550
GSE220243_broad	MYCT1	t_nk	0.0	-0.6818689703941345	37562
GSE220243_broad	PLAT	t_nk	0.03647984564304352	-0.689165472984314	37576
GSE220243_broad	RPLP0	t_nk	2.161085844039917	-0.6988928318023682	37590
GSE220243_broad	JAM2	t_nk	0.008854389190673828	-0.7010692358016968	37593
GSE220243_broad	WWP2	t_nk	0.05181441828608513	-0.7058725357055664	37599
GSE220243_broad	GABARAPL1	t_nk	0.32730191946029663	-0.7130857110023499	37606
GSE220243_broad	RSL24D1	t_nk	0.7554324269294739	-0.7173263430595398	37611
GSE220243_broad	UBE2B	t_nk	0.7301099896430969	-0.7174901366233826	37612
GSE220243_broad	CHAD	t_nk	0.01770366169512272	-0.7178430557250977	37613
GSE220243_broad	PTPRB	t_nk	0.007868137210607529	-0.7209691405296326	37617
GSE220243_broad	SCARA5	t_nk	0.005241500213742256	-0.7210107445716858	37618
GSE220243_broad	CYYR1	t_nk	0.0	-0.7252050042152405	37625
GSE220243_broad	COX4I2	t_nk	0.0019152055028825998	-0.7275661826133728	37627
GSE220243_broad	PLN	t_nk	0.004947118926793337	-0.7340878248214722	37635
GSE220243_broad	SNHG12	t_nk	0.34930142760276794	-0.7345397472381592	37636
GSE220243_broad	FXYD6	t_nk	0.010779960080981255	-0.7367831468582153	37639
GSE220243_broad	TM4SF18	t_nk	0.0039004795253276825	-0.7386698722839355	37643
GSE220243_broad	MRC2	t_nk	0.015896610915660858	-0.74299556016922	37645
GSE220243_broad	CPQ	t_nk	0.06803756207227707	-0.7455475926399231	37647
GSE220243_broad	NEDD9	t_nk	0.10291717201471329	-0.7457537651062012	37648
GSE220243_broad	TSPAN7	t_nk	0.01151113212108612	-0.7485657334327698	37650
GSE220243_broad	ITGA10	t_nk	0.030400460585951805	-0.7526676654815674	37655
GSE220243_broad	CTSF	t_nk	0.03025965392589569	-0.7587533593177795	37664
GSE220243_broad	ID2	t_nk	1.1285641193389893	-0.776254415512085	37683
GSE220243_broad	PDE5A	t_nk	0.004743680357933044	-0.7764807343482971	37684
GSE220243_broad	DCXR	t_nk	0.17801524698734283	-0.7772115468978882	37685
GSE220243_broad	RAB11A	t_nk	0.24114947021007538	-0.7786007523536682	37687
GSE220243_broad	CCNB1IP1	t_nk	0.16465777158737183	-0.782960832118988	37692
GSE220243_broad	CDH5	t_nk	0.0	-0.7871453166007996	37701
GSE220243_broad	PPP1R3C	t_nk	0.018612336367368698	-0.7885985374450684	37702
GSE220243_broad	CCL14	t_nk	0.008422425016760826	-0.7905871868133545	37708
GSE220243_broad	PDGFRA	t_nk	0.00891237985342741	-0.7918887734413147	37711
GSE220243_broad	GGT5	t_nk	0.005132077261805534	-0.7932455539703369	37716
GSE220243_broad	SLC7A2	t_nk	0.011250878684222698	-0.7940444946289062	37717
GSE220243_broad	RRAD	t_nk	0.16001170873641968	-0.7965851426124573	37719
GSE220243_broad	PGAM1	t_nk	0.2994024157524109	-0.7990066409111023	37724
GSE220243_broad	TAF1D	t_nk	0.6715309619903564	-0.8047878742218018	37733
GSE220243_broad	SMIM14	t_nk	0.09357539564371109	-0.8165205717086792	37742
GSE220243_broad	ZFAND5	t_nk	0.5256181359291077	-0.8182902932167053	37743
GSE220243_broad	ARHGAP18	t_nk	0.3111587166786194	-0.8206130862236023	37747
GSE220243_broad	FBN1	t_nk	0.004300931468605995	-0.8210350275039673	37748
GSE220243_broad	MYO1B	t_nk	0.015152850188314915	-0.8210901618003845	37749
GSE220243_broad	IGF1	t_nk	0.018716437742114067	-0.8228738903999329	37752
GSE220243_broad	PODXL	t_nk	0.0	-0.8276589512825012	37755
GSE220243_broad	FPR3	t_nk	0.0018005224410444498	-0.8390898108482361	37760
GSE220243_broad	ITGBL1	t_nk	0.010830559767782688	-0.8394614458084106	37761
GSE220243_broad	SCX	t_nk	0.041816096752882004	-0.8417657017707825	37767
GSE220243_broad	RHOBTB3	t_nk	0.13293318450450897	-0.8440557718276978	37770
GSE220243_broad	PLEK	t_nk	0.1211179569363594	-0.8555831909179688	37777
GSE220243_broad	ACAN	t_nk	0.025273852050304413	-0.8575981855392456	37778
GSE220243_broad	CYBA	t_nk	1.3243087530136108	-0.8629318475723267	37781
GSE220243_broad	LTBP2	t_nk	0.04967276006937027	-0.8648082613945007	37783
GSE220243_broad	TGFB1I1	t_nk	0.027069583535194397	-0.866515576839447	37786
GSE220243_broad	PDGFRL	t_nk	0.005417715758085251	-0.8734723329544067	37792
GSE220243_broad	TPI1	t_nk	1.0071415901184082	-0.8735394477844238	37793
GSE220243_broad	PCAT19	t_nk	0.0	-0.8759972453117371	37796
GSE220243_broad	FIBIN	t_nk	0.03017958253622055	-0.877281129360199	37798
GSE220243_broad	NR4A1	t_nk	0.39085596799850464	-0.8870143294334412	37803
GSE220243_broad	SFRP1	t_nk	0.016824552789330482	-0.8898190855979919	37806
GSE220243_broad	FTH1	t_nk	3.7970645427703857	-0.8926832675933838	37810
GSE220243_broad	HYAL2	t_nk	0.0036070127971470356	-0.9020898938179016	37814
GSE220243_broad	VWF	t_nk	0.0016539207426831126	-0.9103128910064697	37819
GSE220243_broad	EPB41L2	t_nk	0.09211017936468124	-0.9134352207183838	37821
GSE220243_broad	ITM2C	t_nk	0.2709785997867584	-0.9145630598068237	37823
GSE220243_broad	SNHG8	t_nk	0.8296782970428467	-0.9163613319396973	37825
GSE220243_broad	FRZB	t_nk	0.01586221531033516	-0.9178171157836914	37826
GSE220243_broad	KCNMA1	t_nk	0.03168792277574539	-0.9203202128410339	37828
GSE220243_broad	FBXO2	t_nk	0.039508283138275146	-0.9310578107833862	37833
GSE220243_broad	FCGR2B	t_nk	0.006246182136237621	-0.9427587985992432	37842
GSE220243_broad	PPP1R12A	t_nk	0.3994700014591217	-0.9452308416366577	37843
GSE220243_broad	MGST2	t_nk	0.019911697134375572	-0.9479039907455444	37846
GSE220243_broad	LAPTM5	t_nk	0.9810062050819397	-0.9494730830192566	37847
GSE220243_broad	CHI3L2	t_nk	0.4309736490249634	-0.9499766826629639	37848
GSE220243_broad	THBS4	t_nk	0.014703482389450073	-0.9583907127380371	37853
GSE220243_broad	SLPI	t_nk	0.019007977098226547	-0.9606212973594666	37856
GSE220243_broad	RAMP3	t_nk	0.0013963658129796386	-0.9619475603103638	37857
GSE220243_broad	HES4	t_nk	0.03990093618631363	-0.962563693523407	37858
GSE220243_broad	RBP4	t_nk	0.005338588263839483	-0.9666222929954529	37860
GSE220243_broad	CCL3	t_nk	0.06729448586702347	-0.9716061353683472	37864
GSE220243_broad	GIMAP7	t_nk	0.4296252429485321	-0.9800733327865601	37867
GSE220243_broad	ELK3	t_nk	0.20434434711933136	-0.9831663966178894	37870
GSE220243_broad	VAMP8	t_nk	0.5343272686004639	-0.985332727432251	37871
GSE220243_broad	CLDN5	t_nk	0.002586252521723509	-0.9871464967727661	37873
GSE220243_broad	CPVL	t_nk	0.011702065356075764	-0.9953866004943848	37877
GSE220243_broad	LMCD1	t_nk	0.014765825122594833	-0.997157871723175	37879
GSE220243_broad	CXCL2	t_nk	0.029007669538259506	-0.9976719617843628	37880
GSE220243_broad	PALLD	t_nk	0.0492582768201828	-0.9996647238731384	37881
GSE220243_broad	GAPDH	t_nk	2.3550689220428467	-1.0008881092071533	37883
GSE220243_broad	RDX	t_nk	0.10249024629592896	-1.0054614543914795	37887
GSE220243_broad	LIMA1	t_nk	0.141953706741333	-1.0077751874923706	37890
GSE220243_broad	LMOD1	t_nk	0.0	-1.0092628002166748	37893
GSE220243_broad	SPI1	t_nk	0.03819877281785011	-1.012238621711731	37894
GSE220243_broad	PPIC	t_nk	0.016255976632237434	-1.0144128799438477	37897
GSE220243_broad	GJA4	t_nk	0.002517242217436433	-1.0144392251968384	37898
GSE220243_broad	MAF	t_nk	0.3435916304588318	-1.0221991539001465	37900
GSE220243_broad	PPIB	t_nk	0.7900649905204773	-1.0251703262329102	37903
GSE220243_broad	CTSK	t_nk	0.02540208399295807	-1.027458667755127	37905
GSE220243_broad	EPB41L4A-AS1	t_nk	0.4477650225162506	-1.0279096364974976	37907
GSE220243_broad	IFI30	t_nk	0.09520125389099121	-1.0286566019058228	37909
GSE220243_broad	TNFRSF11B	t_nk	0.027579667046666145	-1.0355736017227173	37912
GSE220243_broad	WISP2	t_nk	0.030583247542381287	-1.04307222366333	37915
GSE220243_broad	CXCL3	t_nk	0.02470903843641281	-1.0506013631820679	37921
GSE220243_broad	FLT1	t_nk	0.0032713422551751137	-1.054295301437378	37923
GSE220243_broad	IFITM2	t_nk	1.1125568151474	-1.0569990873336792	37924
GSE220243_broad	ISLR	t_nk	0.023613017052412033	-1.0605077743530273	37925
GSE220243_broad	MYH11	t_nk	0.021109776571393013	-1.063440203666687	37928
GSE220243_broad	NOTCH3	t_nk	0.0039071496576070786	-1.0658284425735474	37930
GSE220243_broad	LILRB5	t_nk	0.004011215642094612	-1.0666277408599854	37933
GSE220243_broad	CSF1R	t_nk	0.0	-1.0670695304870605	37934
GSE220243_broad	MYLK	t_nk	0.0037825326435267925	-1.0795998573303223	37939
GSE220243_broad	EFEMP1	t_nk	0.02152927964925766	-1.0829285383224487	37941
GSE220243_broad	PLOD2	t_nk	0.04065289348363876	-1.0848188400268555	37942
GSE220243_broad	SSPN	t_nk	0.014912258833646774	-1.0875812768936157	37943
GSE220243_broad	F13A1	t_nk	0.005472471937537193	-1.0878058671951294	37944
GSE220243_broad	FKBP1A	t_nk	0.2399737536907196	-1.0922071933746338	37946
GSE220243_broad	VEGFA	t_nk	0.193311408162117	-1.1001838445663452	37949
GSE220243_broad	MSR1	t_nk	0.008497221395373344	-1.1086254119873047	37952
GSE220243_broad	NRN1	t_nk	0.0343499481678009	-1.1096266508102417	37953
GSE220243_broad	IGFBP2	t_nk	0.007443724665790796	-1.1123294830322266	37954
GSE220243_broad	CILP2	t_nk	0.020419595763087273	-1.1174958944320679	37956
GSE220243_broad	SDC2	t_nk	0.021204909309744835	-1.118334174156189	37957
GSE220243_broad	ECSCR	t_nk	0.0025991310831159353	-1.121387004852295	37959
GSE220243_broad	ACKR1	t_nk	0.01719139702618122	-1.1278280019760132	37963
GSE220243_broad	PGK1	t_nk	0.6872321963310242	-1.131134271621704	37968
GSE220243_broad	CD93	t_nk	0.007718352600932121	-1.1460847854614258	37973
GSE220243_broad	KCNE4	t_nk	0.005563795100897551	-1.1528239250183105	37974
GSE220243_broad	HLA-E	t_nk	1.5365482568740845	-1.1546989679336548	37975
GSE220243_broad	PNRC1	t_nk	1.5383069515228271	-1.1617498397827148	37979
GSE220243_broad	TNXB	t_nk	0.028950752690434456	-1.1648972034454346	37980
GSE220243_broad	SERPINF1	t_nk	0.03902078792452812	-1.1716082096099854	37982
GSE220243_broad	STAB1	t_nk	0.015714818611741066	-1.1832953691482544	37986
GSE220243_broad	CD34	t_nk	0.004568264354020357	-1.1842535734176636	37987
GSE220243_broad	PALMD	t_nk	0.00495819142088294	-1.1905168294906616	37990
GSE220243_broad	FCGR2A	t_nk	0.02950182557106018	-1.1909880638122559	37991
GSE220243_broad	CIRBP	t_nk	0.9960030913352966	-1.1911962032318115	37992
GSE220243_broad	PKM	t_nk	0.5223520398139954	-1.194640874862671	37995
GSE220243_broad	CLEC14A	t_nk	0.0011456678621470928	-1.1961225271224976	37996
GSE220243_broad	ADGRL4	t_nk	0.0	-1.200922966003418	37997
GSE220243_broad	ITGA6	t_nk	0.10393278300762177	-1.206087589263916	37998
GSE220243_broad	SYNPO2	t_nk	0.002249592449516058	-1.2228747606277466	38004
GSE220243_broad	CYP1B1	t_nk	0.01933448202908039	-1.2243200540542603	38006
GSE220243_broad	MMP2	t_nk	0.023734482005238533	-1.2264548540115356	38007
GSE220243_broad	SPRY1	t_nk	0.07858429104089737	-1.2281321287155151	38008
GSE220243_broad	RGCC	t_nk	1.0585976839065552	-1.2359644174575806	38011
GSE220243_broad	ACKR3	t_nk	0.03241961449384689	-1.2609494924545288	38015
GSE220243_broad	HSPG2	t_nk	0.021094225347042084	-1.2692391872406006	38018
GSE220243_broad	RBPJ	t_nk	0.33466193079948425	-1.2763725519180298	38022
GSE220243_broad	APOE	t_nk	0.0469634123146534	-1.277085304260254	38023
GSE220243_broad	ATF3	t_nk	0.24920302629470825	-1.2805235385894775	38024
GSE220243_broad	CSRP1	t_nk	0.08940641582012177	-1.285085916519165	38025
GSE220243_broad	OGN	t_nk	0.11676381528377533	-1.2916353940963745	38026
GSE220243_broad	PPP1R14A	t_nk	0.0	-1.3006517887115479	38027
GSE220243_broad	SERPINA1	t_nk	0.04873311147093773	-1.3022310733795166	38028
GSE220243_broad	CPE	t_nk	0.002434395719319582	-1.3046989440917969	38029
GSE220243_broad	MCAM	t_nk	0.05944760516285896	-1.3058063983917236	38030
GSE220243_broad	MTUS1	t_nk	0.011606773361563683	-1.306502342224121	38031
GSE220243_broad	SOX18	t_nk	0.004277815576642752	-1.3066288232803345	38032
GSE220243_broad	MAP1B	t_nk	0.004625675734132528	-1.318546175956726	38036
GSE220243_broad	MXRA8	t_nk	0.025934576988220215	-1.3186686038970947	38037
GSE220243_broad	DPT	t_nk	0.0536065474152565	-1.3192943334579468	38038
GSE220243_broad	ENO1	t_nk	0.8012940287590027	-1.3240852355957031	38039
GSE220243_broad	MRC1	t_nk	0.009988605044782162	-1.3304427862167358	38042
GSE220243_broad	NBL1	t_nk	0.07300388813018799	-1.3423278331756592	38044
GSE220243_broad	LPP	t_nk	0.1036679595708847	-1.3493951559066772	38045
GSE220243_broad	EGFL7	t_nk	0.027442781254649162	-1.3532025814056396	38048
GSE220243_broad	SLC9A3R2	t_nk	0.020681878551840782	-1.3544878959655762	38049
GSE220243_broad	NPDC1	t_nk	0.018132472410798073	-1.3564058542251587	38050
GSE220243_broad	EMCN	t_nk	0.008474073372781277	-1.360438346862793	38051
GSE220243_broad	MS4A7	t_nk	0.007247596513479948	-1.3610103130340576	38052
GSE220243_broad	SLC25A37	t_nk	0.16279873251914978	-1.371969223022461	38053
GSE220243_broad	COL18A1	t_nk	0.04163182154297829	-1.3778356313705444	38056
GSE220243_broad	SPTBN1	t_nk	0.12512166798114777	-1.3817490339279175	38059
GSE220243_broad	CD163	t_nk	0.008443902246654034	-1.3818036317825317	38060
GSE220243_broad	GALNT15	t_nk	0.026623288169503212	-1.3864506483078003	38063
GSE220243_broad	HLA-DMA	t_nk	0.0937705785036087	-1.3920212984085083	38064
GSE220243_broad	ERRFI1	t_nk	0.12551496922969818	-1.4095133543014526	38066
GSE220243_broad	LYVE1	t_nk	0.002106183208525181	-1.4110593795776367	38067
GSE220243_broad	VSIG4	t_nk	0.001426045666448772	-1.4116829633712769	38068
GSE220243_broad	TINAGL1	t_nk	0.0049692969769239426	-1.4215593338012695	38071
GSE220243_broad	PMEPA1	t_nk	0.14079582691192627	-1.42185640335083	38072
GSE220243_broad	VCAN	t_nk	0.028500301763415337	-1.4280658960342407	38075
GSE220243_broad	PLVAP	t_nk	0.003628690727055073	-1.4572116136550903	38079
GSE220243_broad	COL6A3	t_nk	0.043253280222415924	-1.4667071104049683	38081
GSE220243_broad	LGMN	t_nk	0.02065829001367092	-1.4721720218658447	38082
GSE220243_broad	SLC39A14	t_nk	0.07000791281461716	-1.4734477996826172	38083
GSE220243_broad	FCER1G	t_nk	0.5766714811325073	-1.4735733270645142	38084
GSE220243_broad	HLA-DQB1	t_nk	0.25410977005958557	-1.4796315431594849	38086
GSE220243_broad	STEAP4	t_nk	0.01289551891386509	-1.4836852550506592	38087
GSE220243_broad	DDIT4	t_nk	1.059501051902771	-1.4842528104782104	38088
GSE220243_broad	CRIP2	t_nk	0.23310966789722443	-1.4924774169921875	38090
GSE220243_broad	EPS8	t_nk	0.08177269995212555	-1.493300199508667	38091
GSE220243_broad	FSTL1	t_nk	0.03592449426651001	-1.5113847255706787	38092
GSE220243_broad	CALCRL	t_nk	0.008801662363111973	-1.5162055492401123	38093
GSE220243_broad	IGFBP5	t_nk	0.05997930094599724	-1.531003475189209	38096
GSE220243_broad	GRN	t_nk	0.06873989850282669	-1.5483951568603516	38098
GSE220243_broad	CD63	t_nk	1.3918492794036865	-1.5592446327209473	38099
GSE220243_broad	FILIP1L	t_nk	0.049853283911943436	-1.5688773393630981	38100
GSE220243_broad	LDHA	t_nk	1.2967323064804077	-1.5742312669754028	38101
GSE220243_broad	PCOLCE	t_nk	0.06458365172147751	-1.5756536722183228	38102
GSE220243_broad	APOD	t_nk	0.036053407937288284	-1.5839422941207886	38103
GSE220243_broad	CXCL8	t_nk	0.03511178866028786	-1.5953428745269775	38104
GSE220243_broad	HLA-DQA1	t_nk	0.12029494345188141	-1.6055018901824951	38105
GSE220243_broad	CTGF	t_nk	0.19501270353794098	-1.6075468063354492	38106
GSE220243_broad	KLF2	t_nk	0.5454434156417847	-1.6141456365585327	38107
GSE220243_broad	CD68	t_nk	0.09473807364702225	-1.6145111322402954	38108
GSE220243_broad	FOLR2	t_nk	0.009485551156103611	-1.6270780563354492	38109
GSE220243_broad	CD14	t_nk	0.015135692432522774	-1.6315057277679443	38110
GSE220243_broad	ADAMTS1	t_nk	0.02448861673474312	-1.6315592527389526	38111
GSE220243_broad	ID4	t_nk	0.01658054254949093	-1.641473412513733	38112
GSE220243_broad	CCDC80	t_nk	0.03749430552124977	-1.6437697410583496	38113
GSE220243_broad	TGFBI	t_nk	0.02674342319369316	-1.6481646299362183	38114
GSE220243_broad	MARCO	t_nk	0.006139716133475304	-1.6510649919509888	38115
GSE220243_broad	C2ORF40	t_nk	0.12831884622573853	-1.6915605068206787	38118
GSE220243_broad	COL1A1	t_nk	0.07557500898838043	-1.6991938352584839	38119
GSE220243_broad	CYBB	t_nk	0.02377917617559433	-1.7075831890106201	38121
GSE220243_broad	C1S	t_nk	0.0362941175699234	-1.72687566280365	38123
GSE220243_broad	RAMP2	t_nk	0.011462284252047539	-1.757720947265625	38125
GSE220243_broad	PECAM1	t_nk	0.016375908628106117	-1.7668911218643188	38128
GSE220243_broad	TCF4	t_nk	0.03191171586513519	-1.7709375619888306	38131
GSE220243_broad	LYZ	t_nk	0.015754221007227898	-1.7851581573486328	38133
GSE220243_broad	CHI3L1	t_nk	0.14522424340248108	-1.7943445444107056	38134
GSE220243_broad	CTSS	t_nk	0.24129264056682587	-1.8108404874801636	38136
GSE220243_broad	CRYAB	t_nk	0.14351095259189606	-1.8283191919326782	38138
GSE220243_broad	TIMP1	t_nk	0.7569087743759155	-1.8367975950241089	38139
GSE220243_broad	MFGE8	t_nk	0.09907454997301102	-1.8411142826080322	38140
GSE220243_broad	PRG4	t_nk	0.4049778878688812	-1.850201964378357	38141
GSE220243_broad	MT1M	t_nk	0.14014726877212524	-1.8602278232574463	38142
GSE220243_broad	CD81	t_nk	0.8671411275863647	-1.8608022928237915	38143
GSE220243_broad	CFH	t_nk	0.15907248854637146	-1.8611761331558228	38144
GSE220243_broad	AQP1	t_nk	0.05064992234110832	-1.864426612854004	38145
GSE220243_broad	COL6A1	t_nk	0.06667494773864746	-1.870293378829956	38146
GSE220243_broad	MS4A6A	t_nk	0.038506995886564255	-1.878467082977295	38147
GSE220243_broad	SCRG1	t_nk	0.20298147201538086	-1.9189684391021729	38150
GSE220243_broad	PLAC9	t_nk	0.09212863445281982	-1.9190374612808228	38151
GSE220243_broad	MAFB	t_nk	0.042787082493305206	-1.9408445358276367	38153
GSE220243_broad	GLRX	t_nk	0.3090479373931885	-1.959559440612793	38155
GSE220243_broad	FGFBP2	t_nk	0.16253884136676788	-1.966875433921814	38156
GSE220243_broad	FTL	t_nk	3.3409512042999268	-1.9702417850494385	38157
GSE220243_broad	HLA-DRB5	t_nk	0.1460285484790802	-1.9718072414398193	38158
GSE220243_broad	TPM1	t_nk	0.057926103472709656	-1.9737759828567505	38159
GSE220243_broad	MMP3	t_nk	0.10906236618757248	-1.9762996435165405	38160
GSE220243_broad	YBX3	t_nk	0.28312134742736816	-1.9850475788116455	38161
GSE220243_broad	C1R	t_nk	0.04653189703822136	-1.9978358745574951	38164
GSE220243_broad	TYROBP	t_nk	0.516489565372467	-2.0100913047790527	38165
GSE220243_broad	CTSB	t_nk	0.2175428569316864	-2.012359857559204	38166
GSE220243_broad	COL3A1	t_nk	0.3671935498714447	-2.057713508605957	38167
GSE220243_broad	NR2F2	t_nk	0.0058756982907652855	-2.069699287414551	38169
GSE220243_broad	C1QC	t_nk	0.012377207167446613	-2.12754225730896	38170
GSE220243_broad	CTSZ	t_nk	0.13920721411705017	-2.1514732837677	38171
GSE220243_broad	TM4SF1	t_nk	0.025006437674164772	-2.1842894554138184	38172
GSE220243_broad	HLA-DPB1	t_nk	0.33902350068092346	-2.2134389877319336	38173
GSE220243_broad	NUPR1	t_nk	0.05452042445540428	-2.2220637798309326	38174
GSE220243_broad	PCOLCE2	t_nk	0.08927414566278458	-2.2621283531188965	38176
GSE220243_broad	SELENOP	t_nk	0.0296203400939703	-2.293970823287964	38177
GSE220243_broad	IFI27	t_nk	0.038742464035749435	-2.3059518337249756	38178
GSE220243_broad	AIF1	t_nk	0.035873156040906906	-2.319838523864746	38179
GSE220243_broad	C1QB	t_nk	0.015056118369102478	-2.320411443710327	38180
GSE220243_broad	HLA-DPA1	t_nk	0.26007792353630066	-2.332293748855591	38181
GSE220243_broad	COL6A2	t_nk	0.06372471898794174	-2.3665552139282227	38183
GSE220243_broad	CEBPD	t_nk	0.2301337718963623	-2.393878936767578	38184
GSE220243_broad	FMOD	t_nk	0.2040044218301773	-2.4100067615509033	38186
GSE220243_broad	TPM2	t_nk	0.07318825274705887	-2.41129207611084	38187
GSE220243_broad	SOD2	t_nk	0.4317159652709961	-2.449195623397827	38188
GSE220243_broad	GNG11	t_nk	0.042178522795438766	-2.4585933685302734	38190
GSE220243_broad	PLA2G2A	t_nk	0.23280158638954163	-2.4818849563598633	38191
GSE220243_broad	SOD3	t_nk	0.1073821634054184	-2.4925830364227295	38192
GSE220243_broad	COL1A2	t_nk	0.20861481130123138	-2.519595146179199	38193
GSE220243_broad	CILP	t_nk	0.2619433104991913	-2.562286615371704	38194
GSE220243_broad	MYL9	t_nk	0.019023878499865532	-2.5876991748809814	38195
GSE220243_broad	BGN	t_nk	0.19915956258773804	-2.6215267181396484	38196
GSE220243_broad	C1QA	t_nk	0.01859348639845848	-2.6273460388183594	38197
GSE220243_broad	ACTA2	t_nk	0.03679016977548599	-2.6294894218444824	38198
GSE220243_broad	C11ORF96	t_nk	0.04179126024246216	-2.638685464859009	38199
GSE220243_broad	MT1E	t_nk	0.2701025903224945	-2.6442511081695557	38200
GSE220243_broad	RNASE1	t_nk	0.026295548304915428	-2.6589503288269043	38201
GSE220243_broad	HLA-DRB1	t_nk	0.519828736782074	-2.6891367435455322	38203
GSE220243_broad	RGS5	t_nk	0.034374844282865524	-2.7434237003326416	38204
GSE220243_broad	ADIRF	t_nk	0.13340087234973907	-2.7506747245788574	38205
GSE220243_broad	NDUFA4L2	t_nk	0.2353847622871399	-2.952232837677002	38207
GSE220243_broad	CALD1	t_nk	0.06328567117452621	-2.9663989543914795	38208
GSE220243_broad	GSN	t_nk	0.2042524367570877	-2.9869582653045654	38210
GSE220243_broad	NNMT	t_nk	0.22356435656547546	-3.1165411472320557	38211
GSE220243_broad	CD74	t_nk	0.5584191083908081	-3.146543502807617	38213
GSE220243_broad	HLA-DRA	t_nk	0.28907743096351624	-3.15154767036438	38214
GSE220243_broad	GPX3	t_nk	0.17176367342472076	-3.246964693069458	38215
GSE220243_broad	PRELP	t_nk	0.3538227379322052	-3.2814643383026123	38216
GSE220243_broad	TAGLN	t_nk	0.10005320608615875	-3.7495155334472656	38219
GSE220243_broad	CLU	t_nk	1.414015769958496	-3.7678980827331543	38220
GSE220243_broad	COMP	t_nk	0.8619089126586914	-3.806807518005371	38221
GSE220243_broad	MT1X	t_nk	0.5679580569267273	-3.859553098678589	38222
GSE220243_broad	DCN	t_nk	1.1391081809997559	-3.951441764831543	38223
GSE220243_broad	IGFBP7	t_nk	0.21947848796844482	-3.9698638916015625	38224
HRA001986_chondrocyte	CHI3L1	Ch_1_CHAD	2.6572945193338415	2.151564566977551	1
HRA001986_chondrocyte	CHI3L2	Ch_1_CHAD	2.6849645813816747	1.5194184085137397	2
HRA001986_chondrocyte	NNMT	Ch_1_CHAD	2.4450135044212025	0.5295370294787569	3
HRA001986_chondrocyte	C2ORF40	Ch_1_CHAD	2.028847189188939	0.5294491586198204	4
HRA001986_chondrocyte	CP	Ch_1_CHAD	0.9654821853674904	0.5139639195288161	5
HRA001986_chondrocyte	ANGPTL7	Ch_1_CHAD	0.6241977433776681	0.4109765432857564	6
HRA001986_chondrocyte	RPL36	Ch_1_CHAD	3.386923147046487	0.3716052095309128	7
HRA001986_chondrocyte	SLPI	Ch_1_CHAD	0.5719814113903255	0.36640691072772275	8
HRA001986_chondrocyte	CYR61	Ch_1_CHAD	1.425617458056937	0.31938415529551456	9
HRA001986_chondrocyte	LAG3	Ch_1_CHAD	0.5067068157612352	0.3079115142771973	10
HRA001986_chondrocyte	NPC2	Ch_1_CHAD	2.039174891981769	0.2342876026798162	11
HRA001986_chondrocyte	SRSF5	Ch_1_CHAD	1.2289545574079421	0.22973070103870197	12
HRA001986_chondrocyte	DCN	Ch_1_CHAD	4.649798191182348	0.22153158170616116	13
HRA001986_chondrocyte	CHAD	Ch_1_CHAD	0.5339801363300598	0.21044253148810355	14
HRA001986_chondrocyte	RPL15	Ch_1_CHAD	3.2958889601606622	0.20733265872062878	15
HRA001986_chondrocyte	GLRX	Ch_1_CHAD	0.642102475115373	0.20319435197531888	16
HRA001986_chondrocyte	GMDS	Ch_1_CHAD	0.4962959793872396	0.18243398884634127	17
HRA001986_chondrocyte	N4BP2L2	Ch_1_CHAD	0.9154510741709353	0.17439839723257955	18
HRA001986_chondrocyte	RPL8	Ch_1_CHAD	3.09677291406981	0.16478424782182044	19
HRA001986_chondrocyte	MAF	Ch_1_CHAD	0.33411087233001957	0.1602394415201686	20
HRA001986_chondrocyte	BTG1	Ch_1_CHAD	1.5408869026680072	0.15236814712895863	21
HRA001986_chondrocyte	EPB41L4A-AS1	Ch_1_CHAD	0.5237217125970443	0.1503192484270085	22
HRA001986_chondrocyte	TPRG1	Ch_1_CHAD	0.20758934188209188	0.14918889703025068	23
HRA001986_chondrocyte	MPHOSPH8	Ch_1_CHAD	0.613293946933925	0.1470783419090554	24
HRA001986_chondrocyte	DMKN	Ch_1_CHAD	0.22264840442173386	0.1302769064134463	25
HRA001986_chondrocyte	CFB	Ch_1_CHAD	0.3527989540855473	0.11687014170640925	26
HRA001986_chondrocyte	MMP3	Ch_1_CHAD	0.3669742881715304	0.11488787052638405	27
HRA001986_chondrocyte	MT1X	Ch_1_CHAD	3.5461772171615014	0.11348687631630039	28
HRA001986_chondrocyte	HIST1H1C	Ch_1_CHAD	0.24822037464581628	0.11257799180645336	29
HRA001986_chondrocyte	RPL30	Ch_1_CHAD	3.0126555945269806	0.11211469026084586	30
HRA001986_chondrocyte	ITGA10	Ch_1_CHAD	0.6828274315016735	0.10922794729549468	31
HRA001986_chondrocyte	MSMP	Ch_1_CHAD	0.12030825331277893	0.10624916660068001	32
HRA001986_chondrocyte	LUM	Ch_1_CHAD	4.3660881167622	0.10541456384985626	33
HRA001986_chondrocyte	EIF3E	Ch_1_CHAD	1.7592489120246249	0.09993189957610693	34
HRA001986_chondrocyte	RPL17	Ch_1_CHAD	2.58014676273471	0.0999038098026257	35
HRA001986_chondrocyte	ANG	Ch_1_CHAD	0.37637647292200643	0.09977926640293183	36
HRA001986_chondrocyte	PTPN22	Ch_1_CHAD	0.1427178732804838	0.09538163820086426	37
HRA001986_chondrocyte	ZFAS1	Ch_1_CHAD	1.2838522720863599	0.08968825522282176	38
HRA001986_chondrocyte	MALAT1	Ch_1_CHAD	6.319405097924267	0.08847636575924955	39
HRA001986_chondrocyte	TBL1XR1	Ch_1_CHAD	0.4275424856215992	0.08761515230380013	40
HRA001986_chondrocyte	THBS1	Ch_1_CHAD	0.2789007461510488	0.08438973288514273	41
HRA001986_chondrocyte	SLC14A1	Ch_1_CHAD	0.08998658976296457	0.08404636493807813	42
HRA001986_chondrocyte	SNHG25	Ch_1_CHAD	0.3891714323053504	0.08239599531739777	43
HRA001986_chondrocyte	LIMCH1	Ch_1_CHAD	0.3420005260130952	0.08164438974015431	44
HRA001986_chondrocyte	MFGE8	Ch_1_CHAD	2.1617872719528655	0.08109212563448454	45
HRA001986_chondrocyte	BX284668.5	Ch_1_CHAD	0.2603870216950334	0.07511440904779071	46
HRA001986_chondrocyte	WBP2	Ch_1_CHAD	0.39115698515095254	0.07437636484615667	47
HRA001986_chondrocyte	LAYN	Ch_1_CHAD	0.12659746778660777	0.07363765244888983	48
HRA001986_chondrocyte	TAC1	Ch_1_CHAD	0.09188856325332898	0.07348092441868698	49
HRA001986_chondrocyte	SLC25A37	Ch_1_CHAD	0.7274379363095802	0.07202594119251404	50
HRA001986_chondrocyte	RPL24	Ch_1_CHAD	2.685605061066847	0.07130641743383714	51
HRA001986_chondrocyte	STEAP2	Ch_1_CHAD	0.4373170065431166	0.06966549053747673	52
HRA001986_chondrocyte	RPS23	Ch_1_CHAD	3.309803384641719	0.06945150895951668	53
HRA001986_chondrocyte	RPS27A	Ch_1_CHAD	3.7208909927129135	0.06854369561567264	54
HRA001986_chondrocyte	ROM1	Ch_1_CHAD	0.15673678825950135	0.06842818976227937	55
HRA001986_chondrocyte	MIR497HG	Ch_1_CHAD	0.1895998140488819	0.06785907662156021	56
HRA001986_chondrocyte	BEX4	Ch_1_CHAD	0.2020250731617117	0.06725510776131052	57
HRA001986_chondrocyte	BMPER	Ch_1_CHAD	0.12190467091964804	0.06406867165862344	58
HRA001986_chondrocyte	SAA1	Ch_1_CHAD	0.07271466814343698	0.06368907169413292	59
HRA001986_chondrocyte	TMEM91	Ch_1_CHAD	0.19474284542640735	0.06258550247576139	60
HRA001986_chondrocyte	RPS2	Ch_1_CHAD	3.116984005818431	-0.20456203622983837	18510
HRA001986_chondrocyte	ARRDC3	Ch_1_CHAD	0.4017844135317308	-0.21274343594877987	18626
HRA001986_chondrocyte	RPS12	Ch_1_CHAD	3.196676083576784	-0.218949187251829	18705
HRA001986_chondrocyte	NEGR1	Ch_1_CHAD	0.04304359538721067	-0.2218617937431193	18738
HRA001986_chondrocyte	GUCY1A2	Ch_1_CHAD	0.0024000872649085313	-0.22351423167745305	18756
HRA001986_chondrocyte	RPS18	Ch_1_CHAD	3.669332221797275	-0.24286867087798258	18990
HRA001986_chondrocyte	KCTD12	Ch_1_CHAD	0.14087781807217137	-0.2565868645238072	19124
HRA001986_chondrocyte	ABCA6	Ch_1_CHAD	0.023688100944619653	-0.2587486476333455	19157
HRA001986_chondrocyte	PLSCR4	Ch_1_CHAD	0.1409144508206404	-0.26307979246317564	19210
HRA001986_chondrocyte	HOPX	Ch_1_CHAD	0.002818605951216857	-0.275368436228611	19328
HRA001986_chondrocyte	SSTR2	Ch_1_CHAD	0.04843372969439658	-0.2828907298041448	19383
HRA001986_chondrocyte	ARHGAP6	Ch_1_CHAD	0.007995969246987235	-0.2838737055415938	19395
HRA001986_chondrocyte	EGR1	Ch_1_CHAD	1.2255475444322792	-0.28467938128213177	19400
HRA001986_chondrocyte	FAM213A	Ch_1_CHAD	0.027457446476667084	-0.2857327375240057	19412
HRA001986_chondrocyte	RAMP2	Ch_1_CHAD	0.03921771445372116	-0.2977245563464288	19489
HRA001986_chondrocyte	RNASE4	Ch_1_CHAD	0.5232137833549021	-0.3051483901062183	19536
HRA001986_chondrocyte	TEX41	Ch_1_CHAD	0.05532581441406341	-0.30546236372975283	19538
HRA001986_chondrocyte	RPL12	Ch_1_CHAD	3.4133561108279564	-0.3086481963990435	19559
HRA001986_chondrocyte	UBC	Ch_1_CHAD	2.0617186343983223	-0.31115507936330555	19581
HRA001986_chondrocyte	F3	Ch_1_CHAD	0.01068505266998119	-0.312448471917705	19593
HRA001986_chondrocyte	EDIL3	Ch_1_CHAD	0.6473583758439596	-0.3231544201315487	19677
HRA001986_chondrocyte	CXCL2	Ch_1_CHAD	0.0216271450606998	-0.32544164580829693	19692
HRA001986_chondrocyte	FGL2	Ch_1_CHAD	0.00974217838359322	-0.3296955676639515	19712
HRA001986_chondrocyte	SEMA5A	Ch_1_CHAD	0.005023478314213096	-0.3320483029911762	19735
HRA001986_chondrocyte	C3	Ch_1_CHAD	0.013699592204006263	-0.34061851851049263	19785
HRA001986_chondrocyte	ADAMTS4	Ch_1_CHAD	0.0420047367992616	-0.3407775908224995	19787
HRA001986_chondrocyte	CCDC102B	Ch_1_CHAD	0.004769503347384182	-0.34263775416813896	19803
HRA001986_chondrocyte	ANAPC16	Ch_1_CHAD	0.8038704837552748	-0.3462597946016872	19829
HRA001986_chondrocyte	DES	Ch_1_CHAD	0.002639002446112108	-0.3482690518588624	19841
HRA001986_chondrocyte	ADGRF5	Ch_1_CHAD	0.0043878149557118225	-0.351768599688046	19856
HRA001986_chondrocyte	HAPLN3	Ch_1_CHAD	0.22607414353994243	-0.35436961327830635	19874
HRA001986_chondrocyte	RACK1	Ch_1_CHAD	2.213147620520685	-0.3559041448814706	19884
HRA001986_chondrocyte	HIGD1B	Ch_1_CHAD	0.0028518067022204824	-0.35607516853332943	19885
HRA001986_chondrocyte	FRZB	Ch_1_CHAD	0.3953935600403411	-0.35654220770865896	19889
HRA001986_chondrocyte	KCNJ8	Ch_1_CHAD	0.002271069003799237	-0.3568718778775467	19893
HRA001986_chondrocyte	PTGDS	Ch_1_CHAD	0.021990901960974554	-0.3607453919194419	19925
HRA001986_chondrocyte	IL32	Ch_1_CHAD	0.2218595430210473	-0.3634657585705042	19934
HRA001986_chondrocyte	FAU	Ch_1_CHAD	2.77504568996598	-0.38234810152509846	20013
HRA001986_chondrocyte	RPL29	Ch_1_CHAD	2.5866821292952378	-0.38643380058318	20037
HRA001986_chondrocyte	RPL39	Ch_1_CHAD	3.118567688390066	-0.38674591491120314	20039
HRA001986_chondrocyte	CCL19	Ch_1_CHAD	0.004657165872682356	-0.3876510802853814	20047
HRA001986_chondrocyte	BGN	Ch_1_CHAD	2.849692107847655	-0.39043913853949874	20059
HRA001986_chondrocyte	C7	Ch_1_CHAD	0.010043547430927962	-0.391360229468374	20065
HRA001986_chondrocyte	NRGN	Ch_1_CHAD	0.12634005448118027	-0.3990534391697447	20109
HRA001986_chondrocyte	FCGRT	Ch_1_CHAD	0.619307305413178	-0.4104862506160266	20162
HRA001986_chondrocyte	NFIA	Ch_1_CHAD	0.3225343821281437	-0.411145525013686	20165
HRA001986_chondrocyte	LRRC17	Ch_1_CHAD	0.006722411440751909	-0.41161117865043373	20169
HRA001986_chondrocyte	LSP1	Ch_1_CHAD	0.6509094923886732	-0.41184782548615206	20171
HRA001986_chondrocyte	EPB41L2	Ch_1_CHAD	0.4623894675976623	-0.41386577598569896	20178
HRA001986_chondrocyte	FAM13C	Ch_1_CHAD	0.020133672452246044	-0.41429354535061474	20180
HRA001986_chondrocyte	GPRC5C	Ch_1_CHAD	0.12675591779031717	-0.4147912560212489	20182
HRA001986_chondrocyte	BICC1	Ch_1_CHAD	0.20742789528484382	-0.4198357397637055	20200
HRA001986_chondrocyte	FBXO32	Ch_1_CHAD	0.02193138876277084	-0.4207566204510631	20204
HRA001986_chondrocyte	FIBIN	Ch_1_CHAD	0.7339843708628472	-0.42715506179233065	20229
HRA001986_chondrocyte	MGST1	Ch_1_CHAD	0.10355167179964128	-0.43033208052849414	20235
HRA001986_chondrocyte	ASAH1	Ch_1_CHAD	0.19261458573924045	-0.43133582345666205	20246
HRA001986_chondrocyte	CD36	Ch_1_CHAD	0.0016233880545799468	-0.4341773801424161	20256
HRA001986_chondrocyte	HLA-C	Ch_1_CHAD	1.3959279920612215	-0.43965858586171236	20277
HRA001986_chondrocyte	IFITM2	Ch_1_CHAD	1.796167124641878	-0.44229193485070595	20286
HRA001986_chondrocyte	HLA-A	Ch_1_CHAD	1.4664034658417435	-0.4443828552345128	20299
HRA001986_chondrocyte	ARHGAP29	Ch_1_CHAD	0.20044663451796274	-0.4547160145870296	20352
HRA001986_chondrocyte	KCNAB1	Ch_1_CHAD	0.001518619113299371	-0.46151688558994797	20380
HRA001986_chondrocyte	COMP	Ch_1_CHAD	3.352448660527115	-0.4671399283760893	20399
HRA001986_chondrocyte	FOXO1	Ch_1_CHAD	0.08094940569141684	-0.4750406989546342	20423
HRA001986_chondrocyte	PTGFR	Ch_1_CHAD	0.037990023226294634	-0.4763419643033773	20426
HRA001986_chondrocyte	LAPTM4A	Ch_1_CHAD	1.9958857873863345	-0.4940275436501793	20484
HRA001986_chondrocyte	P4HA3	Ch_1_CHAD	0.23323238415763503	-0.4953814504647517	20488
HRA001986_chondrocyte	RAMP1	Ch_1_CHAD	0.00486233536416154	-0.4969990313600498	20499
HRA001986_chondrocyte	SOX9	Ch_1_CHAD	0.22096580889160974	-0.5021916363997941	20509
HRA001986_chondrocyte	IGF1	Ch_1_CHAD	0.15479511780462965	-0.5036645363000591	20515
HRA001986_chondrocyte	RPL14	Ch_1_CHAD	2.6272985263948865	-0.5042034676860814	20516
HRA001986_chondrocyte	CCL21	Ch_1_CHAD	0.0051289877036455695	-0.5082866364976527	20525
HRA001986_chondrocyte	ARHGAP15	Ch_1_CHAD	0.0020072924665083315	-0.509938544400387	20535
HRA001986_chondrocyte	CXCL14	Ch_1_CHAD	0.01069024355811533	-0.5107521261137046	20537
HRA001986_chondrocyte	HEY2	Ch_1_CHAD	0.005641241357718706	-0.5158629646634353	20556
HRA001986_chondrocyte	CYBRD1	Ch_1_CHAD	0.7408951632911596	-0.5213541595849602	20573
HRA001986_chondrocyte	ABCA8	Ch_1_CHAD	0.02788218580755076	-0.5227168202573823	20581
HRA001986_chondrocyte	PODN	Ch_1_CHAD	0.012265191952318644	-0.5232962793407656	20582
HRA001986_chondrocyte	SPRY1	Ch_1_CHAD	0.029959867825371793	-0.5246062936270661	20585
HRA001986_chondrocyte	CDO1	Ch_1_CHAD	0.8238109157775955	-0.5276183885498151	20590
HRA001986_chondrocyte	LTBP4	Ch_1_CHAD	0.32569943789408123	-0.5288737614169894	20592
HRA001986_chondrocyte	ID2	Ch_1_CHAD	0.8344977099858312	-0.5364755511972933	20614
HRA001986_chondrocyte	CCND2	Ch_1_CHAD	0.16765364354505186	-0.5368028049154098	20616
HRA001986_chondrocyte	RCN3	Ch_1_CHAD	0.9103408323719028	-0.5380861839079102	20618
HRA001986_chondrocyte	CHN1	Ch_1_CHAD	0.0057883649900955765	-0.5409284559138541	20627
HRA001986_chondrocyte	NET1	Ch_1_CHAD	0.25725806421942765	-0.5420824506606605	20632
HRA001986_chondrocyte	GEM	Ch_1_CHAD	0.33677439935650977	-0.5440349792996139	20640
HRA001986_chondrocyte	COX7C	Ch_1_CHAD	1.7613604917644594	-0.5455494366886524	20644
HRA001986_chondrocyte	ABCC9	Ch_1_CHAD	0.0025155999821365386	-0.547324847986771	20651
HRA001986_chondrocyte	ANXA4	Ch_1_CHAD	0.4653041997191328	-0.558197422490057	20678
HRA001986_chondrocyte	RPL36A	Ch_1_CHAD	2.4794432766422156	-0.5636686411896128	20687
HRA001986_chondrocyte	SLC29A1	Ch_1_CHAD	0.5471815871990433	-0.5648227050479151	20690
HRA001986_chondrocyte	ITM2A	Ch_1_CHAD	0.06397758647605858	-0.5683425278080526	20697
HRA001986_chondrocyte	C10ORF105	Ch_1_CHAD	0.022167470230497633	-0.5715697084121226	20714
HRA001986_chondrocyte	ACKR3	Ch_1_CHAD	0.1717310423100114	-0.5744864064041553	20727
HRA001986_chondrocyte	CASQ2	Ch_1_CHAD	0.0026012239677406434	-0.5746212638180089	20729
HRA001986_chondrocyte	NDRG2	Ch_1_CHAD	0.19937192728182287	-0.5807986774237809	20743
HRA001986_chondrocyte	MFAP5	Ch_1_CHAD	0.010618831186737931	-0.5866906296097314	20755
HRA001986_chondrocyte	FOS	Ch_1_CHAD	1.8923918896362155	-0.5875030216043304	20758
HRA001986_chondrocyte	ZNF331	Ch_1_CHAD	0.06501006627693272	-0.5896816265195584	20763
HRA001986_chondrocyte	PSME1	Ch_1_CHAD	0.5391109035126183	-0.5947524824403898	20774
HRA001986_chondrocyte	FGF7	Ch_1_CHAD	0.4539611747977677	-0.5951475392283168	20776
HRA001986_chondrocyte	COL8A1	Ch_1_CHAD	0.13580963496627593	-0.6057823227467626	20798
HRA001986_chondrocyte	TMEM176A	Ch_1_CHAD	0.005146804173971027	-0.6145189971131393	20814
HRA001986_chondrocyte	IGFBP2	Ch_1_CHAD	0.034938886461892235	-0.6174990747120745	20819
HRA001986_chondrocyte	ADGRG2	Ch_1_CHAD	0.042799621568009344	-0.6268610400024285	20829
HRA001986_chondrocyte	CTSC	Ch_1_CHAD	0.11601109181518483	-0.6278163171353843	20831
HRA001986_chondrocyte	IFITM3	Ch_1_CHAD	2.5257315919217636	-0.6302138109173483	20837
HRA001986_chondrocyte	STOM	Ch_1_CHAD	0.24421023652251503	-0.6306154303637229	20838
HRA001986_chondrocyte	MATN2	Ch_1_CHAD	0.2431770411001522	-0.6313874328606566	20840
HRA001986_chondrocyte	CRISPLD1	Ch_1_CHAD	0.10798254774341741	-0.6315984198876404	20841
HRA001986_chondrocyte	C20ORF27	Ch_1_CHAD	0.08316804697979674	-0.6336319018400126	20843
HRA001986_chondrocyte	CRIM1	Ch_1_CHAD	0.10214885015502126	-0.6359960426302632	20848
HRA001986_chondrocyte	NTRK2	Ch_1_CHAD	0.20385446333686685	-0.6361045889805694	20849
HRA001986_chondrocyte	SGK1	Ch_1_CHAD	0.2439785954387461	-0.6395890844639229	20853
HRA001986_chondrocyte	SFRP1	Ch_1_CHAD	0.009408607555429426	-0.6396097031786208	20854
HRA001986_chondrocyte	RCAN1	Ch_1_CHAD	0.4709773429296784	-0.6404592094102661	20855
HRA001986_chondrocyte	EPS8	Ch_1_CHAD	0.26815691147390774	-0.6406596099132258	20857
HRA001986_chondrocyte	PLXDC1	Ch_1_CHAD	0.062160959623812136	-0.6419925401570326	20859
HRA001986_chondrocyte	S100A1	Ch_1_CHAD	0.21286247916493112	-0.6421125474345919	20860
HRA001986_chondrocyte	FXYD5	Ch_1_CHAD	1.342775276701175	-0.6446146414075493	20863
HRA001986_chondrocyte	ADRA2A	Ch_1_CHAD	0.005100560823410809	-0.6508029099234068	20874
HRA001986_chondrocyte	BST2	Ch_1_CHAD	0.024267782348792004	-0.6587255984179831	20883
HRA001986_chondrocyte	AOC3	Ch_1_CHAD	0.010397723072451133	-0.6588219272261425	20884
HRA001986_chondrocyte	FHL1	Ch_1_CHAD	0.7558306476581966	-0.6597004920956164	20887
HRA001986_chondrocyte	MUSTN1	Ch_1_CHAD	0.0016043503402183416	-0.6670352202526696	20903
HRA001986_chondrocyte	PAPSS2	Ch_1_CHAD	0.17080043339903703	-0.6671997666422681	20904
HRA001986_chondrocyte	SOD1	Ch_1_CHAD	1.3840042130700887	-0.6729942897057515	20920
HRA001986_chondrocyte	TBX2-AS1	Ch_1_CHAD	0.0069849302133245675	-0.6816782660783911	20927
HRA001986_chondrocyte	TFPI	Ch_1_CHAD	0.01819196049529557	-0.6847817254357035	20933
HRA001986_chondrocyte	BCAT1	Ch_1_CHAD	0.4694520000378044	-0.6852624629292903	20934
HRA001986_chondrocyte	CST3	Ch_1_CHAD	2.5342135728122677	-0.6856264777889991	20936
HRA001986_chondrocyte	RCAN2	Ch_1_CHAD	0.009251778153760888	-0.6874284050582016	20942
HRA001986_chondrocyte	CADM1	Ch_1_CHAD	0.28990581506587626	-0.6904785836748559	20944
HRA001986_chondrocyte	HES1	Ch_1_CHAD	0.47562973521558694	-0.6916736129514889	20946
HRA001986_chondrocyte	CCDC3	Ch_1_CHAD	0.19516917001479323	-0.6945395150973472	20952
HRA001986_chondrocyte	SMIM14	Ch_1_CHAD	0.2785889211443621	-0.6970344685856802	20957
HRA001986_chondrocyte	FOSB	Ch_1_CHAD	0.4332018414628287	-0.6985193134109198	20962
HRA001986_chondrocyte	PTP4A3	Ch_1_CHAD	0.015420287552048783	-0.6993842216886712	20963
HRA001986_chondrocyte	MXRA8	Ch_1_CHAD	1.072254096920098	-0.7097191305172621	20981
HRA001986_chondrocyte	ID4	Ch_1_CHAD	0.1319529712200164	-0.7115795605298542	20984
HRA001986_chondrocyte	CCL2	Ch_1_CHAD	0.4281306688446368	-0.7171056026147645	20993
HRA001986_chondrocyte	NDFIP1	Ch_1_CHAD	0.6907769373244876	-0.7209254662043159	21001
HRA001986_chondrocyte	ZEB2	Ch_1_CHAD	0.07425784911224911	-0.722773146798116	21005
HRA001986_chondrocyte	CILP2	Ch_1_CHAD	0.30520033777844474	-0.7236185061838296	21007
HRA001986_chondrocyte	COL4A1	Ch_1_CHAD	0.022006428904959782	-0.7272111381084106	21013
HRA001986_chondrocyte	KCNMB1	Ch_1_CHAD	0.010253782634476242	-0.7282422198849379	21015
HRA001986_chondrocyte	MT1A	Ch_1_CHAD	0.21923128729410946	-0.7284445645315156	21016
HRA001986_chondrocyte	CD63	Ch_1_CHAD	2.514500056381164	-0.73117646573357	21019
HRA001986_chondrocyte	CARMN	Ch_1_CHAD	0.005389422450789429	-0.7317334461952058	21023
HRA001986_chondrocyte	PLAC9	Ch_1_CHAD	1.5608126773378879	-0.7345332561133882	21025
HRA001986_chondrocyte	LTBP3	Ch_1_CHAD	0.3633580688408311	-0.7401616747941195	21034
HRA001986_chondrocyte	SSR4	Ch_1_CHAD	1.2290336088469231	-0.741675749016703	21036
HRA001986_chondrocyte	TOB1	Ch_1_CHAD	0.1659935892047086	-0.7508045456470778	21045
HRA001986_chondrocyte	THBS3	Ch_1_CHAD	0.0837201446019394	-0.7611582110383036	21052
HRA001986_chondrocyte	SLC7A2	Ch_1_CHAD	0.048255990535545794	-0.7663446106738512	21059
HRA001986_chondrocyte	CDON	Ch_1_CHAD	0.13151037719128325	-0.7671549221504473	21061
HRA001986_chondrocyte	COL2A1	Ch_1_CHAD	0.08197051361282078	-0.7990342855500753	21089
HRA001986_chondrocyte	PROCR	Ch_1_CHAD	0.36124040475420893	-0.7997416668429126	21092
HRA001986_chondrocyte	FABP3	Ch_1_CHAD	0.055374132366563245	-0.8180404599526072	21111
HRA001986_chondrocyte	SERPING1	Ch_1_CHAD	1.6581860872254222	-0.8350882580717514	21122
HRA001986_chondrocyte	ERRFI1	Ch_1_CHAD	0.4435380396329822	-0.8489283657168178	21131
HRA001986_chondrocyte	CCNB2	Ch_1_CHAD	0.0007664975159344262	-0.8549958473073737	21133
HRA001986_chondrocyte	COL12A1	Ch_1_CHAD	0.4124646900675849	-0.8612618520502228	21136
HRA001986_chondrocyte	CDC20	Ch_1_CHAD	0.0015691155670857057	-0.8625081575257717	21138
HRA001986_chondrocyte	THBS2	Ch_1_CHAD	0.2720225033809178	-0.8691767494989158	21145
HRA001986_chondrocyte	GJA1	Ch_1_CHAD	0.17732751407342395	-0.8694004574689337	21146
HRA001986_chondrocyte	FBLN2	Ch_1_CHAD	0.03382119960672	-0.8723649859962633	21148
HRA001986_chondrocyte	ACTG2	Ch_1_CHAD	0.0027740733296938427	-0.8849348261909991	21155
HRA001986_chondrocyte	TCEAL9	Ch_1_CHAD	0.555834012141021	-0.8872858768377574	21156
HRA001986_chondrocyte	ADAMTS6	Ch_1_CHAD	0.08176042244235626	-0.8879348407184069	21157
HRA001986_chondrocyte	PPP1CB	Ch_1_CHAD	0.5448396509892112	-0.892107064194697	21160
HRA001986_chondrocyte	SLC39A14	Ch_1_CHAD	0.3531766346644046	-0.892799434384008	21161
HRA001986_chondrocyte	GGH	Ch_1_CHAD	0.05113485699634443	-0.8953705808766531	21163
HRA001986_chondrocyte	SYNPO2	Ch_1_CHAD	0.007361288524612632	-0.8968024576800293	21165
HRA001986_chondrocyte	PTGES	Ch_1_CHAD	0.10368540109678367	-0.9000381927916031	21167
HRA001986_chondrocyte	BUB3	Ch_1_CHAD	0.19804736174085785	-0.9004532825624907	21168
HRA001986_chondrocyte	MT-ND3	Ch_1_CHAD	1.7163562032827333	-0.9015525490463194	21169
HRA001986_chondrocyte	AK1	Ch_1_CHAD	0.3664760576575972	-0.9077020280559955	21170
HRA001986_chondrocyte	GADD45B	Ch_1_CHAD	1.1003643507097567	-0.9145938282695436	21173
HRA001986_chondrocyte	ZFP36L2	Ch_1_CHAD	0.37797672083298856	-0.91933117261325	21178
HRA001986_chondrocyte	EBF1	Ch_1_CHAD	0.07262062418276097	-0.9229697887126951	21180
HRA001986_chondrocyte	NEXN	Ch_1_CHAD	0.017329279767593735	-0.929920236781498	21182
HRA001986_chondrocyte	MMP14	Ch_1_CHAD	0.24166021906345014	-0.9314851664210294	21183
HRA001986_chondrocyte	FKBP10	Ch_1_CHAD	0.5129510000834328	-0.9343262065076421	21184
HRA001986_chondrocyte	GAS1	Ch_1_CHAD	0.2032633853212267	-0.9356774801942014	21188
HRA001986_chondrocyte	CAPS	Ch_1_CHAD	0.29116263040272794	-0.9358332376609007	21189
HRA001986_chondrocyte	EEF2	Ch_1_CHAD	1.2874495301132824	-0.9370369045845888	21191
HRA001986_chondrocyte	AEBP1	Ch_1_CHAD	1.543754735001814	-0.9398320045750483	21193
HRA001986_chondrocyte	HMGB3	Ch_1_CHAD	0.008247336876359087	-0.9436972446755519	21194
HRA001986_chondrocyte	SCRG1	Ch_1_CHAD	1.6805599734096768	-0.9497130849548674	21198
HRA001986_chondrocyte	CCNB1	Ch_1_CHAD	0.009904227223556026	-0.950547695883075	21200
HRA001986_chondrocyte	TMEM106C	Ch_1_CHAD	0.1742213954034763	-0.9661911712951012	21205
HRA001986_chondrocyte	FBLN1	Ch_1_CHAD	0.6950557065751325	-0.9672272977467217	21206
HRA001986_chondrocyte	MIA	Ch_1_CHAD	0.37640289468454985	-0.9710608805801104	21207
HRA001986_chondrocyte	FABP4	Ch_1_CHAD	0.010037875414147092	-0.9731851608278813	21210
HRA001986_chondrocyte	RRM2	Ch_1_CHAD	0.0013491988285338986	-0.9771674225080114	21213
HRA001986_chondrocyte	BASP1	Ch_1_CHAD	0.03931258182367742	-0.978902723504961	21215
HRA001986_chondrocyte	OSTC	Ch_1_CHAD	0.4946480072437368	-0.9814780546987195	21217
HRA001986_chondrocyte	TPX2	Ch_1_CHAD	0.00025189138603963176	-0.9819167923706642	21218
HRA001986_chondrocyte	C1R	Ch_1_CHAD	1.0868425404575721	-0.9846443629103556	21220
HRA001986_chondrocyte	PBK	Ch_1_CHAD	0.000422497504323632	-0.9912385709049494	21223
HRA001986_chondrocyte	INHBA	Ch_1_CHAD	0.20420723493730988	-0.994553679679963	21225
HRA001986_chondrocyte	CTHRC1	Ch_1_CHAD	0.031514747965633035	-1.000722410830936	21226
HRA001986_chondrocyte	HSPB1	Ch_1_CHAD	1.633426866032	-1.0012274048965333	21227
HRA001986_chondrocyte	ARHGDIB	Ch_1_CHAD	0.03624785276335489	-1.003799988755763	21231
HRA001986_chondrocyte	PPIB	Ch_1_CHAD	1.1286836571913283	-1.0096234632636063	21234
HRA001986_chondrocyte	UGP2	Ch_1_CHAD	0.42377446411559927	-1.0132356371226465	21236
HRA001986_chondrocyte	ASPM	Ch_1_CHAD	0.0005431732609086344	-1.0218837228425321	21239
HRA001986_chondrocyte	MT1G	Ch_1_CHAD	0.4956293499455993	-1.0317273261831081	21242
HRA001986_chondrocyte	SKA2	Ch_1_CHAD	0.05553730288143045	-1.0370444172992774	21243
HRA001986_chondrocyte	CDKN2C	Ch_1_CHAD	0.10774819450201018	-1.0442455995840352	21246
HRA001986_chondrocyte	CERCAM	Ch_1_CHAD	0.12077302995246976	-1.045427602675164	21248
HRA001986_chondrocyte	CTSK	Ch_1_CHAD	0.5699738429575832	-1.0463168861504522	21249
HRA001986_chondrocyte	NUCB2	Ch_1_CHAD	0.7986603404981316	-1.0543127715983933	21252
HRA001986_chondrocyte	ABI3BP	Ch_1_CHAD	0.6001020982877309	-1.0572237529211845	21254
HRA001986_chondrocyte	PCOLCE	Ch_1_CHAD	1.3335375739699864	-1.0746209563520122	21259
HRA001986_chondrocyte	MFAP4	Ch_1_CHAD	0.11691649900855994	-1.0777109075896476	21260
HRA001986_chondrocyte	CSRP2	Ch_1_CHAD	0.02086177425557098	-1.0779339246409532	21261
HRA001986_chondrocyte	HLA-B	Ch_1_CHAD	0.848825133441216	-1.09831561773768	21266
HRA001986_chondrocyte	UBE2T	Ch_1_CHAD	0.004215949540854716	-1.1031664290128358	21267
HRA001986_chondrocyte	CALM3	Ch_1_CHAD	0.4223807367060254	-1.1061993074222816	21269
HRA001986_chondrocyte	MZT2B	Ch_1_CHAD	1.106775080174315	-1.1105934901224161	21270
HRA001986_chondrocyte	SFRP2	Ch_1_CHAD	0.017798726913708453	-1.1180723299019948	21271
HRA001986_chondrocyte	CDKN2D	Ch_1_CHAD	0.10808998072373421	-1.1202244513493955	21274
HRA001986_chondrocyte	PRC1	Ch_1_CHAD	0.008572825758757128	-1.1257099382375964	21275
HRA001986_chondrocyte	DTYMK	Ch_1_CHAD	0.07100060527513308	-1.130349445971144	21280
HRA001986_chondrocyte	MYLK	Ch_1_CHAD	0.029674191810660402	-1.1310844384584418	21281
HRA001986_chondrocyte	C1QTNF3	Ch_1_CHAD	0.10204424941800229	-1.1347322734964498	21282
HRA001986_chondrocyte	DUT	Ch_1_CHAD	0.5659197560775192	-1.145068964316641	21286
HRA001986_chondrocyte	CRABP2	Ch_1_CHAD	0.03857950643759192	-1.1497576756063865	21288
HRA001986_chondrocyte	TNFRSF11B	Ch_1_CHAD	0.4690676669503494	-1.1584980765485828	21290
HRA001986_chondrocyte	FNDC1	Ch_1_CHAD	0.07895333995395905	-1.1598589832215824	21291
HRA001986_chondrocyte	CENPW	Ch_1_CHAD	0.010359992517613964	-1.1855567544678076	21297
HRA001986_chondrocyte	EFEMP1	Ch_1_CHAD	0.10487914027154757	-1.1877510649407599	21299
HRA001986_chondrocyte	ASPN	Ch_1_CHAD	1.7424027471859462	-1.2023027934975024	21300
HRA001986_chondrocyte	KPNA2	Ch_1_CHAD	0.019567819007242346	-1.2093147758688527	21303
HRA001986_chondrocyte	ANGPTL2	Ch_1_CHAD	1.0022155880664128	-1.2106418024884225	21304
HRA001986_chondrocyte	CNN1	Ch_1_CHAD	0.003194295323862356	-1.210903682809431	21305
HRA001986_chondrocyte	CYP1B1	Ch_1_CHAD	0.0679458043598006	-1.2174175471241964	21307
HRA001986_chondrocyte	ANKH	Ch_1_CHAD	0.5090222162631929	-1.2213346699099121	21308
HRA001986_chondrocyte	HNRNPA2B1	Ch_1_CHAD	0.8089962970683763	-1.2222250006415334	21309
HRA001986_chondrocyte	JPT1	Ch_1_CHAD	0.07692736825007586	-1.231287718953054	21310
HRA001986_chondrocyte	PCOLCE2	Ch_1_CHAD	1.14576839998512	-1.238830744061751	21311
HRA001986_chondrocyte	TK1	Ch_1_CHAD	0.0032116763687464254	-1.2395675257271113	21312
HRA001986_chondrocyte	PTMA	Ch_1_CHAD	3.1784464564930692	-1.243373467336868	21313
HRA001986_chondrocyte	COX8A	Ch_1_CHAD	0.7651885751265877	-1.2438536638176105	21314
HRA001986_chondrocyte	AMTN	Ch_1_CHAD	0.011240553380848874	-1.25254547641844	21317
HRA001986_chondrocyte	RGS3	Ch_1_CHAD	0.3419272154096306	-1.253751712312172	21318
HRA001986_chondrocyte	STEAP4	Ch_1_CHAD	0.28089495904407313	-1.2567092835553928	21320
HRA001986_chondrocyte	MKI67	Ch_1_CHAD	0.0007151049959015853	-1.261349402975169	21321
HRA001986_chondrocyte	TUBB6	Ch_1_CHAD	0.18938670438423066	-1.2670078365527488	21322
HRA001986_chondrocyte	CDK1	Ch_1_CHAD	0.002527164947035361	-1.2724996740242922	21323
HRA001986_chondrocyte	MGP	Ch_1_CHAD	3.091153516182134	-1.274443610417221	21324
HRA001986_chondrocyte	IFITM1	Ch_1_CHAD	0.41310094240993767	-1.2746567014817671	21325
HRA001986_chondrocyte	B2M	Ch_1_CHAD	3.101840802744025	-1.2766049095259708	21326
HRA001986_chondrocyte	CAPZB	Ch_1_CHAD	0.5318845769377718	-1.286910581296522	21327
HRA001986_chondrocyte	TYMS	Ch_1_CHAD	0.007790799916152004	-1.295166874801915	21330
HRA001986_chondrocyte	MCAM	Ch_1_CHAD	0.009038763941739952	-1.3064387852601722	21333
HRA001986_chondrocyte	SH3BGRL	Ch_1_CHAD	0.4226042836293503	-1.3087261859465498	21334
HRA001986_chondrocyte	NUSAP1	Ch_1_CHAD	0.004094753570374883	-1.3172015478320822	21335
HRA001986_chondrocyte	TNXB	Ch_1_CHAD	0.22312126530067036	-1.323853668701945	21336
HRA001986_chondrocyte	RERGL	Ch_1_CHAD	0.003256153091910209	-1.325479955443665	21337
HRA001986_chondrocyte	BCAM	Ch_1_CHAD	0.00933406285067382	-1.3361114710680444	21341
HRA001986_chondrocyte	MXRA5	Ch_1_CHAD	0.12371483240059618	-1.3419682540230595	21342
HRA001986_chondrocyte	UBE2S	Ch_1_CHAD	0.08964802989005945	-1.3492054358450354	21344
HRA001986_chondrocyte	SPON2	Ch_1_CHAD	0.07941833478113094	-1.3493302663865485	21345
HRA001986_chondrocyte	RGCC	Ch_1_CHAD	1.2540724632347395	-1.3524035407291322	21346
HRA001986_chondrocyte	PPIC	Ch_1_CHAD	0.3072722058419448	-1.3585685302273467	21348
HRA001986_chondrocyte	DEK	Ch_1_CHAD	0.4519375237765446	-1.3658601541976334	21349
HRA001986_chondrocyte	PLA2G2A	Ch_1_CHAD	0.1414471345246613	-1.374819694320427	21350
HRA001986_chondrocyte	LGI4	Ch_1_CHAD	0.02389064297798635	-1.376259250855132	21351
HRA001986_chondrocyte	YWHAH	Ch_1_CHAD	0.2700574859547904	-1.3870207610012124	21352
HRA001986_chondrocyte	DEFB1	Ch_1_CHAD	0.21159835216434275	-1.388642867408935	21353
HRA001986_chondrocyte	SNCG	Ch_1_CHAD	0.19730526242440663	-1.3948671127018517	21354
HRA001986_chondrocyte	CKS1B	Ch_1_CHAD	0.3273820613676487	-1.407503792283804	21357
HRA001986_chondrocyte	IGFBP4	Ch_1_CHAD	0.08591591776857385	-1.4076815557250069	21358
HRA001986_chondrocyte	NDUFA4	Ch_1_CHAD	0.9243667781416111	-1.4140207179182402	21360
HRA001986_chondrocyte	C1S	Ch_1_CHAD	0.970304649587499	-1.4269315244251826	21361
HRA001986_chondrocyte	NBL1	Ch_1_CHAD	0.9364966466378889	-1.4288490652491155	21362
HRA001986_chondrocyte	TOP2A	Ch_1_CHAD	0.0024359062025734977	-1.429832454809841	21363
HRA001986_chondrocyte	FLNA	Ch_1_CHAD	0.12958530148076922	-1.4505908088247126	21367
HRA001986_chondrocyte	TNC	Ch_1_CHAD	0.6453140676652673	-1.459269015514079	21370
HRA001986_chondrocyte	VCAN	Ch_1_CHAD	0.28554533468895554	-1.4604874709285929	21371
HRA001986_chondrocyte	LMOD1	Ch_1_CHAD	0.006716165038639502	-1.4872775164472887	21373
HRA001986_chondrocyte	CSRP1	Ch_1_CHAD	0.2952701736057625	-1.4878267333154573	21374
HRA001986_chondrocyte	ARL6IP1	Ch_1_CHAD	0.4002375443254363	-1.4879560135044527	21375
HRA001986_chondrocyte	CFH	Ch_1_CHAD	0.6427736853093674	-1.509030638367312	21376
HRA001986_chondrocyte	FMOD	Ch_1_CHAD	1.556160814402501	-1.5131714004666417	21377
HRA001986_chondrocyte	CD99	Ch_1_CHAD	1.4918936113384504	-1.5159843749660145	21379
HRA001986_chondrocyte	CCDC80	Ch_1_CHAD	0.9368859068848707	-1.5305157536323006	21380
HRA001986_chondrocyte	PCLAF	Ch_1_CHAD	0.00500234501666382	-1.539100462346755	21381
HRA001986_chondrocyte	S100A4	Ch_1_CHAD	2.608010255632947	-1.5415420422864736	21382
HRA001986_chondrocyte	TNFAIP6	Ch_1_CHAD	0.24945777902785374	-1.5474472037406957	21383
HRA001986_chondrocyte	NR2F2	Ch_1_CHAD	0.04545094403716614	-1.547801056040982	21384
HRA001986_chondrocyte	CDKN3	Ch_1_CHAD	0.012804100365780561	-1.5525071617886355	21386
HRA001986_chondrocyte	NUCKS1	Ch_1_CHAD	0.9033579339431687	-1.5629634203039497	21387
HRA001986_chondrocyte	RHEB	Ch_1_CHAD	0.3937019210989013	-1.5653464180540866	21388
HRA001986_chondrocyte	HMGN2	Ch_1_CHAD	1.0265834754981413	-1.5837476377096893	21390
HRA001986_chondrocyte	CRLF1	Ch_1_CHAD	0.09540100481882163	-1.5884955833171648	21391
HRA001986_chondrocyte	SMC4	Ch_1_CHAD	0.04506014860626454	-1.607262165256857	21392
HRA001986_chondrocyte	RAN	Ch_1_CHAD	0.49843930393466024	-1.6111145814435905	21395
HRA001986_chondrocyte	TUBA1C	Ch_1_CHAD	0.2178871292520135	-1.6162574284338695	21396
HRA001986_chondrocyte	SELENOP	Ch_1_CHAD	0.21281830562137538	-1.619053930281829	21397
HRA001986_chondrocyte	PRELP	Ch_1_CHAD	2.1928706123517	-1.6214034691245431	21398
HRA001986_chondrocyte	DKK3	Ch_1_CHAD	0.3502835193300214	-1.622316100917624	21399
HRA001986_chondrocyte	BIRC5	Ch_1_CHAD	0.0023307191796614443	-1.6383515833377718	21402
HRA001986_chondrocyte	SERPINH1	Ch_1_CHAD	0.32910164760113547	-1.6430577118020773	21403
HRA001986_chondrocyte	HIST1H4C	Ch_1_CHAD	0.22081132834553674	-1.6567690454193174	21404
HRA001986_chondrocyte	APOE	Ch_1_CHAD	0.05163835439017401	-1.674820314846378	21406
HRA001986_chondrocyte	GSN	Ch_1_CHAD	1.5955711350006987	-1.690239367848342	21407
HRA001986_chondrocyte	HES4	Ch_1_CHAD	0.01370362054052086	-1.6981225848609083	21408
HRA001986_chondrocyte	THY1	Ch_1_CHAD	0.13942554679719227	-1.7272266951320008	21409
HRA001986_chondrocyte	HMGB1	Ch_1_CHAD	1.4687768875296126	-1.738026673543846	21412
HRA001986_chondrocyte	POSTN	Ch_1_CHAD	0.01228264864903119	-1.7515371567669915	21413
HRA001986_chondrocyte	H2AFV	Ch_1_CHAD	0.1903759224322567	-1.7691734900052425	21414
HRA001986_chondrocyte	CENPF	Ch_1_CHAD	0.0036495609621488042	-1.8149248329969294	21416
HRA001986_chondrocyte	CD55	Ch_1_CHAD	0.5701082858954172	-1.8266741656562748	21418
HRA001986_chondrocyte	TUBB4B	Ch_1_CHAD	0.34958760514217085	-1.8606108215535466	21419
HRA001986_chondrocyte	COL5A2	Ch_1_CHAD	0.43334650371712513	-1.86327302160616	21420
HRA001986_chondrocyte	DPT	Ch_1_CHAD	0.4492728302311038	-1.8682498267813565	21421
HRA001986_chondrocyte	CKS2	Ch_1_CHAD	0.08050135325072809	-1.8712823490370432	21422
HRA001986_chondrocyte	TPM1	Ch_1_CHAD	0.3697666992597508	-1.9378852927996628	21425
HRA001986_chondrocyte	HMGB2	Ch_1_CHAD	0.26835572199776025	-1.966526838905319	21428
HRA001986_chondrocyte	UBE2C	Ch_1_CHAD	0.002062419224134227	-1.982678069109111	21430
HRA001986_chondrocyte	PPP1R14A	Ch_1_CHAD	0.010992964648089703	-1.9868095985409522	21431
HRA001986_chondrocyte	TIMP3	Ch_1_CHAD	0.5334589245379268	-1.9876565866074172	21432
HRA001986_chondrocyte	MMP2	Ch_1_CHAD	0.52526745658853	-2.0173193318497713	21433
HRA001986_chondrocyte	SORBS2	Ch_1_CHAD	0.039443395392866544	-2.0504518405138903	21435
HRA001986_chondrocyte	CRTAC1	Ch_1_CHAD	1.2326621857927766	-2.0965628151284506	21436
HRA001986_chondrocyte	CXCL12	Ch_1_CHAD	0.08696662543460024	-2.1025410162810494	21437
HRA001986_chondrocyte	PTTG1	Ch_1_CHAD	0.04942261558809573	-2.1034715964725	21438
HRA001986_chondrocyte	RGS5	Ch_1_CHAD	0.01940066403174082	-2.1086543621745513	21440
HRA001986_chondrocyte	CILP	Ch_1_CHAD	1.0365298459207215	-2.1201773942883957	21441
HRA001986_chondrocyte	PLN	Ch_1_CHAD	0.00962635548009899	-2.146221757512013	21442
HRA001986_chondrocyte	HTRA1	Ch_1_CHAD	1.830887974415863	-2.1797096853384117	21443
HRA001986_chondrocyte	MYH11	Ch_1_CHAD	0.008949989297872146	-2.1977710791655163	21444
HRA001986_chondrocyte	ADIRF	Ch_1_CHAD	2.4852325146174516	-2.2172384386483808	21446
HRA001986_chondrocyte	COL6A2	Ch_1_CHAD	1.4122287968444553	-2.2178759941582094	21447
HRA001986_chondrocyte	FN1	Ch_1_CHAD	3.0279666661745623	-2.227703084847039	21449
HRA001986_chondrocyte	SERPINF1	Ch_1_CHAD	0.16769341367284052	-2.3025345144223133	21450
HRA001986_chondrocyte	TUBB	Ch_1_CHAD	0.6290041984923365	-2.343824324444604	21452
HRA001986_chondrocyte	H2AFZ	Ch_1_CHAD	0.7100674454522605	-2.3799994239209314	21453
HRA001986_chondrocyte	DSTN	Ch_1_CHAD	1.619942017182862	-2.380773898699534	21454
HRA001986_chondrocyte	CALD1	Ch_1_CHAD	0.901678898082292	-2.491026919284584	21458
HRA001986_chondrocyte	STMN1	Ch_1_CHAD	0.021315202907277134	-2.574934332568415	21459
HRA001986_chondrocyte	TUBA1B	Ch_1_CHAD	1.0492863451445436	-2.6019646818843127	21460
HRA001986_chondrocyte	C11ORF96	Ch_1_CHAD	0.08637762823007553	-2.6490538218490456	21461
HRA001986_chondrocyte	IGFBP7	Ch_1_CHAD	1.429885938383524	-2.6705699584212113	21462
HRA001986_chondrocyte	TPM2	Ch_1_CHAD	0.5383414561777883	-2.914451106780482	21463
HRA001986_chondrocyte	CFD	Ch_1_CHAD	0.172546972905675	-2.921118667037897	21464
HRA001986_chondrocyte	SPARC	Ch_1_CHAD	1.1336982822421662	-3.001718458310642	21465
HRA001986_chondrocyte	PRG4	Ch_1_CHAD	0.43123056181115826	-3.034996998649118	21466
HRA001986_chondrocyte	SPARCL1	Ch_1_CHAD	0.11108891185868265	-3.201252042253	21467
HRA001986_chondrocyte	COL1A2	Ch_1_CHAD	1.4182514924265945	-3.341450614839144	21468
HRA001986_chondrocyte	COL3A1	Ch_1_CHAD	1.134963814408346	-3.604071256037633	21469
HRA001986_chondrocyte	MYL9	Ch_1_CHAD	0.21159479354358246	-3.999773300166985	21470
HRA001986_chondrocyte	ACTA2	Ch_1_CHAD	0.04175433983230444	-4.047426156526371	21471
HRA001986_chondrocyte	COL1A1	Ch_1_CHAD	0.3839444191666509	-4.6379796589202344	21472
HRA001986_chondrocyte	TAGLN	Ch_1_CHAD	0.16147676634655417	-4.641152486460459	21473
HRA001986_chondrocyte	COL3A1	Ch_2_FNDC1	4.739035070445979	0.9564116147010777	1
HRA001986_chondrocyte	COL1A1	Ch_2_FNDC1	5.021924078086886	0.9477031606823694	2
HRA001986_chondrocyte	COL1A2	Ch_2_FNDC1	4.759702107265738	0.8918302510253624	3
HRA001986_chondrocyte	AEBP1	Ch_2_FNDC1	2.4835867395768623	0.8882112537565492	4
HRA001986_chondrocyte	SPON2	Ch_2_FNDC1	1.4287486011676795	0.8715693070297118	5
HRA001986_chondrocyte	RGS3	Ch_2_FNDC1	1.5956789277218026	0.8059808388995036	6
HRA001986_chondrocyte	NBL1	Ch_2_FNDC1	2.3653457118870045	0.7117349332972334	7
HRA001986_chondrocyte	FNDC1	Ch_2_FNDC1	1.2388123231755415	0.6680594303792339	8
HRA001986_chondrocyte	CADM1	Ch_2_FNDC1	0.9803843987407321	0.6650893346078164	9
HRA001986_chondrocyte	SERPINH1	Ch_2_FNDC1	1.9721593594032127	0.6474499972441758	10
HRA001986_chondrocyte	CTHRC1	Ch_2_FNDC1	1.032237158796569	0.6285251609054435	11
HRA001986_chondrocyte	THBS2	Ch_2_FNDC1	1.1411992528798336	0.61736937973778	12
HRA001986_chondrocyte	SPARC	Ch_2_FNDC1	4.135416740552809	0.6170110928340637	13
HRA001986_chondrocyte	POSTN	Ch_2_FNDC1	1.7638198054160228	0.6038207193920135	14
HRA001986_chondrocyte	GJA1	Ch_2_FNDC1	1.0467279715423576	0.5870443048477035	15
HRA001986_chondrocyte	C1QTNF3	Ch_2_FNDC1	1.236776522914452	0.5859840059423481	16
HRA001986_chondrocyte	DPT	Ch_2_FNDC1	2.3175226570124603	0.5723368277876542	17
HRA001986_chondrocyte	COL12A1	Ch_2_FNDC1	1.2737265421178077	0.5659317846854911	18
HRA001986_chondrocyte	PPIC	Ch_2_FNDC1	1.6658407360692915	0.5426213363435544	19
HRA001986_chondrocyte	CTSK	Ch_2_FNDC1	1.6162907291080353	0.5363066647668018	20
HRA001986_chondrocyte	MMP2	Ch_2_FNDC1	2.5425867884383013	0.4698449975827703	21
HRA001986_chondrocyte	MXRA8	Ch_2_FNDC1	1.78197322743736	0.4667042160764392	22
HRA001986_chondrocyte	COL5A2	Ch_2_FNDC1	2.296619525323285	0.44896653194144487	23
HRA001986_chondrocyte	ASPN	Ch_2_FNDC1	2.9447055406834486	0.44832106552461504	24
HRA001986_chondrocyte	COL6A2	Ch_2_FNDC1	3.630104791002665	0.44820706810356725	25
HRA001986_chondrocyte	CRABP2	Ch_2_FNDC1	1.1883371820439785	0.4305258496418144	26
HRA001986_chondrocyte	PCOLCE	Ch_2_FNDC1	2.4081585303219986	0.4245006848346653	27
HRA001986_chondrocyte	THY1	Ch_2_FNDC1	1.866652241929193	0.42310889749318514	28
HRA001986_chondrocyte	MXRA5	Ch_2_FNDC1	1.4656830864236556	0.42245973528556036	29
HRA001986_chondrocyte	PPIB	Ch_2_FNDC1	2.1383071204549347	0.4045625664374295	30
HRA001986_chondrocyte	ANXA4	Ch_2_FNDC1	1.0235016222091897	0.3995075442323459	31
HRA001986_chondrocyte	MMP14	Ch_2_FNDC1	1.1731453854844796	0.39482458083790883	32
HRA001986_chondrocyte	BASP1	Ch_2_FNDC1	1.0182153053286385	0.3946224407597194	33
HRA001986_chondrocyte	PLXDC1	Ch_2_FNDC1	0.7041534997808447	0.39122214938678196	34
HRA001986_chondrocyte	BGN	Ch_2_FNDC1	3.2401312463871537	0.39043913853949874	35
HRA001986_chondrocyte	CD99	Ch_2_FNDC1	3.007877986304465	0.3889882025529907	36
HRA001986_chondrocyte	RCN3	Ch_2_FNDC1	1.448427016279813	0.38343953472083614	37
HRA001986_chondrocyte	FKBP10	Ch_2_FNDC1	1.4472772065910748	0.3560365793847229	38
HRA001986_chondrocyte	HAPLN3	Ch_2_FNDC1	0.5804437568182488	0.35436961327830635	39
HRA001986_chondrocyte	CAPZB	Ch_2_FNDC1	1.8187951582342938	0.35419933406042503	40
HRA001986_chondrocyte	NDFIP1	Ch_2_FNDC1	1.4117024035288035	0.3522046302218047	41
HRA001986_chondrocyte	P4HA3	Ch_2_FNDC1	0.7286138346223867	0.3409258951501432	42
HRA001986_chondrocyte	COL8A1	Ch_2_FNDC1	0.7415919577130385	0.3369305030444384	43
HRA001986_chondrocyte	OSTC	Ch_2_FNDC1	1.4761260619424563	0.3304721766252814	44
HRA001986_chondrocyte	TNC	Ch_2_FNDC1	2.1045830831793464	0.32759810425283686	45
HRA001986_chondrocyte	EDIL3	Ch_2_FNDC1	0.9705127959755083	0.3231544201315487	46
HRA001986_chondrocyte	TCEAL9	Ch_2_FNDC1	1.4431198889787784	0.3218676373684144	47
HRA001986_chondrocyte	LSP1	Ch_2_FNDC1	1.0627573178748253	0.3204381024285229	48
HRA001986_chondrocyte	DKK3	Ch_2_FNDC1	1.9725996202476452	0.31738614318315816	49
HRA001986_chondrocyte	EEF2	Ch_2_FNDC1	2.224486434697871	0.3173306258914521	50
HRA001986_chondrocyte	S100A4	Ch_2_FNDC1	4.149552297919421	0.30958689504356096	51
HRA001986_chondrocyte	CERCAM	Ch_2_FNDC1	1.166200632627634	0.3082647387041818	52
HRA001986_chondrocyte	THBS3	Ch_2_FNDC1	0.844878355640243	0.2923547621581537	53
HRA001986_chondrocyte	CD63	Ch_2_FNDC1	3.245676522114734	0.2920424764028007	54
HRA001986_chondrocyte	ANGPTL2	Ch_2_FNDC1	2.212857390554835	0.2910652221301828	55
HRA001986_chondrocyte	UBC	Ch_2_FNDC1	2.372873713761628	0.2906289481868267	56
HRA001986_chondrocyte	MATN2	Ch_2_FNDC1	0.8745644739608088	0.2883295964879381	57
HRA001986_chondrocyte	IL32	Ch_2_FNDC1	0.5853253015915515	0.2872241069804008	58
HRA001986_chondrocyte	LRRC17	Ch_2_FNDC1	0.41833359009118565	0.27819050079468244	59
HRA001986_chondrocyte	EPB41L2	Ch_2_FNDC1	0.8762552435833613	0.2781012936767966	60
HRA001986_chondrocyte	SAA1	Ch_2_FNDC1	0.0005005563260131722	-0.0722141118174238	17828
HRA001986_chondrocyte	ROM1	Ch_2_FNDC1	0.08212265355332166	-0.0746141347061797	17915
HRA001986_chondrocyte	TAC1	Ch_2_FNDC1	0.013171748595240831	-0.07871681465808815	18073
HRA001986_chondrocyte	MFGE8	Ch_2_FNDC1	2.080695146318381	-0.08109212563448454	18150
HRA001986_chondrocyte	LAYN	Ch_2_FNDC1	0.0417094214143421	-0.08488804637226567	18262
HRA001986_chondrocyte	SLC14A1	Ch_2_FNDC1	0.0035969554419405976	-0.08638963432102398	18300
HRA001986_chondrocyte	LIMCH1	Ch_2_FNDC1	0.2464042255912723	-0.0955963004218229	18534
HRA001986_chondrocyte	PTPN22	Ch_2_FNDC1	0.03783707157542287	-0.10488080170506092	18752
HRA001986_chondrocyte	TMEM91	Ch_2_FNDC1	0.08754784618688914	-0.10719499923951821	18803
HRA001986_chondrocyte	BMPER	Ch_2_FNDC1	0.014410209852313748	-0.10749446106733429	18811
HRA001986_chondrocyte	MSMP	Ch_2_FNDC1	0.0021405847642699026	-0.11816766854850903	19021
HRA001986_chondrocyte	THBS1	Ch_2_FNDC1	0.1513556087240722	-0.12754513742697662	19175
HRA001986_chondrocyte	BX284668.5	Ch_2_FNDC1	0.12525186776301542	-0.135135153932018	19295
HRA001986_chondrocyte	BEX4	Ch_2_FNDC1	0.06444762063789396	-0.13757745252381776	19326
HRA001986_chondrocyte	WBP2	Ch_2_FNDC1	0.24786463598681402	-0.14329234916413852	19398
HRA001986_chondrocyte	MIR497HG	Ch_2_FNDC1	0.035057037185255456	-0.15454277686362644	19558
HRA001986_chondrocyte	MPHOSPH8	Ch_2_FNDC1	0.4551580338179102	-0.15813591311601483	19603
HRA001986_chondrocyte	DMKN	Ch_2_FNDC1	0.062492690227630376	-0.1601557141941035	19625
HRA001986_chondrocyte	MAF	Ch_2_FNDC1	0.17387143080985096	-0.1602394415201686	19626
HRA001986_chondrocyte	TBL1XR1	Ch_2_FNDC1	0.2649301577424791	-0.1626123278791201	19662
HRA001986_chondrocyte	RPL24	Ch_2_FNDC1	2.512958027020609	-0.17264703404623782	19770
HRA001986_chondrocyte	CFB	Ch_2_FNDC1	0.17761886846262048	-0.1751800856229268	19799
HRA001986_chondrocyte	ANG	Ch_2_FNDC1	0.18903122153169458	-0.18734525139031186	19923
HRA001986_chondrocyte	TPRG1	Ch_2_FNDC1	0.01284343662869628	-0.1947459052533956	19983
HRA001986_chondrocyte	HLA-C	Ch_2_FNDC1	1.6386365779300986	-0.19694999999283525	19999
HRA001986_chondrocyte	HIST1H1C	Ch_2_FNDC1	0.04015039008950705	-0.20806998455630923	20078
HRA001986_chondrocyte	KCTD12	Ch_2_FNDC1	0.18561379032002573	-0.21185089227595283	20103
HRA001986_chondrocyte	FOSB	Ch_2_FNDC1	0.9110594228118208	-0.22066173206192763	20164
HRA001986_chondrocyte	ITGA10	Ch_2_FNDC1	0.4604831311568524	-0.22234430034482106	20176
HRA001986_chondrocyte	GUCY1A2	Ch_2_FNDC1	0.003195417622531522	-0.22271890131983005	20179
HRA001986_chondrocyte	RPS2	Ch_2_FNDC1	3.095793003992178	-0.22575303805609126	20204
HRA001986_chondrocyte	GEM	Ch_2_FNDC1	0.6522290718350193	-0.2285803068211043	20221
HRA001986_chondrocyte	IGF1	Ch_2_FNDC1	0.42945422828100593	-0.22900542582368283	20227
HRA001986_chondrocyte	F3	Ch_2_FNDC1	0.09244982839172877	-0.2306836961959574	20236
HRA001986_chondrocyte	HLA-A	Ch_2_FNDC1	1.6790172973619888	-0.23176902371426755	20246
HRA001986_chondrocyte	ZFAS1	Ch_2_FNDC1	1.0412386970145504	-0.24261357507180947	20303
HRA001986_chondrocyte	GMDS	Ch_2_FNDC1	0.2509708442834774	-0.24532513510376225	20320
HRA001986_chondrocyte	RACK1	Ch_2_FNDC1	2.323551131541891	-0.24550063386026455	20322
HRA001986_chondrocyte	ASAH1	Ch_2_FNDC1	0.3775966414761784	-0.24635376771972411	20331
HRA001986_chondrocyte	NEGR1	Ch_2_FNDC1	0.008329606670075379	-0.2565757824602546	20385
HRA001986_chondrocyte	FCGRT	Ch_2_FNDC1	0.76683348785696	-0.2629600681722446	20417
HRA001986_chondrocyte	SNHG25	Ch_2_FNDC1	0.12450955935969915	-0.26466187294565124	20429
HRA001986_chondrocyte	LAPTM4A	Ch_2_FNDC1	2.2218799060567607	-0.26803342497975313	20449
HRA001986_chondrocyte	HOPX	Ch_2_FNDC1	0.0095744758670093	-0.26861256631281855	20452
HRA001986_chondrocyte	SEMA5A	Ch_2_FNDC1	0.06418217519386543	-0.27288960611152385	20464
HRA001986_chondrocyte	ABCA6	Ch_2_FNDC1	0.005711316307153385	-0.27672543227081176	20478
HRA001986_chondrocyte	MMP3	Ch_2_FNDC1	0.08828098659510723	-0.27869330157642314	20493
HRA001986_chondrocyte	RAMP2	Ch_2_FNDC1	0.05636588890224093	-0.28057638189790907	20500
HRA001986_chondrocyte	ARHGAP6	Ch_2_FNDC1	0.008278088032947566	-0.2835915867556335	20514
HRA001986_chondrocyte	EPB41L4A-AS1	Ch_2_FNDC1	0.2378603085982018	-0.28586140399884247	20521
HRA001986_chondrocyte	STEAP2	Ch_2_FNDC1	0.14860804217048784	-0.2887089643726288	20529
HRA001986_chondrocyte	FAM213A	Ch_2_FNDC1	0.01880424439209944	-0.29438593960857334	20558
HRA001986_chondrocyte	PLSCR4	Ch_2_FNDC1	0.10671625214449149	-0.29727799113932457	20570
HRA001986_chondrocyte	GLRX	Ch_2_FNDC1	0.3356273528829923	-0.3064751222323807	20613
HRA001986_chondrocyte	N4BP2L2	Ch_2_FNDC1	0.6075953622121673	-0.30785571195876804	20618
HRA001986_chondrocyte	TEX41	Ch_2_FNDC1	0.04727310158888419	-0.31351507655493205	20631
HRA001986_chondrocyte	RPL30	Ch_2_FNDC1	2.693306436460845	-0.3193491580661356	20648
HRA001986_chondrocyte	SSTR2	Ch_2_FNDC1	0.008376406710243907	-0.32294805278829747	20653
HRA001986_chondrocyte	FGL2	Ch_2_FNDC1	0.014491234572581299	-0.32494651147496345	20660
HRA001986_chondrocyte	CXCL2	Ch_2_FNDC1	0.020147118071134094	-0.3269216727978626	20669
HRA001986_chondrocyte	ADAMTS4	Ch_2_FNDC1	0.055462537966353954	-0.3273197896554071	20671
HRA001986_chondrocyte	PTGDS	Ch_2_FNDC1	0.054450556054914674	-0.32828573782550174	20676
HRA001986_chondrocyte	RPS12	Ch_2_FNDC1	3.083209229423832	-0.33241604140478076	20684
HRA001986_chondrocyte	CCDC102B	Ch_2_FNDC1	0.013879429643381876	-0.33352782787214125	20690
HRA001986_chondrocyte	DES	Ch_2_FNDC1	0.013004277112074991	-0.33790377719289955	20704
HRA001986_chondrocyte	FBXO32	Ch_2_FNDC1	0.10389953464889304	-0.3387884745649409	20707
HRA001986_chondrocyte	PODN	Ch_2_FNDC1	0.18787439764901534	-0.3476870736440689	20729
HRA001986_chondrocyte	C3	Ch_2_FNDC1	0.0020170317765487488	-0.3523010789379501	20744
HRA001986_chondrocyte	ADGRF5	Ch_2_FNDC1	0.0024391181665322005	-0.35371729647722566	20748
HRA001986_chondrocyte	HIGD1B	Ch_2_FNDC1	0.0011584045264998219	-0.35776857070905005	20755
HRA001986_chondrocyte	KCNJ8	Ch_2_FNDC1	0.0006094515526968601	-0.3585334953286491	20757
HRA001986_chondrocyte	RPS23	Ch_2_FNDC1	2.951022362364357	-0.35878102227736175	20758
HRA001986_chondrocyte	BICC1	Ch_2_FNDC1	0.2670074075755749	-0.3602562274729744	20764
HRA001986_chondrocyte	MFAP5	Ch_2_FNDC1	0.2350809840779555	-0.36222847671851377	20769
HRA001986_chondrocyte	MALAT1	Ch_2_FNDC1	5.953976877542033	-0.3654282203822339	20778
HRA001986_chondrocyte	PTGFR	Ch_2_FNDC1	0.14289181221753366	-0.37144017531213824	20793
HRA001986_chondrocyte	CST3	Ch_2_FNDC1	2.8415536402474717	-0.37828641035379507	20807
HRA001986_chondrocyte	LTBP4	Ch_2_FNDC1	0.47508870167119205	-0.3794844976398785	20809
HRA001986_chondrocyte	FOS	Ch_2_FNDC1	2.094169470476126	-0.38572544076441995	20824
HRA001986_chondrocyte	CCL19	Ch_2_FNDC1	0.0008995925318970163	-0.3914086536261667	20836
HRA001986_chondrocyte	FAM13C	Ch_2_FNDC1	0.04209189826188109	-0.3923353195409797	20839
HRA001986_chondrocyte	ARRDC3	Ch_2_FNDC1	0.2152227534585139	-0.3993050960219967	20853
HRA001986_chondrocyte	IGFBP4	Ch_2_FNDC1	1.0942776297340708	-0.3993198437595098	20854
HRA001986_chondrocyte	C7	Ch_2_FNDC1	0.0006379080213766116	-0.40076586887792537	20858
HRA001986_chondrocyte	RPL39	Ch_2_FNDC1	3.0965599694408454	-0.4087536338604236	20880
HRA001986_chondrocyte	EIF3E	Ch_2_FNDC1	1.3482176391304959	-0.411031272894129	20884
HRA001986_chondrocyte	RPL15	Ch_2_FNDC1	2.880156978325773	-0.415731981834889	20888
HRA001986_chondrocyte	ANAPC16	Ch_2_FNDC1	0.7291181194774515	-0.4210121588795105	20896
HRA001986_chondrocyte	AK1	Ch_2_FNDC1	0.8478350845480838	-0.42634300116550894	20903
HRA001986_chondrocyte	SLC25A37	Ch_2_FNDC1	0.2993231620094929	-0.4281147743000873	20906
HRA001986_chondrocyte	SMIM14	Ch_2_FNDC1	0.5449642430944935	-0.4306591466355487	20910
HRA001986_chondrocyte	BTG1	Ch_2_FNDC1	1.1091953155846679	-0.4316915870833393	20913
HRA001986_chondrocyte	FHL1	Ch_2_FNDC1	0.9801509300654693	-0.4353802096883438	20920
HRA001986_chondrocyte	CD36	Ch_2_FNDC1	0.0001087504946774984	-0.4356920177023185	20922
HRA001986_chondrocyte	RPL29	Ch_2_FNDC1	2.536736414824082	-0.4363795150543357	20924
HRA001986_chondrocyte	RPS18	Ch_2_FNDC1	3.475748773448791	-0.43645211922646654	20925
HRA001986_chondrocyte	EGR1	Ch_2_FNDC1	1.0712858849847107	-0.4389410407297003	20926
HRA001986_chondrocyte	COL4A1	Ch_2_FNDC1	0.3077787521686776	-0.4414388148446928	20929
HRA001986_chondrocyte	CCND2	Ch_2_FNDC1	0.2598006206481699	-0.44465582781229174	20932
HRA001986_chondrocyte	CHN1	Ch_2_FNDC1	0.09701602675064272	-0.449700794153307	20944
HRA001986_chondrocyte	FOXO1	Ch_2_FNDC1	0.10537737251644853	-0.4506127321296025	20945
HRA001986_chondrocyte	RPL8	Ch_2_FNDC1	2.6452047718353584	-0.45156814223445174	20949
HRA001986_chondrocyte	KCNAB1	Ch_2_FNDC1	0.0009044951688476472	-0.4621310095343997	20966
HRA001986_chondrocyte	SSR4	Ch_2_FNDC1	1.5076912852746078	-0.4630180725890183	20968
HRA001986_chondrocyte	HSPB1	Ch_2_FNDC1	2.1696096155272087	-0.46504465540132456	20969
HRA001986_chondrocyte	ARHGAP29	Ch_2_FNDC1	0.18989547617041175	-0.4652671729345806	20971
HRA001986_chondrocyte	MGST1	Ch_2_FNDC1	0.06782466430480878	-0.4660590880233267	20974
HRA001986_chondrocyte	LAG3	Ch_2_FNDC1	0.03645211073332129	-0.47025470502791394	20980
HRA001986_chondrocyte	CTSC	Ch_2_FNDC1	0.26832818471819964	-0.47549922423236957	20987
HRA001986_chondrocyte	CRISPLD1	Ch_2_FNDC1	0.257403416562731	-0.4821775510683268	20994
HRA001986_chondrocyte	RNASE4	Ch_2_FNDC1	0.33590760991180507	-0.4924545635493153	21008
HRA001986_chondrocyte	CHAD	Ch_2_FNDC1	0.040762705499665756	-0.49321743083039404	21013
HRA001986_chondrocyte	PSME1	Ch_2_FNDC1	0.6404834033012415	-0.4933799826517665	21014
HRA001986_chondrocyte	NRGN	Ch_2_FNDC1	0.03186098372901392	-0.493532509921911	21015
HRA001986_chondrocyte	HEY2	Ch_2_FNDC1	0.02396466950217262	-0.49753953651898136	21019
HRA001986_chondrocyte	RAMP1	Ch_2_FNDC1	0.0015382671013445418	-0.5003230996228668	21026
HRA001986_chondrocyte	SPRY1	Ch_2_FNDC1	0.05263104634462353	-0.5019351151078143	21028
HRA001986_chondrocyte	CXCL14	Ch_2_FNDC1	0.014888134795284023	-0.5065542348765358	21036
HRA001986_chondrocyte	ARHGAP15	Ch_2_FNDC1	0.0005662689315877695	-0.5113795679353076	21038
HRA001986_chondrocyte	CCL21	Ch_2_FNDC1	0.0001873746562732203	-0.5132282495450251	21040
HRA001986_chondrocyte	C20ORF27	Ch_2_FNDC1	0.2033333642223078	-0.5134665845975015	21041
HRA001986_chondrocyte	GPRC5C	Ch_2_FNDC1	0.027261332369725992	-0.5142858414418401	21043
HRA001986_chondrocyte	NPC2	Ch_2_FNDC1	1.5218104771964773	-0.5173644147852916	21048
HRA001986_chondrocyte	ZEB2	Ch_2_FNDC1	0.2771639364485307	-0.5198670594618344	21052
HRA001986_chondrocyte	NFIA	Ch_2_FNDC1	0.21229197643818298	-0.5213879307036468	21055
HRA001986_chondrocyte	PAPSS2	Ch_2_FNDC1	0.31152266697731773	-0.5264775330639875	21060
HRA001986_chondrocyte	SOD1	Ch_2_FNDC1	1.52971871614534	-0.5272797866305001	21062
HRA001986_chondrocyte	RPL36	Ch_2_FNDC1	2.8595372973865514	-0.5273858496599355	21063
HRA001986_chondrocyte	NNMT	Ch_2_FNDC1	1.9154764749424456	-0.5295370294787569	21064
HRA001986_chondrocyte	SGK1	Ch_2_FNDC1	0.34923698212116266	-0.5343306977815063	21071
HRA001986_chondrocyte	IFITM2	Ch_2_FNDC1	1.6962506495140197	-0.5422084099785642	21085
HRA001986_chondrocyte	SOX9	Ch_2_FNDC1	0.17960854560921072	-0.5435488996821932	21088
HRA001986_chondrocyte	SLPI	Ch_2_FNDC1	0.02480623426183314	-0.5471751771284924	21093
HRA001986_chondrocyte	ABCA8	Ch_2_FNDC1	0.002483099253631552	-0.5481159068113015	21096
HRA001986_chondrocyte	ABCC9	Ch_2_FNDC1	0.0013370881555450666	-0.5485033598133624	21097
HRA001986_chondrocyte	C1R	Ch_2_FNDC1	1.5197959251900242	-0.5516909781779036	21100
HRA001986_chondrocyte	SRSF5	Ch_2_FNDC1	0.6770608270706648	-0.5518937303372773	21102
HRA001986_chondrocyte	VCAN	Ch_2_FNDC1	1.1935422793514845	-0.552490526266064	21103
HRA001986_chondrocyte	ID2	Ch_2_FNDC1	0.8126947551970543	-0.5582785059860702	21111
HRA001986_chondrocyte	STOM	Ch_2_FNDC1	0.3140341365701421	-0.5607915303160959	21112
HRA001986_chondrocyte	COX7C	Ch_2_FNDC1	1.7455799176688742	-0.5613300107842376	21114
HRA001986_chondrocyte	C10ORF105	Ch_2_FNDC1	0.028722458771388206	-0.565014719871232	21116
HRA001986_chondrocyte	ANGPTL7	Ch_2_FNDC1	0.055913337978974326	-0.5682844053986937	21118
HRA001986_chondrocyte	LUM	Ch_2_FNDC1	3.794364943103103	-0.5717231736590973	21121
HRA001986_chondrocyte	CASQ2	Ch_2_FNDC1	7.127345460355088e-05	-0.577151214331146	21129
HRA001986_chondrocyte	RPL14	Ch_2_FNDC1	2.551862160054957	-0.5796398340260107	21130
HRA001986_chondrocyte	SFRP1	Ch_2_FNDC1	0.061511247909595786	-0.5875070628244543	21140
HRA001986_chondrocyte	TOB1	Ch_2_FNDC1	0.3185028367983854	-0.598295298053401	21146
HRA001986_chondrocyte	ZNF331	Ch_2_FNDC1	0.05228212689272843	-0.6024095659037627	21152
HRA001986_chondrocyte	LTBP3	Ch_2_FNDC1	0.4979149813680887	-0.6056047622668619	21154
HRA001986_chondrocyte	CILP2	Ch_2_FNDC1	0.42115685402320663	-0.6076619899390676	21155
HRA001986_chondrocyte	TMEM176A	Ch_2_FNDC1	0.010261763354413613	-0.6094040379326967	21156
HRA001986_chondrocyte	ADGRG2	Ch_2_FNDC1	0.055477217047961186	-0.6141834445224766	21161
HRA001986_chondrocyte	ITM2A	Ch_2_FNDC1	0.014030099123270964	-0.6182900151608403	21166
HRA001986_chondrocyte	CYBRD1	Ch_2_FNDC1	0.6422799990873712	-0.6199693237887486	21169
HRA001986_chondrocyte	RPL12	Ch_2_FNDC1	3.100489609974631	-0.6215146972523691	21171
HRA001986_chondrocyte	RPS27A	Ch_2_FNDC1	3.09801082169762	-0.6228801710152934	21172
HRA001986_chondrocyte	ADRA2A	Ch_2_FNDC1	0.029094545435719543	-0.6268089253110981	21175
HRA001986_chondrocyte	IGFBP2	Ch_2_FNDC1	0.011788706134828056	-0.6406492550391387	21187
HRA001986_chondrocyte	EPS8	Ch_2_FNDC1	0.2638148619267483	-0.6450016594603852	21190
HRA001986_chondrocyte	PTGES	Ch_2_FNDC1	0.3562100392979915	-0.6475135545903954	21193
HRA001986_chondrocyte	RCAN1	Ch_2_FNDC1	0.46378081558905254	-0.6476557367508919	21194
HRA001986_chondrocyte	AOC3	Ch_2_FNDC1	0.02047512757266938	-0.6487445227259243	21196
HRA001986_chondrocyte	FIBIN	Ch_2_FNDC1	0.5074448462786258	-0.653694586376552	21200
HRA001986_chondrocyte	NET1	Ch_2_FNDC1	0.14283428129348527	-0.6565062335866029	21203
HRA001986_chondrocyte	CAPS	Ch_2_FNDC1	0.5656991196582067	-0.6612967484054219	21207
HRA001986_chondrocyte	MUSTN1	Ch_2_FNDC1	0.00021258424519717963	-0.6684269863476907	21210
HRA001986_chondrocyte	RCAN2	Ch_2_FNDC1	0.0280800832264837	-0.6686000999854788	21211
HRA001986_chondrocyte	BST2	Ch_2_FNDC1	0.007223814808175964	-0.6757695659585992	21213
HRA001986_chondrocyte	TBX2-AS1	Ch_2_FNDC1	0.0071257492811785195	-0.6815374470105372	21216
HRA001986_chondrocyte	PTP4A3	Ch_2_FNDC1	0.031490905838519274	-0.6833136034022007	21218
HRA001986_chondrocyte	TFPI	Ch_2_FNDC1	0.018816667342046546	-0.6841570185889525	21219
HRA001986_chondrocyte	CRIM1	Ch_2_FNDC1	0.05168490551165206	-0.6864599872736324	21222
HRA001986_chondrocyte	CCDC80	Ch_2_FNDC1	1.7748354091427032	-0.6925662513744681	21226
HRA001986_chondrocyte	ACKR3	Ch_2_FNDC1	0.05221742311948841	-0.6940000255946783	21227
HRA001986_chondrocyte	HES1	Ch_2_FNDC1	0.4674017565534283	-0.6999015916136475	21231
HRA001986_chondrocyte	UGP2	Ch_2_FNDC1	0.7347243574240361	-0.7022857438142096	21235
HRA001986_chondrocyte	KCNMB1	Ch_2_FNDC1	0.03353035418514001	-0.7049656483342741	21236
HRA001986_chondrocyte	ANKH	Ch_2_FNDC1	1.0240364413492993	-0.7063204448238058	21237
HRA001986_chondrocyte	SLC29A1	Ch_2_FNDC1	0.40455171043722565	-0.7074525818097328	21238
HRA001986_chondrocyte	ZFP36L2	Ch_2_FNDC1	0.5739916982934057	-0.7233161951528329	21245
HRA001986_chondrocyte	CARMN	Ch_2_FNDC1	0.009842410480302207	-0.727280458165693	21248
HRA001986_chondrocyte	FABP3	Ch_2_FNDC1	0.1439603890102935	-0.729454203308877	21250
HRA001986_chondrocyte	CYR61	Ch_2_FNDC1	0.6844847874426644	-0.7411326706142726	21253
HRA001986_chondrocyte	FRZB	Ch_2_FNDC1	0.007740472008300495	-0.7441952957406995	21255
HRA001986_chondrocyte	ID4	Ch_2_FNDC1	0.09586113484611439	-0.7476713969037562	21257
HRA001986_chondrocyte	CDO1	Ch_2_FNDC1	0.6033408626589665	-0.7480884416684441	21258
HRA001986_chondrocyte	FLNA	Ch_2_FNDC1	0.8300582201566822	-0.7501178901487997	21260
HRA001986_chondrocyte	NDRG2	Ch_2_FNDC1	0.028843979737912	-0.7513266249676918	21262
HRA001986_chondrocyte	CSRP2	Ch_2_FNDC1	0.33798747295495624	-0.7608082259415679	21266
HRA001986_chondrocyte	MT1A	Ch_2_FNDC1	0.18515608167303627	-0.7625197701525888	21267
HRA001986_chondrocyte	FBLN2	Ch_2_FNDC1	0.13942068415591652	-0.7667655014470669	21270
HRA001986_chondrocyte	PPP1CB	Ch_2_FNDC1	0.6619001311686332	-0.7750465840152749	21275
HRA001986_chondrocyte	NTRK2	Ch_2_FNDC1	0.06341212497003823	-0.776546927347398	21276
HRA001986_chondrocyte	NEXN	Ch_2_FNDC1	0.16850534153108562	-0.7787441750180061	21277
HRA001986_chondrocyte	SLC7A2	Ch_2_FNDC1	0.027078764407839222	-0.7875218368015577	21283
HRA001986_chondrocyte	TMEM106C	Ch_2_FNDC1	0.3440015661476336	-0.7964110005509439	21284
HRA001986_chondrocyte	BUB3	Ch_2_FNDC1	0.3020158344546909	-0.7964848098486577	21285
HRA001986_chondrocyte	GGH	Ch_2_FNDC1	0.14744093256280585	-0.7990645053101917	21286
HRA001986_chondrocyte	BCAT1	Ch_2_FNDC1	0.35400531307598704	-0.8007091498911076	21288
HRA001986_chondrocyte	ADAMTS6	Ch_2_FNDC1	0.16431889038162623	-0.805376372779137	21290
HRA001986_chondrocyte	EBF1	Ch_2_FNDC1	0.18772613385218992	-0.8078642790432661	21291
HRA001986_chondrocyte	CDON	Ch_2_FNDC1	0.08895398386892675	-0.8097113154728038	21292
HRA001986_chondrocyte	FXYD5	Ch_2_FNDC1	1.1753497128753083	-0.8120402052334159	21293
HRA001986_chondrocyte	NUCB2	Ch_2_FNDC1	1.0394400747915307	-0.8135330373049943	21294
HRA001986_chondrocyte	PROCR	Ch_2_FNDC1	0.3436091819958416	-0.81737288960128	21297
HRA001986_chondrocyte	PLAC9	Ch_2_FNDC1	1.4709291343345399	-0.8244167991167362	21298
HRA001986_chondrocyte	SH3BGRL	Ch_2_FNDC1	0.9012550718651471	-0.8300753977107531	21300
HRA001986_chondrocyte	S100A1	Ch_2_FNDC1	0.019569236448711204	-0.8354057901508117	21301
HRA001986_chondrocyte	COX8A	Ch_2_FNDC1	1.1711111107116188	-0.8379311282325794	21302
HRA001986_chondrocyte	CALM3	Ch_2_FNDC1	0.6886430315194065	-0.8399370126089005	21304
HRA001986_chondrocyte	CCDC3	Ch_2_FNDC1	0.044523846849440864	-0.8451848382626995	21305
HRA001986_chondrocyte	RPL17	Ch_2_FNDC1	1.73285741969953	-0.84728934303518	21306
HRA001986_chondrocyte	CCNB2	Ch_2_FNDC1	0.007719518910897409	-0.8480428259124106	21307
HRA001986_chondrocyte	MZT2B	Ch_2_FNDC1	1.3680573225534574	-0.8493112477432738	21308
HRA001986_chondrocyte	IFITM3	Ch_2_FNDC1	2.3065080832765044	-0.8494373195626075	21309
HRA001986_chondrocyte	HNRNPA2B1	Ch_2_FNDC1	1.1725161139689322	-0.8587051837409774	21312
HRA001986_chondrocyte	CDC20	Ch_2_FNDC1	0.004959957873844496	-0.8591173152190129	21313
HRA001986_chondrocyte	ERRFI1	Ch_2_FNDC1	0.4323948688993912	-0.8600715364504088	21314
HRA001986_chondrocyte	GAS1	Ch_2_FNDC1	0.27676993315825205	-0.862170932357176	21315
HRA001986_chondrocyte	HMGB3	Ch_2_FNDC1	0.08767277561491223	-0.8642718059369987	21317
HRA001986_chondrocyte	COL2A1	Ch_2_FNDC1	0.010544008574774699	-0.8704607905881214	21318
HRA001986_chondrocyte	FGF7	Ch_2_FNDC1	0.17859954558327404	-0.8705091684428103	21319
HRA001986_chondrocyte	YWHAH	Ch_2_FNDC1	0.7849874916674622	-0.8720907552885406	21320
HRA001986_chondrocyte	NDUFA4	Ch_2_FNDC1	1.4553292160242524	-0.883058280035599	21321
HRA001986_chondrocyte	SKA2	Ch_2_FNDC1	0.20784871937625937	-0.8847330008044486	21322
HRA001986_chondrocyte	TNFAIP6	Ch_2_FNDC1	0.9120932135239616	-0.8848117692445879	21323
HRA001986_chondrocyte	ACTG2	Ch_2_FNDC1	0.0012658897392776123	-0.8864430097814152	21324
HRA001986_chondrocyte	SYNPO2	Ch_2_FNDC1	0.000632588878089999	-0.9035311573265519	21326
HRA001986_chondrocyte	CDKN2C	Ch_2_FNDC1	0.2434147873395947	-0.9085790067464508	21327
HRA001986_chondrocyte	INHBA	Ch_2_FNDC1	0.2806428781213738	-0.9181180364958991	21328
HRA001986_chondrocyte	DUT	Ch_2_FNDC1	0.7912363024395779	-0.9197524179545822	21329
HRA001986_chondrocyte	C1S	Ch_2_FNDC1	1.4705357497982823	-0.9267004242143992	21330
HRA001986_chondrocyte	RPL36A	Ch_2_FNDC1	2.1115376554947543	-0.9315742623370742	21331
HRA001986_chondrocyte	SFRP2	Ch_2_FNDC1	0.2009915879421069	-0.9348794688735964	21332
HRA001986_chondrocyte	CP	Ch_2_FNDC1	0.029434607611742793	-0.9360475777557477	21333
HRA001986_chondrocyte	CCL2	Ch_2_FNDC1	0.2016097035687451	-0.9436265678906562	21334
HRA001986_chondrocyte	EFEMP1	Ch_2_FNDC1	0.34432896519051964	-0.9483012400217878	21335
HRA001986_chondrocyte	CCNB1	Ch_2_FNDC1	0.011973613697631244	-0.9484783094089997	21336
HRA001986_chondrocyte	CYP1B1	Ch_2_FNDC1	0.332769763850213	-0.9525935876337841	21337
HRA001986_chondrocyte	FABP4	Ch_2_FNDC1	0.019196087379514438	-0.964026948862514	21338
HRA001986_chondrocyte	FBLN1	Ch_2_FNDC1	0.6952076764502545	-0.9670753278715997	21339
HRA001986_chondrocyte	TUBB6	Ch_2_FNDC1	0.4811769138447951	-0.9752176270921843	21340
HRA001986_chondrocyte	RRM2	Ch_2_FNDC1	0.003270701948817168	-0.9752459193877281	21341
HRA001986_chondrocyte	TPX2	Ch_2_FNDC1	0.006575867238371616	-0.9755928165183322	21342
HRA001986_chondrocyte	MFAP4	Ch_2_FNDC1	0.2188414443862796	-0.9757859622119278	21343
HRA001986_chondrocyte	DTYMK	Ch_2_FNDC1	0.21873472097479232	-0.9826153302714848	21344
HRA001986_chondrocyte	PBK	Ch_2_FNDC1	0.0035714063747429555	-0.9880896620345301	21346
HRA001986_chondrocyte	SLC39A14	Ch_2_FNDC1	0.2526074138780433	-0.9933686551703692	21347
HRA001986_chondrocyte	ASPM	Ch_2_FNDC1	0.007246697889162861	-1.015180198214278	21350
HRA001986_chondrocyte	SERPINF1	Ch_2_FNDC1	1.4545338769492302	-1.0156940511459238	21351
HRA001986_chondrocyte	SCRG1	Ch_2_FNDC1	1.611130808797791	-1.0191422495667533	21352
HRA001986_chondrocyte	ARHGDIB	Ch_2_FNDC1	0.01787648273993809	-1.0221713587791799	21353
HRA001986_chondrocyte	B2M	Ch_2_FNDC1	3.3534150352196823	-1.0250306770503137	21354
HRA001986_chondrocyte	FAU	Ch_2_FNDC1	2.1173426218819835	-1.0400511696090948	21356
HRA001986_chondrocyte	JPT1	Ch_2_FNDC1	0.25800852790533	-1.0502065592977998	21357
HRA001986_chondrocyte	TNXB	Ch_2_FNDC1	0.4953296273206059	-1.0516453066820097	21358
HRA001986_chondrocyte	RAN	Ch_2_FNDC1	1.0493047502402604	-1.0602491351379904	21360
HRA001986_chondrocyte	UBE2T	Ch_2_FNDC1	0.023674614405558438	-1.083707764148132	21361
HRA001986_chondrocyte	CDKN2D	Ch_2_FNDC1	0.13827903371950573	-1.090035398353624	21362
HRA001986_chondrocyte	DEK	Ch_2_FNDC1	0.7230364271597541	-1.094761250814424	21363
HRA001986_chondrocyte	MYLK	Ch_2_FNDC1	0.06160232700441394	-1.0991563032646883	21364
HRA001986_chondrocyte	TIMP3	Ch_2_FNDC1	1.4186176760455027	-1.1024978350998411	21365
HRA001986_chondrocyte	TPM1	Ch_2_FNDC1	1.198001954692418	-1.1096500373669955	21366
HRA001986_chondrocyte	ABI3BP	Ch_2_FNDC1	0.5460214077230585	-1.1113044434858568	21367
HRA001986_chondrocyte	GADD45B	Ch_2_FNDC1	0.9005081686030878	-1.1144500103762125	21368
HRA001986_chondrocyte	RHEB	Ch_2_FNDC1	0.8444149454473437	-1.114633393705644	21369
HRA001986_chondrocyte	PRC1	Ch_2_FNDC1	0.010160951388006167	-1.1241218126083474	21370
HRA001986_chondrocyte	KPNA2	Ch_2_FNDC1	0.09305553151569329	-1.1358270633604017	21371
HRA001986_chondrocyte	CNN1	Ch_2_FNDC1	0.076218050728474	-1.1378799274048195	21372
HRA001986_chondrocyte	NUCKS1	Ch_2_FNDC1	1.3204468470441972	-1.1458745072029213	21373
HRA001986_chondrocyte	CENPW	Ch_2_FNDC1	0.045931859904097774	-1.1499848870813236	21375
HRA001986_chondrocyte	CSRP1	Ch_2_FNDC1	0.6024866052615774	-1.1806103016596425	21376
HRA001986_chondrocyte	MT1G	Ch_2_FNDC1	0.34563215551601306	-1.1817245206126943	21377
HRA001986_chondrocyte	TK1	Ch_2_FNDC1	0.05083930025953145	-1.1919399018363261	21378
HRA001986_chondrocyte	FMOD	Ch_2_FNDC1	1.8641551248293537	-1.205177090039789	21379
HRA001986_chondrocyte	PLA2G2A	Ch_2_FNDC1	0.3039820120973083	-1.21228481674778	21380
HRA001986_chondrocyte	PTMA	Ch_2_FNDC1	3.200850043196496	-1.220969880633441	21381
HRA001986_chondrocyte	MT-ND3	Ch_2_FNDC1	1.39593993381024	-1.2219688185188127	21382
HRA001986_chondrocyte	UBE2S	Ch_2_FNDC1	0.2121631411292132	-1.2266903246058818	21383
HRA001986_chondrocyte	MIA	Ch_2_FNDC1	0.10372084969820482	-1.2437429255664556	21385
HRA001986_chondrocyte	AMTN	Ch_2_FNDC1	0.01567146380548744	-1.2481145659938016	21387
HRA001986_chondrocyte	TYMS	Ch_2_FNDC1	0.05035487060629367	-1.2526028041117732	21388
HRA001986_chondrocyte	MKI67	Ch_2_FNDC1	0.005979009471286653	-1.256085498499784	21389
HRA001986_chondrocyte	CDK1	Ch_2_FNDC1	0.009206222962101537	-1.265820616009226	21391
HRA001986_chondrocyte	HLA-B	Ch_2_FNDC1	0.6560710651087156	-1.2910696860701805	21392
HRA001986_chondrocyte	COMP	Ch_2_FNDC1	2.528388777296297	-1.2911998116069072	21393
HRA001986_chondrocyte	MT1X	Ch_2_FNDC1	2.2446661750175374	-1.301511042143964	21394
HRA001986_chondrocyte	H2AFV	Ch_2_FNDC1	0.650928410461211	-1.3086210019762883	21395
HRA001986_chondrocyte	NUSAP1	Ch_2_FNDC1	0.011220768471675076	-1.310075532930782	21396
HRA001986_chondrocyte	MCAM	Ch_2_FNDC1	0.0013632060084891363	-1.314114343193423	21397
HRA001986_chondrocyte	RERGL	Ch_2_FNDC1	0.0	-1.3287361085355751	21398
HRA001986_chondrocyte	BCAM	Ch_2_FNDC1	0.0028979429773032623	-1.3425475909414148	21399
HRA001986_chondrocyte	CRLF1	Ch_2_FNDC1	0.32045807167790863	-1.3634385164580778	21400
HRA001986_chondrocyte	IFITM1	Ch_2_FNDC1	0.323902481211962	-1.3638551626797428	21401
HRA001986_chondrocyte	TUBA1C	Ch_2_FNDC1	0.45140204249921784	-1.3827425151866652	21402
HRA001986_chondrocyte	HMGB1	Ch_2_FNDC1	1.8166669032659284	-1.3901366578075303	21403
HRA001986_chondrocyte	RGCC	Ch_2_FNDC1	1.2151077683383287	-1.391368235625543	21404
HRA001986_chondrocyte	LGI4	Ch_2_FNDC1	0.004405822989768686	-1.3957440708433495	21405
HRA001986_chondrocyte	SERPING1	Ch_2_FNDC1	1.095466684315249	-1.3978076609819245	21406
HRA001986_chondrocyte	SMC4	Ch_2_FNDC1	0.24313010219448272	-1.4091922116686388	21407
HRA001986_chondrocyte	CKS1B	Ch_2_FNDC1	0.31707361061186495	-1.4178122430395876	21408
HRA001986_chondrocyte	TNFRSF11B	Ch_2_FNDC1	0.20801763279609198	-1.4195481107028405	21409
HRA001986_chondrocyte	IGFBP7	Ch_2_FNDC1	2.6730846913653656	-1.42737120543937	21410
HRA001986_chondrocyte	TOP2A	Ch_2_FNDC1	0.0033512488540075594	-1.4289171121584068	21411
HRA001986_chondrocyte	STEAP4	Ch_2_FNDC1	0.08729141687731062	-1.4503128257221551	21412
HRA001986_chondrocyte	CALD1	Ch_2_FNDC1	1.9314643920116616	-1.4612414253552146	21413
HRA001986_chondrocyte	LMOD1	Ch_2_FNDC1	0.001523934028766773	-1.4924697474571615	21414
HRA001986_chondrocyte	PCLAF	Ch_2_FNDC1	0.04517220504112334	-1.4989306023222955	21415
HRA001986_chondrocyte	CFH	Ch_2_FNDC1	0.6346683396635258	-1.5171359840131537	21418
HRA001986_chondrocyte	CHI3L2	Ch_2_FNDC1	1.165546172867935	-1.5194184085137397	21419
HRA001986_chondrocyte	SNCG	Ch_2_FNDC1	0.06715311273651672	-1.5250192623897416	21420
HRA001986_chondrocyte	CDKN3	Ch_2_FNDC1	0.034647202471427274	-1.5306640596829888	21422
HRA001986_chondrocyte	ARL6IP1	Ch_2_FNDC1	0.3451611585164702	-1.5430323993134187	21423
HRA001986_chondrocyte	GSN	Ch_2_FNDC1	1.7420135224897673	-1.5437969803592735	21424
HRA001986_chondrocyte	NR2F2	Ch_2_FNDC1	0.04638999233130049	-1.5468620077468478	21425
HRA001986_chondrocyte	HES4	Ch_2_FNDC1	0.14842776944249622	-1.5633984359589328	21427
HRA001986_chondrocyte	HIST1H4C	Ch_2_FNDC1	0.3050946947465548	-1.5724856790182993	21428
HRA001986_chondrocyte	DEFB1	Ch_2_FNDC1	0.0188008059080039	-1.581440413665274	21429
HRA001986_chondrocyte	HMGN2	Ch_2_FNDC1	0.9980872676497825	-1.6122438455580481	21430
HRA001986_chondrocyte	BIRC5	Ch_2_FNDC1	0.01618148409716102	-1.6245008184202723	21431
HRA001986_chondrocyte	CXCL12	Ch_2_FNDC1	0.5544811736664027	-1.6350264680492472	21432
HRA001986_chondrocyte	DCN	Ch_2_FNDC1	2.9723823612593474	-1.6774158299230004	21434
HRA001986_chondrocyte	SELENOP	Ch_2_FNDC1	0.15191430572839118	-1.6799579301748133	21435
HRA001986_chondrocyte	C2ORF40	Ch_2_FNDC1	0.3473964352753734	-1.6814507539135657	21436
HRA001986_chondrocyte	APOE	Ch_2_FNDC1	0.029583820551537007	-1.696874848685015	21438
HRA001986_chondrocyte	TUBB4B	Ch_2_FNDC1	0.5030628773029785	-1.707135549392739	21439
HRA001986_chondrocyte	CKS2	Ch_2_FNDC1	0.2170834640226169	-1.7347002382651544	21440
HRA001986_chondrocyte	HTRA1	Ch_2_FNDC1	2.2567910418069315	-1.7538066179473435	21441
HRA001986_chondrocyte	CRTAC1	Ch_2_FNDC1	1.5619020983310512	-1.767322902590176	21442
HRA001986_chondrocyte	DSTN	Ch_2_FNDC1	2.2163374735414	-1.784378442340996	21443
HRA001986_chondrocyte	FN1	Ch_2_FNDC1	3.4688926487676963	-1.7867771022539052	21444
HRA001986_chondrocyte	CENPF	Ch_2_FNDC1	0.016639591783498157	-1.80193480217558	21445
HRA001986_chondrocyte	TUBB	Ch_2_FNDC1	1.170574540050868	-1.8022539828860726	21446
HRA001986_chondrocyte	CD55	Ch_2_FNDC1	0.5588220784596764	-1.8379603730920158	21447
HRA001986_chondrocyte	SORBS2	Ch_2_FNDC1	0.18053996692701443	-1.9093552689797422	21448
HRA001986_chondrocyte	MGP	Ch_2_FNDC1	2.4106977038603477	-1.9548994227390075	21449
HRA001986_chondrocyte	UBE2C	Ch_2_FNDC1	0.011984648571493103	-1.9727558397617522	21450
HRA001986_chondrocyte	PCOLCE2	Ch_2_FNDC1	0.4094671951564502	-1.9751319488904209	21451
HRA001986_chondrocyte	PPP1R14A	Ch_2_FNDC1	0.001462273352947074	-1.996340289836095	21452
HRA001986_chondrocyte	PTTG1	Ch_2_FNDC1	0.13651569452695927	-2.016378517533637	21453
HRA001986_chondrocyte	HMGB2	Ch_2_FNDC1	0.19817460760174072	-2.0367079533013386	21454
HRA001986_chondrocyte	PRELP	Ch_2_FNDC1	1.7757628325946613	-2.0385112488815817	21455
HRA001986_chondrocyte	RGS5	Ch_2_FNDC1	0.005837619507986667	-2.1222174066983053	21456
HRA001986_chondrocyte	TPM2	Ch_2_FNDC1	1.3149376298464903	-2.1378549331117798	21457
HRA001986_chondrocyte	CHI3L1	Ch_2_FNDC1	0.5057299523562905	-2.151564566977551	21458
HRA001986_chondrocyte	PLN	Ch_2_FNDC1	0.0008429980766006379	-2.1550051149155114	21459
HRA001986_chondrocyte	MYH11	Ch_2_FNDC1	0.0010743961948477812	-2.2056466722685406	21460
HRA001986_chondrocyte	TUBA1B	Ch_2_FNDC1	1.31845640289446	-2.3327946241343964	21461
HRA001986_chondrocyte	H2AFZ	Ch_2_FNDC1	0.7206531966067563	-2.3694136727664357	21462
HRA001986_chondrocyte	ADIRF	Ch_2_FNDC1	2.1379502182892933	-2.564520734976539	21463
HRA001986_chondrocyte	STMN1	Ch_2_FNDC1	0.02498684778005912	-2.571262687695633	21464
HRA001986_chondrocyte	C11ORF96	Ch_2_FNDC1	0.10239828098141739	-2.633033169097704	21465
HRA001986_chondrocyte	SPARCL1	Ch_2_FNDC1	0.557939579718837	-2.7544013743928457	21466
HRA001986_chondrocyte	MYL9	Ch_2_FNDC1	1.4415565645969723	-2.7698115291135954	21467
HRA001986_chondrocyte	PRG4	Ch_2_FNDC1	0.676504441811096	-2.78972311864918	21468
HRA001986_chondrocyte	CILP	Ch_2_FNDC1	0.3588238411944277	-2.79788339901469	21469
HRA001986_chondrocyte	CFD	Ch_2_FNDC1	0.09861866393458782	-2.9950469760089837	21470
HRA001986_chondrocyte	ACTA2	Ch_2_FNDC1	0.4278628887333909	-3.6613176076252847	21472
HRA001986_chondrocyte	TAGLN	Ch_2_FNDC1	1.0823317370108176	-3.7202975157961964	21473
HRA001986_chondrocyte	PRG4	Ch_3_PRG4	3.4662275604602764	2.3395164701225357	1
HRA001986_chondrocyte	CILP	Ch_3_PRG4	3.1567072402091174	2.1201773942883957	2
HRA001986_chondrocyte	CD55	Ch_3_PRG4	2.396782451551692	1.8266741656562748	3
HRA001986_chondrocyte	FN1	Ch_3_PRG4	5.2556697510216015	1.7867771022539052	4
HRA001986_chondrocyte	CRTAC1	Ch_3_PRG4	3.329225000921227	1.767322902590176	5
HRA001986_chondrocyte	HTRA1	Ch_3_PRG4	4.010597659754275	1.7538066179473435	6
HRA001986_chondrocyte	PRELP	Ch_3_PRG4	3.8142740814762432	1.6214034691245431	7
HRA001986_chondrocyte	DEFB1	Ch_3_PRG4	1.6002412195732778	1.388642867408935	8
HRA001986_chondrocyte	PCOLCE2	Ch_3_PRG4	2.384599144046871	1.238830744061751	9
HRA001986_chondrocyte	AMTN	Ch_3_PRG4	1.263786029799289	1.2386718431808628	10
HRA001986_chondrocyte	FMOD	Ch_3_PRG4	3.0693322148691426	1.205177090039789	11
HRA001986_chondrocyte	CRLF1	Ch_3_PRG4	1.6838965881359864	1.175779613015501	12
HRA001986_chondrocyte	TNFRSF11B	Ch_3_PRG4	1.6275657434989323	1.1584980765485828	13
HRA001986_chondrocyte	RGCC	Ch_3_PRG4	2.6064760039638717	1.0537807232319232	14
HRA001986_chondrocyte	MIA	Ch_3_PRG4	1.3474637752646603	0.9710608805801104	15
HRA001986_chondrocyte	SCRG1	Ch_3_PRG4	2.630273058364544	0.9497130849548674	16
HRA001986_chondrocyte	INHBA	Ch_3_PRG4	1.1987609146172729	0.9181180364958991	17
HRA001986_chondrocyte	ABI3BP	Ch_3_PRG4	1.6573258512089153	0.915336128318095	18
HRA001986_chondrocyte	TNXB	Ch_3_PRG4	1.5469749340026155	0.9110759688932345	19
HRA001986_chondrocyte	SLC39A14	Ch_3_PRG4	1.2459760690484125	0.892799434384008	20
HRA001986_chondrocyte	TNFAIP6	Ch_3_PRG4	1.7969049827685495	0.8848117692445879	21
HRA001986_chondrocyte	MGP	Ch_3_PRG4	4.365597126599355	0.8548693588940735	22
HRA001986_chondrocyte	ERRFI1	Ch_3_PRG4	1.2924664053498	0.8489283657168178	23
HRA001986_chondrocyte	GAS1	Ch_3_PRG4	1.138940865515428	0.8312964893995949	24
HRA001986_chondrocyte	MT1G	Ch_3_PRG4	1.5273566761287074	0.8094020754140498	25
HRA001986_chondrocyte	ADAMTS6	Ch_3_PRG4	0.9696952631607632	0.805376372779137	26
HRA001986_chondrocyte	PROCR	Ch_3_PRG4	1.1609820715971215	0.7997416668429126	27
HRA001986_chondrocyte	COL2A1	Ch_3_PRG4	0.8810047991628961	0.7990342855500753	28
HRA001986_chondrocyte	CDON	Ch_3_PRG4	0.8986652993417306	0.7671549221504473	29
HRA001986_chondrocyte	FABP3	Ch_3_PRG4	0.8734145923191705	0.729454203308877	30
HRA001986_chondrocyte	ANKH	Ch_3_PRG4	1.7303568861731051	0.7063204448238058	31
HRA001986_chondrocyte	TIMP3	Ch_3_PRG4	2.521115511145344	0.6933912932528215	32
HRA001986_chondrocyte	CCDC80	Ch_3_PRG4	2.4674016605171714	0.6925662513744681	33
HRA001986_chondrocyte	BCAT1	Ch_3_PRG4	1.1547144629670947	0.6852624629292903	34
HRA001986_chondrocyte	PTGES	Ch_3_PRG4	1.0037235938883868	0.6475135545903954	35
HRA001986_chondrocyte	S100A1	Ch_3_PRG4	0.854975026599523	0.6421125474345919	36
HRA001986_chondrocyte	CILP2	Ch_3_PRG4	1.0288188439622743	0.6076619899390676	37
HRA001986_chondrocyte	LTBP3	Ch_3_PRG4	1.1035197436349506	0.6056047622668619	38
HRA001986_chondrocyte	ADGRG2	Ch_3_PRG4	0.6696606615704378	0.5835261239242225	39
HRA001986_chondrocyte	SLC29A1	Ch_3_PRG4	1.1120042922469584	0.5648227050479151	40
HRA001986_chondrocyte	UGP2	Ch_3_PRG4	1.4370101012382457	0.5617077951042471	41
HRA001986_chondrocyte	ACKR3	Ch_3_PRG4	0.7462174487141667	0.5537876338125499	42
HRA001986_chondrocyte	C10ORF105	Ch_3_PRG4	0.5937371786426202	0.5428014372817468	43
HRA001986_chondrocyte	ID2	Ch_3_PRG4	1.3709732611831245	0.5364755511972933	44
HRA001986_chondrocyte	CDO1	Ch_3_PRG4	1.3514293043274106	0.5276183885498151	45
HRA001986_chondrocyte	PAPSS2	Ch_3_PRG4	0.8380002000413052	0.524516461203312	46
HRA001986_chondrocyte	SOX9	Ch_3_PRG4	0.7231574452914039	0.5021916363997941	47
HRA001986_chondrocyte	SOD1	Ch_3_PRG4	2.05699850277584	0.4917447765563614	48
HRA001986_chondrocyte	SLC7A2	Ch_3_PRG4	0.8146006012093969	0.47825157641502186	49
HRA001986_chondrocyte	COMP	Ch_3_PRG4	3.8195885889032044	0.4671399283760893	50
HRA001986_chondrocyte	FXYD5	Ch_3_PRG4	1.9873899181087242	0.4664418471269929	51
HRA001986_chondrocyte	SSR4	Ch_3_PRG4	1.970709357863626	0.4630180725890183	52
HRA001986_chondrocyte	CAPS	Ch_3_PRG4	1.2269958680636286	0.45517839760943835	53
HRA001986_chondrocyte	FOXO1	Ch_3_PRG4	0.555990104646051	0.4506127321296025	54
HRA001986_chondrocyte	CCND2	Ch_3_PRG4	0.7044564484604616	0.44465582781229174	55
HRA001986_chondrocyte	RCAN1	Ch_3_PRG4	1.1114365523399445	0.4393198321840426	56
HRA001986_chondrocyte	SMIM14	Ch_3_PRG4	0.9756233897300423	0.4306591466355487	57
HRA001986_chondrocyte	SGK1	Ch_3_PRG4	0.883567679902669	0.4292256389421579	58
HRA001986_chondrocyte	FIBIN	Ch_3_PRG4	1.1611394326551778	0.42715506179233065	59
HRA001986_chondrocyte	AK1	Ch_3_PRG4	1.2741780857135927	0.42634300116550894	60
HRA001986_chondrocyte	SAA1	Ch_3_PRG4	0.009025596449304066	-0.06368907169413292	16416
HRA001986_chondrocyte	TMEM91	Ch_3_PRG4	0.13075186767520652	-0.06399097775120083	16424
HRA001986_chondrocyte	BMPER	Ch_3_PRG4	0.057835999261024604	-0.06406867165862344	16429
HRA001986_chondrocyte	BEX4	Ch_3_PRG4	0.13476996540040118	-0.06725510776131052	16587
HRA001986_chondrocyte	ROM1	Ch_3_PRG4	0.08830859849722199	-0.06842818976227937	16655
HRA001986_chondrocyte	STEAP2	Ch_3_PRG4	0.3676515160056399	-0.06966549053747673	16697
HRA001986_chondrocyte	SLC25A37	Ch_3_PRG4	0.6554119951170662	-0.07202594119251404	16805
HRA001986_chondrocyte	WBP2	Ch_3_PRG4	0.31678062030479587	-0.07437636484615667	16906
HRA001986_chondrocyte	TAC1	Ch_3_PRG4	0.013356426486154269	-0.0785321367671747	17077
HRA001986_chondrocyte	LIMCH1	Ch_3_PRG4	0.2603561362729409	-0.08164438974015431	17181
HRA001986_chondrocyte	SLC14A1	Ch_3_PRG4	0.005940224824886439	-0.08404636493807813	17262
HRA001986_chondrocyte	BX284668.5	Ch_3_PRG4	0.17389380946348926	-0.08649321223154416	17354
HRA001986_chondrocyte	LAYN	Ch_3_PRG4	0.03361459640436684	-0.09298287138224093	17540
HRA001986_chondrocyte	EIF3E	Ch_3_PRG4	1.659317012448518	-0.09993189957610693	17735
HRA001986_chondrocyte	PTPN22	Ch_3_PRG4	0.04073991900166943	-0.10197795427881437	17770
HRA001986_chondrocyte	MSMP	Ch_3_PRG4	0.014059086712098922	-0.10624916660068001	17894
HRA001986_chondrocyte	ITGA10	Ch_3_PRG4	0.5735994842061788	-0.10922794729549468	17972
HRA001986_chondrocyte	THBS1	Ch_3_PRG4	0.16791350205268754	-0.11098724409836128	18024
HRA001986_chondrocyte	LUM	Ch_3_PRG4	4.253550697593052	-0.11253741916914795	18053
HRA001986_chondrocyte	MT1X	Ch_3_PRG4	3.432690340845201	-0.11348687631630039	18065
HRA001986_chondrocyte	MMP3	Ch_3_PRG4	0.25208641764514633	-0.11488787052638405	18102
HRA001986_chondrocyte	TBL1XR1	Ch_3_PRG4	0.30036145619469845	-0.12718102942690074	18391
HRA001986_chondrocyte	DMKN	Ch_3_PRG4	0.09237149800828755	-0.1302769064134463	18456
HRA001986_chondrocyte	CFB	Ch_3_PRG4	0.2070634853615524	-0.1457354687239949	18706
HRA001986_chondrocyte	TPRG1	Ch_3_PRG4	0.05840044485184122	-0.14918889703025068	18762
HRA001986_chondrocyte	SNHG25	Ch_3_PRG4	0.23983126342750333	-0.14934016887784707	18764
HRA001986_chondrocyte	BTG1	Ch_3_PRG4	1.3885187555390486	-0.15236814712895863	18826
HRA001986_chondrocyte	HIST1H1C	Ch_3_PRG4	0.08804377352593946	-0.1601766011198768	18958
HRA001986_chondrocyte	MIR497HG	Ch_3_PRG4	0.022933703723355108	-0.1666661103255268	19062
HRA001986_chondrocyte	N4BP2L2	Ch_3_PRG4	0.7341926757692901	-0.18125839840164515	19243
HRA001986_chondrocyte	RPL24	Ch_3_PRG4	2.5033444571152246	-0.18226060395162236	19252
HRA001986_chondrocyte	GMDS	Ch_3_PRG4	0.31386199054089836	-0.18243398884634127	19254
HRA001986_chondrocyte	ANG	Ch_3_PRG4	0.19313956018506537	-0.18323691273694107	19261
HRA001986_chondrocyte	RPS12	Ch_3_PRG4	3.2144995003932295	-0.20112577043538327	19464
HRA001986_chondrocyte	GLRX	Ch_3_PRG4	0.4389081231400541	-0.20319435197531888	19489
HRA001986_chondrocyte	MPHOSPH8	Ch_3_PRG4	0.4087547832014038	-0.20453916373252123	19506
HRA001986_chondrocyte	RPL39	Ch_3_PRG4	3.298683998448116	-0.20662960485315285	19537
HRA001986_chondrocyte	PLA2G2A	Ch_3_PRG4	1.3087156343646598	-0.20755119448042847	19545
HRA001986_chondrocyte	CHAD	Ch_3_PRG4	0.32353760484195626	-0.21044253148810355	19574
HRA001986_chondrocyte	EPB41L4A-AS1	Ch_3_PRG4	0.30899841636954944	-0.2147232962274948	19612
HRA001986_chondrocyte	GUCY1A2	Ch_3_PRG4	0.0008215347325027959	-0.2250927842098588	19703
HRA001986_chondrocyte	RAMP2	Ch_3_PRG4	0.10380791892748742	-0.23313435187266257	19775
HRA001986_chondrocyte	MAF	Ch_3_PRG4	0.09544018042984972	-0.23867069190016985	19815
HRA001986_chondrocyte	CST3	Ch_3_PRG4	2.9791572154211066	-0.2406828351801602	19831
HRA001986_chondrocyte	ZFAS1	Ch_3_PRG4	1.0411695080659031	-0.24268276402045674	19844
HRA001986_chondrocyte	NEGR1	Ch_3_PRG4	0.021193392963937782	-0.24371199616639216	19849
HRA001986_chondrocyte	KCTD12	Ch_3_PRG4	0.15116076022985253	-0.24630392236612603	19871
HRA001986_chondrocyte	RPL30	Ch_3_PRG4	2.766257373695276	-0.2463982208317046	19873
HRA001986_chondrocyte	FAM213A	Ch_3_PRG4	0.06213884717958322	-0.25105133682108954	19906
HRA001986_chondrocyte	CXCL14	Ch_3_PRG4	0.26808075593588676	-0.25336161373593313	19923
HRA001986_chondrocyte	ARHGAP6	Ch_3_PRG4	0.03360035821722991	-0.25826931657135116	19964
HRA001986_chondrocyte	ASAH1	Ch_3_PRG4	0.36514839332107263	-0.25880201587482987	19969
HRA001986_chondrocyte	PLAC9	Ch_3_PRG4	2.0265790386919806	-0.2687668947592954	20038
HRA001986_chondrocyte	ABCA6	Ch_3_PRG4	0.007074979621326979	-0.27536176895663816	20079
HRA001986_chondrocyte	SEMA5A	Ch_3_PRG4	0.060560862536308324	-0.27651091876908096	20089
HRA001986_chondrocyte	HOPX	Ch_3_PRG4	0.0014550619711203364	-0.27673198020870754	20090
HRA001986_chondrocyte	ANGPTL2	Ch_3_PRG4	1.9217921684246524	-0.2910652221301828	20161
HRA001986_chondrocyte	RPS23	Ch_3_PRG4	3.0161078850067087	-0.2936954996350103	20176
HRA001986_chondrocyte	F3	Ch_3_PRG4	0.024499159143222624	-0.29863436544446353	20201
HRA001986_chondrocyte	EGR1	Ch_3_PRG4	1.2052805394558155	-0.3049463862585955	20243
HRA001986_chondrocyte	SSTR2	Ch_3_PRG4	0.025305501053211766	-0.3060189584453296	20248
HRA001986_chondrocyte	LAG3	Ch_3_PRG4	0.1987953014840379	-0.3079115142771973	20258
HRA001986_chondrocyte	PLSCR4	Ch_3_PRG4	0.08565074197205912	-0.3183435013117569	20312
HRA001986_chondrocyte	CYR61	Ch_3_PRG4	1.1062333027614224	-0.31938415529551456	20320
HRA001986_chondrocyte	LTBP4	Ch_3_PRG4	0.5242318089340067	-0.3303413903770639	20373
HRA001986_chondrocyte	TEX41	Ch_3_PRG4	0.030224379092977982	-0.33056379905083827	20374
HRA001986_chondrocyte	CXCL2	Ch_3_PRG4	0.014266945026243028	-0.3328018458427537	20387
HRA001986_chondrocyte	FGL2	Ch_3_PRG4	0.005970507563988083	-0.33346723848355664	20389
HRA001986_chondrocyte	OSTC	Ch_3_PRG4	1.1393728187029248	-0.3367532432395315	20401
HRA001986_chondrocyte	P4HA3	Ch_3_PRG4	0.3876879394722435	-0.3409258951501432	20417
HRA001986_chondrocyte	CCDC102B	Ch_3_PRG4	0.005693044489043588	-0.3417142130264796	20420
HRA001986_chondrocyte	ANAPC16	Ch_3_PRG4	0.807974885138479	-0.342155393218483	20426
HRA001986_chondrocyte	DES	Ch_3_PRG4	0.006670851593643747	-0.3442372027113308	20435
HRA001986_chondrocyte	RPL8	Ch_3_PRG4	2.746825493788663	-0.349947420281147	20456
HRA001986_chondrocyte	NDFIP1	Ch_3_PRG4	1.0594977733069988	-0.3522046302218047	20463
HRA001986_chondrocyte	C3	Ch_3_PRG4	0.0007954046120727306	-0.35352270610242614	20467
HRA001986_chondrocyte	GPRC5C	Ch_3_PRG4	0.1855760462964957	-0.3559711275150703	20479
HRA001986_chondrocyte	ADGRF5	Ch_3_PRG4	0.0	-0.35615641464375786	20480
HRA001986_chondrocyte	MFGE8	Ch_3_PRG4	1.8055443007299659	-0.3562429712228996	20481
HRA001986_chondrocyte	HIGD1B	Ch_3_PRG4	0.0	-0.3589269752355499	20488
HRA001986_chondrocyte	KCNJ8	Ch_3_PRG4	9.759254147018784e-05	-0.3590453543398758	20489
HRA001986_chondrocyte	ADAMTS4	Ch_3_PRG4	0.02175151859700591	-0.36103080902475515	20496
HRA001986_chondrocyte	TCEAL9	Ch_3_PRG4	1.0812365849191035	-0.36188330405967495	20499
HRA001986_chondrocyte	RPL36	Ch_3_PRG4	3.015317937515574	-0.3716052095309128	20534
HRA001986_chondrocyte	CYBRD1	Ch_3_PRG4	0.8902696994475766	-0.3719796234285432	20538
HRA001986_chondrocyte	SRSF5	Ch_3_PRG4	0.8560585596926206	-0.37289599771532156	20540
HRA001986_chondrocyte	UBC	Ch_3_PRG4	1.9984324830238622	-0.3744412307377656	20547
HRA001986_chondrocyte	HSPB1	Ch_3_PRG4	2.258334343341119	-0.37631992758741406	20555
HRA001986_chondrocyte	PTGDS	Ch_3_PRG4	0.005925493585455867	-0.37681080029496056	20556
HRA001986_chondrocyte	RPS2	Ch_3_PRG4	2.9422810677999083	-0.37926497424836114	20563
HRA001986_chondrocyte	NFIA	Ch_3_PRG4	0.35332902473787403	-0.3803508824039557	20570
HRA001986_chondrocyte	FBXO32	Ch_3_PRG4	0.060545317259896626	-0.3821426919539373	20577
HRA001986_chondrocyte	MGST1	Ch_3_PRG4	0.14229220266598264	-0.3915915496621528	20607
HRA001986_chondrocyte	CCL19	Ch_3_PRG4	0.0	-0.39230824615806376	20611
HRA001986_chondrocyte	C7	Ch_3_PRG4	0.0	-0.40140377689930196	20638
HRA001986_chondrocyte	LRRC17	Ch_3_PRG4	0.016674158805191557	-0.4016594312859941	20639
HRA001986_chondrocyte	COX7C	Ch_3_PRG4	1.9050286754880674	-0.4018812529650444	20642
HRA001986_chondrocyte	RPL15	Ch_3_PRG4	2.889799539925402	-0.40608942023526007	20654
HRA001986_chondrocyte	S100A4	Ch_3_PRG4	3.7403227455156145	-0.4092295524038061	20663
HRA001986_chondrocyte	RPS27A	Ch_3_PRG4	3.308031552159074	-0.4128594405538393	20674
HRA001986_chondrocyte	LSP1	Ch_3_PRG4	0.6485447478605669	-0.4142125700142584	20678
HRA001986_chondrocyte	FAM13C	Ch_3_PRG4	0.016543303043450572	-0.4178839147594102	20693
HRA001986_chondrocyte	HLA-A	Ch_3_PRG4	1.4912290804845914	-0.419557240591665	20698
HRA001986_chondrocyte	CD36	Ch_3_PRG4	0.0	-0.43580076819699604	20743
HRA001986_chondrocyte	CD63	Ch_3_PRG4	2.8033701423787982	-0.4423063797359359	20759
HRA001986_chondrocyte	ANGPTL7	Ch_3_PRG4	0.1790743888647062	-0.4451233545129619	20768
HRA001986_chondrocyte	ASPN	Ch_3_PRG4	2.4963844751588335	-0.44832106552461504	20779
HRA001986_chondrocyte	ARRDC3	Ch_3_PRG4	0.16335575178275016	-0.45117209769776045	20784
HRA001986_chondrocyte	HAPLN3	Ch_3_PRG4	0.1267140181693802	-0.45372973864886856	20792
HRA001986_chondrocyte	FCGRT	Ch_3_PRG4	0.570137093909877	-0.45965646211932765	20809
HRA001986_chondrocyte	ANXA4	Ch_3_PRG4	0.5635873747882777	-0.459914247420912	20810
HRA001986_chondrocyte	GEM	Ch_3_PRG4	0.4200747937947159	-0.4607345848614077	20813
HRA001986_chondrocyte	BGN	Ch_3_PRG4	2.778219839853008	-0.46191140653414564	20817
HRA001986_chondrocyte	PTGFR	Ch_3_PRG4	0.05240688822591598	-0.4619250993037559	20818
HRA001986_chondrocyte	KCNAB1	Ch_3_PRG4	0.0010077627586446219	-0.4620277419446027	20819
HRA001986_chondrocyte	RACK1	Ch_3_PRG4	2.1068828526272214	-0.462168912774934	20821
HRA001986_chondrocyte	FKBP10	Ch_3_PRG4	0.9748877284201127	-0.4723894781709621	20835
HRA001986_chondrocyte	NRGN	Ch_3_PRG4	0.047697421072728785	-0.47769607257819613	20848
HRA001986_chondrocyte	RAMP1	Ch_3_PRG4	0.019387794706200823	-0.4824735720180105	20855
HRA001986_chondrocyte	ZEB2	Ch_3_PRG4	0.3059201293193051	-0.49111086659105996	20873
HRA001986_chondrocyte	RNASE4	Ch_3_PRG4	0.3349992765271655	-0.4933628969339549	20880
HRA001986_chondrocyte	SPRY1	Ch_3_PRG4	0.060213709090572276	-0.4943524523618656	20882
HRA001986_chondrocyte	RPL12	Ch_3_PRG4	3.2270658736905435	-0.4949384335364564	20883
HRA001986_chondrocyte	HLA-C	Ch_3_PRG4	1.336787092336567	-0.4987994855863669	20891
HRA001986_chondrocyte	HEY2	Ch_3_PRG4	0.017028761129975187	-0.5044754448911788	20901
HRA001986_chondrocyte	THBS3	Ch_3_PRG4	0.33909265493446683	-0.5057857007057762	20905
HRA001986_chondrocyte	EPB41L2	Ch_3_PRG4	0.3702795819837665	-0.5059756615995947	20906
HRA001986_chondrocyte	ARHGAP15	Ch_3_PRG4	0.00036924730826442604	-0.511576589558631	20917
HRA001986_chondrocyte	CCL21	Ch_3_PRG4	0.0	-0.5134156242012983	20922
HRA001986_chondrocyte	COL8A1	Ch_3_PRG4	0.22799233025931256	-0.513599627453726	20923
HRA001986_chondrocyte	C2ORF40	Ch_3_PRG4	1.4993980305691186	-0.5294491586198204	20950
HRA001986_chondrocyte	BICC1	Ch_3_PRG4	0.09740939831211894	-0.5298542367364304	20952
HRA001986_chondrocyte	RPS18	Ch_3_PRG4	3.3801849464529123	-0.5320159462223453	20954
HRA001986_chondrocyte	PODN	Ch_3_PRG4	0.0026895255039448614	-0.5328719457891394	20956
HRA001986_chondrocyte	IL32	Ch_3_PRG4	0.04984368050506792	-0.5354816210864836	20960
HRA001986_chondrocyte	FOSB	Ch_3_PRG4	0.5926921082446679	-0.5390290466290806	20962
HRA001986_chondrocyte	ABCA8	Ch_3_PRG4	0.011466741145955351	-0.5391322649189777	20963
HRA001986_chondrocyte	CHN1	Ch_3_PRG4	0.002536663938007286	-0.5441801569659424	20971
HRA001986_chondrocyte	ABCC9	Ch_3_PRG4	0.0004889665080518394	-0.5493514814608557	20982
HRA001986_chondrocyte	MATN2	Ch_3_PRG4	0.3179945454968786	-0.5565699284639303	20995
HRA001986_chondrocyte	IGF1	Ch_3_PRG4	0.10183589077570593	-0.5566237633289828	20996
HRA001986_chondrocyte	SLPI	Ch_3_PRG4	0.011236215534535894	-0.5607451958557896	21000
HRA001986_chondrocyte	FHL1	Ch_3_PRG4	0.8530854781584263	-0.5624456615953868	21004
HRA001986_chondrocyte	DPT	Ch_3_PRG4	1.7451858292248061	-0.5723368277876542	21013
HRA001986_chondrocyte	PPIC	Ch_3_PRG4	1.0916721107251905	-0.574168625344101	21014
HRA001986_chondrocyte	CASQ2	Ch_3_PRG4	0.00010493223776548099	-0.577117555547984	21017
HRA001986_chondrocyte	MFAP5	Ch_3_PRG4	0.011542269920264216	-0.5857671908762051	21025
HRA001986_chondrocyte	EEF2	Ch_3_PRG4	1.637776023762048	-0.5867104109358232	21026
HRA001986_chondrocyte	FRZB	Ch_3_PRG4	0.15441140519259317	-0.5975243625564068	21042
HRA001986_chondrocyte	NTRK2	Ch_3_PRG4	0.23816061360207325	-0.601798438715363	21044
HRA001986_chondrocyte	C20ORF27	Ch_3_PRG4	0.1106348744366884	-0.606165074383121	21049
HRA001986_chondrocyte	ZNF331	Ch_3_PRG4	0.04607558663840727	-0.6086161061580838	21053
HRA001986_chondrocyte	EPS8	Ch_3_PRG4	0.2971500051269878	-0.6116665162601458	21057
HRA001986_chondrocyte	DCN	Ch_3_PRG4	4.036923673584491	-0.6128745175978567	21059
HRA001986_chondrocyte	TMEM176A	Ch_3_PRG4	0.0023648263624642613	-0.6173009749246461	21062
HRA001986_chondrocyte	ARHGAP29	Ch_3_PRG4	0.036654466275912734	-0.6185081828290796	21064
HRA001986_chondrocyte	GJA1	Ch_3_PRG4	0.41911291551151364	-0.627615056030844	21073
HRA001986_chondrocyte	ITM2A	Ch_3_PRG4	0.002501273343013038	-0.6298188409410981	21075
HRA001986_chondrocyte	AOC3	Ch_3_PRG4	0.03884700791141049	-0.6303726423871832	21076
HRA001986_chondrocyte	IGFBP2	Ch_3_PRG4	0.020624674574646694	-0.6318132865993201	21077
HRA001986_chondrocyte	EDIL3	Ch_3_PRG4	0.3369397566897793	-0.6335730392857291	21080
HRA001986_chondrocyte	NET1	Ch_3_PRG4	0.1657641648231586	-0.6335763500569296	21081
HRA001986_chondrocyte	TOB1	Ch_3_PRG4	0.2777767678154369	-0.6390213670363495	21086
HRA001986_chondrocyte	NDRG2	Ch_3_PRG4	0.1401405477339783	-0.6400300569716254	21087
HRA001986_chondrocyte	CRIM1	Ch_3_PRG4	0.09376891920621516	-0.6443759735790693	21093
HRA001986_chondrocyte	ADRA2A	Ch_3_PRG4	0.011359656971285926	-0.6445438137755317	21094
HRA001986_chondrocyte	SFRP1	Ch_3_PRG4	0.0030342033623287803	-0.6459841073717214	21096
HRA001986_chondrocyte	PPIB	Ch_3_PRG4	1.4918429040271084	-0.6464642164278263	21098
HRA001986_chondrocyte	PLXDC1	Ch_3_PRG4	0.04002786581978579	-0.664125633961059	21117
HRA001986_chondrocyte	MUSTN1	Ch_3_PRG4	0.0027952731651391654	-0.6658442974277488	21119
HRA001986_chondrocyte	PSME1	Ch_3_PRG4	0.4663795873532211	-0.667483798599787	21120
HRA001986_chondrocyte	TFPI	Ch_3_PRG4	0.0342600951615235	-0.6687135907694756	21122
HRA001986_chondrocyte	COL4A1	Ch_3_PRG4	0.07705917305020198	-0.6721583939631685	21127
HRA001986_chondrocyte	BST2	Ch_3_PRG4	0.0032777765332127405	-0.6797156042335624	21141
HRA001986_chondrocyte	NPC2	Ch_3_PRG4	1.3593055199722222	-0.6798693720095468	21143
HRA001986_chondrocyte	RPL29	Ch_3_PRG4	2.291964760527951	-0.6811511693504668	21144
HRA001986_chondrocyte	CRISPLD1	Ch_3_PRG4	0.05301006029614637	-0.6865709073349114	21150
HRA001986_chondrocyte	MT1A	Ch_3_PRG4	0.26041554284161306	-0.687260308984012	21152
HRA001986_chondrocyte	TBX2-AS1	Ch_3_PRG4	0.0013934034680079949	-0.6872697928237077	21153
HRA001986_chondrocyte	FAU	Ch_3_PRG4	2.465697658795535	-0.6916961326955433	21155
HRA001986_chondrocyte	STOM	Ch_3_PRG4	0.17925995334645703	-0.6955657135397809	21161
HRA001986_chondrocyte	RCAN2	Ch_3_PRG4	0.0007575779466352747	-0.6959226052653272	21162
HRA001986_chondrocyte	PPP1CB	Ch_3_PRG4	0.7322091826596749	-0.7047375325242332	21167
HRA001986_chondrocyte	PTP4A3	Ch_3_PRG4	0.007387957863586855	-0.7074165513771332	21168
HRA001986_chondrocyte	RCN3	Ch_3_PRG4	0.7330629706956244	-0.7153640455841885	21172
HRA001986_chondrocyte	CTSC	Ch_3_PRG4	0.024648246146402944	-0.7191791628041663	21175
HRA001986_chondrocyte	KCNMB1	Ch_3_PRG4	0.010690460638153952	-0.7278055418812602	21186
HRA001986_chondrocyte	HES1	Ch_3_PRG4	0.43608088189210975	-0.731222466274966	21189
HRA001986_chondrocyte	NNMT	Ch_3_PRG4	1.712785741388736	-0.7322277630324665	21191
HRA001986_chondrocyte	CARMN	Ch_3_PRG4	0.0034135342413135344	-0.7337093344046817	21194
HRA001986_chondrocyte	TNC	Ch_3_PRG4	1.3705551838693317	-0.7340278993100147	21195
HRA001986_chondrocyte	RPL17	Ch_3_PRG4	1.8431087293441308	-0.7370380333905793	21196
HRA001986_chondrocyte	MT-ND3	Ch_3_PRG4	1.8731743427279803	-0.7447344096010724	21204
HRA001986_chondrocyte	ID4	Ch_3_PRG4	0.09303374210997639	-0.7504987896398941	21207
HRA001986_chondrocyte	CCDC3	Ch_3_PRG4	0.11182209320301784	-0.7778865919091226	21224
HRA001986_chondrocyte	NUCB2	Ch_3_PRG4	1.0601554746089867	-0.7928176374875382	21231
HRA001986_chondrocyte	NBL1	Ch_3_PRG4	1.569507408221496	-0.7958383036655086	21234
HRA001986_chondrocyte	LAPTM4A	Ch_3_PRG4	1.6846063899915698	-0.805306941044944	21237
HRA001986_chondrocyte	CERCAM	Ch_3_PRG4	0.35367547538069244	-0.8125251572469415	21241
HRA001986_chondrocyte	MXRA5	Ch_3_PRG4	0.6480735972930176	-0.817609489130638	21242
HRA001986_chondrocyte	FOS	Ch_3_PRG4	1.6614253727231203	-0.8184695385174257	21244
HRA001986_chondrocyte	MALAT1	Ch_3_PRG4	5.497442953580028	-0.8219621443442389	21247
HRA001986_chondrocyte	GGH	Ch_3_PRG4	0.12398325053348319	-0.8225221873395143	21248
HRA001986_chondrocyte	BUB3	Ch_3_PRG4	0.26401271298764	-0.8344879313157085	21254
HRA001986_chondrocyte	CAPZB	Ch_3_PRG4	0.9820384644042808	-0.836756693830013	21255
HRA001986_chondrocyte	RPL36A	Ch_3_PRG4	2.199666946401657	-0.8434449714301713	21258
HRA001986_chondrocyte	DKK3	Ch_3_PRG4	1.1257738238234032	-0.846825796424242	21260
HRA001986_chondrocyte	RPL14	Ch_3_PRG4	2.28384192310294	-0.8476600709780278	21261
HRA001986_chondrocyte	FBLN2	Ch_3_PRG4	0.055443338392829	-0.8507428472101544	21263
HRA001986_chondrocyte	CCNB2	Ch_3_PRG4	0.0023974727238174924	-0.8533648720994905	21265
HRA001986_chondrocyte	CDC20	Ch_3_PRG4	0.00707923663950642	-0.856998036453351	21267
HRA001986_chondrocyte	CTSK	Ch_3_PRG4	0.7537298164135259	-0.8625609126945094	21269
HRA001986_chondrocyte	YWHAH	Ch_3_PRG4	0.788514532790071	-0.8685637141659318	21270
HRA001986_chondrocyte	EBF1	Ch_3_PRG4	0.11760185646012554	-0.8779885564353305	21274
HRA001986_chondrocyte	MZT2B	Ch_3_PRG4	1.3369627327804556	-0.8804058375162755	21276
HRA001986_chondrocyte	ACTG2	Ch_3_PRG4	0.0	-0.8877088995206929	21278
HRA001986_chondrocyte	COX8A	Ch_3_PRG4	1.1098552138514481	-0.8991870250927501	21283
HRA001986_chondrocyte	SYNPO2	Ch_3_PRG4	0.0011773277826403986	-0.9029864184220016	21286
HRA001986_chondrocyte	MMP14	Ch_3_PRG4	0.2642993560538629	-0.9088460294306167	21288
HRA001986_chondrocyte	CP	Ch_3_PRG4	0.046231834130071404	-0.919250351237419	21289
HRA001986_chondrocyte	CADM1	Ch_3_PRG4	0.059333574456149146	-0.921050824284583	21290
HRA001986_chondrocyte	NEXN	Ch_3_PRG4	0.019588710739814743	-0.927660805809277	21291
HRA001986_chondrocyte	TMEM106C	Ch_3_PRG4	0.21222143994120818	-0.9281911267573695	21292
HRA001986_chondrocyte	HMGB3	Ch_3_PRG4	0.01760267636304074	-0.9343419051888703	21294
HRA001986_chondrocyte	MXRA8	Ch_3_PRG4	0.8460978806289804	-0.9358753468083797	21295
HRA001986_chondrocyte	BASP1	Ch_3_PRG4	0.06857207635223403	-0.9496432289764044	21298
HRA001986_chondrocyte	CCNB1	Ch_3_PRG4	0.007098177729537255	-0.9533537453770937	21300
HRA001986_chondrocyte	DUT	Ch_3_PRG4	0.7503818450316374	-0.9606068753625226	21301
HRA001986_chondrocyte	CRABP2	Ch_3_PRG4	0.2247986385650375	-0.963538543478941	21303
HRA001986_chondrocyte	CTHRC1	Ch_3_PRG4	0.06419205308893206	-0.968045105707637	21304
HRA001986_chondrocyte	THBS2	Ch_3_PRG4	0.1673600592095697	-0.973839193670264	21305
HRA001986_chondrocyte	RRM2	Ch_3_PRG4	0.0008547315576863504	-0.9776618897788589	21307
HRA001986_chondrocyte	ZFP36L2	Ch_3_PRG4	0.31801742291344615	-0.9792904705327924	21308
HRA001986_chondrocyte	TPX2	Ch_3_PRG4	0.001837324197460214	-0.9803313595592437	21309
HRA001986_chondrocyte	FABP4	Ch_3_PRG4	0.0003556551868251575	-0.9828673810552033	21311
HRA001986_chondrocyte	PBK	Ch_3_PRG4	0.00046100878493683515	-0.9912000596243362	21313
HRA001986_chondrocyte	ARHGDIB	Ch_3_PRG4	0.03532165331779008	-1.0047261882013279	21314
HRA001986_chondrocyte	CDKN2D	Ch_3_PRG4	0.22294513222328777	-1.0053692998498418	21315
HRA001986_chondrocyte	CCL2	Ch_3_PRG4	0.1359271119849126	-1.0093091594744887	21317
HRA001986_chondrocyte	CDKN2C	Ch_3_PRG4	0.14112436281409613	-1.0108694312719493	21319
HRA001986_chondrocyte	SKA2	Ch_3_PRG4	0.07822996529193779	-1.0143517548887702	21320
HRA001986_chondrocyte	CALM3	Ch_3_PRG4	0.5083643460587585	-1.0202156980695487	21322
HRA001986_chondrocyte	ASPM	Ch_3_PRG4	0.0011284742453154257	-1.0212984218581254	21323
HRA001986_chondrocyte	FGF7	Ch_3_PRG4	0.017919352705470102	-1.0311893613206142	21326
HRA001986_chondrocyte	EFEMP1	Ch_3_PRG4	0.2539436332007041	-1.0386865720116034	21329
HRA001986_chondrocyte	HNRNPA2B1	Ch_3_PRG4	0.9868336454156738	-1.044387652294236	21330
HRA001986_chondrocyte	MFAP4	Ch_3_PRG4	0.1451522031100612	-1.0494752034881463	21331
HRA001986_chondrocyte	HLA-B	Ch_3_PRG4	0.8933965575054763	-1.0537441936734198	21333
HRA001986_chondrocyte	PCOLCE	Ch_3_PRG4	1.3534315691787837	-1.0547269611432148	21334
HRA001986_chondrocyte	COL5A2	Ch_3_PRG4	1.229171227239158	-1.0674482980841271	21335
HRA001986_chondrocyte	TUBB6	Ch_3_PRG4	0.3881095441829892	-1.0682849967539902	21336
HRA001986_chondrocyte	GADD45B	Ch_3_PRG4	0.9351450115517889	-1.0798131674275115	21339
HRA001986_chondrocyte	VCAN	Ch_3_PRG4	0.6661967414520478	-1.0798360641655007	21340
HRA001986_chondrocyte	SFRP2	Ch_3_PRG4	0.05498847313072447	-1.080882583684979	21341
HRA001986_chondrocyte	UBE2T	Ch_3_PRG4	0.019073467793840754	-1.0883089107598498	21344
HRA001986_chondrocyte	DTYMK	Ch_3_PRG4	0.11191699979206439	-1.0894330514542128	21345
HRA001986_chondrocyte	CSRP2	Ch_3_PRG4	0.008554578186669591	-1.0902411207098546	21346
HRA001986_chondrocyte	CYP1B1	Ch_3_PRG4	0.19029039776925152	-1.0950729537147454	21348
HRA001986_chondrocyte	FNDC1	Ch_3_PRG4	0.12999689947048845	-1.108815423705053	21350
HRA001986_chondrocyte	COL12A1	Ch_3_PRG4	0.15100787115868403	-1.1227186709591237	21352
HRA001986_chondrocyte	PRC1	Ch_3_PRG4	0.004936947183418436	-1.129345816812935	21354
HRA001986_chondrocyte	C1QTNF3	Ch_3_PRG4	0.10245658969004422	-1.1343199332244078	21355
HRA001986_chondrocyte	CD99	Ch_3_PRG4	1.8663147848550832	-1.1415632014493817	21357
HRA001986_chondrocyte	RGS3	Ch_3_PRG4	0.43952346909346257	-1.15615545862834	21359
HRA001986_chondrocyte	MYLK	Ch_3_PRG4	0.0020509968350467533	-1.1587076334340554	21360
HRA001986_chondrocyte	KPNA2	Ch_3_PRG4	0.06870650080186066	-1.1601760940742345	21361
HRA001986_chondrocyte	SH3BGRL	Ch_3_PRG4	0.5707707369105699	-1.1605597326653303	21362
HRA001986_chondrocyte	IGFBP4	Ch_3_PRG4	0.33184721914046666	-1.161750254353114	21363
HRA001986_chondrocyte	CENPW	Ch_3_PRG4	0.013930827262639039	-1.1819859197227824	21364
HRA001986_chondrocyte	JPT1	Ch_3_PRG4	0.11812879859165945	-1.1900862886114705	21365
HRA001986_chondrocyte	NDUFA4	Ch_3_PRG4	1.1397894973525735	-1.198597998707278	21367
HRA001986_chondrocyte	CNN1	Ch_3_PRG4	0.0014292010105949396	-1.2126687771226985	21368
HRA001986_chondrocyte	TK1	Ch_3_PRG4	0.007519220755679534	-1.2352599813401781	21371
HRA001986_chondrocyte	FLNA	Ch_3_PRG4	0.33489296326780493	-1.2452831470376768	21373
HRA001986_chondrocyte	IFITM2	Ch_3_PRG4	0.9927084392480632	-1.2457506202445208	21374
HRA001986_chondrocyte	RHEB	Ch_3_PRG4	0.6979775703603696	-1.2610707687926181	21377
HRA001986_chondrocyte	MKI67	Ch_3_PRG4	0.00042987615972927493	-1.2616346318113414	21378
HRA001986_chondrocyte	CDK1	Ch_3_PRG4	0.0014626632837846884	-1.2735641756875429	21379
HRA001986_chondrocyte	UBE2S	Ch_3_PRG4	0.1631373717489191	-1.2757160939861758	21380
HRA001986_chondrocyte	RAN	Ch_3_PRG4	0.832060957243588	-1.2774929281346628	21381
HRA001986_chondrocyte	TYMS	Ch_3_PRG4	0.009118630054713455	-1.2938390446633534	21382
HRA001986_chondrocyte	MCAM	Ch_3_PRG4	0.01008933941388791	-1.3053882097880243	21383
HRA001986_chondrocyte	NUSAP1	Ch_3_PRG4	0.004720478134494072	-1.316575823267963	21384
HRA001986_chondrocyte	PTMA	Ch_3_PRG4	3.103266919798615	-1.318553004031322	21385
HRA001986_chondrocyte	RERGL	Ch_3_PRG4	0.0002637294350126173	-1.3284723791005626	21387
HRA001986_chondrocyte	BCAM	Ch_3_PRG4	0.000995814724638034	-1.34444971919408	21388
HRA001986_chondrocyte	CKS1B	Ch_3_PRG4	0.3777680540373476	-1.357117799614105	21389
HRA001986_chondrocyte	THY1	Ch_3_PRG4	0.5061478054430191	-1.360504436486174	21390
HRA001986_chondrocyte	IFITM3	Ch_3_PRG4	1.7951045524912645	-1.3608408503478473	21391
HRA001986_chondrocyte	DEK	Ch_3_PRG4	0.456474708131288	-1.36132296984289	21392
HRA001986_chondrocyte	SPON2	Ch_3_PRG4	0.060734774940209006	-1.3680138262274706	21393
HRA001986_chondrocyte	C1R	Ch_3_PRG4	0.700677629091517	-1.3708092742764109	21394
HRA001986_chondrocyte	CSRP1	Ch_3_PRG4	0.4073549499752958	-1.3757419569459242	21395
HRA001986_chondrocyte	H2AFV	Ch_3_PRG4	0.5768664137055174	-1.382682998731982	21396
HRA001986_chondrocyte	LGI4	Ch_3_PRG4	0.01071141440587559	-1.3894384794272427	21397
HRA001986_chondrocyte	B2M	Ch_3_PRG4	2.9721375248300568	-1.4063081874399392	21400
HRA001986_chondrocyte	TOP2A	Ch_3_PRG4	0.00023183565004654882	-1.4320365253623677	21401
HRA001986_chondrocyte	SERPINH1	Ch_3_PRG4	0.5386223764576089	-1.4335369829456037	21402
HRA001986_chondrocyte	COL6A2	Ch_3_PRG4	2.18904173101928	-1.4410630599833851	21403
HRA001986_chondrocyte	TUBA1C	Ch_3_PRG4	0.36468726712292665	-1.4694572905629564	21404
HRA001986_chondrocyte	CDKN3	Ch_3_PRG4	0.08565458287948728	-1.4796566792749288	21406
HRA001986_chondrocyte	AEBP1	Ch_3_PRG4	1.0016455171280416	-1.4819412224488206	21407
HRA001986_chondrocyte	LMOD1	Ch_3_PRG4	0.0003541816387551611	-1.4936394998471731	21408
HRA001986_chondrocyte	FBLN1	Ch_3_PRG4	0.16084966224831515	-1.501433342073539	21409
HRA001986_chondrocyte	NUCKS1	Ch_3_PRG4	0.9509511647163419	-1.5153701895307767	21410
HRA001986_chondrocyte	SNCG	Ch_3_PRG4	0.07230019403338361	-1.5198721810928748	21411
HRA001986_chondrocyte	STEAP4	Ch_3_PRG4	0.01634855248580701	-1.521255690113659	21412
HRA001986_chondrocyte	PCLAF	Ch_3_PRG4	0.007935760281609795	-1.5361670470818092	21413
HRA001986_chondrocyte	ARL6IP1	Ch_3_PRG4	0.35065628264905224	-1.5375372751808367	21414
HRA001986_chondrocyte	SMC4	Ch_3_PRG4	0.09193797129093906	-1.5603843425721826	21417
HRA001986_chondrocyte	IFITM1	Ch_3_PRG4	0.12572075080911913	-1.5620368930825856	21418
HRA001986_chondrocyte	HIST1H4C	Ch_3_PRG4	0.3014408486681973	-1.5761395250966568	21419
HRA001986_chondrocyte	NR2F2	Ch_3_PRG4	0.012690704672753517	-1.5805612954053947	21420
HRA001986_chondrocyte	DSTN	Ch_3_PRG4	2.41542449833651	-1.585291417545886	21421
HRA001986_chondrocyte	SPARC	Ch_3_PRG4	2.5243118747542668	-1.6111048657985418	21422
HRA001986_chondrocyte	SORBS2	Ch_3_PRG4	0.47348579674877234	-1.6164094391579842	21423
HRA001986_chondrocyte	C1S	Ch_3_PRG4	0.7694257136397296	-1.627810460372952	21424
HRA001986_chondrocyte	BIRC5	Ch_3_PRG4	0.0033013084066370415	-1.6373809941107962	21425
HRA001986_chondrocyte	CHI3L2	Ch_3_PRG4	1.0167733760080753	-1.6681912053735994	21427
HRA001986_chondrocyte	POSTN	Ch_3_PRG4	0.06766929688728945	-1.6961505085287334	21429
HRA001986_chondrocyte	HES4	Ch_3_PRG4	0.003783242092825288	-1.7080429633086038	21431
HRA001986_chondrocyte	TUBB4B	Ch_3_PRG4	0.4969039501291069	-1.7132944765666107	21432
HRA001986_chondrocyte	APOE	Ch_3_PRG4	0.006527634409623964	-1.719931034826928	21433
HRA001986_chondrocyte	CKS2	Ch_3_PRG4	0.17514269781190814	-1.7766410044758632	21434
HRA001986_chondrocyte	SELENOP	Ch_3_PRG4	0.04270722651348023	-1.7891650093897242	21435
HRA001986_chondrocyte	HMGB1	Ch_3_PRG4	1.4088384684157165	-1.7979650926577422	21436
HRA001986_chondrocyte	HMGN2	Ch_3_PRG4	0.8082110272461664	-1.8021200859616642	21437
HRA001986_chondrocyte	CENPF	Ch_3_PRG4	0.004572110798475379	-1.8140022831606029	21438
HRA001986_chondrocyte	SERPING1	Ch_3_PRG4	0.6598871474343935	-1.83338719786278	21439
HRA001986_chondrocyte	GSN	Ch_3_PRG4	1.3655091378799222	-1.9203013649691185	21441
HRA001986_chondrocyte	COL1A2	Ch_3_PRG4	2.825108980282991	-1.9345931269827474	21442
HRA001986_chondrocyte	CFH	Ch_3_PRG4	0.20215991005178563	-1.9496444136248938	21443
HRA001986_chondrocyte	IGFBP7	Ch_3_PRG4	2.1358527133355927	-1.9646031834691429	21444
HRA001986_chondrocyte	COL3A1	Ch_3_PRG4	2.7708541983705026	-1.9681808720754765	21445
HRA001986_chondrocyte	UBE2C	Ch_3_PRG4	0.002322129724040347	-1.982418358609205	21446
HRA001986_chondrocyte	PPP1R14A	Ch_3_PRG4	0.00010445086314224949	-1.9976981123258997	21447
HRA001986_chondrocyte	HMGB2	Ch_3_PRG4	0.1922441533697559	-2.0426384075333233	21448
HRA001986_chondrocyte	PTTG1	Ch_3_PRG4	0.06266367559605408	-2.090230536464542	21449
HRA001986_chondrocyte	RGS5	Ch_3_PRG4	0.0028015943517844255	-2.1252534318545075	21450
HRA001986_chondrocyte	C11ORF96	Ch_3_PRG4	0.5828707814657764	-2.152560668613345	21451
HRA001986_chondrocyte	PLN	Ch_3_PRG4	0.0005873175750300051	-2.1552607954170817	21452
HRA001986_chondrocyte	CXCL12	Ch_3_PRG4	0.008329390622415464	-2.1811782510932343	21453
HRA001986_chondrocyte	TPM1	Ch_3_PRG4	0.11524941447825279	-2.1924025775811606	21454
HRA001986_chondrocyte	H2AFZ	Ch_3_PRG4	0.8945651590055288	-2.195501710367663	21455
HRA001986_chondrocyte	MYH11	Ch_3_PRG4	0.0004834416654251625	-2.206237626797963	21456
HRA001986_chondrocyte	CHI3L1	Ch_3_PRG4	0.36236943510300146	-2.29492508423084	21457
HRA001986_chondrocyte	TUBB	Ch_3_PRG4	0.5626189608318309	-2.4102095621051096	21459
HRA001986_chondrocyte	SERPINF1	Ch_3_PRG4	0.04078415918171239	-2.429443768913442	21460
HRA001986_chondrocyte	MMP2	Ch_3_PRG4	0.08201274761666606	-2.4605740408216352	21461
HRA001986_chondrocyte	TUBA1B	Ch_3_PRG4	1.183376068606593	-2.4678749584222635	21462
HRA001986_chondrocyte	CALD1	Ch_3_PRG4	0.851101123604773	-2.5416046937621033	21464
HRA001986_chondrocyte	STMN1	Ch_3_PRG4	0.0077067651981076275	-2.5885427702775843	21465
HRA001986_chondrocyte	TPM2	Ch_3_PRG4	0.5754998556357341	-2.8772927073225363	21466
HRA001986_chondrocyte	CFD	Ch_3_PRG4	0.1191923325209013	-2.97447330742267	21467
HRA001986_chondrocyte	ADIRF	Ch_3_PRG4	1.6500876766225165	-3.052383276643316	21468
HRA001986_chondrocyte	SPARCL1	Ch_3_PRG4	0.20230445377315967	-3.110036500338523	21469
HRA001986_chondrocyte	COL1A1	Ch_3_PRG4	1.1731705372323216	-3.848753540854564	21470
HRA001986_chondrocyte	ACTA2	Ch_3_PRG4	0.014722480396307854	-4.074458015962368	21471
HRA001986_chondrocyte	MYL9	Ch_3_PRG4	0.12551288999621824	-4.085855203714349	21472
HRA001986_chondrocyte	TAGLN	Ch_3_PRG4	0.024736605787862048	-4.777892647019152	21473
HRA001986_chondrocyte	CFD	Ch_4_CFD	3.0936656399435716	2.736424906299578	1
HRA001986_chondrocyte	GSN	Ch_4_CFD	3.2858105028490407	1.3659234351196388	2
HRA001986_chondrocyte	CFH	Ch_4_CFD	2.1518043236766795	1.2297635467268906	3
HRA001986_chondrocyte	SELENOP	Ch_4_CFD	1.8318722359032045	1.0373724813648586	4
HRA001986_chondrocyte	SERPINF1	Ch_4_CFD	2.470227928095154	1.0156940511459238	5
HRA001986_chondrocyte	FBLN1	Ch_4_CFD	1.6622830043218542	0.9670753278715997	6
HRA001986_chondrocyte	CYP1B1	Ch_4_CFD	1.285363351483997	0.9525935876337841	7
HRA001986_chondrocyte	EFEMP1	Ch_4_CFD	1.2926302052123075	0.9483012400217878	8
HRA001986_chondrocyte	SFRP2	Ch_4_CFD	1.1358710568157033	0.9348794688735964	9
HRA001986_chondrocyte	C1S	Ch_4_CFD	2.3972361740126815	0.9267004242143992	10
HRA001986_chondrocyte	SERPING1	Ch_4_CFD	2.4932743452971735	0.7995231175242752	11
HRA001986_chondrocyte	MFAP4	Ch_4_CFD	1.1946274065982074	0.7787918480874824	12
HRA001986_chondrocyte	FBLN2	Ch_4_CFD	0.9061861856029834	0.7667655014470669	13
HRA001986_chondrocyte	ZFP36L2	Ch_4_CFD	1.2973078934462385	0.7233161951528329	14
HRA001986_chondrocyte	CXCL12	Ch_4_CFD	2.18950764171565	0.6248595589771149	15
HRA001986_chondrocyte	SFRP1	Ch_4_CFD	0.6490183107340501	0.5875070628244543	16
HRA001986_chondrocyte	ITM2A	Ch_4_CFD	0.6323201142841112	0.5683425278080526	17
HRA001986_chondrocyte	VCAN	Ch_4_CFD	1.7460328056175485	0.552490526266064	18
HRA001986_chondrocyte	C1R	Ch_4_CFD	2.0714869033679277	0.5516909781779036	19
HRA001986_chondrocyte	ABCA8	Ch_4_CFD	0.5505990060649331	0.4973637532217981	20
HRA001986_chondrocyte	CRISPLD1	Ch_4_CFD	0.7395809676310579	0.4821775510683268	21
HRA001986_chondrocyte	FOS	Ch_4_CFD	2.479894911240546	0.38572544076441995	22
HRA001986_chondrocyte	MGST1	Ch_4_CFD	0.5338837523281355	0.38249327431318947	23
HRA001986_chondrocyte	C7	Ch_4_CFD	0.40140377689930196	0.3749663221458501	24
HRA001986_chondrocyte	CYBRD1	Ch_4_CFD	1.2622493228761198	0.3719796234285432	25
HRA001986_chondrocyte	PTGFR	Ch_4_CFD	0.5143319875296719	0.37144017531213824	26
HRA001986_chondrocyte	NFIA	Ch_4_CFD	0.7336799071418297	0.36225565707365703	27
HRA001986_chondrocyte	MFAP5	Ch_4_CFD	0.5973094607964693	0.36222847671851377	28
HRA001986_chondrocyte	BICC1	Ch_4_CFD	0.6272636350485493	0.3602562274729744	29
HRA001986_chondrocyte	PODN	Ch_4_CFD	0.5355614712930843	0.3476870736440689	30
HRA001986_chondrocyte	SPRY1	Ch_4_CFD	0.5545661614524379	0.3443249400590828	31
HRA001986_chondrocyte	C3	Ch_4_CFD	0.35431811071449887	0.34061851851049263	32
HRA001986_chondrocyte	LTBP4	Ch_4_CFD	0.8545731993110706	0.32872655478949486	33
HRA001986_chondrocyte	PTGDS	Ch_4_CFD	0.3827362938804164	0.32828573782550174	34
HRA001986_chondrocyte	MT-ND3	Ch_4_CFD	2.6179087523290527	0.32202251033259977	35
HRA001986_chondrocyte	EBF1	Ch_4_CFD	0.995590412895456	0.3093162881203746	36
HRA001986_chondrocyte	FGL2	Ch_4_CFD	0.33943774604754473	0.30640526291970904	37
HRA001986_chondrocyte	RNASE4	Ch_4_CFD	0.8283621734611204	0.3051483901062183	38
HRA001986_chondrocyte	FHL1	Ch_4_CFD	1.415531139753813	0.28696755261393614	39
HRA001986_chondrocyte	EGR1	Ch_4_CFD	1.510226925714411	0.28467938128213177	40
HRA001986_chondrocyte	PLAC9	Ch_4_CFD	2.295345933451276	0.2687668947592954	41
HRA001986_chondrocyte	LAPTM4A	Ch_4_CFD	2.489913331036514	0.26803342497975313	42
HRA001986_chondrocyte	FCGRT	Ch_4_CFD	1.0297935560292046	0.2629600681722446	43
HRA001986_chondrocyte	ABCA6	Ch_4_CFD	0.28243674857796514	0.2587486476333455	44
HRA001986_chondrocyte	CXCL2	Ch_4_CFD	0.3470687908689967	0.25825264096877587	45
HRA001986_chondrocyte	CXCL14	Ch_4_CFD	0.5214423696718199	0.25336161373593313	46
HRA001986_chondrocyte	FGF7	Ch_4_CFD	1.0491087140260844	0.2476529514524637	47
HRA001986_chondrocyte	CST3	Ch_4_CFD	3.2198400506012668	0.2406828351801602	48
HRA001986_chondrocyte	PLSCR4	Ch_4_CFD	0.40399424328381606	0.23736550301122786	49
HRA001986_chondrocyte	RAMP2	Ch_4_CFD	0.33694227080015	0.23313435187266257	50
HRA001986_chondrocyte	F3	Ch_4_CFD	0.3231335245876862	0.2306836961959574	51
HRA001986_chondrocyte	IGF1	Ch_4_CFD	0.6584596541046888	0.22900542582368283	52
HRA001986_chondrocyte	GEM	Ch_4_CFD	0.8808093786561236	0.2285803068211043	53
HRA001986_chondrocyte	IGFBP4	Ch_4_CFD	1.4935974734935806	0.22641016562542715	54
HRA001986_chondrocyte	NEGR1	Ch_4_CFD	0.26490538913032996	0.2218617937431193	55
HRA001986_chondrocyte	FOSB	Ch_4_CFD	1.1317211548737485	0.22066173206192763	56
HRA001986_chondrocyte	ARRDC3	Ch_4_CFD	0.6145278494805106	0.21274343594877987	57
HRA001986_chondrocyte	KCTD12	Ch_4_CFD	0.39746468259597856	0.21185089227595283	58
HRA001986_chondrocyte	PLA2G2A	Ch_4_CFD	1.5162668288450882	0.20755119448042847	59
HRA001986_chondrocyte	RPL39	Ch_4_CFD	3.505313603301269	0.20662960485315285	60
HRA001986_chondrocyte	TMEM91	Ch_4_CFD	0.13215734295064596	-0.06258550247576139	15090
HRA001986_chondrocyte	SAA1	Ch_4_CFD	0.0	-0.07271466814343698	15584
HRA001986_chondrocyte	TAC1	Ch_4_CFD	0.018407638834641995	-0.07348092441868698	15622
HRA001986_chondrocyte	LAYN	Ch_4_CFD	0.052959815337717944	-0.07363765244888983	15631
HRA001986_chondrocyte	BMPER	Ch_4_CFD	0.04445793893751051	-0.07744673198213753	15793
HRA001986_chondrocyte	BX284668.5	Ch_4_CFD	0.17849482153709842	-0.081892200157935	15983
HRA001986_chondrocyte	MIR497HG	Ch_4_CFD	0.10289898182419564	-0.08670083222468626	16151
HRA001986_chondrocyte	SLC14A1	Ch_4_CFD	0.002152307213639184	-0.08783428254932539	16191
HRA001986_chondrocyte	TBL1XR1	Ch_4_CFD	0.3380970304845264	-0.0894454551370728	16251
HRA001986_chondrocyte	BEX4	Ch_4_CFD	0.1125337707160188	-0.0894913024456929	16253
HRA001986_chondrocyte	PTPN22	Ch_4_CFD	0.04733623507961953	-0.09538163820086426	16467
HRA001986_chondrocyte	LUM	Ch_4_CFD	4.260673552912344	-0.10541456384985626	16783
HRA001986_chondrocyte	ROM1	Ch_4_CFD	0.045921948785297324	-0.11081483947420404	16926
HRA001986_chondrocyte	RPS23	Ch_4_CFD	3.1936953146573526	-0.1161080699843664	17062
HRA001986_chondrocyte	CFB	Ch_4_CFD	0.23592881237913804	-0.11687014170640925	17080
HRA001986_chondrocyte	MSMP	Ch_4_CFD	0.0006151960479269783	-0.11969305726485195	17161
HRA001986_chondrocyte	THBS1	Ch_4_CFD	0.15877526315103327	-0.12012548300001555	17175
HRA001986_chondrocyte	ANG	Ch_4_CFD	0.23873217131862118	-0.13764430160338526	17585
HRA001986_chondrocyte	TPRG1	Ch_4_CFD	0.05783745158704923	-0.14975189029504266	17852
HRA001986_chondrocyte	EPB41L4A-AS1	Ch_4_CFD	0.37340246417003575	-0.1503192484270085	17861
HRA001986_chondrocyte	RPL17	Ch_4_CFD	2.3990498844185764	-0.18109687831613375	18393
HRA001986_chondrocyte	DMKN	Ch_4_CFD	0.0389250684529543	-0.18372333596877957	18441
HRA001986_chondrocyte	ZFAS1	Ch_4_CFD	1.0992768153065824	-0.1845754567797775	18455
HRA001986_chondrocyte	LIMCH1	Ch_4_CFD	0.1520901619852018	-0.1899103640278934	18541
HRA001986_chondrocyte	MPHOSPH8	Ch_4_CFD	0.4178462503008917	-0.19544769663303335	18618
HRA001986_chondrocyte	ARHGAP6	Ch_4_CFD	0.09445291055406595	-0.1974167642345151	18643
HRA001986_chondrocyte	RPS18	Ch_4_CFD	3.712490865598911	-0.19971002707634655	18682
HRA001986_chondrocyte	HIST1H1C	Ch_4_CFD	0.04365061152485208	-0.2045697631209642	18737
HRA001986_chondrocyte	RPL30	Ch_4_CFD	2.8042145695724945	-0.20844102495448613	18792
HRA001986_chondrocyte	N4BP2L2	Ch_4_CFD	0.7053531249650096	-0.21009794920592573	18816
HRA001986_chondrocyte	MAF	Ch_4_CFD	0.1225832960561668	-0.21152757627385277	18832
HRA001986_chondrocyte	SNHG25	Ch_4_CFD	0.1741705383274626	-0.2150008939778878	18863
HRA001986_chondrocyte	DCN	Ch_4_CFD	4.428266609476187	-0.22153158170616116	18937
HRA001986_chondrocyte	TEX41	Ch_4_CFD	0.13879752495466802	-0.22199065318914823	18942
HRA001986_chondrocyte	GUCY1A2	Ch_4_CFD	0.002872175825156754	-0.22304214311720483	18953
HRA001986_chondrocyte	MALAT1	Ch_4_CFD	6.092636522790081	-0.22676857513418547	18997
HRA001986_chondrocyte	NPC2	Ch_4_CFD	1.8048872893019527	-0.2342876026798162	19078
HRA001986_chondrocyte	WBP2	Ch_4_CFD	0.1546715271639094	-0.23648545798704315	19093
HRA001986_chondrocyte	STEAP2	Ch_4_CFD	0.19326281508685444	-0.24405419145626217	19173
HRA001986_chondrocyte	RPS27A	Ch_4_CFD	3.4733048931514596	-0.24758609956145383	19204
HRA001986_chondrocyte	TMEM176A	Ch_4_CFD	0.3704087144876129	-0.24925708679949743	19221
HRA001986_chondrocyte	TFPI	Ch_4_CFD	0.44728811358590753	-0.25568557234509154	19280
HRA001986_chondrocyte	RPL12	Ch_4_CFD	3.460291382648975	-0.261712924578025	19325
HRA001986_chondrocyte	CCDC102B	Ch_4_CFD	0.08343746308103314	-0.26396979443449	19336
HRA001986_chondrocyte	SRSF5	Ch_4_CFD	0.9618990135600253	-0.26705554384791685	19368
HRA001986_chondrocyte	HOPX	Ch_4_CFD	0.004947012464562767	-0.2732400297152651	19415
HRA001986_chondrocyte	EIF3E	Ch_4_CFD	1.4749294779658741	-0.2843194340587507	19506
HRA001986_chondrocyte	ASAH1	Ch_4_CFD	0.33835083336013244	-0.28559957583577006	19517
HRA001986_chondrocyte	GMDS	Ch_4_CFD	0.20210193893570688	-0.29419404045153275	19598
HRA001986_chondrocyte	FAM213A	Ch_4_CFD	0.016026215855595022	-0.29716396814507773	19620
HRA001986_chondrocyte	LRRC17	Ch_4_CFD	0.1146725427171738	-0.30366104737401184	19663
HRA001986_chondrocyte	EPB41L2	Ch_4_CFD	0.5668194010022949	-0.3094358425810664	19701
HRA001986_chondrocyte	SSTR2	Ch_4_CFD	0.021107061049170636	-0.31021739844937074	19706
HRA001986_chondrocyte	RPL24	Ch_4_CFD	2.374404840707353	-0.31120022035949413	19718
HRA001986_chondrocyte	ADAMTS4	Ch_4_CFD	0.07074343710601762	-0.31203889051574346	19727
HRA001986_chondrocyte	SEMA5A	Ch_4_CFD	0.021007061205643544	-0.31606472009974573	19757
HRA001986_chondrocyte	CYR61	Ch_4_CFD	1.0974418770173477	-0.3281755810395892	19822
HRA001986_chondrocyte	FAM13C	Ch_4_CFD	0.1044050295495515	-0.3300221882533093	19839
HRA001986_chondrocyte	KCNJ8	Ch_4_CFD	0.020840590565110284	-0.3383023563162357	19888
HRA001986_chondrocyte	LSP1	Ch_4_CFD	0.7242562895868541	-0.33850102828797124	19889
HRA001986_chondrocyte	ADGRF5	Ch_4_CFD	0.011577018248520308	-0.34457939639523755	19918
HRA001986_chondrocyte	RPS12	Ch_4_CFD	3.0660508432619946	-0.34957442756661816	19935
HRA001986_chondrocyte	DES	Ch_4_CFD	0.0012957404950539844	-0.3496123138099205	19936
HRA001986_chondrocyte	MMP3	Ch_4_CFD	0.013450121587450558	-0.3535241665840798	19965
HRA001986_chondrocyte	GLRX	Ch_4_CFD	0.28558957477589314	-0.35651290033947985	19981
HRA001986_chondrocyte	IL32	Ch_4_CFD	0.22855673754493958	-0.35676856404661195	19987
HRA001986_chondrocyte	HIGD1B	Ch_4_CFD	0.0006869092798061509	-0.35824006595574376	19997
HRA001986_chondrocyte	RPL15	Ch_4_CFD	2.935192862592583	-0.3606960975680793	20010
HRA001986_chondrocyte	NTRK2	Ch_4_CFD	0.477592662003615	-0.3623663903138213	20016
HRA001986_chondrocyte	SLPI	Ch_4_CFD	0.2055745006626028	-0.36640691072772275	20044
HRA001986_chondrocyte	STOM	Ch_4_CFD	0.5070874500322904	-0.3677382168539476	20054
HRA001986_chondrocyte	FBXO32	Ch_4_CFD	0.06386279416598863	-0.37882521504784533	20120
HRA001986_chondrocyte	CCL19	Ch_4_CFD	0.012907130308717277	-0.3794011158493465	20124
HRA001986_chondrocyte	UBC	Ch_4_CFD	1.9885540229918313	-0.38431969076979655	20150
HRA001986_chondrocyte	PSME1	Ch_4_CFD	0.7452761965582693	-0.3885871893947388	20173
HRA001986_chondrocyte	HES1	Ch_4_CFD	0.7784519409961838	-0.38885140717089206	20174
HRA001986_chondrocyte	ANGPTL7	Ch_4_CFD	0.2132212000919117	-0.4109765432857564	20255
HRA001986_chondrocyte	ANAPC16	Ch_4_CFD	0.7320093749854848	-0.4181209033714772	20276
HRA001986_chondrocyte	RACK1	Ch_4_CFD	2.138883292407011	-0.4301684729951445	20317
HRA001986_chondrocyte	RPS2	Ch_4_CFD	2.8903400697510913	-0.43120597229717816	20322
HRA001986_chondrocyte	CD36	Ch_4_CFD	0.0033072556951920765	-0.43249351250180396	20327
HRA001986_chondrocyte	ANXA4	Ch_4_CFD	0.5890919811648434	-0.4344096410443463	20336
HRA001986_chondrocyte	BST2	Ch_4_CFD	0.24810217438841894	-0.4348912063783561	20342
HRA001986_chondrocyte	LAG3	Ch_4_CFD	0.06737600061908473	-0.4393308151421505	20359
HRA001986_chondrocyte	RPL36	Ch_4_CFD	2.947560445894658	-0.43936270115182907	20360
HRA001986_chondrocyte	EDIL3	Ch_4_CFD	0.528388885700767	-0.4421239102747413	20370
HRA001986_chondrocyte	B2M	Ch_4_CFD	3.9291921273517176	-0.4492535849182784	20392
HRA001986_chondrocyte	ABCC9	Ch_4_CFD	0.09135764601419297	-0.4584828019547146	20423
HRA001986_chondrocyte	KCNAB1	Ch_4_CFD	0.003973919817869612	-0.45906158488537774	20426
HRA001986_chondrocyte	CHN1	Ch_4_CFD	0.08413257185878946	-0.4625842490451602	20440
HRA001986_chondrocyte	HEY2	Ch_4_CFD	0.057818594033555167	-0.46368561198759883	20444
HRA001986_chondrocyte	ZNF331	Ch_4_CFD	0.18895417556381044	-0.46573751723268064	20452
HRA001986_chondrocyte	RPL29	Ch_4_CFD	2.507336748643311	-0.46577918123510686	20453
HRA001986_chondrocyte	PLXDC1	Ch_4_CFD	0.2383677337399059	-0.4657857660409388	20454
HRA001986_chondrocyte	MXRA8	Ch_4_CFD	1.315269011360921	-0.4667042160764392	20460
HRA001986_chondrocyte	ID4	Ch_4_CFD	0.3765696112682926	-0.46696292048157795	20463
HRA001986_chondrocyte	HAPLN3	Ch_4_CFD	0.11248951856877736	-0.4679542382494714	20466
HRA001986_chondrocyte	ZEB2	Ch_4_CFD	0.32869307652598234	-0.46833791938438274	20468
HRA001986_chondrocyte	MMP2	Ch_4_CFD	2.072741790855531	-0.4698449975827703	20471
HRA001986_chondrocyte	ARHGAP29	Ch_4_CFD	0.18415797559423847	-0.47100467351075387	20475
HRA001986_chondrocyte	FOXO1	Ch_4_CFD	0.0837306929149216	-0.4722594117311294	20480
HRA001986_chondrocyte	SLC25A37	Ch_4_CFD	0.25435788463131137	-0.47308005167826883	20484
HRA001986_chondrocyte	HLA-A	Ch_4_CFD	1.4371508647480011	-0.4736354563282552	20487
HRA001986_chondrocyte	ARHGAP15	Ch_4_CFD	0.0339670370755007	-0.4779787997913946	20506
HRA001986_chondrocyte	COL8A1	Ch_4_CFD	0.2613569620541103	-0.48023499565892824	20510
HRA001986_chondrocyte	COL4A1	Ch_4_CFD	0.2635586133642162	-0.4856589536491542	20530
HRA001986_chondrocyte	CCL2	Ch_4_CFD	0.6535760132904102	-0.49166025816899117	20547
HRA001986_chondrocyte	RAMP1	Ch_4_CFD	0.0005400154552013754	-0.50132135126901	20578
HRA001986_chondrocyte	CCL21	Ch_4_CFD	0.002199014420989606	-0.5112166097803087	20610
HRA001986_chondrocyte	CP	Ch_4_CFD	0.4515182658386742	-0.5139639195288161	20618
HRA001986_chondrocyte	CHAD	Ch_4_CFD	0.012865028055987769	-0.521115108274072	20630
HRA001986_chondrocyte	GPRC5C	Ch_4_CFD	0.020120787306976837	-0.5214263865045892	20632
HRA001986_chondrocyte	NRGN	Ch_4_CFD	0.0	-0.5253934936509249	20644
HRA001986_chondrocyte	CCND2	Ch_4_CFD	0.17813371515852972	-0.5263227333019319	20646
HRA001986_chondrocyte	TOB1	Ch_4_CFD	0.3901862684744509	-0.5266118663773355	20648
HRA001986_chondrocyte	NET1	Ch_4_CFD	0.27252774096006976	-0.5268127739200184	20649
HRA001986_chondrocyte	SMIM14	Ch_4_CFD	0.4484554628620475	-0.5271679268679947	20651
HRA001986_chondrocyte	CTSK	Ch_4_CFD	1.0799840643412335	-0.5363066647668018	20673
HRA001986_chondrocyte	NDRG2	Ch_4_CFD	0.24223644416377269	-0.5379341605418311	20678
HRA001986_chondrocyte	NNMT	Ch_4_CFD	1.895796234042742	-0.5492172703784606	20708
HRA001986_chondrocyte	CDO1	Ch_4_CFD	0.7903104779853238	-0.5611188263420868	20739
HRA001986_chondrocyte	RPL8	Ch_4_CFD	2.523246604172016	-0.5735263098977943	20756
HRA001986_chondrocyte	THBS3	Ch_4_CFD	0.2686860561236848	-0.5761922995165583	20762
HRA001986_chondrocyte	CASQ2	Ch_4_CFD	0.0	-0.5772224877857496	20766
HRA001986_chondrocyte	ITGA10	Ch_4_CFD	0.0974391395855936	-0.5853882919160799	20780
HRA001986_chondrocyte	EEF2	Ch_4_CFD	1.6372054693081404	-0.5872809653897308	20783
HRA001986_chondrocyte	BTG1	Ch_4_CFD	0.9523952920927852	-0.588491610575222	20784
HRA001986_chondrocyte	C10ORF105	Ch_4_CFD	0.00411836017700408	-0.5896188184656161	20788
HRA001986_chondrocyte	FRZB	Ch_4_CFD	0.1597226868859298	-0.5922130808630702	20795
HRA001986_chondrocyte	P4HA3	Ch_4_CFD	0.12811805373526738	-0.6004957808871193	20815
HRA001986_chondrocyte	SOX9	Ch_4_CFD	0.12071519095799049	-0.6024422543334134	20816
HRA001986_chondrocyte	C20ORF27	Ch_4_CFD	0.11289036567423419	-0.6039095831455752	20822
HRA001986_chondrocyte	EPS8	Ch_4_CFD	0.3041820025218907	-0.6046345188652429	20823
HRA001986_chondrocyte	HLA-C	Ch_4_CFD	1.229838314968691	-0.605748262954243	20826
HRA001986_chondrocyte	ACKR3	Ch_4_CFD	0.14046654859624758	-0.6057509001179191	20827
HRA001986_chondrocyte	ID2	Ch_4_CFD	0.7590774981130787	-0.6118957630700458	20835
HRA001986_chondrocyte	THBS2	Ch_4_CFD	0.5238298731420535	-0.61736937973778	20843
HRA001986_chondrocyte	RPL36A	Ch_4_CFD	2.4242007856210375	-0.618911132210791	20848
HRA001986_chondrocyte	GADD45B	Ch_4_CFD	1.3949613724734742	-0.6199968065058261	20849
HRA001986_chondrocyte	BASP1	Ch_4_CFD	0.3978515475345177	-0.6203637577941208	20851
HRA001986_chondrocyte	MT1A	Ch_4_CFD	0.32172826369353336	-0.6259475881320917	20860
HRA001986_chondrocyte	CTSC	Ch_4_CFD	0.11258467901900093	-0.6312427299315683	20867
HRA001986_chondrocyte	CD63	Ch_4_CFD	2.6099491277508626	-0.6357273943638715	20879
HRA001986_chondrocyte	IGFBP2	Ch_4_CFD	0.01544307499266357	-0.6369948861813032	20881
HRA001986_chondrocyte	HLA-B	Ch_4_CFD	1.3100024382550293	-0.6371383129238668	20882
HRA001986_chondrocyte	RCAN2	Ch_4_CFD	0.058648935780465185	-0.6380312474314973	20883
HRA001986_chondrocyte	ADRA2A	Ch_4_CFD	0.016733360376289422	-0.6391701103705282	20887
HRA001986_chondrocyte	CRIM1	Ch_4_CFD	0.09682760786988756	-0.641317284915397	20891
HRA001986_chondrocyte	NDFIP1	Ch_4_CFD	0.7629314445548782	-0.6487709589739253	20903
HRA001986_chondrocyte	TCEAL9	Ch_4_CFD	0.7894381621865924	-0.6536817267921861	20914
HRA001986_chondrocyte	ADGRG2	Ch_4_CFD	0.013397588495084706	-0.6562630730753531	20917
HRA001986_chondrocyte	PCOLCE	Ch_4_CFD	1.7449960975820662	-0.6631624327399324	20924
HRA001986_chondrocyte	AOC3	Ch_4_CFD	0.005353900784854409	-0.6638657495137392	20926
HRA001986_chondrocyte	MUSTN1	Ch_4_CFD	0.001494969127418326	-0.6671446014654696	20931
HRA001986_chondrocyte	TBX2-AS1	Ch_4_CFD	0.015380346383765448	-0.6732828499079503	20937
HRA001986_chondrocyte	MATN2	Ch_4_CFD	0.19471839499130517	-0.6798460789695037	20947
HRA001986_chondrocyte	RPL14	Ch_4_CFD	2.4464955009359275	-0.6850064931450404	20956
HRA001986_chondrocyte	SGK1	Ch_4_CFD	0.19719938349595187	-0.6863682964067171	20960
HRA001986_chondrocyte	CTHRC1	Ch_4_CFD	0.3458130153418659	-0.6864241434547032	20961
HRA001986_chondrocyte	PTP4A3	Ch_4_CFD	0.024307820999579476	-0.6904966882411405	20966
HRA001986_chondrocyte	COX7C	Ch_4_CFD	1.6148125838300733	-0.6920973446230385	20968
HRA001986_chondrocyte	IFITM2	Ch_4_CFD	1.5333364954580084	-0.7051225640345755	20982
HRA001986_chondrocyte	CADM1	Ch_4_CFD	0.27509654551851664	-0.7052878532222155	20983
HRA001986_chondrocyte	MMP14	Ch_4_CFD	0.4571850569985751	-0.7159603284859044	21000
HRA001986_chondrocyte	CARMN	Ch_4_CFD	0.018772651019285054	-0.7183502176267101	21005
HRA001986_chondrocyte	KCNMB1	Ch_4_CFD	0.01496913834816689	-0.7235268641712472	21017
HRA001986_chondrocyte	LTBP3	Ch_4_CFD	0.3767423109158123	-0.7267774327191383	21021
HRA001986_chondrocyte	PPP1CB	Ch_4_CFD	0.699687109938522	-0.7372596052453861	21037
HRA001986_chondrocyte	SLC7A2	Ch_4_CFD	0.06854495422231209	-0.7460556469870848	21046
HRA001986_chondrocyte	OSTC	Ch_4_CFD	0.717242985923621	-0.7588830760188353	21059
HRA001986_chondrocyte	PPIC	Ch_4_CFD	0.8938794984287917	-0.7719612376404998	21073
HRA001986_chondrocyte	CCDC80	Ch_4_CFD	1.6838896236509693	-0.7835120368662021	21083
HRA001986_chondrocyte	PAPSS2	Ch_4_CFD	0.04546212887378047	-0.7925380711675247	21089
HRA001986_chondrocyte	CCDC3	Ch_4_CFD	0.09628762738953392	-0.7934210577226065	21090
HRA001986_chondrocyte	NEXN	Ch_4_CFD	0.13743626645250287	-0.8098132500965889	21101
HRA001986_chondrocyte	IFITM1	Ch_4_CFD	0.8759602554303281	-0.8117973884613767	21105
HRA001986_chondrocyte	CDON	Ch_4_CFD	0.0851808157916979	-0.8134844835500327	21106
HRA001986_chondrocyte	FIBIN	Ch_4_CFD	0.34268582765039773	-0.8184536050047801	21111
HRA001986_chondrocyte	COL12A1	Ch_4_CFD	0.4507401222564122	-0.8229864198613954	21117
HRA001986_chondrocyte	GAS1	Ch_4_CFD	0.3076443761158331	-0.8312964893995949	21124
HRA001986_chondrocyte	CERCAM	Ch_4_CFD	0.3248464949161031	-0.8413541377115308	21133
HRA001986_chondrocyte	S100A1	Ch_4_CFD	0.0004219081547620485	-0.8545531184447609	21143
HRA001986_chondrocyte	SYNPO2	Ch_4_CFD	0.049356236008645825	-0.8548075101959961	21144
HRA001986_chondrocyte	MGP	Ch_4_CFD	3.5107277677052817	-0.8548693588940735	21145
HRA001986_chondrocyte	CCNB2	Ch_4_CFD	0.0	-0.855762344823308	21148
HRA001986_chondrocyte	FABP3	Ch_4_CFD	0.013810632468985139	-0.8596039598501853	21151
HRA001986_chondrocyte	CDC20	Ch_4_CFD	0.0035681541767909374	-0.8605091189160665	21153
HRA001986_chondrocyte	CRABP2	Ch_4_CFD	0.3169193586749994	-0.8714178233689791	21158
HRA001986_chondrocyte	SPON2	Ch_4_CFD	0.5571792941379677	-0.8715693070297118	21159
HRA001986_chondrocyte	PTGES	Ch_4_CFD	0.12718628976735286	-0.876537304121034	21162
HRA001986_chondrocyte	BUB3	Ch_4_CFD	0.22100393979294256	-0.877496704510406	21166
HRA001986_chondrocyte	COL2A1	Ch_4_CFD	0.002713027296306418	-0.8782917718665897	21167
HRA001986_chondrocyte	GJA1	Ch_4_CFD	0.16689199822948123	-0.8798359733128764	21170
HRA001986_chondrocyte	GGH	Ch_4_CFD	0.06170432871247796	-0.8848011091605196	21172
HRA001986_chondrocyte	ACTG2	Ch_4_CFD	0.002095927866242773	-0.8856129716544501	21173
HRA001986_chondrocyte	SOD1	Ch_4_CFD	1.1711692789422092	-0.8858292238336309	21174
HRA001986_chondrocyte	ARHGDIB	Ch_4_CFD	0.14473991536890446	-0.8953079261502135	21182
HRA001986_chondrocyte	TNXB	Ch_4_CFD	0.635898965109381	-0.9110759688932345	21190
HRA001986_chondrocyte	UGP2	Ch_4_CFD	0.5232984134458382	-0.9137116877924075	21192
HRA001986_chondrocyte	ABI3BP	Ch_4_CFD	0.7419897228908203	-0.915336128318095	21196
HRA001986_chondrocyte	PPIB	Ch_4_CFD	1.2223435600402115	-0.9159635604147232	21197
HRA001986_chondrocyte	CDKN2C	Ch_4_CFD	0.23583215952133957	-0.9161616345647059	21198
HRA001986_chondrocyte	IFITM3	Ch_4_CFD	2.2389243746296983	-0.9170210282094136	21200
HRA001986_chondrocyte	RCN3	Ch_4_CFD	0.5206155716944089	-0.9278114445854041	21206
HRA001986_chondrocyte	ERRFI1	Ch_4_CFD	0.36448948258172215	-0.9279769227680779	21207
HRA001986_chondrocyte	FAU	Ch_4_CFD	2.215939650298666	-0.9414541411924122	21213
HRA001986_chondrocyte	SH3BGRL	Ch_4_CFD	0.7885599661377265	-0.9427705034381737	21215
HRA001986_chondrocyte	HMGB3	Ch_4_CFD	0.008830966012512181	-0.9431136155393988	21216
HRA001986_chondrocyte	C1QTNF3	Ch_4_CFD	0.28842768788659323	-0.9483488350278588	21217
HRA001986_chondrocyte	AK1	Ch_4_CFD	0.3234004326057519	-0.9507776531078408	21221
HRA001986_chondrocyte	ADAMTS6	Ch_4_CFD	0.017389914141498878	-0.9523053490192642	21222
HRA001986_chondrocyte	FKBP10	Ch_4_CFD	0.49409227949573886	-0.953184927095336	21223
HRA001986_chondrocyte	CCNB1	Ch_4_CFD	0.006334540025471784	-0.9541173830811592	21224
HRA001986_chondrocyte	SLC29A1	Ch_4_CFD	0.15316588967609757	-0.9588384025708608	21225
HRA001986_chondrocyte	CILP2	Ch_4_CFD	0.06981002204388166	-0.9590088219183927	21226
HRA001986_chondrocyte	FABP4	Ch_4_CFD	0.020752077292409733	-0.9624709589496188	21229
HRA001986_chondrocyte	PROCR	Ch_4_CFD	0.1858165022253777	-0.9751655693717438	21233
HRA001986_chondrocyte	RCAN1	Ch_4_CFD	0.13514894990773083	-0.9762876024322137	21234
HRA001986_chondrocyte	THY1	Ch_4_CFD	0.8902389545449242	-0.9764132873842689	21235
HRA001986_chondrocyte	RRM2	Ch_4_CFD	0.0	-0.9785166213365453	21237
HRA001986_chondrocyte	TPX2	Ch_4_CFD	0.0	-0.9821686837567039	21239
HRA001986_chondrocyte	PBK	Ch_4_CFD	0.0006431967234439988	-0.991017871685829	21241
HRA001986_chondrocyte	SKA2	Ch_4_CFD	0.09785502954727883	-0.9947266906334291	21242
HRA001986_chondrocyte	MXRA5	Ch_4_CFD	0.45599968283832515	-1.0096834035853304	21248
HRA001986_chondrocyte	TMEM106C	Ch_4_CFD	0.1307053727318915	-1.0097071939666862	21249
HRA001986_chondrocyte	FNDC1	Ch_4_CFD	0.21738628884978428	-1.0214260343257573	21253
HRA001986_chondrocyte	ASPM	Ch_4_CFD	0.0	-1.0224268961034408	21254
HRA001986_chondrocyte	CSRP2	Ch_4_CFD	0.0729935878633167	-1.0258021110332074	21257
HRA001986_chondrocyte	HSPB1	Ch_4_CFD	1.5948724833806218	-1.0397817875479114	21260
HRA001986_chondrocyte	ASPN	Ch_4_CFD	1.9014684040126175	-1.043237136670831	21261
HRA001986_chondrocyte	BCAT1	Ch_4_CFD	0.09904830141676414	-1.0556661615503304	21265
HRA001986_chondrocyte	CD99	Ch_4_CFD	1.9459906883484162	-1.0618872979560487	21268
HRA001986_chondrocyte	COL6A2	Ch_4_CFD	2.56459265419369	-1.0655121368089748	21269
HRA001986_chondrocyte	MYLK	Ch_4_CFD	0.08016979721167103	-1.0805888330574311	21274
HRA001986_chondrocyte	DPT	Ch_4_CFD	1.2347821488494086	-1.0827405081630517	21275
HRA001986_chondrocyte	INHBA	Ch_4_CFD	0.11176518101593576	-1.0869957336013372	21276
HRA001986_chondrocyte	SLC39A14	Ch_4_CFD	0.15887815328381902	-1.0870979157645935	21277
HRA001986_chondrocyte	DUT	Ch_4_CFD	0.6211811567676804	-1.0898075636264797	21278
HRA001986_chondrocyte	UBE2T	Ch_4_CFD	0.0006726623760710518	-1.1067097161776194	21284
HRA001986_chondrocyte	IGFBP7	Ch_4_CFD	2.9900601528343755	-1.11039574397036	21286
HRA001986_chondrocyte	SSR4	Ch_4_CFD	0.851351358961287	-1.119357998902339	21288
HRA001986_chondrocyte	DTYMK	Ch_4_CFD	0.08076891526847865	-1.1205811359777984	21289
HRA001986_chondrocyte	C2ORF40	Ch_4_CFD	0.9046673032341245	-1.1241798859548147	21290
HRA001986_chondrocyte	AEBP1	Ch_4_CFD	1.3590534352998935	-1.1245333042769687	21291
HRA001986_chondrocyte	PRC1	Ch_4_CFD	0.0043696802404287055	-1.1299130837559248	21292
HRA001986_chondrocyte	CALM3	Ch_4_CFD	0.3722658344685177	-1.1563142096597894	21299
HRA001986_chondrocyte	CENPW	Ch_4_CFD	0.03896618939989763	-1.156950557585524	21300
HRA001986_chondrocyte	KPNA2	Ch_4_CFD	0.07114292584734856	-1.1577396690287465	21301
HRA001986_chondrocyte	BGN	Ch_4_CFD	2.0670735346917186	-1.173057711695435	21305
HRA001986_chondrocyte	HNRNPA2B1	Ch_4_CFD	0.8543302176399635	-1.1768910800699461	21307
HRA001986_chondrocyte	APOE	Ch_4_CFD	0.548592678559341	-1.177865990677211	21308
HRA001986_chondrocyte	CAPS	Ch_4_CFD	0.03434666337297975	-1.192649204690649	21310
HRA001986_chondrocyte	CDKN2D	Ch_4_CFD	0.035484205114005275	-1.1928302269591244	21311
HRA001986_chondrocyte	CNN1	Ch_4_CFD	0.0051354095205771826	-1.2089625686127163	21315
HRA001986_chondrocyte	NR2F2	Ch_4_CFD	0.38018146189425506	-1.213070538183893	21316
HRA001986_chondrocyte	DKK3	Ch_4_CFD	0.7468803977231975	-1.2257192225244478	21320
HRA001986_chondrocyte	TUBB6	Ch_4_CFD	0.22705824793778717	-1.2293362929991922	21323
HRA001986_chondrocyte	JPT1	Ch_4_CFD	0.07504153315969506	-1.233173554043435	21324
HRA001986_chondrocyte	TK1	Ch_4_CFD	0.0	-1.2427792020958577	21326
HRA001986_chondrocyte	CAPZB	Ch_4_CFD	0.5667851277285347	-1.252010030505759	21329
HRA001986_chondrocyte	LGI4	Ch_4_CFD	0.14352458626996703	-1.2566253075631513	21330
HRA001986_chondrocyte	AMTN	Ch_4_CFD	0.001739325015236148	-1.2620467047840527	21331
HRA001986_chondrocyte	MKI67	Ch_4_CFD	0.0	-1.2620645079710706	21332
HRA001986_chondrocyte	CDK1	Ch_4_CFD	0.0	-1.2750268389713275	21335
HRA001986_chondrocyte	TYMS	Ch_4_CFD	0.00375884585082531	-1.2991988288672416	21336
HRA001986_chondrocyte	S100A4	Ch_4_CFD	2.8460761936073333	-1.3034761043120873	21337
HRA001986_chondrocyte	UBE2S	Ch_4_CFD	0.1312857974561856	-1.3075676682789092	21338
HRA001986_chondrocyte	FLNA	Ch_4_CFD	0.27139205237676345	-1.3087840579287184	21339
HRA001986_chondrocyte	MCAM	Ch_4_CFD	0.00360667826138812	-1.311870870940524	21340
HRA001986_chondrocyte	MIA	Ch_4_CFD	0.034275043032152196	-1.3131887322325082	21341
HRA001986_chondrocyte	NUSAP1	Ch_4_CFD	0.006856108620334016	-1.314440192782123	21342
HRA001986_chondrocyte	RGS3	Ch_4_CFD	0.272001750767231	-1.3236771769545717	21344
HRA001986_chondrocyte	RERGL	Ch_4_CFD	0.0005820390882251932	-1.32815406944735	21346
HRA001986_chondrocyte	DEK	Ch_4_CFD	0.48881349657668904	-1.328984181397489	21347
HRA001986_chondrocyte	BCAM	Ch_4_CFD	0.006973460102252823	-1.3384720738164653	21349
HRA001986_chondrocyte	TNFAIP6	Ch_4_CFD	0.4498271959693089	-1.3470777867992405	21351
HRA001986_chondrocyte	NUCKS1	Ch_4_CFD	1.1051663697945135	-1.361154984452605	21353
HRA001986_chondrocyte	YWHAH	Ch_4_CFD	0.29105587426921437	-1.3660223726867884	21354
HRA001986_chondrocyte	NUCB2	Ch_4_CFD	0.4838715463260312	-1.3691015657704937	21355
HRA001986_chondrocyte	ARL6IP1	Ch_4_CFD	0.5120043126370408	-1.3761892451928481	21357
HRA001986_chondrocyte	ANKH	Ch_4_CFD	0.35181323235197876	-1.3785436538211264	21359
HRA001986_chondrocyte	SERPINH1	Ch_4_CFD	0.5892231955641898	-1.382936163839023	21361
HRA001986_chondrocyte	MFGE8	Ch_4_CFD	0.7575196855895814	-1.404267586363284	21362
HRA001986_chondrocyte	STEAP4	Ch_4_CFD	0.12986099717321156	-1.4077432454262542	21363
HRA001986_chondrocyte	HMGN2	Ch_4_CFD	1.1949329738297472	-1.4153981393780835	21364
HRA001986_chondrocyte	CKS1B	Ch_4_CFD	0.3035834870776898	-1.431302366573763	21366
HRA001986_chondrocyte	TOP2A	Ch_4_CFD	0.0	-1.4322683610124143	21367
HRA001986_chondrocyte	COX8A	Ch_4_CFD	0.5656040246002104	-1.443438214343988	21370
HRA001986_chondrocyte	CSRP1	Ch_4_CFD	0.3349407420714768	-1.4481561648497432	21371
HRA001986_chondrocyte	CRLF1	Ch_4_CFD	0.23246726842610527	-1.451429319709881	21372
HRA001986_chondrocyte	MZT2B	Ch_4_CFD	0.7592594645542209	-1.4581091057425102	21373
HRA001986_chondrocyte	SNCG	Ch_4_CFD	0.13089359323862648	-1.461278781887632	21375
HRA001986_chondrocyte	LMOD1	Ch_4_CFD	0.027808847374838883	-1.4661848341110895	21376
HRA001986_chondrocyte	ANGPTL2	Ch_4_CFD	0.7406982692936771	-1.472159121261158	21377
HRA001986_chondrocyte	MT1G	Ch_4_CFD	0.054636091302088706	-1.4727205848266187	21378
HRA001986_chondrocyte	NDUFA4	Ch_4_CFD	0.8438187187416942	-1.494568777318157	21382
HRA001986_chondrocyte	PTMA	Ch_4_CFD	2.9271989647004277	-1.4946209591295094	21383
HRA001986_chondrocyte	FXYD5	Ch_4_CFD	0.4799219486203125	-1.5074679694884117	21384
HRA001986_chondrocyte	CALD1	Ch_4_CFD	1.8787495338713118	-1.5139562834955644	21385
HRA001986_chondrocyte	HES4	Ch_4_CFD	0.1927483808651244	-1.5190778245363046	21386
HRA001986_chondrocyte	TNFRSF11B	Ch_4_CFD	0.10499945773387985	-1.5225662857650526	21387
HRA001986_chondrocyte	DEFB1	Ch_4_CFD	0.07234303926606829	-1.5278981803072096	21388
HRA001986_chondrocyte	RHEB	Ch_4_CFD	0.4204975355336136	-1.5385508036193742	21390
HRA001986_chondrocyte	PCLAF	Ch_4_CFD	0.001035918622351379	-1.5430668887410675	21392
HRA001986_chondrocyte	CDKN3	Ch_4_CFD	0.014560192206995093	-1.550751069947421	21393
HRA001986_chondrocyte	SMC4	Ch_4_CFD	0.07963266405913472	-1.5726896498039868	21396
HRA001986_chondrocyte	NBL1	Ch_4_CFD	0.7888331067540671	-1.5765126051329372	21398
HRA001986_chondrocyte	RAN	Ch_4_CFD	0.5122731719836056	-1.5972807133946452	21401
HRA001986_chondrocyte	TPM1	Ch_4_CFD	0.7057220738702753	-1.6019299181891382	21402
HRA001986_chondrocyte	HIST1H4C	Ch_4_CFD	0.24644794328500028	-1.631132430479854	21403
HRA001986_chondrocyte	BIRC5	Ch_4_CFD	0.00036350643034461594	-1.6403187960870886	21405
HRA001986_chondrocyte	HMGB1	Ch_4_CFD	1.5591389355417185	-1.6476646255317402	21406
HRA001986_chondrocyte	TIMP3	Ch_4_CFD	0.8653945385766557	-1.655720972568688	21407
HRA001986_chondrocyte	TNC	Ch_4_CFD	0.4363926999914131	-1.6681903831879332	21410
HRA001986_chondrocyte	POSTN	Ch_4_CFD	0.08324050198463231	-1.6805793034313905	21411
HRA001986_chondrocyte	COL5A2	Ch_4_CFD	0.5965311471238846	-1.7000883781994005	21414
HRA001986_chondrocyte	SPARCL1	Ch_4_CFD	1.6082507251299536	-1.7040902289817292	21415
HRA001986_chondrocyte	TUBA1C	Ch_4_CFD	0.12169559687215219	-1.7124489608137308	21416
HRA001986_chondrocyte	H2AFV	Ch_4_CFD	0.21452520739474726	-1.745024205042752	21418
HRA001986_chondrocyte	CENPF	Ch_4_CFD	0.013205393854019455	-1.8053690001050586	21420
HRA001986_chondrocyte	MT1X	Ch_4_CFD	1.7109234372703301	-1.8352537798911712	21422
HRA001986_chondrocyte	TUBB4B	Ch_4_CFD	0.36952451260076996	-1.8406739140949475	21423
HRA001986_chondrocyte	CKS2	Ch_4_CFD	0.10228658446090687	-1.8494971178268644	21424
HRA001986_chondrocyte	PCOLCE2	Ch_4_CFD	0.515122175163074	-1.8694769688837969	21426
HRA001986_chondrocyte	HMGB2	Ch_4_CFD	0.36220640268364407	-1.8726761582194353	21427
HRA001986_chondrocyte	UBE2C	Ch_4_CFD	0.0	-1.9847404883332453	21430
HRA001986_chondrocyte	PPP1R14A	Ch_4_CFD	0.0008902539023392492	-1.9969123092867027	21431
HRA001986_chondrocyte	COL1A2	Ch_4_CFD	2.7509043098782398	-2.0087977973874986	21432
HRA001986_chondrocyte	SORBS2	Ch_4_CFD	0.04040077958497214	-2.0494944563217845	21434
HRA001986_chondrocyte	TUBB	Ch_4_CFD	0.9018308703901532	-2.0709976525467875	21435
HRA001986_chondrocyte	DSTN	Ch_4_CFD	1.9271453285603215	-2.0735705873220747	21436
HRA001986_chondrocyte	SCRG1	Ch_4_CFD	0.55306338023046	-2.0772096781340843	21437
HRA001986_chondrocyte	CD55	Ch_4_CFD	0.3071777469230642	-2.089604704628628	21439
HRA001986_chondrocyte	RGS5	Ch_4_CFD	0.036647521012978586	-2.0914075051933136	21440
HRA001986_chondrocyte	PTTG1	Ch_4_CFD	0.022596404840834708	-2.1302978072197614	21442
HRA001986_chondrocyte	PLN	Ch_4_CFD	0.019373233476988706	-2.136474879515123	21443
HRA001986_chondrocyte	MYH11	Ch_4_CFD	0.00382942261455728	-2.202891645848831	21444
HRA001986_chondrocyte	COMP	Ch_4_CFD	1.5870201637526213	-2.232568425150583	21447
HRA001986_chondrocyte	RGCC	Ch_4_CFD	0.36957045754404405	-2.2369055464198278	21448
HRA001986_chondrocyte	C11ORF96	Ch_4_CFD	0.4159211990081791	-2.319510251070942	21449
HRA001986_chondrocyte	CHI3L1	Ch_4_CFD	0.3047492702310677	-2.352545249102774	21450
HRA001986_chondrocyte	CHI3L2	Ch_4_CFD	0.29238089115070776	-2.3925836902309667	21451
HRA001986_chondrocyte	FMOD	Ch_4_CFD	0.65345205216528	-2.4158801627038624	21452
HRA001986_chondrocyte	ADIRF	Ch_4_CFD	2.269143996800448	-2.4333269564653843	21453
HRA001986_chondrocyte	H2AFZ	Ch_4_CFD	0.5512264507601584	-2.5388404186130336	21454
HRA001986_chondrocyte	CRTAC1	Ch_4_CFD	0.786247429685841	-2.542977571235386	21455
HRA001986_chondrocyte	STMN1	Ch_4_CFD	0.05187749701867004	-2.544372038457022	21456
HRA001986_chondrocyte	COL3A1	Ch_4_CFD	2.0433702413394736	-2.6956648291065055	21459
HRA001986_chondrocyte	TUBA1B	Ch_4_CFD	0.9155580088121006	-2.7356930182167556	21460
HRA001986_chondrocyte	SPARC	Ch_4_CFD	1.3294844218670445	-2.8059323186857643	21461
HRA001986_chondrocyte	CILP	Ch_4_CFD	0.3445050114055544	-2.812202228803563	21463
HRA001986_chondrocyte	PRELP	Ch_4_CFD	0.9956448464352887	-2.8186292350409543	21464
HRA001986_chondrocyte	TPM2	Ch_4_CFD	0.4532848910140478	-2.9995076719442224	21466
HRA001986_chondrocyte	COL1A1	Ch_4_CFD	1.9405591385774072	-3.0813649395094784	21467
HRA001986_chondrocyte	PRG4	Ch_4_CFD	0.33775755288682396	-3.128470007573452	21468
HRA001986_chondrocyte	HTRA1	Ch_4_CFD	0.8070809287454581	-3.2035167310088166	21469
HRA001986_chondrocyte	MYL9	Ch_4_CFD	0.8376818732928026	-3.373686220417765	21470
HRA001986_chondrocyte	TAGLN	Ch_4_CFD	1.168770271494126	-3.633858981312888	21471
HRA001986_chondrocyte	FN1	Ch_4_CFD	1.310177373934348	-3.9454923770872536	21472
HRA001986_chondrocyte	ACTA2	Ch_4_CFD	0.08237863872066246	-4.006801857638013	21473
HRA001986_chondrocyte	STMN1	Ch_5_cycling	2.596249535475692	2.495040862213344	1
HRA001986_chondrocyte	TUBA1B	Ch_5_cycling	3.6512510270288563	2.3327946241343964	2
HRA001986_chondrocyte	H2AFZ	Ch_5_cycling	3.090066869373192	2.195501710367663	3
HRA001986_chondrocyte	PTTG1	Ch_5_cycling	2.152894212060596	2.016378517533637	4
HRA001986_chondrocyte	UBE2C	Ch_5_cycling	1.9847404883332453	1.9727558397617522	5
HRA001986_chondrocyte	HMGB2	Ch_5_cycling	2.2348825609030794	1.8726761582194353	6
HRA001986_chondrocyte	TUBB	Ch_5_cycling	2.9728285229369407	1.8022539828860726	7
HRA001986_chondrocyte	CENPF	Ch_5_cycling	1.8185743939590782	1.80193480217558	8
HRA001986_chondrocyte	CKS2	Ch_5_cycling	1.9517837022877713	1.7347002382651544	9
HRA001986_chondrocyte	TUBB4B	Ch_5_cycling	2.2101984266957175	1.707135549392739	10
HRA001986_chondrocyte	BIRC5	Ch_5_cycling	1.6406823025174333	1.6245008184202723	11
HRA001986_chondrocyte	HIST1H4C	Ch_5_cycling	1.8775803737648542	1.5724856790182993	12
HRA001986_chondrocyte	PCLAF	Ch_5_cycling	1.5441028073634189	1.4989306023222955	13
HRA001986_chondrocyte	CDKN3	Ch_5_cycling	1.565311262154416	1.4796566792749288	14
HRA001986_chondrocyte	TOP2A	Ch_5_cycling	1.4322683610124143	1.4246779704258097	15
HRA001986_chondrocyte	SMC4	Ch_5_cycling	1.6523223138631216	1.4091922116686388	16
HRA001986_chondrocyte	HMGN2	Ch_5_cycling	2.6103311132078306	1.3930941589324886	17
HRA001986_chondrocyte	TUBA1C	Ch_5_cycling	1.834144557685883	1.3827425151866652	18
HRA001986_chondrocyte	ARL6IP1	Ch_5_cycling	1.888193557829889	1.3761892451928481	19
HRA001986_chondrocyte	HMGB1	Ch_5_cycling	3.2068035610734587	1.37551091719645	20
HRA001986_chondrocyte	CKS1B	Ch_5_cycling	1.7348858536514526	1.357117799614105	21
HRA001986_chondrocyte	NUSAP1	Ch_5_cycling	1.321296301402457	1.310075532930782	22
HRA001986_chondrocyte	H2AFV	Ch_5_cycling	1.9595494124374992	1.3086210019762883	23
HRA001986_chondrocyte	CDK1	Ch_5_cycling	1.2750268389713275	1.265820616009226	24
HRA001986_chondrocyte	MKI67	Ch_5_cycling	1.2620645079710706	1.256085498499784	25
HRA001986_chondrocyte	TYMS	Ch_5_cycling	1.302957674718067	1.2526028041117732	26
HRA001986_chondrocyte	UBE2S	Ch_5_cycling	1.4388534657350949	1.2266903246058818	27
HRA001986_chondrocyte	TK1	Ch_5_cycling	1.2427792020958577	1.1919399018363261	28
HRA001986_chondrocyte	CENPW	Ch_5_cycling	1.1959167469854215	1.1499848870813236	29
HRA001986_chondrocyte	NUCKS1	Ch_5_cycling	2.4663213542471185	1.1458745072029213	30
HRA001986_chondrocyte	KPNA2	Ch_5_cycling	1.228882594876095	1.1358270633604017	31
HRA001986_chondrocyte	RHEB	Ch_5_cycling	1.9590483391529878	1.114633393705644	32
HRA001986_chondrocyte	DEK	Ch_5_cycling	1.817797677974178	1.094761250814424	33
HRA001986_chondrocyte	UBE2T	Ch_5_cycling	1.1073823785536905	1.083707764148132	34
HRA001986_chondrocyte	PRC1	Ch_5_cycling	1.1342827639963535	1.0617875769105811	35
HRA001986_chondrocyte	RAN	Ch_5_cycling	2.1095538853782507	1.0602491351379904	36
HRA001986_chondrocyte	JPT1	Ch_5_cycling	1.30821508720313	1.0502065592977998	37
HRA001986_chondrocyte	ASPM	Ch_5_cycling	1.0224268961034408	1.015180198214278	38
HRA001986_chondrocyte	CDKN2D	Ch_5_cycling	1.2283144320731296	1.0053692998498418	39
HRA001986_chondrocyte	PBK	Ch_5_cycling	0.991661068409273	0.9880896620345301	40
HRA001986_chondrocyte	DTYMK	Ch_5_cycling	1.2013500512462771	0.9826153302714848	41
HRA001986_chondrocyte	TUBB6	Ch_5_cycling	1.4563945409369794	0.9752176270921843	42
HRA001986_chondrocyte	RRM2	Ch_5_cycling	0.9785166213365453	0.9748677073433555	43
HRA001986_chondrocyte	TPX2	Ch_5_cycling	0.9821686837567039	0.9695300860799664	44
HRA001986_chondrocyte	CCNB1	Ch_5_cycling	0.960451923106631	0.9484783094089997	45
HRA001986_chondrocyte	DUT	Ch_5_cycling	1.71098872039416	0.9197524179545822	46
HRA001986_chondrocyte	CDKN2C	Ch_5_cycling	1.1519937940860454	0.9081877693683758	47
HRA001986_chondrocyte	SKA2	Ch_5_cycling	1.092581720180708	0.8847330008044486	48
HRA001986_chondrocyte	YWHAH	Ch_5_cycling	1.6570782469560028	0.8685637141659318	49
HRA001986_chondrocyte	HMGB3	Ch_5_cycling	0.951944581551911	0.8642718059369987	50
HRA001986_chondrocyte	HNRNPA2B1	Ch_5_cycling	2.0312212977099096	0.8587051837409774	51
HRA001986_chondrocyte	CDC20	Ch_5_cycling	0.8640772730928574	0.856998036453351	52
HRA001986_chondrocyte	MZT2B	Ch_5_cycling	2.217368570296731	0.8493112477432738	53
HRA001986_chondrocyte	CCNB2	Ch_5_cycling	0.855762344823308	0.8480428259124106	54
HRA001986_chondrocyte	CALM3	Ch_5_cycling	1.528580044128307	0.8399370126089005	55
HRA001986_chondrocyte	COX8A	Ch_5_cycling	2.009042238944198	0.8379311282325794	56
HRA001986_chondrocyte	GGH	Ch_5_cycling	0.9465054378729976	0.7990645053101917	57
HRA001986_chondrocyte	BUB3	Ch_5_cycling	1.0985006443033485	0.7964848098486577	58
HRA001986_chondrocyte	TMEM106C	Ch_5_cycling	1.1404125666985776	0.7964110005509439	59
HRA001986_chondrocyte	NUCB2	Ch_5_cycling	1.852973112096525	0.7928176374875382	60
HRA001986_chondrocyte	SAA1	Ch_5_cycling	0.0	-0.07271466814343698	19485
HRA001986_chondrocyte	BX284668.5	Ch_5_cycling	0.1852726126472427	-0.07511440904779071	19530
HRA001986_chondrocyte	SLC14A1	Ch_5_cycling	0.003540176643084173	-0.0864464131198804	19719
HRA001986_chondrocyte	TBL1XR1	Ch_5_cycling	0.33992733331779906	-0.08761515230380013	19734
HRA001986_chondrocyte	TAC1	Ch_5_cycling	0.0	-0.09188856325332898	19781
HRA001986_chondrocyte	ANG	Ch_5_cycling	0.2765972065190746	-0.09977926640293183	19863
HRA001986_chondrocyte	LAYN	Ch_5_cycling	0.022670068357088794	-0.10392739942951898	19910
HRA001986_chondrocyte	ROM1	Ch_5_cycling	0.049256955975130814	-0.10747983228437054	19947
HRA001986_chondrocyte	HIST1H1C	Ch_5_cycling	0.13564238283936292	-0.11257799180645336	20000
HRA001986_chondrocyte	BMPER	Ch_5_cycling	0.004922327215540898	-0.11698234370410715	20039
HRA001986_chondrocyte	MSMP	Ch_5_cycling	0.0	-0.12030825331277893	20070
HRA001986_chondrocyte	MIR497HG	Ch_5_cycling	0.056817253770893555	-0.13278256027798835	20175
HRA001986_chondrocyte	PTPN22	Ch_5_cycling	0.007828258488276233	-0.13488961479220757	20191
HRA001986_chondrocyte	TMEM91	Ch_5_cycling	0.03298831322830017	-0.16175453219810718	20336
HRA001986_chondrocyte	WBP2	Ch_5_cycling	0.22517596874130916	-0.16598101640964338	20365
HRA001986_chondrocyte	BEX4	Ch_5_cycling	0.0063913973839315645	-0.19563367577778012	20511
HRA001986_chondrocyte	COL4A1	Ch_5_cycling	0.5474952308282455	-0.20172233618512492	20536
HRA001986_chondrocyte	TPRG1	Ch_5_cycling	0.0036218233712731972	-0.20396751851081868	20547
HRA001986_chondrocyte	THBS1	Ch_5_cycling	0.07382846603246583	-0.20507228011858297	20550
HRA001986_chondrocyte	DMKN	Ch_5_cycling	0.009312215222887795	-0.21333618919884606	20583
HRA001986_chondrocyte	GUCY1A2	Ch_5_cycling	0.00854893926888296	-0.21736537967347863	20601
HRA001986_chondrocyte	MPHOSPH8	Ch_5_cycling	0.38703399386307963	-0.2262599530708454	20635
HRA001986_chondrocyte	BTG1	Ch_5_cycling	1.3133936155944659	-0.22749328707354133	20642
HRA001986_chondrocyte	ADAMTS4	Ch_5_cycling	0.1519544040401504	-0.23082792358161067	20652
HRA001986_chondrocyte	HLA-A	Ch_5_cycling	1.6725750058277011	-0.2382113152485552	20672
HRA001986_chondrocyte	HLA-C	Ch_5_cycling	1.5943651195258308	-0.24122145839710307	20682
HRA001986_chondrocyte	F3	Ch_5_cycling	0.08046529146089945	-0.24266823312678673	20689
HRA001986_chondrocyte	LIMCH1	Ch_5_cycling	0.09801714897972263	-0.24398337703337258	20700
HRA001986_chondrocyte	FOSB	Ch_5_cycling	0.8865254081989804	-0.24519574667476807	20704
HRA001986_chondrocyte	KCTD12	Ch_5_cycling	0.1508630610083881	-0.24660162158759047	20705
HRA001986_chondrocyte	MAF	Ch_5_cycling	0.0806898190958859	-0.25342105323413366	20730
HRA001986_chondrocyte	NEGR1	Ch_5_cycling	0.009052221803632502	-0.25585316732669744	20738
HRA001986_chondrocyte	CXCL2	Ch_5_cycling	0.08881614990022084	-0.25825264096877587	20745
HRA001986_chondrocyte	ARHGAP6	Ch_5_cycling	0.03118979420563946	-0.2606798805829416	20756
HRA001986_chondrocyte	RAMP2	Ch_5_cycling	0.06482154835168628	-0.2721207224484637	20780
HRA001986_chondrocyte	SEMA5A	Ch_5_cycling	0.06460230333143718	-0.2724694779739521	20781
HRA001986_chondrocyte	HOPX	Ch_5_cycling	0.003008244992935494	-0.27517879718689237	20787
HRA001986_chondrocyte	EPB41L2	Ch_5_cycling	0.5981539499065647	-0.2781012936767966	20796
HRA001986_chondrocyte	ABCA6	Ch_5_cycling	0.0	-0.28243674857796514	20805
HRA001986_chondrocyte	IL32	Ch_5_cycling	0.2981011946111507	-0.2872241069804008	20811
HRA001986_chondrocyte	FAM213A	Ch_5_cycling	0.02548855961593863	-0.2877016243847341	20817
HRA001986_chondrocyte	MATN2	Ch_5_cycling	0.5862348774728707	-0.2883295964879381	20818
HRA001986_chondrocyte	PSME1	Ch_5_cycling	0.8436685542333615	-0.29019483171964655	20821
HRA001986_chondrocyte	UBC	Ch_5_cycling	2.082244765574801	-0.2906289481868267	20824
HRA001986_chondrocyte	CD63	Ch_5_cycling	2.9536340457119334	-0.2920424764028007	20828
HRA001986_chondrocyte	THBS3	Ch_5_cycling	0.5525235934820893	-0.2923547621581537	20829
HRA001986_chondrocyte	GMDS	Ch_5_cycling	0.20170994301977216	-0.2945860363674675	20836
HRA001986_chondrocyte	TEX41	Ch_5_cycling	0.06210738374558214	-0.29868079439823414	20848
HRA001986_chondrocyte	CFB	Ch_5_cycling	0.05185770222993746	-0.3009412518556098	20852
HRA001986_chondrocyte	FGL2	Ch_5_cycling	0.03303248312783568	-0.30640526291970904	20857
HRA001986_chondrocyte	CCDC102B	Ch_5_cycling	0.039610225196978814	-0.30779703231854433	20861
HRA001986_chondrocyte	ADGRF5	Ch_5_cycling	0.04797239152536	-0.3081840231183979	20862
HRA001986_chondrocyte	CERCAM	Ch_5_cycling	0.8579358939234522	-0.3082647387041818	20863
HRA001986_chondrocyte	S100A4	Ch_5_cycling	3.8399654028758596	-0.30958689504356096	20867
HRA001986_chondrocyte	DKK3	Ch_5_cycling	1.655213477064487	-0.31738614318315816	20878
HRA001986_chondrocyte	KCNJ8	Ch_5_cycling	0.04025616711133146	-0.3188867797700145	20880
HRA001986_chondrocyte	LSP1	Ch_5_cycling	0.7423192154463024	-0.3204381024285229	20884
HRA001986_chondrocyte	TCEAL9	Ch_5_cycling	1.121252251610364	-0.3218676373684144	20889
HRA001986_chondrocyte	SSTR2	Ch_5_cycling	0.007510848445435093	-0.3238136110531063	20894
HRA001986_chondrocyte	SNHG25	Ch_5_cycling	0.06427739070702904	-0.32489404159832136	20896
HRA001986_chondrocyte	HSPB1	Ch_5_cycling	2.3077548548375106	-0.3268994160910226	20898
HRA001986_chondrocyte	TNC	Ch_5_cycling	1.7769849789265095	-0.32759810425283686	20899
HRA001986_chondrocyte	PTMA	Ch_5_cycling	4.093988452872186	-0.3278314709577508	20900
HRA001986_chondrocyte	LTBP4	Ch_5_cycling	0.5258466445215757	-0.32872655478949486	20903
HRA001986_chondrocyte	OSTC	Ch_5_cycling	1.145653885317175	-0.3304721766252814	20907
HRA001986_chondrocyte	COL8A1	Ch_5_cycling	0.40466145466860015	-0.3369305030444384	20921
HRA001986_chondrocyte	HIGD1B	Ch_5_cycling	0.021822674429579955	-0.3371043008059699	20922
HRA001986_chondrocyte	LRRC17	Ch_5_cycling	0.07687869147486882	-0.34145489861631684	20930
HRA001986_chondrocyte	DES	Ch_5_cycling	0.0072510014862230375	-0.3436570528187515	20931
HRA001986_chondrocyte	MMP3	Ch_5_cycling	0.01771535132437536	-0.34925893684715503	20941
HRA001986_chondrocyte	CAPZB	Ch_5_cycling	1.4645958241738688	-0.35419933406042503	20947
HRA001986_chondrocyte	C3	Ch_5_cycling	0.0	-0.35431811071449887	20948
HRA001986_chondrocyte	FKBP10	Ch_5_cycling	1.091240627206352	-0.3560365793847229	20949
HRA001986_chondrocyte	PLSCR4	Ch_5_cycling	0.04216715116819289	-0.36182709211562314	20955
HRA001986_chondrocyte	HAPLN3	Ch_5_cycling	0.2133053981073915	-0.3671383587108573	20959
HRA001986_chondrocyte	ASAH1	Ch_5_cycling	0.25472117889009116	-0.36922923030581134	20963
HRA001986_chondrocyte	EGR1	Ch_5_cycling	1.1377699950786484	-0.3724569306357626	20967
HRA001986_chondrocyte	PTGDS	Ch_5_cycling	0.008567889871662609	-0.3741684040087538	20970
HRA001986_chondrocyte	MGST1	Ch_5_cycling	0.15139047801494598	-0.38249327431318947	20977
HRA001986_chondrocyte	RCN3	Ch_5_cycling	1.0649874815589768	-0.38343953472083614	20978
HRA001986_chondrocyte	CD36	Ch_5_cycling	0.048270473537379746	-0.3875302946596163	20985
HRA001986_chondrocyte	CD99	Ch_5_cycling	2.618889783751474	-0.3889882025529907	20987
HRA001986_chondrocyte	PLXDC1	Ch_5_cycling	0.3129313503940628	-0.39122214938678196	20990
HRA001986_chondrocyte	CCL19	Ch_5_cycling	0.0	-0.39230824615806376	20991
HRA001986_chondrocyte	SLC25A37	Ch_5_cycling	0.3343040948759203	-0.3931338414336599	20992
HRA001986_chondrocyte	BASP1	Ch_5_cycling	0.623592864568919	-0.3946224407597194	20994
HRA001986_chondrocyte	MMP14	Ch_5_cycling	0.7783208046465707	-0.39482458083790883	20995
HRA001986_chondrocyte	RPS2	Ch_5_cycling	2.923496272670081	-0.3980497693781886	21002
HRA001986_chondrocyte	STEAP2	Ch_5_cycling	0.03798971090414753	-0.39932729563896907	21003
HRA001986_chondrocyte	ANXA4	Ch_5_cycling	0.6239940779768438	-0.3995075442323459	21005
HRA001986_chondrocyte	C7	Ch_5_cycling	0.0	-0.40140377689930196	21009
HRA001986_chondrocyte	C20ORF27	Ch_5_cycling	0.3135742779361874	-0.40322567088362193	21011
HRA001986_chondrocyte	FBXO32	Ch_5_cycling	0.03925154419386224	-0.4034364650199717	21013
HRA001986_chondrocyte	PPIB	Ch_5_cycling	1.7337445540175052	-0.4045625664374295	21014
HRA001986_chondrocyte	ARHGAP29	Ch_5_cycling	0.24844404457979008	-0.40671860452520225	21018
HRA001986_chondrocyte	FAM13C	Ch_5_cycling	0.025723224735423312	-0.4087039930674375	21019
HRA001986_chondrocyte	EPB41L4A-AS1	Ch_5_cycling	0.11437417740282946	-0.4093475351942148	21020
HRA001986_chondrocyte	ZFAS1	Ch_5_cycling	0.8717925199498866	-0.4120597521364733	21028
HRA001986_chondrocyte	FOS	Ch_5_cycling	2.0670664411497426	-0.41282847009080337	21030
HRA001986_chondrocyte	NRGN	Ch_5_cycling	0.11199369286633518	-0.4133998007845897	21032
HRA001986_chondrocyte	MFAP5	Ch_5_cycling	0.18361233266657348	-0.4136971281298958	21033
HRA001986_chondrocyte	MXRA5	Ch_5_cycling	1.0432233511380953	-0.42245973528556036	21041
HRA001986_chondrocyte	PCOLCE	Ch_5_cycling	1.9836578454873333	-0.4245006848346653	21044
HRA001986_chondrocyte	P4HA3	Ch_5_cycling	0.3038698132723977	-0.424744021349989	21045
HRA001986_chondrocyte	SGK1	Ch_5_cycling	0.4543420409605111	-0.4292256389421579	21051
HRA001986_chondrocyte	CRABP2	Ch_5_cycling	0.7578113324021641	-0.4305258496418144	21054
HRA001986_chondrocyte	RCAN1	Ch_5_cycling	0.672116720155902	-0.4393198321840426	21059
HRA001986_chondrocyte	PTGFR	Ch_5_cycling	0.0748810026641578	-0.4394509848655141	21060
HRA001986_chondrocyte	RACK1	Ch_5_cycling	2.127478836538039	-0.4415729288641166	21062
HRA001986_chondrocyte	BICC1	Ch_5_cycling	0.18529902618021188	-0.44196460886833744	21063
HRA001986_chondrocyte	EDIL3	Ch_5_cycling	0.5282033773215667	-0.4423094186539416	21064
HRA001986_chondrocyte	COL6A2	Ch_5_cycling	3.1818977228990977	-0.44820706810356725	21070
HRA001986_chondrocyte	COL5A2	Ch_5_cycling	1.8476529933818402	-0.44896653194144487	21071
HRA001986_chondrocyte	ZEB2	Ch_5_cycling	0.34691394926750485	-0.45011704664286023	21073
HRA001986_chondrocyte	CAPS	Ch_5_cycling	0.7718174704541902	-0.45517839760943835	21076
HRA001986_chondrocyte	LAG3	Ch_5_cycling	0.05131736999913438	-0.45538944576210083	21077
HRA001986_chondrocyte	GEM	Ch_5_cycling	0.4177868345828906	-0.463022544073233	21089
HRA001986_chondrocyte	KCNAB1	Ch_5_cycling	0.0	-0.46303550470324734	21090
HRA001986_chondrocyte	FXYD5	Ch_5_cycling	1.5209480709817313	-0.4664418471269929	21091
HRA001986_chondrocyte	GLRX	Ch_5_cycling	0.1738671256254797	-0.4682353494898933	21094
HRA001986_chondrocyte	ARRDC3	Ch_5_cycling	0.1351977917429519	-0.47933005773755877	21098
HRA001986_chondrocyte	RPL39	Ch_5_cycling	3.025385535334885	-0.4799280679663842	21100
HRA001986_chondrocyte	RPL24	Ch_5_cycling	2.200526622876728	-0.485078438190119	21102
HRA001986_chondrocyte	ARHGAP15	Ch_5_cycling	0.02673199303346137	-0.48521384383343397	21103
HRA001986_chondrocyte	STOM	Ch_5_cycling	0.38836741457655016	-0.4864582523096878	21104
HRA001986_chondrocyte	CHN1	Ch_5_cycling	0.0572181496105782	-0.4894986712933715	21106
HRA001986_chondrocyte	HEY2	Ch_5_cycling	0.03159576894281661	-0.48990843707833737	21107
HRA001986_chondrocyte	SOD1	Ch_5_cycling	1.5652537262194788	-0.4917447765563614	21109
HRA001986_chondrocyte	ANAPC16	Ch_5_cycling	0.6483606386878715	-0.5017696396690905	21116
HRA001986_chondrocyte	RAMP1	Ch_5_cycling	0.0	-0.5018613667242113	21117
HRA001986_chondrocyte	PODN	Ch_5_cycling	0.03221934967457432	-0.50334212161851	21118
HRA001986_chondrocyte	SPRY1	Ch_5_cycling	0.04285401024230539	-0.5117121512101325	21122
HRA001986_chondrocyte	CCL21	Ch_5_cycling	0.0	-0.5134156242012983	21123
HRA001986_chondrocyte	N4BP2L2	Ch_5_cycling	0.4012729365837899	-0.5141781375871455	21124
HRA001986_chondrocyte	SMIM14	Ch_5_cycling	0.4587380592647478	-0.5168853304652945	21128
HRA001986_chondrocyte	CXCL14	Ch_5_cycling	0.0	-0.5214423696718199	21130
HRA001986_chondrocyte	GPRC5C	Ch_5_cycling	0.018941139215475893	-0.5226060345960901	21132
HRA001986_chondrocyte	PAPSS2	Ch_5_cycling	0.3134837388379932	-0.524516461203312	21134
HRA001986_chondrocyte	EEF2	Ch_5_cycling	1.6986755222490397	-0.5258109124488315	21135
HRA001986_chondrocyte	FOXO1	Ch_5_cycling	0.02963539029229177	-0.5263547143537592	21137
HRA001986_chondrocyte	CHAD	Ch_5_cycling	0.0036854178529896146	-0.5302947184770702	21138
HRA001986_chondrocyte	ABCC9	Ch_5_cycling	0.014062781448233617	-0.5357776665206739	21140
HRA001986_chondrocyte	NFIA	Ch_5_cycling	0.1938685403805071	-0.5398113667613227	21142
HRA001986_chondrocyte	CTSC	Ch_5_cycling	0.2024389993246287	-0.5413884096259405	21144
HRA001986_chondrocyte	PPIC	Ch_5_cycling	1.1232193997257371	-0.5426213363435544	21145
HRA001986_chondrocyte	C10ORF105	Ch_5_cycling	0.050935741360873386	-0.5428014372817468	21146
HRA001986_chondrocyte	RNASE4	Ch_5_cycling	0.282032558924123	-0.5463296145369974	21150
HRA001986_chondrocyte	RPS23	Ch_5_cycling	2.760941554422249	-0.5488618302194701	21151
HRA001986_chondrocyte	ABCA8	Ch_5_cycling	0.0	-0.5505990060649331	21152
HRA001986_chondrocyte	RPS12	Ch_5_cycling	2.8577988882587397	-0.557826382569873	21154
HRA001986_chondrocyte	TOB1	Ch_5_cycling	0.35849111925249233	-0.5583070155992941	21155
HRA001986_chondrocyte	UGP2	Ch_5_cycling	0.8753023061339986	-0.5617077951042471	21157
HRA001986_chondrocyte	COL12A1	Ch_5_cycling	0.7077947574323166	-0.5659317846854911	21158
HRA001986_chondrocyte	FLNA	Ch_5_cycling	1.0112233911066837	-0.5689527191987982	21159
HRA001986_chondrocyte	ITGA10	Ch_5_cycling	0.11109597378805891	-0.5717314577136146	21161
HRA001986_chondrocyte	SLPI	Ch_5_cycling	0.0	-0.5719814113903255	21162
HRA001986_chondrocyte	TFPI	Ch_5_cycling	0.13050737890274555	-0.5724663070282535	21164
HRA001986_chondrocyte	RPL30	Ch_5_cycling	2.4359896689245155	-0.5766659256024651	21166
HRA001986_chondrocyte	CASQ2	Ch_5_cycling	0.0	-0.5772224877857496	21167
HRA001986_chondrocyte	RPL29	Ch_5_cycling	2.392081073293945	-0.581034856584473	21172
HRA001986_chondrocyte	ADGRG2	Ch_5_cycling	0.08613453764621526	-0.5835261239242225	21173
HRA001986_chondrocyte	C1QTNF3	Ch_5_cycling	0.6507925169721039	-0.5859840059423481	21174
HRA001986_chondrocyte	GJA1	Ch_5_cycling	0.4596836666946541	-0.5870443048477035	21175
HRA001986_chondrocyte	THY1	Ch_5_cycling	1.277832206746895	-0.5888200351822981	21178
HRA001986_chondrocyte	FCGRT	Ch_5_cycling	0.44009743396141743	-0.5896961220677872	21179
HRA001986_chondrocyte	RPL8	Ch_5_cycling	2.501692709449221	-0.5950802046205892	21183
HRA001986_chondrocyte	SRSF5	Ch_5_cycling	0.628907834166942	-0.6000467232410002	21186
HRA001986_chondrocyte	TMEM176A	Ch_5_cycling	0.01807331477534281	-0.6015924865117676	21188
HRA001986_chondrocyte	RPL15	Ch_5_cycling	2.6932511801180756	-0.6026377800425866	21190
HRA001986_chondrocyte	POSTN	Ch_5_cycling	1.1599990860240093	-0.6038207193920135	21191
HRA001986_chondrocyte	CYR61	Ch_5_cycling	0.8216467213957278	-0.6039707366612092	21192
HRA001986_chondrocyte	RPL14	Ch_5_cycling	2.527435077583953	-0.6040669164970147	21193
HRA001986_chondrocyte	ID2	Ch_5_cycling	0.7641747181035884	-0.6067985430795361	21194
HRA001986_chondrocyte	ITM2A	Ch_5_cycling	0.02466750389909091	-0.6076526103850203	21196
HRA001986_chondrocyte	EPS8	Ch_5_cycling	0.30076425777722726	-0.6080522636099063	21197
HRA001986_chondrocyte	SSR4	Ch_5_cycling	1.3622475905369402	-0.6084617673266859	21198
HRA001986_chondrocyte	ZNF331	Ch_5_cycling	0.04358576391249486	-0.6111059288839962	21200
HRA001986_chondrocyte	LAPTM4A	Ch_5_cycling	1.875789567419928	-0.6141237636165857	21201
HRA001986_chondrocyte	VCAN	Ch_5_cycling	1.1296032769222786	-0.6164295286952699	21203
HRA001986_chondrocyte	SPARC	Ch_5_cycling	3.518405647718745	-0.6170110928340637	21204
HRA001986_chondrocyte	SOX9	Ch_5_cycling	0.10314848702656078	-0.6200089582648431	21205
HRA001986_chondrocyte	ANGPTL7	Ch_5_cycling	0.0039993422488643696	-0.6201984011288038	21206
HRA001986_chondrocyte	CRIM1	Ch_5_cycling	0.1171968953352268	-0.6209479974500577	21207
HRA001986_chondrocyte	IGF1	Ch_5_cycling	0.03138409861146587	-0.6270755554932229	21210
HRA001986_chondrocyte	IGFBP2	Ch_5_cycling	0.024969061045614006	-0.6274689001283528	21211
HRA001986_chondrocyte	CTHRC1	Ch_5_cycling	0.40371199789112555	-0.6285251609054435	21212
HRA001986_chondrocyte	BST2	Ch_5_cycling	0.05040171502591812	-0.6325916657408569	21213
HRA001986_chondrocyte	SFRP1	Ch_5_cycling	0.014326936169846417	-0.6346913745642038	21214
HRA001986_chondrocyte	ADRA2A	Ch_5_cycling	0.01818743450184391	-0.6377160362449737	21215
HRA001986_chondrocyte	MALAT1	Ch_5_cycling	5.680726444068018	-0.6386786538562488	21216
HRA001986_chondrocyte	HES1	Ch_5_cycling	0.5255889027596334	-0.6417144454074424	21218
HRA001986_chondrocyte	SERPINH1	Ch_5_cycling	1.324709362159037	-0.6474499972441758	21220
HRA001986_chondrocyte	MFGE8	Ch_5_cycling	1.5114292692239983	-0.6503580027288671	21222
HRA001986_chondrocyte	AOC3	Ch_5_cycling	0.015009985496736551	-0.654209664801857	21223
HRA001986_chondrocyte	CRISPLD1	Ch_5_cycling	0.08276076033099057	-0.6568202073000673	21225
HRA001986_chondrocyte	NET1	Ch_5_cycling	0.13659080393510326	-0.6627497109449849	21228
HRA001986_chondrocyte	FHL1	Ch_5_cycling	0.7518885318342952	-0.6636426079195179	21229
HRA001986_chondrocyte	CADM1	Ch_5_cycling	0.31529506413291575	-0.6650893346078164	21230
HRA001986_chondrocyte	FNDC1	Ch_5_cycling	0.5707528927963076	-0.6680594303792339	21232
HRA001986_chondrocyte	MUSTN1	Ch_5_cycling	0.0	-0.6686395705928879	21233
HRA001986_chondrocyte	TBX2-AS1	Ch_5_cycling	0.01755395235672389	-0.6711092439349918	21236
HRA001986_chondrocyte	CCND2	Ch_5_cycling	0.029466018488962353	-0.6749904299714993	21237
HRA001986_chondrocyte	NDFIP1	Ch_5_cycling	0.7331860436968607	-0.6785163598319428	21238
HRA001986_chondrocyte	RCAN2	Ch_5_cycling	0.013625072289819585	-0.6830551109221429	21240
HRA001986_chondrocyte	PTP4A3	Ch_5_cycling	0.031516815395387886	-0.6832876938453322	21241
HRA001986_chondrocyte	MT1A	Ch_5_cycling	0.2627876900034407	-0.6848881618221844	21242
HRA001986_chondrocyte	KCNMB1	Ch_5_cycling	0.04511414060037431	-0.6933818619190398	21244
HRA001986_chondrocyte	ARHGDIB	Ch_5_cycling	0.3400933565954641	-0.6999544849236539	21246
HRA001986_chondrocyte	RPS18	Ch_5_cycling	3.2114551267395304	-0.7007457659357272	21248
HRA001986_chondrocyte	LTBP3	Ch_5_cycling	0.39289367362244465	-0.710626070012506	21254
HRA001986_chondrocyte	SLC29A1	Ch_5_cycling	0.4009713416740503	-0.711032950572908	21255
HRA001986_chondrocyte	NBL1	Ch_5_cycling	1.6536107785897711	-0.7117349332972334	21256
HRA001986_chondrocyte	THBS2	Ch_5_cycling	0.42688130128057017	-0.7143179515992635	21257
HRA001986_chondrocyte	DPT	Ch_5_cycling	1.6026108711957923	-0.714911785816668	21258
HRA001986_chondrocyte	AK1	Ch_5_cycling	0.5505257608649666	-0.7236523248486261	21262
HRA001986_chondrocyte	ACKR3	Ch_5_cycling	0.018926880131029104	-0.7272905685831377	21265
HRA001986_chondrocyte	CARMN	Ch_5_cycling	0.009261950850486755	-0.7278609177955084	21266
HRA001986_chondrocyte	ID4	Ch_5_cycling	0.11267930146766036	-0.7308532302822102	21267
HRA001986_chondrocyte	COX7C	Ch_5_cycling	1.57531139326014	-0.7315985351929719	21269
HRA001986_chondrocyte	NPC2	Ch_5_cycling	1.3009577410882465	-0.7382171508935225	21271
HRA001986_chondrocyte	ZFP36L2	Ch_5_cycling	0.5579948615129676	-0.7393130319332709	21273
HRA001986_chondrocyte	NDRG2	Ch_5_cycling	0.03368588868681698	-0.7464847160187867	21276
HRA001986_chondrocyte	FRZB	Ch_5_cycling	0.0	-0.7519357677490001	21278
HRA001986_chondrocyte	PTGES	Ch_5_cycling	0.23544156178832049	-0.7682820321000663	21283
HRA001986_chondrocyte	RPL36	Ch_5_cycling	2.609980584211546	-0.7769425628349409	21286
HRA001986_chondrocyte	EIF3E	Ch_5_cycling	0.9753787963561814	-0.7838701156684434	21288
HRA001986_chondrocyte	FBLN2	Ch_5_cycling	0.11618703685394706	-0.7899991487490363	21289
HRA001986_chondrocyte	SLC7A2	Ch_5_cycling	0.015622750230847972	-0.7989778509785489	21293
HRA001986_chondrocyte	RGS3	Ch_5_cycling	0.7896980888222991	-0.8059808388995036	21294
HRA001986_chondrocyte	MT1G	Ch_5_cycling	0.7179546007146576	-0.8094020754140498	21295
HRA001986_chondrocyte	CDON	Ch_5_cycling	0.08673366419460674	-0.8119316351471239	21296
HRA001986_chondrocyte	RPL36A	Ch_5_cycling	2.2205093147819994	-0.822602603049829	21297
HRA001986_chondrocyte	PPP1CB	Ch_5_cycling	0.5997172613462355	-0.8372294538376727	21301
HRA001986_chondrocyte	NTRK2	Ch_5_cycling	0.0012648823122455648	-0.8386941700051908	21302
HRA001986_chondrocyte	FABP3	Ch_5_cycling	0.03402747106674599	-0.8393871212524245	21303
HRA001986_chondrocyte	S100A1	Ch_5_cycling	0.015217009319426262	-0.8397580172800967	21304
HRA001986_chondrocyte	CCDC3	Ch_5_cycling	0.04752730088282939	-0.842181384229311	21305
HRA001986_chondrocyte	BCAT1	Ch_5_cycling	0.31228678632680684	-0.8424276766402878	21306
HRA001986_chondrocyte	RPS27A	Ch_5_cycling	2.874865471091989	-0.8460255216209243	21307
HRA001986_chondrocyte	CYBRD1	Ch_5_cycling	0.4109096098946384	-0.8513397129814815	21309
HRA001986_chondrocyte	ADAMTS6	Ch_5_cycling	0.11589045853239212	-0.853804804628371	21311
HRA001986_chondrocyte	CCL2	Ch_5_cycling	0.2910070516271134	-0.854229219832288	21312
HRA001986_chondrocyte	PROCR	Ch_5_cycling	0.30618952189202164	-0.8547925497050999	21313
HRA001986_chondrocyte	CSRP2	Ch_5_cycling	0.2407996076325032	-0.857996091264021	21315
HRA001986_chondrocyte	COL2A1	Ch_5_cycling	0.018770559601587793	-0.8622342395613083	21316
HRA001986_chondrocyte	CST3	Ch_5_cycling	2.3438235153890634	-0.8760165352122034	21320
HRA001986_chondrocyte	ACTG2	Ch_5_cycling	0.009946239525324677	-0.8777626599953682	21321
HRA001986_chondrocyte	NEXN	Ch_5_cycling	0.06478882575892424	-0.8824606907901675	21322
HRA001986_chondrocyte	EBF1	Ch_5_cycling	0.11042617838064286	-0.8851642345148132	21324
HRA001986_chondrocyte	AEBP1	Ch_5_cycling	1.595375485820313	-0.8882112537565492	21325
HRA001986_chondrocyte	NDUFA4	Ch_5_cycling	1.4496297643405112	-0.8887577317193402	21326
HRA001986_chondrocyte	ANGPTL2	Ch_5_cycling	1.3211912129023313	-0.8916661776525039	21327
HRA001986_chondrocyte	COL1A2	Ch_5_cycling	3.867871856240376	-0.8918302510253624	21328
HRA001986_chondrocyte	B2M	Ch_5_cycling	3.480361887853438	-0.8980838244165579	21329
HRA001986_chondrocyte	SYNPO2	Ch_5_cycling	0.001999927812243161	-0.9021638183923988	21330
HRA001986_chondrocyte	BGN	Ch_5_cycling	2.3317374674832974	-0.9083937789038563	21331
HRA001986_chondrocyte	TNFAIP6	Ch_5_cycling	0.8665031549865251	-0.9304018277820244	21333
HRA001986_chondrocyte	IFITM2	Ch_5_cycling	1.3080572107270974	-0.9304018487654866	21334
HRA001986_chondrocyte	SPON2	Ch_5_cycling	0.4956871990675795	-0.9330614021001	21336
HRA001986_chondrocyte	INHBA	Ch_5_cycling	0.26395489076433126	-0.9348060238529416	21337
HRA001986_chondrocyte	IGFBP4	Ch_5_cycling	0.5480133500205324	-0.9455841234730482	21341
HRA001986_chondrocyte	COL1A1	Ch_5_cycling	4.074220917404516	-0.9477031606823694	21342
HRA001986_chondrocyte	CP	Ch_5_cycling	0.014800591215695418	-0.950681594151795	21344
HRA001986_chondrocyte	COL3A1	Ch_5_cycling	3.7826234557449014	-0.9564116147010777	21346
HRA001986_chondrocyte	CILP2	Ch_5_cycling	0.07019005225945826	-0.958628791702816	21347
HRA001986_chondrocyte	TNXB	Ch_5_cycling	0.5871872401809035	-0.959787693821712	21348
HRA001986_chondrocyte	SLC39A14	Ch_5_cycling	0.27342193257318786	-0.9725541364752246	21352
HRA001986_chondrocyte	FABP4	Ch_5_cycling	0.008821486814381324	-0.9744015494276471	21353
HRA001986_chondrocyte	CTSK	Ch_5_cycling	0.6404051876129346	-0.9758855414951007	21354
HRA001986_chondrocyte	SH3BGRL	Ch_5_cycling	0.7498495564477085	-0.9814809131281917	21355
HRA001986_chondrocyte	GAS1	Ch_5_cycling	0.13341899149834294	-1.005521874017085	21357
HRA001986_chondrocyte	ERRFI1	Ch_5_cycling	0.2683507709776702	-1.0241156343721298	21360
HRA001986_chondrocyte	FIBIN	Ch_5_cycling	0.1311664089356383	-1.0299730237195395	21361
HRA001986_chondrocyte	RPL12	Ch_5_cycling	2.687565084189585	-1.034439223037415	21362
HRA001986_chondrocyte	FGF7	Ch_5_cycling	0.009948238526305107	-1.0391604754997794	21363
HRA001986_chondrocyte	ANKH	Ch_5_cycling	0.6900443497994168	-1.0403125363736883	21364
HRA001986_chondrocyte	HLA-B	Ch_5_cycling	0.8963807687571603	-1.0507599824217357	21365
HRA001986_chondrocyte	RGCC	Ch_5_cycling	1.5526952807319485	-1.0537807232319232	21366
HRA001986_chondrocyte	MYLK	Ch_5_cycling	0.09812985100362401	-1.0626287792654783	21368
HRA001986_chondrocyte	PLA2G2A	Ch_5_cycling	0.4512602289857927	-1.0650065998592955	21369
HRA001986_chondrocyte	GADD45B	Ch_5_cycling	0.935174559179234	-1.0797836198000663	21371
HRA001986_chondrocyte	SFRP2	Ch_5_cycling	0.05208623133701821	-1.083784825478685	21372
HRA001986_chondrocyte	CSRP1	Ch_5_cycling	0.6688500792808724	-1.1142468276403474	21376
HRA001986_chondrocyte	MFAP4	Ch_5_cycling	0.03512739900448551	-1.1595000075937218	21378
HRA001986_chondrocyte	RPL17	Ch_5_cycling	1.4202486539948482	-1.1598981087398619	21379
HRA001986_chondrocyte	CNN1	Ch_5_cycling	0.051499977299611865	-1.1625980008336816	21380
HRA001986_chondrocyte	CRLF1	Ch_5_cycling	0.5081169751204856	-1.175779613015501	21383
HRA001986_chondrocyte	CDO1	Ch_5_cycling	0.1727437462198407	-1.17868555810757	21384
HRA001986_chondrocyte	FAU	Ch_5_cycling	1.9772834567582758	-1.1801103347328026	21385
HRA001986_chondrocyte	EFEMP1	Ch_5_cycling	0.11209790842377976	-1.180532296788528	21386
HRA001986_chondrocyte	CYP1B1	Ch_5_cycling	0.0825930991503474	-1.2027702523336496	21389
HRA001986_chondrocyte	MXRA8	Ch_5_cycling	0.5674793868236344	-1.2144938406137258	21390
HRA001986_chondrocyte	AMTN	Ch_5_cycling	0.02511418661842607	-1.2386718431808628	21392
HRA001986_chondrocyte	MCAM	Ch_5_cycling	0.07387661127603216	-1.24160093792588	21393
HRA001986_chondrocyte	MIA	Ch_5_cycling	0.08417978045875078	-1.2632839948059096	21396
HRA001986_chondrocyte	BCAM	Ch_5_cycling	0.0781139955945211	-1.267331538324197	21397
HRA001986_chondrocyte	FBLN1	Ch_5_cycling	0.383899826811601	-1.2783831775102532	21399
HRA001986_chondrocyte	C1R	Ch_5_cycling	0.777428850429515	-1.2940580529384127	21401
HRA001986_chondrocyte	RERGL	Ch_5_cycling	0.0	-1.3287361085355751	21402
HRA001986_chondrocyte	ABI3BP	Ch_5_cycling	0.32747295310031865	-1.3298528981085966	21403
HRA001986_chondrocyte	CCDC80	Ch_5_cycling	1.1119220108814434	-1.355479649635728	21405
HRA001986_chondrocyte	NNMT	Ch_5_cycling	1.0779777067164846	-1.3670357977047178	21406
HRA001986_chondrocyte	IFITM1	Ch_5_cycling	0.30189278670778	-1.3858648571839247	21407
HRA001986_chondrocyte	LGI4	Ch_5_cycling	0.014269292966960227	-1.385880600866158	21408
HRA001986_chondrocyte	MT1X	Ch_5_cycling	2.1193150407443313	-1.42686217641717	21410
HRA001986_chondrocyte	MMP2	Ch_5_cycling	1.0704899986516934	-1.472096789786608	21411
HRA001986_chondrocyte	STEAP4	Ch_5_cycling	0.06118992134316328	-1.4764143212563026	21412
HRA001986_chondrocyte	LMOD1	Ch_5_cycling	0.008918988582206099	-1.4850746929037222	21413
HRA001986_chondrocyte	HES4	Ch_5_cycling	0.1854246272003814	-1.5264015782010476	21416
HRA001986_chondrocyte	NR2F2	Ch_5_cycling	0.04362756646659277	-1.5496244336115554	21418
HRA001986_chondrocyte	IFITM3	Ch_5_cycling	1.6058974291567933	-1.5500479736823185	21419
HRA001986_chondrocyte	SNCG	Ch_5_cycling	0.025630451381614766	-1.5665419237446436	21420
HRA001986_chondrocyte	TNFRSF11B	Ch_5_cycling	0.05987986228237413	-1.5676858812165582	21422
HRA001986_chondrocyte	TPM1	Ch_5_cycling	0.7397487170177777	-1.567903275041636	21423
HRA001986_chondrocyte	PLAC9	Ch_5_cycling	0.7272461610399698	-1.5680997724113062	21424
HRA001986_chondrocyte	TIMP3	Ch_5_cycling	0.9415202293902232	-1.5795952817551207	21426
HRA001986_chondrocyte	MT-ND3	Ch_5_cycling	1.0231583828795445	-1.5947503694495082	21427
HRA001986_chondrocyte	DEFB1	Ch_5_cycling	0.00459025310326929	-1.5956509664700085	21428
HRA001986_chondrocyte	APOE	Ch_5_cycling	0.054528910921861046	-1.671929758314691	21429
HRA001986_chondrocyte	CFH	Ch_5_cycling	0.42789575120765877	-1.7239085724690209	21430
HRA001986_chondrocyte	DSTN	Ch_5_cycling	2.266047861069851	-1.7346680548125453	21432
HRA001986_chondrocyte	IGFBP7	Ch_5_cycling	2.3391160789417884	-1.7613398178629471	21433
HRA001986_chondrocyte	SELENOP	Ch_5_cycling	0.04395622453869205	-1.7879160113645125	21434
HRA001986_chondrocyte	C1S	Ch_5_cycling	0.5871192512855132	-1.8101169227271683	21435
HRA001986_chondrocyte	FMOD	Ch_5_cycling	1.2341975946336583	-1.8351346202354843	21436
HRA001986_chondrocyte	CD55	Ch_5_cycling	0.5564019229926473	-1.8403805285590447	21437
HRA001986_chondrocyte	C2ORF40	Ch_5_cycling	0.13489012522240207	-1.8939570639665368	21439
HRA001986_chondrocyte	SERPINF1	Ch_5_cycling	0.5554425557182258	-1.9147853723769281	21440
HRA001986_chondrocyte	CALD1	Ch_5_cycling	1.4461004575842058	-1.9466053597826705	21441
HRA001986_chondrocyte	SORBS2	Ch_5_cycling	0.13612197584485355	-1.953773260061903	21442
HRA001986_chondrocyte	PPP1R14A	Ch_5_cycling	0.016133777899284885	-1.981668785289757	21443
HRA001986_chondrocyte	RGS5	Ch_5_cycling	0.14503689069453982	-1.9830181355117522	21444
HRA001986_chondrocyte	SERPING1	Ch_5_cycling	0.48142951349281304	-2.0118448318043605	21445
HRA001986_chondrocyte	GSN	Ch_5_cycling	1.2463631480932238	-2.0394473547558167	21446
HRA001986_chondrocyte	PCOLCE2	Ch_5_cycling	0.32903034000159925	-2.0555688040452718	21447
HRA001986_chondrocyte	CRTAC1	Ch_5_cycling	1.237878855572988	-2.091346145348239	21448
HRA001986_chondrocyte	CXCL12	Ch_5_cycling	0.08235113026752866	-2.107156511448121	21449
HRA001986_chondrocyte	ASPN	Ch_5_cycling	0.8201729056157476	-2.124532635067701	21450
HRA001986_chondrocyte	PLN	Ch_5_cycling	0.011281910416198103	-2.1445662025759136	21451
HRA001986_chondrocyte	HTRA1	Ch_5_cycling	1.8517301326541045	-2.1588675271001705	21452
HRA001986_chondrocyte	MYH11	Ch_5_cycling	0.007841039806196133	-2.198880028657192	21453
HRA001986_chondrocyte	FN1	Ch_5_cycling	3.0493230866651024	-2.206346664356499	21454
HRA001986_chondrocyte	COMP	Ch_5_cycling	1.5541254159522377	-2.265463172950967	21455
HRA001986_chondrocyte	LUM	Ch_5_cycling	2.0962734010121604	-2.26981471575004	21456
HRA001986_chondrocyte	SCRG1	Ch_5_cycling	0.3331284074444477	-2.2971446509200963	21457
HRA001986_chondrocyte	CHI3L2	Ch_5_cycling	0.38210728468552013	-2.3028572966961547	21458
HRA001986_chondrocyte	TPM2	Ch_5_cycling	1.1234579239397824	-2.329334639018488	21459
HRA001986_chondrocyte	PRG4	Ch_5_cycling	1.1267110903377406	-2.3395164701225357	21460
HRA001986_chondrocyte	PRELP	Ch_5_cycling	1.2817040955367147	-2.5325699859395288	21461
HRA001986_chondrocyte	CHI3L1	Ch_5_cycling	0.11845153366049671	-2.538842985673345	21462
HRA001986_chondrocyte	C11ORF96	Ch_5_cycling	0.09703287640458916	-2.638398573674532	21463
HRA001986_chondrocyte	ADIRF	Ch_5_cycling	2.0497092323964594	-2.652761720869373	21464
HRA001986_chondrocyte	CILP	Ch_5_cycling	0.15049525370744812	-3.006211986501669	21465
HRA001986_chondrocyte	DCN	Ch_5_cycling	1.6231710385173976	-3.0266271526649504	21466
HRA001986_chondrocyte	SPARCL1	Ch_5_cycling	0.27732843619911635	-3.0350125179125667	21467
HRA001986_chondrocyte	CFD	Ch_5_cycling	0.05760679904320468	-3.036058840900367	21468
HRA001986_chondrocyte	MGP	Ch_5_cycling	1.2002863909487849	-3.1653107356505705	21469
HRA001986_chondrocyte	MYL9	Ch_5_cycling	0.8501760695793044	-3.361192024131263	21470
HRA001986_chondrocyte	ACTA2	Ch_5_cycling	0.4371651891261747	-3.6520153072325012	21471
HRA001986_chondrocyte	TAGLN	Ch_5_cycling	0.3671319457153751	-4.435497307091639	21472
HRA001986_chondrocyte	STEAP4	PCL_1	1.5376042425994658	1.2567092835553928	1
HRA001986_chondrocyte	APOE	PCL_1	1.726458669236552	1.177865990677211	2
HRA001986_chondrocyte	RGS5	PCL_1	2.128055026206292	1.0823992958041062	3
HRA001986_chondrocyte	IFITM1	PCL_1	1.6877576438917048	0.8117973884613767	4
HRA001986_chondrocyte	NR2F2	PCL_1	1.5932520000781483	0.7293890507581375	5
HRA001986_chondrocyte	FABP4	PCL_1	0.9832230362420284	0.7176016272740473	6
HRA001986_chondrocyte	ARHGDIB	PCL_1	1.0400478415191179	0.6999544849236539	7
HRA001986_chondrocyte	HLA-B	PCL_1	1.947140751178896	0.6371383129238668	8
HRA001986_chondrocyte	IFITM3	PCL_1	3.155945402839112	0.6302138109173483	9
HRA001986_chondrocyte	IGFBP2	PCL_1	0.6524379611739668	0.6174990747120745	10
HRA001986_chondrocyte	LGI4	PCL_1	1.4001498938331183	0.5892697951046848	11
HRA001986_chondrocyte	EPS8	PCL_1	0.9088165213871335	0.5166313549681077	12
HRA001986_chondrocyte	CCL21	PCL_1	0.5134156242012983	0.5026089618603393	13
HRA001986_chondrocyte	CCL2	PCL_1	1.1452362714594013	0.49166025816899117	14
HRA001986_chondrocyte	ARHGAP15	PCL_1	0.5119458368668953	0.4779787997913946	15
HRA001986_chondrocyte	CTSC	PCL_1	0.7438274089505692	0.47549922423236957	16
HRA001986_chondrocyte	CHN1	PCL_1	0.5467168209039497	0.449700794153307	17
HRA001986_chondrocyte	B2M	PCL_1	4.378445712269996	0.4492535849182784	18
HRA001986_chondrocyte	IFITM2	PCL_1	2.238459059492584	0.44229193485070595	19
HRA001986_chondrocyte	ABCC9	PCL_1	0.5498404479689075	0.4404572425439724	20
HRA001986_chondrocyte	ZEB2	PCL_1	0.7970309959103651	0.41555563490542047	21
HRA001986_chondrocyte	C20ORF27	PCL_1	0.7167999488198094	0.40322567088362193	22
HRA001986_chondrocyte	ID4	PCL_1	0.8435325317498705	0.3979317925870414	23
HRA001986_chondrocyte	CD36	PCL_1	0.43580076819699604	0.3875302946596163	24
HRA001986_chondrocyte	STOM	PCL_1	0.874825666886238	0.3677382168539476	25
HRA001986_chondrocyte	MT1A	PCL_1	0.9476758518256251	0.3654741906383563	26
HRA001986_chondrocyte	RPL36A	PCL_1	3.0431119178318284	0.3468498276753538	27
HRA001986_chondrocyte	CCL19	PCL_1	0.39230824615806376	0.3439166512074219	28
HRA001986_chondrocyte	FAM13C	PCL_1	0.4344272178028608	0.3300221882533093	29
HRA001986_chondrocyte	HES1	PCL_1	1.1673033481670758	0.3102527692440966	30
HRA001986_chondrocyte	ADGRF5	PCL_1	0.35615641464375786	0.3081840231183979	31
HRA001986_chondrocyte	HIGD1B	PCL_1	0.3589269752355499	0.29648914775840696	32
HRA001986_chondrocyte	PSME1	PCL_1	1.133863385953008	0.29019483171964655	33
HRA001986_chondrocyte	KCNJ8	PCL_1	0.35914294688134596	0.28330602036005603	34
HRA001986_chondrocyte	SSTR2	PCL_1	0.3313244594985414	0.2828907298041448	35
HRA001986_chondrocyte	SEMA5A	PCL_1	0.3370717813053893	0.2724694779739521	36
HRA001986_chondrocyte	IGFBP7	PCL_1	4.1004558968047355	0.2645633611473368	37
HRA001986_chondrocyte	CCDC102B	PCL_1	0.34740725751552315	0.26396979443449	38
HRA001986_chondrocyte	RPL12	PCL_1	3.722004307227	0.261712924578025	39
HRA001986_chondrocyte	TFPI	PCL_1	0.7029736859309991	0.25568557234509154	40
HRA001986_chondrocyte	TMEM176A	PCL_1	0.6196658012871104	0.24925708679949743	41
HRA001986_chondrocyte	ASAH1	PCL_1	0.6239504091959025	0.24635376771972411	42
HRA001986_chondrocyte	RACK1	PCL_1	2.5690517654021554	0.24550063386026455	43
HRA001986_chondrocyte	FAM213A	PCL_1	0.3131901840006728	0.24495177313848052	44
HRA001986_chondrocyte	HOPX	PCL_1	0.27818704217982787	0.23685963773020793	45
HRA001986_chondrocyte	NDRG2	PCL_1	0.7801706047056037	0.23339987306796495	46
HRA001986_chondrocyte	HLA-A	PCL_1	1.9107863210762563	0.23176902371426755	47
HRA001986_chondrocyte	ADAMTS4	PCL_1	0.38278232762176106	0.23082792358161067	48
HRA001986_chondrocyte	TEX41	PCL_1	0.36078817814381625	0.22199065318914823	49
HRA001986_chondrocyte	GUCY1A2	PCL_1	0.22591431894236158	0.2162810234678172	50
HRA001986_chondrocyte	SYNPO2	PCL_1	0.9041637462046419	0.21041045469187647	51
HRA001986_chondrocyte	ARHGAP29	PCL_1	0.6551626491049923	0.20775047692041504	52
HRA001986_chondrocyte	BST2	PCL_1	0.6829933807667751	0.20597841315680965	53
HRA001986_chondrocyte	RPS2	PCL_1	3.3215460420482694	0.20456203622983837	54
HRA001986_chondrocyte	COL4A1	PCL_1	0.7492175670133704	0.20172233618512492	55
HRA001986_chondrocyte	RPS12	PCL_1	3.415625270828613	0.20112577043538327	56
HRA001986_chondrocyte	RPS18	PCL_1	3.9122008926752576	0.19971002707634655	57
HRA001986_chondrocyte	HLA-C	PCL_1	1.835586577922934	0.19694999999283525	58
HRA001986_chondrocyte	ARHGAP6	PCL_1	0.29186967478858106	0.19629640592823905	59
HRA001986_chondrocyte	RPL29	PCL_1	2.9731159298784178	0.19145893233399214	60
HRA001986_chondrocyte	RPS27A	PCL_1	3.652347297097241	-0.06854369561567264	15194
HRA001986_chondrocyte	SAA1	PCL_1	0.0	-0.07271466814343698	15400
HRA001986_chondrocyte	MIR497HG	PCL_1	0.11047658689527047	-0.07912322715361143	15699
HRA001986_chondrocyte	RPS23	PCL_1	3.2271653708898387	-0.08263801375188029	15846
HRA001986_chondrocyte	THBS1	PCL_1	0.19451101326590609	-0.08438973288514273	15913
HRA001986_chondrocyte	SLC14A1	PCL_1	0.002967399482925733	-0.08701919028003884	16021
HRA001986_chondrocyte	TAC1	PCL_1	0.0034820504072639678	-0.088406512846065	16063
HRA001986_chondrocyte	MALAT1	PCL_1	6.230928732165017	-0.08847636575924955	16066
HRA001986_chondrocyte	RPL24	PCL_1	2.5963723967472703	-0.08923266431957666	16092
HRA001986_chondrocyte	ZFAS1	PCL_1	1.1941640168635381	-0.08968825522282176	16108
HRA001986_chondrocyte	BX284668.5	PCL_1	0.16882392699933713	-0.09156309469569629	16160
HRA001986_chondrocyte	RPL17	PCL_1	2.4802429529320844	-0.0999038098026257	16450
HRA001986_chondrocyte	LAYN	PCL_1	0.023388285557222034	-0.10320918222938574	16562
HRA001986_chondrocyte	EIF3E	PCL_1	1.6533741647067164	-0.10587474731790847	16656
HRA001986_chondrocyte	RPL30	PCL_1	2.9005409042661348	-0.11211469026084586	16848
HRA001986_chondrocyte	MSMP	PCL_1	0.0	-0.12030825331277893	17059
HRA001986_chondrocyte	BMPER	PCL_1	0.0	-0.12190467091964804	17102
HRA001986_chondrocyte	TMEM91	PCL_1	0.07036064215418361	-0.12438220327222374	17167
HRA001986_chondrocyte	ROM1	PCL_1	0.02605429949342377	-0.13068248876607758	17309
HRA001986_chondrocyte	PTPN22	PCL_1	0.00162679184642103	-0.14109108143406277	17544
HRA001986_chondrocyte	BEX4	PCL_1	0.056817611850177224	-0.14520746131153447	17613
HRA001986_chondrocyte	MPHOSPH8	PCL_1	0.46621560502486964	-0.1470783419090554	17649
HRA001986_chondrocyte	BTG1	PCL_1	1.3821401167971388	-0.15874678587086843	17872
HRA001986_chondrocyte	TPRG1	PCL_1	0.048705165512445886	-0.158884176369646	17873
HRA001986_chondrocyte	EPB41L4A-AS1	PCL_1	0.36275387034854917	-0.16096784224849509	17907
HRA001986_chondrocyte	RPL8	PCL_1	2.9319886662479897	-0.16478424782182044	17972
HRA001986_chondrocyte	HIST1H1C	PCL_1	0.0661317195277661	-0.18208865511805017	18260
HRA001986_chondrocyte	N4BP2L2	PCL_1	0.7320061201333167	-0.18344495403761862	18272
HRA001986_chondrocyte	SNHG25	PCL_1	0.19480296500648078	-0.1943684672988696	18439
HRA001986_chondrocyte	MAF	PCL_1	0.13631686079315844	-0.19779401153686113	18478
HRA001986_chondrocyte	DMKN	PCL_1	0.002757911384105683	-0.21989049303762817	18756
HRA001986_chondrocyte	TBL1XR1	PCL_1	0.20737636354234476	-0.22016612207925443	18762
HRA001986_chondrocyte	IGFBP4	PCL_1	1.2671873078681535	-0.22641016562542715	18849
HRA001986_chondrocyte	SRSF5	PCL_1	0.9992238563692402	-0.22973070103870197	18881
HRA001986_chondrocyte	PLSCR4	PCL_1	0.1666287402725882	-0.23736550301122786	18982
HRA001986_chondrocyte	RPL15	PCL_1	3.0570506990783746	-0.23883826108228767	18994
HRA001986_chondrocyte	FGF7	PCL_1	0.8014557625736207	-0.2476529514524637	19085
HRA001986_chondrocyte	RAMP2	PCL_1	0.08836937673493389	-0.2485728940652161	19099
HRA001986_chondrocyte	CFB	PCL_1	0.10367464861418642	-0.24912430547136089	19104
HRA001986_chondrocyte	WBP2	PCL_1	0.13822443114800587	-0.2529325540029467	19139
HRA001986_chondrocyte	NEGR1	PCL_1	0.011668918944067427	-0.25323647018626255	19143
HRA001986_chondrocyte	KCTD12	PCL_1	0.1313438873789789	-0.26612079521699966	19259
HRA001986_chondrocyte	ABCA6	PCL_1	0.015507212715844314	-0.2669295358621208	19269
HRA001986_chondrocyte	LRRC17	PCL_1	0.14014308929650324	-0.27819050079468244	19365
HRA001986_chondrocyte	FHL1	PCL_1	1.128563587139877	-0.28696755261393614	19436
HRA001986_chondrocyte	ANG	PCL_1	0.08723182837582297	-0.2891446445461835	19451
HRA001986_chondrocyte	CXCL2	PCL_1	0.05139163454166719	-0.29567715632732955	19508
HRA001986_chondrocyte	F3	PCL_1	0.017452752517743246	-0.30568077206994293	19581
HRA001986_chondrocyte	EBF1	PCL_1	0.6862741247750814	-0.3093162881203746	19615
HRA001986_chondrocyte	EEF2	PCL_1	1.907155808806419	-0.3173306258914521	19652
HRA001986_chondrocyte	MT-ND3	PCL_1	2.295886241996453	-0.32202251033259977	19675
HRA001986_chondrocyte	CALD1	PCL_1	3.070435896784901	-0.32226992058197546	19677
HRA001986_chondrocyte	RPL39	PCL_1	3.1811773401581536	-0.3241362631431155	19689
HRA001986_chondrocyte	DES	PCL_1	0.020386261068698435	-0.33052179323627606	19726
HRA001986_chondrocyte	CRIM1	PCL_1	0.40537060934843244	-0.33277428343685206	19741
HRA001986_chondrocyte	FGL2	PCL_1	0.004930107812914584	-0.33450763823463014	19750
HRA001986_chondrocyte	LIMCH1	PCL_1	0.004920308167735735	-0.33708021784535946	19765
HRA001986_chondrocyte	FBXO32	PCL_1	0.10169244205268718	-0.34099556716114676	19782
HRA001986_chondrocyte	GPRC5C	PCL_1	0.19897320101865476	-0.34257397279291124	19796
HRA001986_chondrocyte	SPRY1	PCL_1	0.21024122139335505	-0.3443249400590828	19812
HRA001986_chondrocyte	RPL14	PCL_1	2.7847804680880603	-0.3467215259929075	19831
HRA001986_chondrocyte	C3	PCL_1	0.002335541964405113	-0.35198256875009376	19862
HRA001986_chondrocyte	HEY2	PCL_1	0.1656035478175101	-0.3559006582036439	19887
HRA001986_chondrocyte	MMP3	PCL_1	0.003147825019227134	-0.36382646315230327	19935
HRA001986_chondrocyte	AOC3	PCL_1	0.3011579896530339	-0.36806166064555973	19954
HRA001986_chondrocyte	C7	PCL_1	0.02643745475345188	-0.3749663221458501	19995
HRA001986_chondrocyte	RCAN2	PCL_1	0.32053204757782344	-0.376148135634139	19999
HRA001986_chondrocyte	PTGDS	PCL_1	0.005672035262816482	-0.37706425861759996	20001
HRA001986_chondrocyte	PODN	PCL_1	0.1511228024856083	-0.384438668807476	20038
HRA001986_chondrocyte	KCNAB1	PCL_1	0.06567576432911061	-0.39735974037413674	20107
HRA001986_chondrocyte	ARRDC3	PCL_1	0.20484161313312754	-0.4096862363473831	20160
HRA001986_chondrocyte	NFIA	PCL_1	0.32205501127367225	-0.4116248958681575	20172
HRA001986_chondrocyte	STEAP2	PCL_1	0.019532470715542632	-0.41778453582757397	20199
HRA001986_chondrocyte	FAU	PCL_1	2.737178108075435	-0.4202156834156434	20207
HRA001986_chondrocyte	MYLK	PCL_1	0.7394099640349545	-0.4213486662341477	20210
HRA001986_chondrocyte	PTMA	PCL_1	4.000278482048054	-0.42154144178188346	20212
HRA001986_chondrocyte	THY1	PCL_1	1.443543344436008	-0.42310889749318514	20217
HRA001986_chondrocyte	ANAPC16	PCL_1	0.7230393913057115	-0.42709088705125053	20236
HRA001986_chondrocyte	TOB1	PCL_1	0.48821934086994967	-0.42857879398183674	20243
HRA001986_chondrocyte	PTP4A3	PCL_1	0.28287101473348825	-0.4319334945072318	20261
HRA001986_chondrocyte	GEM	PCL_1	0.4424640527305504	-0.43834532592557324	20285
HRA001986_chondrocyte	TBX2-AS1	PCL_1	0.2473148314385779	-0.4413483648531378	20294
HRA001986_chondrocyte	CARMN	PCL_1	0.29544957907249514	-0.44167328957350005	20295
HRA001986_chondrocyte	GMDS	PCL_1	0.0328859644010663	-0.46341001498617335	20380
HRA001986_chondrocyte	NRGN	PCL_1	0.05229121898300949	-0.47310227466791543	20416
HRA001986_chondrocyte	COX7C	PCL_1	1.8320894431322812	-0.47482048532083065	20421
HRA001986_chondrocyte	ADRA2A	PCL_1	0.17915826627156817	-0.4767452044752495	20430
HRA001986_chondrocyte	SLC7A2	PCL_1	0.33634902479437506	-0.47825157641502186	20434
HRA001986_chondrocyte	RAMP1	PCL_1	0.02201813547354605	-0.4798432312506653	20441
HRA001986_chondrocyte	PLXDC1	PCL_1	0.22375247919311114	-0.4804010205877336	20442
HRA001986_chondrocyte	ZNF331	PCL_1	0.16983170574013554	-0.4848599870563556	20455
HRA001986_chondrocyte	EPB41L2	PCL_1	0.38094495650794735	-0.4953102870754139	20481
HRA001986_chondrocyte	ABCA8	PCL_1	0.05323525284313495	-0.4973637532217981	20489
HRA001986_chondrocyte	LAG3	PCL_1	0.007784432964399457	-0.49892238279683576	20494
HRA001986_chondrocyte	PTGFR	PCL_1	0.004740530987166695	-0.5095914565425053	20531
HRA001986_chondrocyte	HAPLN3	PCL_1	0.06555150234554374	-0.514892254472705	20541
HRA001986_chondrocyte	CASQ2	PCL_1	0.06052724001411761	-0.516695247771632	20545
HRA001986_chondrocyte	GLRX	PCL_1	0.1243276290492051	-0.5177748460661679	20549
HRA001986_chondrocyte	CXCL14	PCL_1	0.0030734319239854816	-0.5183689377478344	20551
HRA001986_chondrocyte	CHAD	PCL_1	0.007572579321761926	-0.5264075570082979	20577
HRA001986_chondrocyte	NTRK2	PCL_1	0.3128699019758238	-0.5270891503416124	20580
HRA001986_chondrocyte	FOXO1	PCL_1	0.025328972361360988	-0.53066113228469	20590
HRA001986_chondrocyte	MGST1	PCL_1	0.0016005282807681296	-0.5322832240473673	20595
HRA001986_chondrocyte	IL32	PCL_1	0.051365561757443674	-0.5339597398341078	20596
HRA001986_chondrocyte	EGR1	PCL_1	0.9624596763816156	-0.5477672493327954	20632
HRA001986_chondrocyte	LTBP4	PCL_1	0.30537150998910256	-0.549201689321968	20640
HRA001986_chondrocyte	FRZB	PCL_1	0.19475874420669345	-0.5571770235423066	20658
HRA001986_chondrocyte	SLPI	PCL_1	0.006363522799478637	-0.5656178885908469	20681
HRA001986_chondrocyte	RPL36	PCL_1	2.818007014402085	-0.5689161326444019	20686
HRA001986_chondrocyte	BICC1	PCL_1	0.055773678178795486	-0.5714899568697538	20693
HRA001986_chondrocyte	PLAC9	PCL_1	1.7172564434715447	-0.5780894899797313	20707
HRA001986_chondrocyte	RNASE4	PCL_1	0.2500868369980404	-0.5782753364630799	20708
HRA001986_chondrocyte	FOSB	PCL_1	0.5524339026874963	-0.5792872521862522	20710
HRA001986_chondrocyte	SOX9	PCL_1	0.13480563855005628	-0.5883518067413476	20731
HRA001986_chondrocyte	C10ORF105	PCL_1	0.0002479481821258863	-0.5934892304604943	20744
HRA001986_chondrocyte	MFAP5	PCL_1	0.0019228556917773353	-0.595386605104692	20752
HRA001986_chondrocyte	ANGPTL7	PCL_1	0.017421143543389108	-0.606776599834279	20776
HRA001986_chondrocyte	MUSTN1	PCL_1	0.05517870869694485	-0.6134608618959431	20781
HRA001986_chondrocyte	SLC25A37	PCL_1	0.10981309000506169	-0.6176248463045185	20791
HRA001986_chondrocyte	ITM2A	PCL_1	0.012288822833862567	-0.6200312914502486	20796
HRA001986_chondrocyte	CCND2	PCL_1	0.08432583126963845	-0.6201306171908232	20797
HRA001986_chondrocyte	CXCL12	PCL_1	1.564648082738535	-0.6248595589771149	20805
HRA001986_chondrocyte	CCDC3	PCL_1	0.24883564968282995	-0.6408730354293104	20825
HRA001986_chondrocyte	NEXN	PCL_1	0.3062897610995504	-0.6409597554495413	20826
HRA001986_chondrocyte	ITGA10	PCL_1	0.03797091000402966	-0.6448565214976438	20833
HRA001986_chondrocyte	SFRP1	PCL_1	0.0014400691311392518	-0.6475782416029109	20839
HRA001986_chondrocyte	FCGRT	PCL_1	0.37918788999733016	-0.6506056660318744	20845
HRA001986_chondrocyte	LAPTM4A	PCL_1	1.8390331277727288	-0.650880203263785	20846
HRA001986_chondrocyte	IGF1	PCL_1	0.0027563397048248187	-0.655703314399864	20851
HRA001986_chondrocyte	ADGRG2	PCL_1	0.0066874935395187796	-0.662973168030919	20858
HRA001986_chondrocyte	KCNMB1	PCL_1	0.0710223878423373	-0.6674736146770769	20868
HRA001986_chondrocyte	HSPB1	PCL_1	1.9612898640127623	-0.6733644069157709	20872
HRA001986_chondrocyte	TIMP3	PCL_1	1.8277242178925224	-0.6933912932528215	20899
HRA001986_chondrocyte	P4HA3	PCL_1	0.008727132280667625	-0.7198867023417191	20935
HRA001986_chondrocyte	GADD45B	PCL_1	1.2950491137181719	-0.7199090652611284	20936
HRA001986_chondrocyte	COL8A1	PCL_1	0.01700980571202106	-0.7245821520010175	20942
HRA001986_chondrocyte	ACKR3	PCL_1	0.01981408557751112	-0.7264033631366557	20945
HRA001986_chondrocyte	NET1	PCL_1	0.07166294038502705	-0.7276775744950611	20948
HRA001986_chondrocyte	CRISPLD1	PCL_1	0.009189315988785692	-0.7303916516422722	20953
HRA001986_chondrocyte	SGK1	PCL_1	0.13381368901270133	-0.7497539908899677	20975
HRA001986_chondrocyte	CYR61	PCL_1	0.6675738000828352	-0.7580436579741018	20986
HRA001986_chondrocyte	UBC	PCL_1	1.6143407341817182	-0.7585329795799096	20988
HRA001986_chondrocyte	THBS3	PCL_1	0.06158892340544197	-0.7832894322348011	21007
HRA001986_chondrocyte	PPP1CB	PCL_1	0.6466521537862704	-0.7902945613976378	21014
HRA001986_chondrocyte	SERPING1	PCL_1	1.6937512277728983	-0.7995231175242752	21023
HRA001986_chondrocyte	ANXA4	PCL_1	0.22393560341248925	-0.7995660187967004	21024
HRA001986_chondrocyte	ACTG2	PCL_1	0.08269640747457743	-0.8050124920461155	21034
HRA001986_chondrocyte	PAPSS2	PCL_1	0.031021655780366728	-0.8069785442609384	21036
HRA001986_chondrocyte	SMIM14	PCL_1	0.16844428886349005	-0.8071791008665522	21037
HRA001986_chondrocyte	EDIL3	PCL_1	0.1556652394640778	-0.8148475565114306	21044
HRA001986_chondrocyte	MCAM	PCL_1	0.48357141194865094	-0.8319061372532612	21059
HRA001986_chondrocyte	TCEAL9	PCL_1	0.6073906443185277	-0.8357292446602507	21062
HRA001986_chondrocyte	CADM1	PCL_1	0.13336186658384067	-0.8470225321568915	21069
HRA001986_chondrocyte	CSRP2	PCL_1	0.2482281536484756	-0.8505675452480486	21072
HRA001986_chondrocyte	MATN2	PCL_1	0.02200308038542669	-0.8525613935753822	21073
HRA001986_chondrocyte	CCNB2	PCL_1	0.0029767924195362463	-0.8527855524037717	21074
HRA001986_chondrocyte	S100A1	PCL_1	0.0	-0.854975026599523	21076
HRA001986_chondrocyte	SH3BGRL	PCL_1	0.8747370319647927	-0.8565934376111075	21078
HRA001986_chondrocyte	FABP3	PCL_1	0.01458701124518282	-0.8588275810739877	21081
HRA001986_chondrocyte	CDC20	PCL_1	0.005239465920668509	-0.8588378071721889	21082
HRA001986_chondrocyte	FOS	PCL_1	1.6120365716413476	-0.8678583395991983	21089
HRA001986_chondrocyte	FBLN2	PCL_1	0.02706934624972443	-0.8791168393532589	21095
HRA001986_chondrocyte	COL2A1	PCL_1	0.0007196875289082528	-0.8802851116339878	21097
HRA001986_chondrocyte	CSRP1	PCL_1	0.8903374083961045	-0.8927594985251154	21108
HRA001986_chondrocyte	CDON	PCL_1	0.004628652944746945	-0.8940366463969837	21110
HRA001986_chondrocyte	GGH	PCL_1	0.038596673744420204	-0.9079087641285774	21123
HRA001986_chondrocyte	LSP1	PCL_1	0.15473140623006562	-0.9080259116447597	21124
HRA001986_chondrocyte	BUB3	PCL_1	0.18740700792728207	-0.9110936363760664	21126
HRA001986_chondrocyte	CD63	PCL_1	2.3262302207036125	-0.9194463014111216	21132
HRA001986_chondrocyte	CP	PCL_1	0.04443272781661816	-0.9210494575508723	21136
HRA001986_chondrocyte	MMP14	PCL_1	0.2509663342705205	-0.922179051213959	21138
HRA001986_chondrocyte	CYBRD1	PCL_1	0.3381247284304768	-0.924124594445643	21141
HRA001986_chondrocyte	TPM1	PCL_1	1.3825868356145117	-0.925065156444902	21142
HRA001986_chondrocyte	ZFP36L2	PCL_1	0.36925386506029323	-0.9280540283859453	21145
HRA001986_chondrocyte	LMOD1	PCL_1	0.5640885255040805	-0.9299051559818478	21151
HRA001986_chondrocyte	HMGB3	PCL_1	0.013690883676624958	-0.938253697875286	21154
HRA001986_chondrocyte	SKA2	PCL_1	0.1431373333868882	-0.9494443867938198	21158
HRA001986_chondrocyte	CCNB1	PCL_1	0.009075558972027567	-0.9513763641346034	21159
HRA001986_chondrocyte	CTHRC1	PCL_1	0.07852595010772348	-0.9537112086888456	21161
HRA001986_chondrocyte	LTBP3	PCL_1	0.14048717133183453	-0.9630325723031161	21168
HRA001986_chondrocyte	ADAMTS6	PCL_1	0.0031328523324595558	-0.9665624108283036	21169
HRA001986_chondrocyte	PTGES	PCL_1	0.03518754054481785	-0.968536053343569	21171
HRA001986_chondrocyte	TPX2	PCL_1	0.01263859767673744	-0.9695300860799664	21172
HRA001986_chondrocyte	RRM2	PCL_1	0.0036489139931897324	-0.9748677073433555	21175
HRA001986_chondrocyte	MT1G	PCL_1	0.5415174284535975	-0.9858392476751099	21180
HRA001986_chondrocyte	HES4	PCL_1	0.7249023043447061	-0.9869239010567229	21182
HRA001986_chondrocyte	BASP1	PCL_1	0.029108055624076062	-0.9891072497045624	21186
HRA001986_chondrocyte	PBK	PCL_1	0.002515986665255494	-0.9891450817440175	21187
HRA001986_chondrocyte	NDFIP1	PCL_1	0.40823675227454964	-1.003465651254254	21193
HRA001986_chondrocyte	SOD1	PCL_1	1.0498047030634354	-1.0071937997124047	21195
HRA001986_chondrocyte	CNN1	PCL_1	0.20111155715357115	-1.0129864209797224	21198
HRA001986_chondrocyte	ASPM	PCL_1	0.005106081089211835	-1.017320815014229	21200
HRA001986_chondrocyte	ID2	PCL_1	0.35139337265864046	-1.019579888524484	21203
HRA001986_chondrocyte	CDKN2C	PCL_1	0.12799577731639133	-1.023998016769654	21205
HRA001986_chondrocyte	CILP2	PCL_1	0.0012198297513855828	-1.0275990142108886	21206
HRA001986_chondrocyte	PROCR	PCL_1	0.12512385534743464	-1.0358582162496868	21207
HRA001986_chondrocyte	SELENOP	PCL_1	0.7944997545383459	-1.0373724813648586	21208
HRA001986_chondrocyte	GJA1	PCL_1	0.007698770012292597	-1.039029201530065	21209
HRA001986_chondrocyte	FLNA	PCL_1	0.541133619772477	-1.039042490533005	21210
HRA001986_chondrocyte	UGP2	PCL_1	0.39250726449406786	-1.0445028367441778	21212
HRA001986_chondrocyte	OSTC	PCL_1	0.41527222491179905	-1.0608538370306573	21216
HRA001986_chondrocyte	RCAN1	PCL_1	0.04849573676991793	-1.0629408155700266	21219
HRA001986_chondrocyte	TMEM106C	PCL_1	0.07702619279734794	-1.0633863739012297	21220
HRA001986_chondrocyte	MFGE8	PCL_1	1.0982746905957659	-1.0635125813570996	21221
HRA001986_chondrocyte	MFAP4	PCL_1	0.12605957414747945	-1.068567832450728	21223
HRA001986_chondrocyte	SLC29A1	PCL_1	0.04076701231404312	-1.0712372799329153	21225
HRA001986_chondrocyte	COL12A1	PCL_1	0.19911157025231263	-1.0746149718654951	21227
HRA001986_chondrocyte	BCAM	PCL_1	0.2703269509495135	-1.0751185829692047	21228
HRA001986_chondrocyte	SPARCL1	PCL_1	2.2344266106478035	-1.0779143434638794	21229
HRA001986_chondrocyte	CERCAM	PCL_1	0.08621806235363084	-1.0799825702740031	21231
HRA001986_chondrocyte	THBS2	PCL_1	0.04496645252737733	-1.0962328003524562	21235
HRA001986_chondrocyte	UBE2T	PCL_1	0.006283989098543923	-1.1010983894551465	21238
HRA001986_chondrocyte	SNCG	PCL_1	0.4881699896572781	-1.1040023854689802	21241
HRA001986_chondrocyte	C1R	PCL_1	0.9634972648384681	-1.1079896385294596	21242
HRA001986_chondrocyte	ERRFI1	PCL_1	0.18261257226889335	-1.1098538330809067	21243
HRA001986_chondrocyte	PRC1	PCL_1	0.018689182421399487	-1.115593581574954	21245
HRA001986_chondrocyte	AK1	PCL_1	0.15280251186858448	-1.1213755738450082	21246
HRA001986_chondrocyte	SFRP2	PCL_1	0.012516059912741184	-1.1233549969029621	21249
HRA001986_chondrocyte	GAS1	PCL_1	0.011185489118927059	-1.127755376396501	21250
HRA001986_chondrocyte	CRABP2	PCL_1	0.05055248440864186	-1.1377846976353367	21252
HRA001986_chondrocyte	BCAT1	PCL_1	0.015585732920509243	-1.1391287300465853	21254
HRA001986_chondrocyte	DTYMK	PCL_1	0.05888669483053185	-1.1424633564157454	21256
HRA001986_chondrocyte	KPNA2	PCL_1	0.08574506641469068	-1.1431375284614045	21257
HRA001986_chondrocyte	CYP1B1	PCL_1	0.131530047663384	-1.153833303820613	21260
HRA001986_chondrocyte	INHBA	PCL_1	0.04136174207863708	-1.1573991725386357	21261
HRA001986_chondrocyte	FIBIN	PCL_1	0.003282590789927377	-1.1578568418652504	21263
HRA001986_chondrocyte	CDKN2D	PCL_1	0.06476436084032887	-1.1635500712328009	21265
HRA001986_chondrocyte	HNRNPA2B1	PCL_1	0.8571837425128442	-1.1740375551970654	21267
HRA001986_chondrocyte	FKBP10	PCL_1	0.26664118130380887	-1.1806360252872659	21269
HRA001986_chondrocyte	CENPW	PCL_1	0.007586597713331382	-1.1883301492720901	21271
HRA001986_chondrocyte	SLC39A14	PCL_1	0.05729007285295263	-1.18868599619546	21272
HRA001986_chondrocyte	PPP1R14A	PCL_1	0.7973929456849066	-1.2004096175041354	21277
HRA001986_chondrocyte	CALM3	PCL_1	0.32082442165766356	-1.2077556224706436	21278
HRA001986_chondrocyte	CAPS	PCL_1	0.011907346494909791	-1.2150885215687188	21279
HRA001986_chondrocyte	PCOLCE	PCL_1	1.1903586681932217	-1.2177998621287769	21280
HRA001986_chondrocyte	PPIB	PCL_1	0.919037786622843	-1.2192693338320917	21281
HRA001986_chondrocyte	DEK	PCL_1	0.5963612583983273	-1.2214364195758507	21283
HRA001986_chondrocyte	DUT	PCL_1	0.48367332271817687	-1.2273153976759832	21285
HRA001986_chondrocyte	TK1	PCL_1	0.014930050768372087	-1.2278491513274856	21286
HRA001986_chondrocyte	C1QTNF3	PCL_1	0.007750153572609028	-1.229026369341843	21287
HRA001986_chondrocyte	CFH	PCL_1	0.9220407769497889	-1.2297635467268906	21288
HRA001986_chondrocyte	FNDC1	PCL_1	0.005632666808863481	-1.233179656366678	21289
HRA001986_chondrocyte	RCN3	PCL_1	0.21258524737010406	-1.235841768909709	21292
HRA001986_chondrocyte	JPT1	PCL_1	0.07072940751289326	-1.2374856796902367	21294
HRA001986_chondrocyte	C2ORF40	PCL_1	0.7860494753449321	-1.242797713844007	21295
HRA001986_chondrocyte	TUBB6	PCL_1	0.21211970205315292	-1.2442748388838265	21296
HRA001986_chondrocyte	EFEMP1	PCL_1	0.0472510311856038	-1.2453791740267037	21297
HRA001986_chondrocyte	UBE2S	PCL_1	0.18952383890541066	-1.2493296268296843	21299
HRA001986_chondrocyte	CAPZB	PCL_1	0.5663450903052257	-1.2524500679290682	21300
HRA001986_chondrocyte	MKI67	PCL_1	0.002889323187991977	-1.2591751847830785	21302
HRA001986_chondrocyte	AMTN	PCL_1	0.0	-1.263786029799289	21304
HRA001986_chondrocyte	CDK1	PCL_1	0.0054145897324714394	-1.2696122492388562	21305
HRA001986_chondrocyte	YWHAH	PCL_1	0.3732618746089023	-1.2838163723471006	21309
HRA001986_chondrocyte	TYMS	PCL_1	0.01562045891251829	-1.2873372158055485	21310
HRA001986_chondrocyte	RERGL	PCL_1	0.024764914370866285	-1.3039711941647087	21313
HRA001986_chondrocyte	COX8A	PCL_1	0.6945670235695109	-1.3144752153746873	21316
HRA001986_chondrocyte	NUSAP1	PCL_1	0.006467695875714222	-1.3148286055267429	21317
HRA001986_chondrocyte	SPON2	PCL_1	0.10806493384039235	-1.3206836673272873	21318
HRA001986_chondrocyte	SERPINH1	PCL_1	0.6422202442876164	-1.3299391151155964	21320
HRA001986_chondrocyte	CDO1	PCL_1	0.017562601632542082	-1.3338667026948685	21322
HRA001986_chondrocyte	MIA	PCL_1	0.004990890622138977	-1.3424728846425213	21324
HRA001986_chondrocyte	SSR4	PCL_1	0.6180387656100916	-1.3526705922535345	21326
HRA001986_chondrocyte	NUCKS1	PCL_1	1.1048975428669834	-1.3614238113801351	21327
HRA001986_chondrocyte	GSN	PCL_1	1.919887067729402	-1.3659234351196388	21330
HRA001986_chondrocyte	CST3	PCL_1	1.8274147893923025	-1.3924252612089643	21334
HRA001986_chondrocyte	PPIC	PCL_1	0.24660574491653175	-1.4192349911527598	21338
HRA001986_chondrocyte	TOP2A	PCL_1	0.007590390586604674	-1.4246779704258097	21339
HRA001986_chondrocyte	MXRA5	PCL_1	0.031223073125713402	-1.4344600132979421	21342
HRA001986_chondrocyte	HMGB1	PCL_1	1.7712772932731442	-1.4355262678003144	21343
HRA001986_chondrocyte	ARL6IP1	PCL_1	0.45247874307549635	-1.4357148147543926	21344
HRA001986_chondrocyte	TNXB	PCL_1	0.1004201946883566	-1.446554739314259	21346
HRA001986_chondrocyte	MZT2B	PCL_1	0.769782589313885	-1.4475859809828462	21347
HRA001986_chondrocyte	S100A4	PCL_1	2.6904534921877885	-1.459098805731632	21350
HRA001986_chondrocyte	MGP	PCL_1	2.890166177807583	-1.475430948791772	21352
HRA001986_chondrocyte	CTSK	PCL_1	0.1345313814365202	-1.4817593476715152	21353
HRA001986_chondrocyte	RAN	PCL_1	0.6277734132069676	-1.481780472171283	21354
HRA001986_chondrocyte	FXYD5	PCL_1	0.5005317391620746	-1.4868581789466497	21355
HRA001986_chondrocyte	C11ORF96	PCL_1	1.2462554253430815	-1.4891760247360397	21356
HRA001986_chondrocyte	DKK3	PCL_1	0.46613807030953447	-1.5064615499381109	21358
HRA001986_chondrocyte	SMC4	PCL_1	0.1428306090852453	-1.5094917047778762	21360
HRA001986_chondrocyte	RHEB	PCL_1	0.44945136746391634	-1.5095969716890716	21361
HRA001986_chondrocyte	PLA2G2A	PCL_1	0.006365155138903194	-1.509901673706185	21362
HRA001986_chondrocyte	ADIRF	PCL_1	3.1918418248701426	-1.5106291283956899	21363
HRA001986_chondrocyte	MXRA8	PCL_1	0.26756905584285645	-1.5144041715945036	21364
HRA001986_chondrocyte	PCLAF	PCL_1	0.024609996099025016	-1.519492811264394	21365
HRA001986_chondrocyte	HMGN2	PCL_1	1.078828520524421	-1.5315025926834096	21367
HRA001986_chondrocyte	RGS3	PCL_1	0.06294835609280403	-1.5327305716289987	21368
HRA001986_chondrocyte	CDKN3	PCL_1	0.01207287362776697	-1.5532383885266492	21370
HRA001986_chondrocyte	CKS1B	PCL_1	0.1791160763344832	-1.5557697773169694	21372
HRA001986_chondrocyte	TAGLN	PCL_1	3.229739338946017	-1.572889913860997	21375
HRA001986_chondrocyte	SERPINF1	PCL_1	0.8862222201915245	-1.5840057079036294	21376
HRA001986_chondrocyte	C1S	PCL_1	0.8002859887046125	-1.596950185308069	21377
HRA001986_chondrocyte	DEFB1	PCL_1	0.0007493991611732377	-1.5994918204121045	21378
HRA001986_chondrocyte	FBLN1	PCL_1	0.0549039501955526	-1.6073790541263016	21379
HRA001986_chondrocyte	NPC2	PCL_1	0.4258970438192292	-1.6132778481625398	21380
HRA001986_chondrocyte	TNFRSF11B	PCL_1	0.011616469681676893	-1.6159492738172554	21381
HRA001986_chondrocyte	TUBA1C	PCL_1	0.2134246915992764	-1.6207198660866067	21382
HRA001986_chondrocyte	HIST1H4C	PCL_1	0.25352467111725785	-1.6240557026475964	21384
HRA001986_chondrocyte	ABI3BP	PCL_1	0.032806128941269386	-1.624519722267646	21385
HRA001986_chondrocyte	NUCB2	PCL_1	0.22414162545464938	-1.6288314866418756	21386
HRA001986_chondrocyte	VCAN	PCL_1	0.11621870369029542	-1.629814101927253	21387
HRA001986_chondrocyte	BIRC5	PCL_1	0.006306454653127327	-1.634375847864306	21389
HRA001986_chondrocyte	POSTN	PCL_1	0.12492702909641798	-1.6388927763196048	21390
HRA001986_chondrocyte	NBL1	PCL_1	0.7098235866520551	-1.6555221252349495	21392
HRA001986_chondrocyte	CRLF1	PCL_1	0.007059911679890421	-1.676836676456096	21395
HRA001986_chondrocyte	ANKH	PCL_1	0.0423043679394242	-1.688052518233681	21396
HRA001986_chondrocyte	TNC	PCL_1	0.4116459438784257	-1.6929371393009207	21397
HRA001986_chondrocyte	TNFAIP6	PCL_1	0.06293017295085722	-1.7339748098176924	21401
HRA001986_chondrocyte	MYL9	PCL_1	2.475607108159195	-1.7357609855513725	21402
HRA001986_chondrocyte	H2AFV	PCL_1	0.20899181626737098	-1.7505575961701283	21403
HRA001986_chondrocyte	NDUFA4	PCL_1	0.5652640984290171	-1.7731233976308343	21404
HRA001986_chondrocyte	SORBS2	PCL_1	0.3129306251752294	-1.7769646107315271	21405
HRA001986_chondrocyte	AEBP1	PCL_1	0.6836690855936867	-1.7999176539831756	21406
HRA001986_chondrocyte	TUBB4B	PCL_1	0.40897917476379214	-1.8012192519319254	21407
HRA001986_chondrocyte	CENPF	PCL_1	0.008870234992355109	-1.809704158966723	21408
HRA001986_chondrocyte	CKS2	PCL_1	0.13831282081082474	-1.8134708814769467	21411
HRA001986_chondrocyte	TPM2	PCL_1	1.6307862887469433	-1.822006274211327	21412
HRA001986_chondrocyte	PLN	PCL_1	0.3308926618088866	-1.8249554511832253	21413
HRA001986_chondrocyte	NNMT	PCL_1	0.6137434207006459	-1.8312700837205567	21414
HRA001986_chondrocyte	COL6A2	PCL_1	1.7424852626605154	-1.8876195283421495	21418
HRA001986_chondrocyte	MYH11	PCL_1	0.3005345325451344	-1.9061865359182537	21419
HRA001986_chondrocyte	ANGPTL2	PCL_1	0.3039975839615283	-1.908859806593307	21420
HRA001986_chondrocyte	CCDC80	PCL_1	0.5572212275221113	-1.91018043299506	21421
HRA001986_chondrocyte	ACTA2	PCL_1	2.1486220190094563	-1.9405584773492195	21424
HRA001986_chondrocyte	COL5A2	PCL_1	0.3468220544047656	-1.9497974709185195	21425
HRA001986_chondrocyte	CD99	PCL_1	1.0352035836420121	-1.9726744026624528	21429
HRA001986_chondrocyte	HMGB2	PCL_1	0.25738624955217054	-1.9774963113509088	21430
HRA001986_chondrocyte	UBE2C	PCL_1	0.006083772466000584	-1.9786567158672448	21431
HRA001986_chondrocyte	DSTN	PCL_1	2.0049883684143452	-1.995727547468051	21432
HRA001986_chondrocyte	BGN	PCL_1	1.1959293272553222	-2.0442019191318312	21436
HRA001986_chondrocyte	PTTG1	PCL_1	0.045978358232726634	-2.1069158538278696	21439
HRA001986_chondrocyte	TUBB	PCL_1	0.8450907091506641	-2.1277378137862764	21440
HRA001986_chondrocyte	ASPN	PCL_1	0.7075823160405789	-2.2371232246428696	21441
HRA001986_chondrocyte	DPT	PCL_1	0.01104100820504957	-2.3064816488074107	21443
HRA001986_chondrocyte	CD55	PCL_1	0.08045807077238956	-2.3163243807793026	21444
HRA001986_chondrocyte	PCOLCE2	PCL_1	0.010362005171676476	-2.3742371388751944	21446
HRA001986_chondrocyte	TUBA1B	PCL_1	1.21032909109361	-2.440921935935246	21448
HRA001986_chondrocyte	MT1X	PCL_1	1.0654453807199984	-2.480731836441503	21449
HRA001986_chondrocyte	H2AFZ	PCL_1	0.6046127008067229	-2.485454168566469	21450
HRA001986_chondrocyte	MMP2	PCL_1	0.04976633852347733	-2.492820449914824	21451
HRA001986_chondrocyte	STMN1	PCL_1	0.10120867326234784	-2.495040862213344	21452
HRA001986_chondrocyte	SPARC	PCL_1	1.6191804747200667	-2.5162362658327417	21453
HRA001986_chondrocyte	RGCC	PCL_1	0.0831111261000236	-2.523364877863848	21454
HRA001986_chondrocyte	SCRG1	PCL_1	0.008117656865053707	-2.6221554014994903	21455
HRA001986_chondrocyte	CHI3L1	PCL_1	0.022149947709921337	-2.63514457162392	21456
HRA001986_chondrocyte	CHI3L2	PCL_1	0.022172393339375658	-2.662792188042299	21457
HRA001986_chondrocyte	CFD	PCL_1	0.35724073364399367	-2.736424906299578	21458
HRA001986_chondrocyte	FMOD	PCL_1	0.13190848804596397	-2.937423726823179	21459
HRA001986_chondrocyte	CILP	PCL_1	0.016118849027487968	-3.1405883911816295	21460
HRA001986_chondrocyte	CRTAC1	PCL_1	0.008478304060796898	-3.3207466968604304	21461
HRA001986_chondrocyte	COL1A2	PCL_1	1.3367410873166412	-3.4229610199490974	21462
HRA001986_chondrocyte	PRG4	PCL_1	0.003312904656761223	-3.462914655803515	21463
HRA001986_chondrocyte	COL3A1	PCL_1	1.1276940613985067	-3.6113410090474725	21465
HRA001986_chondrocyte	PRELP	PCL_1	0.1232353253186577	-3.6910387561575857	21466
HRA001986_chondrocyte	HTRA1	PCL_1	0.27607136543115823	-3.734526294323117	21467
HRA001986_chondrocyte	COMP	PCL_1	0.044056919196413635	-3.775531669706791	21468
HRA001986_chondrocyte	LUM	PCL_1	0.5110498980412053	-3.855038218720995	21469
HRA001986_chondrocyte	COL1A1	PCL_1	0.9782825201853282	-4.043641557901557	21470
HRA001986_chondrocyte	DCN	PCL_1	0.4117352098226546	-4.238062981359693	21471
HRA001986_chondrocyte	FN1	PCL_1	0.5135318418861265	-4.742137909135475	21472
HRA001986_chondrocyte	ACTA2	PCL_2	4.089180496358676	1.9405584773492195	1
HRA001986_chondrocyte	MYH11	PCL_2	2.2067210684633882	1.9061865359182537	2
HRA001986_chondrocyte	PLN	PCL_2	2.155848112992112	1.8249554511832253	3
HRA001986_chondrocyte	TPM2	PCL_2	3.4527925629582703	1.822006274211327	4
HRA001986_chondrocyte	MYL9	PCL_2	4.2113680937105675	1.7357609855513725	5
HRA001986_chondrocyte	SORBS2	PCL_2	2.0898952359067566	1.6164094391579842	6
HRA001986_chondrocyte	DSTN	PCL_2	4.000715915882396	1.585291417545886	7
HRA001986_chondrocyte	TAGLN	PCL_2	4.802629252807014	1.572889913860997	8
HRA001986_chondrocyte	ADIRF	PCL_2	4.702470953265832	1.5106291283956899	9
HRA001986_chondrocyte	C11ORF96	PCL_2	2.7354314500791213	1.4891760247360397	10
HRA001986_chondrocyte	RERGL	PCL_2	1.3287361085355751	1.3039711941647087	11
HRA001986_chondrocyte	PPP1R14A	PCL_2	1.997802563189042	1.2004096175041354	12
HRA001986_chondrocyte	SNCG	PCL_2	1.5921723751262584	1.1040023854689802	13
HRA001986_chondrocyte	SPARCL1	PCL_2	3.312340954111683	1.0779143434638794	14
HRA001986_chondrocyte	BCAM	PCL_2	1.3454455339187181	1.0751185829692047	15
HRA001986_chondrocyte	CNN1	PCL_2	1.2140979781332935	1.0129864209797224	16
HRA001986_chondrocyte	HES4	PCL_2	1.711826205401429	0.9869239010567229	17
HRA001986_chondrocyte	LMOD1	PCL_2	1.4939936814859283	0.9299051559818478	18
HRA001986_chondrocyte	TPM1	PCL_2	2.3076519920594136	0.925065156444902	19
HRA001986_chondrocyte	CSRP1	PCL_2	1.78309690692122	0.8927594985251154	20
HRA001986_chondrocyte	NDUFA4	PCL_2	2.3383874960598514	0.883058280035599	21
HRA001986_chondrocyte	MCAM	PCL_2	1.3154775492019122	0.8319061372532612	22
HRA001986_chondrocyte	SH3BGRL	PCL_2	1.7313304695759002	0.8300753977107531	23
HRA001986_chondrocyte	ACTG2	PCL_2	0.8877088995206929	0.8050124920461155	24
HRA001986_chondrocyte	CSRP2	PCL_2	1.0987956988965242	0.7608082259415679	25
HRA001986_chondrocyte	PPP1CB	PCL_2	1.4369467151839082	0.7047375325242332	26
HRA001986_chondrocyte	KCNMB1	PCL_2	0.7384960025194142	0.6674736146770769	27
HRA001986_chondrocyte	NEXN	PCL_2	0.9472495165490917	0.6409597554495413	28
HRA001986_chondrocyte	CCDC3	PCL_2	0.8897086851121404	0.6408730354293104	29
HRA001986_chondrocyte	GADD45B	PCL_2	2.0149581789793003	0.6199968065058261	30
HRA001986_chondrocyte	MUSTN1	PCL_2	0.6686395705928879	0.6134608618959431	31
HRA001986_chondrocyte	FLNA	PCL_2	1.5801761103054819	0.5689527191987982	32
HRA001986_chondrocyte	NET1	PCL_2	0.7993405148800882	0.5268127739200184	33
HRA001986_chondrocyte	CASQ2	PCL_2	0.5772224877857496	0.516695247771632	34
HRA001986_chondrocyte	RAMP1	PCL_2	0.5018613667242113	0.4798432312506653	35
HRA001986_chondrocyte	ADRA2A	PCL_2	0.6559034707468177	0.4767452044752495	36
HRA001986_chondrocyte	ZNF331	PCL_2	0.6546916927964911	0.46573751723268064	37
HRA001986_chondrocyte	CARMN	PCL_2	0.7371228686459952	0.44167328957350005	38
HRA001986_chondrocyte	TBX2-AS1	PCL_2	0.6886631962917157	0.4413483648531378	39
HRA001986_chondrocyte	PTP4A3	PCL_2	0.71480450924072	0.4319334945072318	40
HRA001986_chondrocyte	TOB1	PCL_2	0.9167981348517864	0.42857879398183674	41
HRA001986_chondrocyte	MYLK	PCL_2	1.1607586302691022	0.4213486662341477	42
HRA001986_chondrocyte	COX7C	PCL_2	2.306909928453112	0.4018812529650444	43
HRA001986_chondrocyte	NRGN	PCL_2	0.5253934936509249	0.3990534391697447	44
HRA001986_chondrocyte	KCNAB1	PCL_2	0.46303550470324734	0.39735974037413674	45
HRA001986_chondrocyte	FAU	PCL_2	3.1573937914910783	0.38234810152509846	46
HRA001986_chondrocyte	RCAN2	PCL_2	0.6966801832119625	0.376148135634139	47
HRA001986_chondrocyte	AOC3	PCL_2	0.6692196502985936	0.36806166064555973	48
HRA001986_chondrocyte	NTRK2	PCL_2	0.8399590523174363	0.3623663903138213	49
HRA001986_chondrocyte	FRZB	PCL_2	0.7519357677490001	0.35654220770865896	50
HRA001986_chondrocyte	HEY2	PCL_2	0.521504206021154	0.3559006582036439	51
HRA001986_chondrocyte	RPL14	PCL_2	3.131501994080968	0.3467215259929075	52
HRA001986_chondrocyte	GPRC5C	PCL_2	0.541547173811566	0.34257397279291124	53
HRA001986_chondrocyte	ANAPC16	PCL_2	1.150130278356962	0.342155393218483	54
HRA001986_chondrocyte	FBXO32	PCL_2	0.44268800921383394	0.3387884745649409	55
HRA001986_chondrocyte	CRIM1	PCL_2	0.7381448927852845	0.33277428343685206	56
HRA001986_chondrocyte	DES	PCL_2	0.3509080543049745	0.33052179323627606	57
HRA001986_chondrocyte	PTMA	PCL_2	4.421819923829937	0.3278314709577508	58
HRA001986_chondrocyte	HSPB1	PCL_2	2.634654270928533	0.3268994160910226	59
HRA001986_chondrocyte	CALD1	PCL_2	3.3927058173668763	0.32226992058197546	60
HRA001986_chondrocyte	MIR497HG	PCL_2	0.1217407374273217	-0.06785907662156021	14863
HRA001986_chondrocyte	RPS23	PCL_2	3.2403518756822023	-0.06945150895951668	14944
HRA001986_chondrocyte	RPL24	PCL_2	2.61429864363301	-0.07130641743383714	15042
HRA001986_chondrocyte	SAA1	PCL_2	0.0009590769925760844	-0.0717555911508609	15061
HRA001986_chondrocyte	RPS27A	PCL_2	3.638801148131726	-0.08208984458118751	15562
HRA001986_chondrocyte	SNHG25	PCL_2	0.3067754369879526	-0.08239599531739777	15577
HRA001986_chondrocyte	SLC14A1	PCL_2	0.004505641935836701	-0.08548094782712787	15686
HRA001986_chondrocyte	TAC1	PCL_2	0.0052947597725996895	-0.08659380348072929	15733
HRA001986_chondrocyte	LAYN	PCL_2	0.03836724049751719	-0.08823022728909058	15797
HRA001986_chondrocyte	BEX4	PCL_2	0.08378526243189026	-0.11823981072982144	16780
HRA001986_chondrocyte	MSMP	PCL_2	0.0006680360270871056	-0.11964021728569182	16820
HRA001986_chondrocyte	BMPER	PCL_2	0.0007945445794907827	-0.12111012634015726	16858
HRA001986_chondrocyte	BX284668.5	PCL_2	0.13470833426311848	-0.12567868743191493	16969
HRA001986_chondrocyte	RPL30	PCL_2	2.8814381904427058	-0.13121740408427485	17106
HRA001986_chondrocyte	ROM1	PCL_2	0.01849626941931626	-0.1382405188401851	17258
HRA001986_chondrocyte	THBS1	PCL_2	0.13729208326410683	-0.141608662886942	17329
HRA001986_chondrocyte	PTPN22	PCL_2	0.0	-0.1427178732804838	17356
HRA001986_chondrocyte	HIST1H1C	PCL_2	0.10395268971721328	-0.144267684928603	17383
HRA001986_chondrocyte	RPL17	PCL_2	2.430132337269328	-0.15001442546538213	17511
HRA001986_chondrocyte	WBP2	PCL_2	0.23809583387559372	-0.15306115127535883	17586
HRA001986_chondrocyte	MPHOSPH8	PCL_2	0.4585382275519863	-0.15475571938193872	17617
HRA001986_chondrocyte	TMEM91	PCL_2	0.027005052223565085	-0.16773779320284227	17858
HRA001986_chondrocyte	N4BP2L2	PCL_2	0.7410526769383557	-0.17439839723257955	17974
HRA001986_chondrocyte	RPL29	PCL_2	2.7816569975444256	-0.19145893233399214	18271
HRA001986_chondrocyte	EIF3E	PCL_2	1.5650942009829327	-0.19415471104169213	18313
HRA001986_chondrocyte	ARHGAP6	PCL_2	0.09557326886034201	-0.19629640592823905	18336
HRA001986_chondrocyte	TPRG1	PCL_2	0.007246028543228194	-0.20034331333886368	18385
HRA001986_chondrocyte	BST2	PCL_2	0.4770149676099654	-0.20597841315680965	18478
HRA001986_chondrocyte	RPL15	PCL_2	3.0885563014400335	-0.20733265872062878	18496
HRA001986_chondrocyte	ARHGAP29	PCL_2	0.4474121721845773	-0.20775047692041504	18507
HRA001986_chondrocyte	SYNPO2	PCL_2	0.6937532915127654	-0.21041045469187647	18542
HRA001986_chondrocyte	GUCY1A2	PCL_2	0.009633295474544404	-0.2162810234678172	18605
HRA001986_chondrocyte	DMKN	PCL_2	0.0	-0.22264840442173386	18678
HRA001986_chondrocyte	TEX41	PCL_2	0.13537149503827095	-0.2254166831055453	18713
HRA001986_chondrocyte	NDRG2	PCL_2	0.5467707316376388	-0.23339987306796495	18813
HRA001986_chondrocyte	HOPX	PCL_2	0.04132740444961993	-0.23685963773020793	18861
HRA001986_chondrocyte	RPL8	PCL_2	2.854376492016614	-0.24239642205319623	18914
HRA001986_chondrocyte	FAM213A	PCL_2	0.06823841086219226	-0.24495177313848052	18940
HRA001986_chondrocyte	MAF	PCL_2	0.0805469811967914	-0.2535638911332282	19024
HRA001986_chondrocyte	NEGR1	PCL_2	0.0012346437526127648	-0.2636707453777172	19123
HRA001986_chondrocyte	IGFBP7	PCL_2	3.8358925356573987	-0.2645633611473368	19137
HRA001986_chondrocyte	TBL1XR1	PCL_2	0.15464578985813107	-0.2728966957634681	19209
HRA001986_chondrocyte	EPB41L4A-AS1	PCL_2	0.2485113302393566	-0.2752103823576877	19230
HRA001986_chondrocyte	ABCA6	PCL_2	0.0	-0.28243674857796514	19299
HRA001986_chondrocyte	KCNJ8	PCL_2	0.07583692652128994	-0.28330602036005603	19301
HRA001986_chondrocyte	SRSF5	PCL_2	0.9350589909369045	-0.29389556647103765	19374
HRA001986_chondrocyte	CCDC102B	PCL_2	0.05303223735638081	-0.29437502015914235	19379
HRA001986_chondrocyte	HIGD1B	PCL_2	0.06243782747714293	-0.29648914775840696	19396
HRA001986_chondrocyte	SEMA5A	PCL_2	0.036213002330253985	-0.3008587789751353	19421
HRA001986_chondrocyte	PSME1	PCL_2	0.8305580192910771	-0.303305366661931	19443
HRA001986_chondrocyte	GMDS	PCL_2	0.18758556010231134	-0.30871041928492826	19482
HRA001986_chondrocyte	PLSCR4	PCL_2	0.09525701371095485	-0.3087372295728612	19483
HRA001986_chondrocyte	SSTR2	PCL_2	0.021978601399395198	-0.30934585809914616	19484
HRA001986_chondrocyte	HES1	PCL_2	0.8570505789229792	-0.3102527692440966	19491
HRA001986_chondrocyte	ANG	PCL_2	0.06572439358939253	-0.3106520793326139	19495
HRA001986_chondrocyte	LIMCH1	PCL_2	0.02768724447204953	-0.3143132815410457	19518
HRA001986_chondrocyte	CFB	PCL_2	0.03517940637492944	-0.31761954771061784	19537
HRA001986_chondrocyte	ADAMTS4	PCL_2	0.06205660917810977	-0.3207257184436513	19557
HRA001986_chondrocyte	F3	PCL_2	0.0019309566252761416	-0.32120256796241003	19563
HRA001986_chondrocyte	RAMP2	PCL_2	0.008819435205724504	-0.3281228355944255	19604
HRA001986_chondrocyte	FAM13C	PCL_2	0.10291277277209454	-0.33151444503076627	19630
HRA001986_chondrocyte	FGL2	PCL_2	0.0005151010931484282	-0.3389226449543963	19674
HRA001986_chondrocyte	CXCL2	PCL_2	0.007261486014439946	-0.3398073048545568	19683
HRA001986_chondrocyte	ADGRF5	PCL_2	0.014267277002098068	-0.3418891376416598	19701
HRA001986_chondrocyte	CCL19	PCL_2	0.0483915949506419	-0.3439166512074219	19717
HRA001986_chondrocyte	RPL36A	PCL_2	2.6962620901564747	-0.3468498276753538	19739
HRA001986_chondrocyte	C3	PCL_2	0.0015478306819522191	-0.3527702800325466	19771
HRA001986_chondrocyte	NFIA	PCL_2	0.3714242500681727	-0.36225565707365703	19820
HRA001986_chondrocyte	ARRDC3	PCL_2	0.2510657597569718	-0.36346208972353883	19829
HRA001986_chondrocyte	MMP3	PCL_2	0.0019232936440006134	-0.36505099452752976	19841
HRA001986_chondrocyte	MT1A	PCL_2	0.5822016611872688	-0.3654741906383563	19843
HRA001986_chondrocyte	ASAH1	PCL_2	0.2575124066382172	-0.3664380025576853	19848
HRA001986_chondrocyte	LRRC17	PCL_2	0.04709460113256697	-0.3712389889586187	19877
HRA001986_chondrocyte	MT-ND3	PCL_2	2.2465012242041866	-0.3714075281248661	19881
HRA001986_chondrocyte	MALAT1	PCL_2	5.943604406856347	-0.37580069106791925	19915
HRA001986_chondrocyte	STOM	PCL_2	0.4981076163018036	-0.37671805058443436	19920
HRA001986_chondrocyte	PTGDS	PCL_2	0.00167343398881337	-0.38106285989160305	19941
HRA001986_chondrocyte	MFGE8	PCL_2	1.7766519593341008	-0.38513531261876466	19961
HRA001986_chondrocyte	KCTD12	PCL_2	0.010385055597575884	-0.38707962699840265	19975
HRA001986_chondrocyte	FHL1	PCL_2	1.0272726024545376	-0.3882585372992755	19984
HRA001986_chondrocyte	ID4	PCL_2	0.4456007391628291	-0.3979317925870414	20033
HRA001986_chondrocyte	C7	PCL_2	0.00221159267756674	-0.3991921842217352	20037
HRA001986_chondrocyte	ZEB2	PCL_2	0.3814753610049446	-0.41555563490542047	20123
HRA001986_chondrocyte	RPS12	PCL_2	2.993311669145316	-0.4223136016832969	20161
HRA001986_chondrocyte	RPS18	PCL_2	3.4888645220134067	-0.4233363706618509	20165
HRA001986_chondrocyte	STEAP2	PCL_2	0.010151134863022774	-0.42716587168009384	20175
HRA001986_chondrocyte	CD36	PCL_2	0.0055773310245029505	-0.43022343717249306	20184
HRA001986_chondrocyte	ABCC9	PCL_2	0.10938320542493514	-0.4404572425439724	20227
HRA001986_chondrocyte	HAPLN3	PCL_2	0.1201577348013719	-0.46028602201687685	20311
HRA001986_chondrocyte	RPL12	PCL_2	3.244704637735612	-0.477299669491388	20360
HRA001986_chondrocyte	RACK1	PCL_2	2.0910481484754673	-0.47800361692668814	20364
HRA001986_chondrocyte	CHN1	PCL_2	0.0565380695615969	-0.4901787513423528	20396
HRA001986_chondrocyte	PODN	PCL_2	0.0374727031836907	-0.4980887681093936	20414
HRA001986_chondrocyte	ARHGAP15	PCL_2	0.009647915878939248	-0.5022979209879561	20431
HRA001986_chondrocyte	CCL21	PCL_2	0.010806662340958912	-0.5026089618603393	20434
HRA001986_chondrocyte	LAG3	PCL_2	0.003024033669914518	-0.5036827820913207	20437
HRA001986_chondrocyte	PTGFR	PCL_2	0.0015702328629909998	-0.512761754666681	20465
HRA001986_chondrocyte	EBF1	PCL_2	0.4807654832977626	-0.5148249295976934	20471
HRA001986_chondrocyte	EPS8	PCL_2	0.3921851664190258	-0.5166313549681077	20475
HRA001986_chondrocyte	CXCL14	PCL_2	0.0	-0.5214423696718199	20491
HRA001986_chondrocyte	COL4A1	PCL_2	0.2272271187828174	-0.521990448230553	20492
HRA001986_chondrocyte	CHAD	PCL_2	0.0030216285515399207	-0.5309585077785199	20515
HRA001986_chondrocyte	SPRY1	PCL_2	0.023047848146349664	-0.5315183133060882	20518
HRA001986_chondrocyte	RPL36	PCL_2	2.8553637067476902	-0.5315594402987966	20519
HRA001986_chondrocyte	MGST1	PCL_2	0.0	-0.5338837523281355	20528
HRA001986_chondrocyte	FOXO1	PCL_2	0.014730951704439662	-0.5412591529416114	20544
HRA001986_chondrocyte	ZFAS1	PCL_2	0.7383870037479533	-0.5454652683384066	20557
HRA001986_chondrocyte	ABCA8	PCL_2	0.00271597687923719	-0.5478830291856959	20564
HRA001986_chondrocyte	ACKR3	PCL_2	0.1924298149016168	-0.5537876338125499	20581
HRA001986_chondrocyte	SLC7A2	PCL_2	0.25368093116770646	-0.5609196700416905	20596
HRA001986_chondrocyte	SLPI	PCL_2	0.0	-0.5719814113903255	20621
HRA001986_chondrocyte	IL32	PCL_2	0.011172978089205803	-0.5741523235023457	20627
HRA001986_chondrocyte	TFPI	PCL_2	0.12484529351312966	-0.5781283924178694	20637
HRA001986_chondrocyte	C20ORF27	PCL_2	0.1376533196677292	-0.5791466291520802	20646
HRA001986_chondrocyte	GLRX	PCL_2	0.05393818035603517	-0.5881642947593378	20666
HRA001986_chondrocyte	LGI4	PCL_2	0.8108800987284335	-0.5892697951046848	20669
HRA001986_chondrocyte	C10ORF105	PCL_2	0.0	-0.5937371786426202	20680
HRA001986_chondrocyte	RPL39	PCL_2	2.9113955357008545	-0.5939180676004145	20681
HRA001986_chondrocyte	MFAP5	PCL_2	0.0	-0.5973094607964693	20688
HRA001986_chondrocyte	TMEM176A	PCL_2	0.015174524681199161	-0.6044912766059112	20704
HRA001986_chondrocyte	PLAC9	PCL_2	1.685972860053415	-0.6093730733978611	20719
HRA001986_chondrocyte	ANGPTL7	PCL_2	0.009520348989301257	-0.6146773943883669	20730
HRA001986_chondrocyte	IGFBP2	PCL_2	0.032877746082487565	-0.6195602150914792	20746
HRA001986_chondrocyte	EEF2	PCL_2	1.6022083560330025	-0.6222780786648687	20750
HRA001986_chondrocyte	BICC1	PCL_2	0.002730049340734406	-0.6245335857078149	20755
HRA001986_chondrocyte	ITM2A	PCL_2	0.005466969417674201	-0.626853144866437	20767
HRA001986_chondrocyte	CCND2	PCL_2	0.058052946384700516	-0.6464035020757611	20796
HRA001986_chondrocyte	SFRP1	PCL_2	0.0020129188658699155	-0.6470053918681802	20798
HRA001986_chondrocyte	RNASE4	PCL_2	0.1752400984839787	-0.6531220749771417	20807
HRA001986_chondrocyte	IGF1	PCL_2	0.001076029288390326	-0.6573836248162984	20815
HRA001986_chondrocyte	ITGA10	PCL_2	0.015342549820031439	-0.667484881681642	20833
HRA001986_chondrocyte	ADGRG2	PCL_2	0.00026663800790196373	-0.6693940235625359	20837
HRA001986_chondrocyte	SLC25A37	PCL_2	0.05276082408806632	-0.6746771122215138	20844
HRA001986_chondrocyte	IFITM2	PCL_2	1.5481596175462955	-0.6902994419462885	20866
HRA001986_chondrocyte	PLXDC1	PCL_2	0.010190519637295179	-0.6939629801435495	20871
HRA001986_chondrocyte	SOX9	PCL_2	0.028039039600463143	-0.6951184056909407	20874
HRA001986_chondrocyte	FABP4	PCL_2	0.26562140896798114	-0.7176016272740473	20906
HRA001986_chondrocyte	P4HA3	PCL_2	0.0004391118233639096	-0.7281747227990228	20922
HRA001986_chondrocyte	NR2F2	PCL_2	0.8638629493200107	-0.7293890507581375	20926
HRA001986_chondrocyte	CTSC	PCL_2	0.00775656784101138	-0.7360708411095578	20934
HRA001986_chondrocyte	COL8A1	PCL_2	0.004633889193572695	-0.7369580685194659	20937
HRA001986_chondrocyte	CRISPLD1	PCL_2	0.00168932844249029	-0.7378916391885676	20938
HRA001986_chondrocyte	GEM	PCL_2	0.1396351630489032	-0.7411742156072204	20944
HRA001986_chondrocyte	HLA-C	PCL_2	1.090254827092091	-0.7453317508308428	20948
HRA001986_chondrocyte	EPB41L2	PCL_2	0.12837784829002524	-0.747877395293336	20951
HRA001986_chondrocyte	FABP3	PCL_2	0.10054725550469897	-0.7728673368144715	20977
HRA001986_chondrocyte	RPS2	PCL_2	2.547676281027853	-0.7738697610204164	20978
HRA001986_chondrocyte	MFAP4	PCL_2	0.41583555851072507	-0.7787918480874824	20983
HRA001986_chondrocyte	ANXA4	PCL_2	0.24158835748121849	-0.7819132647279712	20989
HRA001986_chondrocyte	LTBP4	PCL_2	0.06411720868495724	-0.7904559906261133	20998
HRA001986_chondrocyte	THBS3	PCL_2	0.032272165168135886	-0.8126061904721071	21016
HRA001986_chondrocyte	EDIL3	PCL_2	0.15159740065416644	-0.8189153953213419	21024
HRA001986_chondrocyte	FOSB	PCL_2	0.3028129363757753	-0.8289082184979732	21035
HRA001986_chondrocyte	SMIM14	PCL_2	0.14536204289585822	-0.8302613468341841	21037
HRA001986_chondrocyte	PAPSS2	PCL_2	0.005845740910560365	-0.8321544591307448	21040
HRA001986_chondrocyte	FCGRT	PCL_2	0.17813974361689316	-0.8516538124123114	21058
HRA001986_chondrocyte	S100A1	PCL_2	0.0011666261014484224	-0.8538084004980745	21064
HRA001986_chondrocyte	ARHGDIB	PCL_2	0.18516643209353323	-0.8548814094255847	21065
HRA001986_chondrocyte	CCNB2	PCL_2	0.0	-0.855762344823308	21067
HRA001986_chondrocyte	SGK1	PCL_2	0.02444631287029812	-0.859121367032371	21068
HRA001986_chondrocyte	CDC20	PCL_2	0.004436464241099736	-0.8596408088517576	21069
HRA001986_chondrocyte	HLA-A	PCL_2	1.04910812352503	-0.8616781975512264	21072
HRA001986_chondrocyte	ID2	PCL_2	0.5065976305317784	-0.864375630651346	21073
HRA001986_chondrocyte	MATN2	PCL_2	0.0020218647957321195	-0.8725426091650768	21078
HRA001986_chondrocyte	COL2A1	PCL_2	0.001434974194992156	-0.8795698249679039	21082
HRA001986_chondrocyte	IFITM3	PCL_2	2.26148228678438	-0.894463116054732	21090
HRA001986_chondrocyte	CDON	PCL_2	0.0004391118233639096	-0.8982261875183667	21093
HRA001986_chondrocyte	FBLN2	PCL_2	0.0069158416359670575	-0.8992703439670163	21096
HRA001986_chondrocyte	BTG1	PCL_2	0.6404301929509358	-0.9004567097170714	21097
HRA001986_chondrocyte	CDKN2C	PCL_2	0.2438060247176696	-0.9081877693683758	21106
HRA001986_chondrocyte	NDFIP1	PCL_2	0.4972433647702608	-0.9144590387585427	21108
HRA001986_chondrocyte	FGF7	PCL_2	0.13296061822228009	-0.9161480958038043	21111
HRA001986_chondrocyte	GGH	PCL_2	0.027816322114732527	-0.9186891157582651	21115
HRA001986_chondrocyte	AK1	PCL_2	0.3507192664380584	-0.9234588192755343	21121
HRA001986_chondrocyte	UBC	PCL_2	1.4376582964545217	-0.9352154173071061	21128
HRA001986_chondrocyte	CADM1	PCL_2	0.040226584389096216	-0.9401578143516359	21131
HRA001986_chondrocyte	SKA2	PCL_2	0.15209540565099042	-0.9404863145297175	21133
HRA001986_chondrocyte	HMGB3	PCL_2	0.003521507783305077	-0.9484230737686059	21136
HRA001986_chondrocyte	CCNB1	PCL_2	0.00788067387683051	-0.9525712492298004	21138
HRA001986_chondrocyte	ADAMTS6	PCL_2	0.009275817297517306	-0.9604194458632459	21142
HRA001986_chondrocyte	BUB3	PCL_2	0.13760575882735707	-0.9608948854759914	21143
HRA001986_chondrocyte	CP	PCL_2	0.0018306367454074676	-0.9636515486220829	21146
HRA001986_chondrocyte	CALM3	PCL_2	0.562312195225367	-0.96626784890294	21147
HRA001986_chondrocyte	RRM2	PCL_2	0.0	-0.9785166213365453	21151
HRA001986_chondrocyte	FOS	PCL_2	1.5005350793519674	-0.9793598318885786	21152
HRA001986_chondrocyte	TPX2	PCL_2	0.0012328957044889057	-0.9809357880522149	21153
HRA001986_chondrocyte	SOD1	PCL_2	1.0756158082494656	-0.9813826945263746	21155
HRA001986_chondrocyte	CCL2	PCL_2	0.15607934303226914	-0.9891569284271322	21161
HRA001986_chondrocyte	CTHRC1	PCL_2	0.041533712563770156	-0.9907034462327989	21162
HRA001986_chondrocyte	PBK	PCL_2	0.0004588690482907825	-0.9912021993609823	21163
HRA001986_chondrocyte	PTGES	PCL_2	0.007669186603928368	-0.9960544072844585	21166
HRA001986_chondrocyte	TCEAL9	PCL_2	0.4443418637864174	-0.998778025192361	21169
HRA001986_chondrocyte	LTBP3	PCL_2	0.09905836210837443	-1.0044613815265762	21176
HRA001986_chondrocyte	COX8A	PCL_2	0.9980522329726854	-1.0109900059715127	21179
HRA001986_chondrocyte	BASP1	PCL_2	0.0020864693418381703	-1.0161288359868004	21182
HRA001986_chondrocyte	ASPM	PCL_2	0.0011573462259201776	-1.0212695498775206	21184
HRA001986_chondrocyte	CILP2	PCL_2	0.00045619751252825295	-1.028362646449746	21186
HRA001986_chondrocyte	EGR1	PCL_2	0.4750081790345056	-1.0352187466799054	21190
HRA001986_chondrocyte	GJA1	PCL_2	0.0027002740119184765	-1.0440276975304392	21194
HRA001986_chondrocyte	IGFBP4	PCL_2	0.4423120095143241	-1.0512854639792566	21197
HRA001986_chondrocyte	TMEM106C	PCL_2	0.08644584764445586	-1.0539667190541218	21200
HRA001986_chondrocyte	LSP1	PCL_2	0.0061536771023557296	-1.0566036407724695	21201
HRA001986_chondrocyte	PRC1	PCL_2	0.07249518708577231	-1.0617875769105811	21204
HRA001986_chondrocyte	HLA-B	PCL_2	0.8805020264394215	-1.0666387247394744	21206
HRA001986_chondrocyte	MMP14	PCL_2	0.10443811686266034	-1.0687072686218193	21211
HRA001986_chondrocyte	SLC29A1	PCL_2	0.04166340978727454	-1.0703408824596838	21212
HRA001986_chondrocyte	CYBRD1	PCL_2	0.18222468071395434	-1.0800246421621655	21216
HRA001986_chondrocyte	RGS5	PCL_2	1.0456557304021858	-1.0823992958041062	21218
HRA001986_chondrocyte	CERCAM	PCL_2	0.07127034906593581	-1.094930283561698	21220
HRA001986_chondrocyte	RCAN1	PCL_2	0.00921382734345065	-1.102222724996494	21223
HRA001986_chondrocyte	UBE2T	PCL_2	0.004350483860997926	-1.1030318946926925	21224
HRA001986_chondrocyte	MZT2B	PCL_2	1.0943442911264436	-1.1230242791702876	21226
HRA001986_chondrocyte	INHBA	PCL_2	0.07283999040604583	-1.125920924211227	21227
HRA001986_chondrocyte	SFRP2	PCL_2	0.0010457995628553724	-1.1348252572528479	21231
HRA001986_chondrocyte	THBS2	PCL_2	0.005056186948740293	-1.1361430659310934	21232
HRA001986_chondrocyte	GAS1	PCL_2	0.0023559388660249255	-1.136584926649403	21233
HRA001986_chondrocyte	PROCR	PCL_2	0.02268256501309455	-1.138299506584027	21235
HRA001986_chondrocyte	ZFP36L2	PCL_2	0.15617181730294033	-1.1411360761432983	21236
HRA001986_chondrocyte	DTYMK	PCL_2	0.05760335972503065	-1.1437466915212464	21237
HRA001986_chondrocyte	B2M	PCL_2	3.2299812528349148	-1.1484644594350812	21238
HRA001986_chondrocyte	UGP2	PCL_2	0.2883043532215414	-1.1487057480167042	21239
HRA001986_chondrocyte	FIBIN	PCL_2	0.011445848685171869	-1.149693583970006	21240
HRA001986_chondrocyte	BCAT1	PCL_2	0.002898181596445659	-1.151816281370649	21242
HRA001986_chondrocyte	CDKN2D	PCL_2	0.06206402348147497	-1.1662504085916547	21245
HRA001986_chondrocyte	TIMP3	PCL_2	1.3508275384526869	-1.170287972692657	21247
HRA001986_chondrocyte	LAPTM4A	PCL_2	1.3182432244694424	-1.1716701065670714	21249
HRA001986_chondrocyte	TUBB6	PCL_2	0.28117682379744335	-1.1752177171395362	21250
HRA001986_chondrocyte	CRABP2	PCL_2	0.00526767773997216	-1.1830695043040065	21251
HRA001986_chondrocyte	COL12A1	PCL_2	0.0889817473316003	-1.1847447947862073	21253
HRA001986_chondrocyte	CENPW	PCL_2	0.0023368796599762777	-1.1935798673254452	21255
HRA001986_chondrocyte	YWHAH	PCL_2	0.4606395980845838	-1.196438648871419	21257
HRA001986_chondrocyte	CYR61	PCL_2	0.22046421521476323	-1.2051532428421736	21258
HRA001986_chondrocyte	KPNA2	PCL_2	0.02309399686517223	-1.2057885980109229	21259
HRA001986_chondrocyte	ERRFI1	PCL_2	0.0813329148268889	-1.2111334905229112	21261
HRA001986_chondrocyte	CAPS	PCL_2	0.007459866178650704	-1.219536001884978	21264
HRA001986_chondrocyte	CAPZB	PCL_2	0.5953201479500253	-1.2234750102842686	21268
HRA001986_chondrocyte	SLC39A14	PCL_2	0.020078679191924277	-1.2258973898564882	21269
HRA001986_chondrocyte	OSTC	PCL_2	0.24827395426848575	-1.2278521076739706	21270
HRA001986_chondrocyte	FNDC1	PCL_2	0.004643230536390865	-1.2341690926391506	21271
HRA001986_chondrocyte	C1QTNF3	PCL_2	0.0	-1.236776522914452	21272
HRA001986_chondrocyte	TK1	PCL_2	0.0018290210337865917	-1.2409501810620711	21273
HRA001986_chondrocyte	IFITM1	PCL_2	0.4372245792949962	-1.2505330645967085	21278
HRA001986_chondrocyte	MKI67	PCL_2	0.0	-1.2620645079710706	21280
HRA001986_chondrocyte	AMTN	PCL_2	0.0	-1.263786029799289	21281
HRA001986_chondrocyte	DEK	PCL_2	0.5455205614072471	-1.2722771165669309	21284
HRA001986_chondrocyte	S100A4	PCL_2	2.876094443900955	-1.2734578540184658	21285
HRA001986_chondrocyte	HNRNPA2B1	PCL_2	0.7567958361986613	-1.2744254615112482	21287
HRA001986_chondrocyte	CDK1	PCL_2	0.0005704003667074537	-1.27445643860462	21288
HRA001986_chondrocyte	CYP1B1	PCL_2	0.009667567258316374	-1.2756957842256806	21289
HRA001986_chondrocyte	TYMS	PCL_2	0.022725561545008703	-1.2802321131730583	21291
HRA001986_chondrocyte	JPT1	PCL_2	0.01871925648597498	-1.289495830717155	21294
HRA001986_chondrocyte	EFEMP1	PCL_2	0.0	-1.2926302052123075	21296
HRA001986_chondrocyte	FKBP10	PCL_2	0.1441546232986545	-1.3031225832924203	21297
HRA001986_chondrocyte	SELENOP	PCL_2	0.517160244670416	-1.3147119912327885	21298
HRA001986_chondrocyte	NUSAP1	PCL_2	0.0016924608203153762	-1.3196038405821418	21299
HRA001986_chondrocyte	DUT	PCL_2	0.37863711631369007	-1.33235160408047	21303
HRA001986_chondrocyte	CXCL12	PCL_2	0.8570460862820098	-1.3324615554336399	21304
HRA001986_chondrocyte	MIA	PCL_2	0.00435311243765884	-1.3431106628270015	21305
HRA001986_chondrocyte	CDO1	PCL_2	0.006572426962000983	-1.3448568773654097	21306
HRA001986_chondrocyte	UBE2S	PCL_2	0.07789778464015516	-1.3609556810949397	21309
HRA001986_chondrocyte	HMGB1	PCL_2	1.8312926438770087	-1.37551091719645	21313
HRA001986_chondrocyte	HMGN2	PCL_2	1.217236954275342	-1.3930941589324886	21318
HRA001986_chondrocyte	MT1G	PCL_2	0.1337127834854145	-1.393643892643293	21319
HRA001986_chondrocyte	RCN3	PCL_2	0.05004632366555076	-1.3983806926142621	21320
HRA001986_chondrocyte	SPON2	PCL_2	0.010143865195531693	-1.4186047359721479	21322
HRA001986_chondrocyte	SSR4	PCL_2	0.551416470979651	-1.4192928868839751	21323
HRA001986_chondrocyte	TOP2A	PCL_2	0.002582468151573151	-1.4296858928608411	21324
HRA001986_chondrocyte	MXRA5	PCL_2	0.005500357243276778	-1.4601827291803788	21326
HRA001986_chondrocyte	STEAP4	PCL_2	0.054423317490589054	-1.4831809251088768	21328
HRA001986_chondrocyte	RHEB	PCL_2	0.45991364390485784	-1.49913469524813	21329
HRA001986_chondrocyte	PLA2G2A	PCL_2	0.0045409902693733335	-1.5117258385757149	21332
HRA001986_chondrocyte	TNXB	PCL_2	0.029452036652300086	-1.5175228973503154	21333
HRA001986_chondrocyte	PPIB	PCL_2	0.616744756787306	-1.5215623636676288	21334
HRA001986_chondrocyte	RGS3	PCL_2	0.06315488241139856	-1.532524045310404	21336
HRA001986_chondrocyte	PCLAF	PCL_2	0.006241255336337619	-1.5378615520270813	21338
HRA001986_chondrocyte	ARL6IP1	PCL_2	0.3439448983482423	-1.5442486594816467	21339
HRA001986_chondrocyte	PPIC	PCL_2	0.11535845120393104	-1.5504822848653605	21340
HRA001986_chondrocyte	CDKN3	PCL_2	0.0022976982392488962	-1.5630135639151672	21343
HRA001986_chondrocyte	DKK3	PCL_2	0.4035544780689099	-1.5690451421787353	21348
HRA001986_chondrocyte	HIST1H4C	PCL_2	0.3044201698272477	-1.5731602039376065	21350
HRA001986_chondrocyte	NUCKS1	PCL_2	0.8900178335902716	-1.5763035206568468	21351
HRA001986_chondrocyte	SMC4	PCL_2	0.07436151057481767	-1.577960803288304	21352
HRA001986_chondrocyte	RAN	PCL_2	0.5314938354172882	-1.5780600499609625	21353
HRA001986_chondrocyte	MXRA8	PCL_2	0.19899454890262508	-1.582978678534735	21354
HRA001986_chondrocyte	TUBA1C	PCL_2	0.25031795172346005	-1.583826605962423	21355
HRA001986_chondrocyte	CTSK	PCL_2	0.02225515048300463	-1.5940355786250306	21357
HRA001986_chondrocyte	DEFB1	PCL_2	0.0002835235957588468	-1.599957695977519	21358
HRA001986_chondrocyte	SERPING1	PCL_2	0.8919233517750852	-1.6013509935220882	21359
HRA001986_chondrocyte	ABI3BP	PCL_2	0.03816777781125099	-1.6191580733976643	21363
HRA001986_chondrocyte	TNFRSF11B	PCL_2	0.0063426656618950856	-1.6212230778370373	21364
HRA001986_chondrocyte	CKS1B	PCL_2	0.10236334407495123	-1.6325225095765015	21366
HRA001986_chondrocyte	FBLN1	PCL_2	0.029005490716487642	-1.6332775136053665	21367
HRA001986_chondrocyte	BIRC5	PCL_2	0.0027595609426498413	-1.6379227415747835	21369
HRA001986_chondrocyte	CRLF1	PCL_2	0.012103387110290072	-1.6717932010256964	21372
HRA001986_chondrocyte	NUCB2	PCL_2	0.18008962075506862	-1.6728834913414563	21373
HRA001986_chondrocyte	ANKH	PCL_2	0.02440745782639299	-1.705949428346712	21375
HRA001986_chondrocyte	APOE	PCL_2	0.014798313408853516	-1.7116603558276984	21376
HRA001986_chondrocyte	C2ORF40	PCL_2	0.31300551308289404	-1.715841676106045	21378
HRA001986_chondrocyte	VCAN	PCL_2	0.029033853716793512	-1.716998951900755	21379
HRA001986_chondrocyte	SERPINH1	PCL_2	0.23590743725025468	-1.736251922152958	21382
HRA001986_chondrocyte	POSTN	PCL_2	0.0246093784059797	-1.739210427010043	21384
HRA001986_chondrocyte	H2AFV	PCL_2	0.209478830593446	-1.7500705818440532	21385
HRA001986_chondrocyte	CD63	PCL_2	1.4827111060361526	-1.7629654160785815	21386
HRA001986_chondrocyte	NPC2	PCL_2	0.2590091417706201	-1.7801657502111488	21387
HRA001986_chondrocyte	TNFAIP6	PCL_2	0.002175799970115934	-1.7947291827984335	21388
HRA001986_chondrocyte	SERPINF1	PCL_2	0.6629466640334277	-1.8072812640617264	21389
HRA001986_chondrocyte	NBL1	PCL_2	0.5503934089626586	-1.814952302924346	21390
HRA001986_chondrocyte	TNC	PCL_2	0.28740361708378964	-1.8171794660955567	21391
HRA001986_chondrocyte	CENPF	PCL_2	0.001114256561748565	-1.8174601373973296	21392
HRA001986_chondrocyte	THY1	PCL_2	0.03698680919432451	-1.8296654327348687	21393
HRA001986_chondrocyte	AEBP1	PCL_2	0.6435062511277104	-1.8400804884491517	21396
HRA001986_chondrocyte	CKS2	PCL_2	0.07481297451470581	-1.8769707277730654	21398
HRA001986_chondrocyte	FXYD5	PCL_2	0.0905599295501671	-1.8968299885585571	21399
HRA001986_chondrocyte	C1R	PCL_2	0.11018931892301362	-1.961297584444914	21407
HRA001986_chondrocyte	UBE2C	PCL_2	0.0015963454922986408	-1.9831441428409466	21408
HRA001986_chondrocyte	TUBB4B	PCL_2	0.22302103004167	-1.9871773966540476	21409
HRA001986_chondrocyte	HMGB2	PCL_2	0.18811225013009136	-2.046770310772988	21411
HRA001986_chondrocyte	PCOLCE	PCL_2	0.3336259427051692	-2.0745325876168295	21414
HRA001986_chondrocyte	BGN	PCL_2	1.1408182716677113	-2.0993129747194423	21415
HRA001986_chondrocyte	CFH	PCL_2	0.028298650055177628	-2.123505673621502	21416
HRA001986_chondrocyte	GSN	PCL_2	1.1578317020857132	-2.1279788007633273	21417
HRA001986_chondrocyte	PTTG1	PCL_2	0.007053533894202065	-2.145840678166394	21418
HRA001986_chondrocyte	CCDC80	PCL_2	0.30345850254571627	-2.163943157971455	21421
HRA001986_chondrocyte	ANGPTL2	PCL_2	0.044999877670927654	-2.1678575128839075	21422
HRA001986_chondrocyte	TUBB	PCL_2	0.7314044941985418	-2.2414240287383986	21425
HRA001986_chondrocyte	COL5A2	PCL_2	0.04898939148655959	-2.2476301338367253	21426
HRA001986_chondrocyte	CST3	PCL_2	0.9693249792511034	-2.250515071350163	21427
HRA001986_chondrocyte	CD99	PCL_2	0.7472338051136052	-2.2606441811908597	21428
HRA001986_chondrocyte	NNMT	PCL_2	0.16303491506666415	-2.281978589354538	21430
HRA001986_chondrocyte	DPT	PCL_2	0.00032419989269877233	-2.3171984571197615	21431
HRA001986_chondrocyte	C1S	PCL_2	0.07337867450856027	-2.3238574995041215	21432
HRA001986_chondrocyte	CD55	PCL_2	0.04319381607430321	-2.3535886354773887	21433
HRA001986_chondrocyte	PCOLCE2	PCL_2	0.0043379392711416125	-2.3802612047757292	21434
HRA001986_chondrocyte	STMN1	PCL_2	0.07018212359102946	-2.5260674118846627	21440
HRA001986_chondrocyte	MMP2	PCL_2	0.004154657294589375	-2.538432131143712	21441
HRA001986_chondrocyte	RGCC	PCL_2	0.017481044319177432	-2.5889949596446944	21443
HRA001986_chondrocyte	MT1X	PCL_2	0.924876848590516	-2.6213003685709855	21444
HRA001986_chondrocyte	SCRG1	PCL_2	0.003144848618715528	-2.6271282097458286	21445
HRA001986_chondrocyte	COL6A2	PCL_2	0.9972109743172216	-2.6328938166854434	21446
HRA001986_chondrocyte	H2AFZ	PCL_2	0.44573450679816895	-2.644332362575023	21447
HRA001986_chondrocyte	CHI3L1	PCL_2	0.012631674371068439	-2.644662844962773	21448
HRA001986_chondrocyte	CHI3L2	PCL_2	0.008618149374212538	-2.6763464320074624	21450
HRA001986_chondrocyte	ASPN	PCL_2	0.21799452735909383	-2.726711013324355	21452
HRA001986_chondrocyte	TUBA1B	PCL_2	0.7905373072162974	-2.860713719812559	21455
HRA001986_chondrocyte	FMOD	PCL_2	0.05323097597630252	-3.01610123889284	21456
HRA001986_chondrocyte	MGP	PCL_2	1.3262970224022865	-3.0393001041970686	21457
HRA001986_chondrocyte	CFD	PCL_2	0.009775373966447889	-3.0838902659771237	21458
HRA001986_chondrocyte	CILP	PCL_2	0.008013414189456001	-3.1486938260196613	21459
HRA001986_chondrocyte	SPARC	PCL_2	0.8595763229957177	-3.2758404175570908	21460
HRA001986_chondrocyte	CRTAC1	PCL_2	0.003332483094362985	-3.325892517826864	21461
HRA001986_chondrocyte	PRG4	PCL_2	0.0	-3.4662275604602764	21462
HRA001986_chondrocyte	PRELP	PCL_2	0.14162320726447628	-3.672650874211767	21463
HRA001986_chondrocyte	HTRA1	PCL_2	0.21879265750093133	-3.791805002253344	21464
HRA001986_chondrocyte	COMP	PCL_2	0.018164011723701915	-3.8014245771795023	21465
HRA001986_chondrocyte	LUM	PCL_2	0.04431773940958675	-4.321770377352614	21467
HRA001986_chondrocyte	COL1A2	PCL_2	0.1911981123839578	-4.56850399488178	21468
HRA001986_chondrocyte	COL3A1	PCL_2	0.16532480471309205	-4.573710265732887	21469
HRA001986_chondrocyte	DCN	PCL_2	0.06880443522499669	-4.580993755957351	21470
HRA001986_chondrocyte	COL1A1	PCL_2	0.1355214064260797	-4.8864026716608056	21471
HRA001986_chondrocyte	FN1	PCL_2	0.17227462392359497	-5.083395127098006	21472
