sample_id	sample_title	source_name	series_title	platform_id	age	sex	bmi	disease_state	dataset_id	tissue	condition	contrast_group	score_Fibrocartilage_matrix	score_Fibrotic_remodeling	score_MSP_paracrine	score_MSP_angiogenic	score_MSP_inflammatory	score_MSP_paracrine_consensus	score_MSP_interface_matrix_fibrotic	primary_oa_normal	gse89408_oa_normal_sensitivity	gse98918_oa_apm_exploratory	gse191157_aged_young_exploratory
Normal_Cart_10_8	Normal_Cart_10_8		GSE114007 normalized cartilage counts	supplement_normalized_counts				normal	GSE114007	cartilage	normal	normal	-0.4499238594165314	-0.828278974424685	0.54735905478224	0.3912219656445247	0.6251173447293322	0.5138125335024304	-1.2782028338412164	True	False	False	False
Normal_Cart_2_2	Normal_Cart_2_2		GSE114007 normalized cartilage counts	supplement_normalized_counts				normal	GSE114007	cartilage	normal	normal	0.3004587278306581	-0.55630252768205	0.6073432046388817	0.5571131829552523	0.0765227828657033	0.6546480047096785	-0.25584379985139194	True	False	False	False
Normal_Cart_3_3	Normal_Cart_3_3		GSE114007 normalized cartilage counts	supplement_normalized_counts				normal	GSE114007	cartilage	normal	normal	-0.4302855393199955	-1.470494598646232	0.1218924641192017	0.332451515127218	-0.5063408613886813	0.3066689952322334	-1.9007801379662277	True	False	False	False
Normal_Cart_4_4	Normal_Cart_4_4		GSE114007 normalized cartilage counts	supplement_normalized_counts				normal	GSE114007	cartilage	normal	normal	0.7548546944174863	-0.2042306609917818	0.7517266711512149	0.5983145906324858	-0.0151878273479353	0.6559426939960417	0.5506240334257045	True	False	False	False
Normal_Cart_5_5	Normal_Cart_5_5		GSE114007 normalized cartilage counts	supplement_normalized_counts				normal	GSE114007	cartilage	normal	normal	0.2103300993743541	-0.3836152954945523	0.8556111959320084	0.8481163454128404	0.6735405483085865	0.8052707531499569	-0.17328519612019821	True	False	False	False
Normal_Cart_6_6	Normal_Cart_6_6		GSE114007 normalized cartilage counts	supplement_normalized_counts				normal	GSE114007	cartilage	normal	normal	-0.4678055242848103	-0.5110350369794101	0.2115777413201463	0.2468746521989871	-0.275662570438467	0.2913019804841156	-0.9788405612642204	True	False	False	False
Normal_Cart_7_3	Normal_Cart_7_3		GSE114007 normalized cartilage counts	supplement_normalized_counts				normal	GSE114007	cartilage	normal	normal	-0.0553354888139077	-0.0627010601366238	0.6073041829705877	0.2691580922249673	0.3870459801823537	0.5138922109337841	-0.1180365489505315	True	False	False	False
Normal_Cart_9_7	Normal_Cart_9_7		GSE114007 normalized cartilage counts	supplement_normalized_counts				normal	GSE114007	cartilage	normal	normal	0.2377353153572449	-0.2190462822958784	0.4611987098717519	0.5534881338103556	0.0427186999317355	0.5723772806319155	0.018689033061366517	True	False	False	False
normal_01	normal_01		GSE114007 normalized cartilage counts	supplement_normalized_counts				normal	GSE114007	cartilage	normal	normal	0.179928420827319	-0.0716167520154642	0.5406630369326944	0.578710910051479	0.9915619349838118	0.4786582811355495	0.10831166881185479	True	False	False	False
normal_02	normal_02		GSE114007 normalized cartilage counts	supplement_normalized_counts				normal	GSE114007	cartilage	normal	normal	-2.091561889757366	-0.8420730204927931	0.4382393417856286	0.4819203671140846	0.9761193727994169	0.3643151499255057	-2.9336349102501593	True	False	False	False
normal_03	normal_03		GSE114007 normalized cartilage counts	supplement_normalized_counts				normal	GSE114007	cartilage	normal	normal	-0.0141255174236978	-0.5139500207386768	0.6149480454391111	0.7704619493179927	1.1713356298719528	0.5931200245801129	-0.5280755381623746	True	False	False	False
normal_04	normal_04		GSE114007 normalized cartilage counts	supplement_normalized_counts				normal	GSE114007	cartilage	normal	normal	-1.0668672645908672	-1.1606811770270682	0.2596622069498234	0.3899337436265691	0.3229996064093846	0.2894254869929847	-2.2275484416179356	True	False	False	False
normal_05	normal_05		GSE114007 normalized cartilage counts	supplement_normalized_counts				normal	GSE114007	cartilage	normal	normal	0.2911637363531387	-0.2428735380240098	1.230906775160849	1.21906030302903	1.213641700434544	1.073250434401397	0.0482901983291289	True	False	False	False
normal_06	normal_06		GSE114007 normalized cartilage counts	supplement_normalized_counts				normal	GSE114007	cartilage	normal	normal	-1.9863039277914176	-1.6452404935634584	0.0867422436372287	0.1011373487294413	0.1831343717838433	0.0050257368041761	-3.631544421354876	True	False	False	False
normal_07	normal_07		GSE114007 normalized cartilage counts	supplement_normalized_counts				normal	GSE114007	cartilage	normal	normal	-0.6892745042313063	-1.029742297280824	0.7560155292824166	0.9370205674193804	1.1096656878610545	0.7709366095511356	-1.7190168015121303	True	False	False	False
normal_08	normal_08		GSE114007 normalized cartilage counts	supplement_normalized_counts				normal	GSE114007	cartilage	normal	normal	0.0265219739877852	-0.2335973773979811	0.4188006308762484	0.6739096193110389	0.3288744801191322	0.4763851801689264	-0.2070754034101959	True	False	False	False
normal_09	normal_09		GSE114007 normalized cartilage counts	supplement_normalized_counts				normal	GSE114007	cartilage	normal	normal	0.0654796484041188	-0.0072112049532507	-0.0142834395017834	0.3325662456830066	-0.128063411925076	0.0781657357553504	0.058268443450868096	True	False	False	False
normal_10	normal_10		GSE114007 normalized cartilage counts	supplement_normalized_counts				normal	GSE114007	cartilage	normal	normal	-1.6355465367401667	-1.1773988137652485	0.3470901601627471	0.4893637176501453	0.6468665772023823	0.3683408367577964	-2.812945350505415	True	False	False	False
OA_Cart_1_7	OA_Cart_1_7		GSE114007 normalized cartilage counts	supplement_normalized_counts				OA	GSE114007	cartilage	OA	OA	0.4113710728700113	0.4502315751927789	0.0939079278708312	0.1076611852426147	-0.5528540626228957	0.0294700956230364	0.8616026480627902	True	False	False	False
OA_Cart_10_9	OA_Cart_10_9		GSE114007 normalized cartilage counts	supplement_normalized_counts				OA	GSE114007	cartilage	OA	OA	-0.0103964151234821	-0.228706011616691	-0.1995093264249682	-0.4044793060951406	-0.4052141716012317	-0.3310614487633678	-0.2391024267401731	True	False	False	False
OA_Cart_2_8	OA_Cart_2_8		GSE114007 normalized cartilage counts	supplement_normalized_counts				OA	GSE114007	cartilage	OA	OA	0.3488248123809194	0.068777897975646	-0.4861440780115394	-0.370556465423547	-0.5903442500420399	-0.5403696377750633	0.4176027103565654	True	False	False	False
OA_Cart_3_9	OA_Cart_3_9		GSE114007 normalized cartilage counts	supplement_normalized_counts				OA	GSE114007	cartilage	OA	OA	-0.0881501385073562	0.4521733988398209	-0.1765308400979618	-0.1382897245498224	-0.448945330051638	-0.2563968443069016	0.3640232603324647	True	False	False	False
OA_Cart_4_10	OA_Cart_4_10		GSE114007 normalized cartilage counts	supplement_normalized_counts				OA	GSE114007	cartilage	OA	OA	1.1550969833037894	0.4809084262341031	-0.143358591340162	-0.1800792633272498	-1.284248341164741	-0.1369549695712036	1.6360054095378924	True	False	False	False
OA_Cart_5_5	OA_Cart_5_5		GSE114007 normalized cartilage counts	supplement_normalized_counts				OA	GSE114007	cartilage	OA	OA	-0.2025519504028314	1.859731527672685	0.588426252208096	0.2541040567924549	0.3951191630148908	0.4196851605658284	1.6571795772698534	True	False	False	False
OA_Cart_6_1	OA_Cart_6_1		GSE114007 normalized cartilage counts	supplement_normalized_counts				OA	GSE114007	cartilage	OA	OA	0.8236388441714884	0.3635864184977043	-0.051113050705096	-0.593969611385385	-0.5176953590902602	-0.3982645806058684	1.1872252626691926	True	False	False	False
OA_Cart_7_2	OA_Cart_7_2		GSE114007 normalized cartilage counts	supplement_normalized_counts				OA	GSE114007	cartilage	OA	OA	0.8497610980016287	0.229801546713199	0.2191898819193712	0.0739436717492428	-0.3393337841824307	0.0347321273538597	1.0795626447148277	True	False	False	False
OA_Cart_8_5	OA_Cart_8_5		GSE114007 normalized cartilage counts	supplement_normalized_counts				OA	GSE114007	cartilage	OA	OA	0.6791566701508469	0.707403635278271	0.2087023636505915	-0.0075061954560266	-0.6335161226769747	0.0391217109944963	1.3865603054291178	True	False	False	False
OA_Cart_9_6	OA_Cart_9_6		GSE114007 normalized cartilage counts	supplement_normalized_counts				OA	GSE114007	cartilage	OA	OA	0.386004981384188	-0.3039638537811827	-0.0448309285477633	-0.0379595797102518	-0.2975801780451027	-0.1944728764136795	0.0820411276030053	True	False	False	False
OA_01	OA_01		GSE114007 normalized cartilage counts	supplement_normalized_counts				OA	GSE114007	cartilage	OA	OA	0.4944532732493186	0.8121239328057441	0.1142756141476422	0.2860764867679811	-0.6868793980242298	0.0525710696443635	1.3065772060550627	True	False	False	False
OA_02	OA_02		GSE114007 normalized cartilage counts	supplement_normalized_counts				OA	GSE114007	cartilage	OA	OA	0.2572228587057351	1.0766980975631584	-0.1268928560622454	-0.1197489682350192	-0.4203918910601554	-0.2485241599727995	1.3339209562688934	True	False	False	False
OA_03	OA_03		GSE114007 normalized cartilage counts	supplement_normalized_counts				OA	GSE114007	cartilage	OA	OA	0.6034084436600279	0.455322169213501	-0.4007708108900216	-0.1757084449742269	-0.746085291426178	-0.4104752775857009	1.058730612873529	True	False	False	False
OA_04	OA_04		GSE114007 normalized cartilage counts	supplement_normalized_counts				OA	GSE114007	cartilage	OA	OA	0.6866535096329788	0.7414251009436831	-0.1459393869966216	0.1289309182011915	-0.6461206337693869	-0.1467144916947539	1.4280786105766619	True	False	False	False
OA_05	OA_05		GSE114007 normalized cartilage counts	supplement_normalized_counts				OA	GSE114007	cartilage	OA	OA	0.4740375368756481	1.442879377294085	0.1126722115479605	0.1934495992624845	0.0033442624611065	0.0852255236853538	1.9169169141697333	True	False	False	False
OA_06	OA_06		GSE114007 normalized cartilage counts	supplement_normalized_counts				OA	GSE114007	cartilage	OA	OA	0.3672486470339709	0.2107415558989737	-0.1381908987283867	-0.0597674761425008	-0.2613245726448004	-0.2503212001433126	0.5779902029329447	True	False	False	False
OA_07	OA_07		GSE114007 normalized cartilage counts	supplement_normalized_counts				OA	GSE114007	cartilage	OA	OA	-1.215742226007724	0.2112423717313222	-0.4711999988161913	-0.5543125737044363	0.1477680965136056	-0.6050357413667896	-1.0044998542764016	True	False	False	False
OA_08	OA_08		GSE114007 normalized cartilage counts	supplement_normalized_counts				OA	GSE114007	cartilage	OA	OA	0.5330478095148601	0.1866468990845639	-0.0862214677864076	-0.1569707931711364	-0.4268071667236145	-0.2460623950689739	0.719694708599424	True	False	False	False
OA_09	OA_09		GSE114007 normalized cartilage counts	supplement_normalized_counts				OA	GSE114007	cartilage	OA	OA	0.3496379430899595	1.1084621186401544	-0.1456299519854021	-0.1280567783190683	0.0457692888979315	-0.2526292205110327	1.4581000617301139	True	False	False	False
OA_10	OA_10		GSE114007 normalized cartilage counts	supplement_normalized_counts				OA	GSE114007	cartilage	OA	OA	-0.082166318166007	0.834602947728464	0.0363601795372857	0.1124160125390352	-0.1585503041449264	-0.026489344229152	0.7524366295624569	True	False	False	False
Normal_1B_count	Normal_1B_count		GSE143514 mRNA raw count matrix	supplement_mrna_counts				normal	GSE143514	cartilage	normal	normal	-0.0388818707208346	0.7453165906977606	0.8572675274340961	0.6834418834915877	0.2763636354056554	0.689078689571363	0.706434719976926	True	False	False	False
Normal_3B_count	Normal_3B_count		GSE143514 mRNA raw count matrix	supplement_mrna_counts				normal	GSE143514	cartilage	normal	normal	-0.1248436072497345	1.4448565384450032	1.307310780655274	1.4307914940204194	0.2143786330609398	1.3475260754873246	1.3200129311952686	True	False	False	False
Normal_4A_count	Normal_4A_count		GSE143514 mRNA raw count matrix	supplement_mrna_counts				normal	GSE143514	cartilage	normal	normal	-0.6719741763247661	-1.4813391992193268	-0.4334545542180724	-0.7595407253003964	1.1823091662475005	-0.495907687364415	-2.153313375544093	True	False	False	False
Osteoarthritis_1B_count	Osteoarthritis_1B_count		GSE143514 mRNA raw count matrix	supplement_mrna_counts				OA	GSE143514	cartilage	OA	OA	-0.0421930630920389	-0.4280012268345395	-0.2704890678710205	-0.2600887546085103	-0.1779671731154372	-0.2781311550791455	-0.4701942899265784	True	False	False	False
Osteoarthritis_2B_count	Osteoarthritis_2B_count		GSE143514 mRNA raw count matrix	supplement_mrna_counts				OA	GSE143514	cartilage	OA	OA	-0.157429576469257	-0.1224576771271645	-0.6602756881064932	-0.5573051060156927	-0.2558596814957969	-0.6449503999377583	-0.2798872535964215	True	False	False	False
Osteoarthritis_3B_count	Osteoarthritis_3B_count		GSE143514 mRNA raw count matrix	supplement_mrna_counts				OA	GSE143514	cartilage	OA	OA	0.7025185278274855	-0.085119954273677	-0.2262088262704434	-0.0791484508694995	-0.7458957515252912	-0.1553029566546974	0.6173985735538084	True	False	False	False
Osteoarthritis_5B_count	Osteoarthritis_5B_count		GSE143514 mRNA raw count matrix	supplement_mrna_counts				OA	GSE143514	cartilage	OA	OA	-0.286885160664839	-0.1462148885408209	-0.2164903780793949	-0.3116398466576932	-0.305561617024808	-0.2254860948747368	-0.4331000492056599	True	False	False	False
Osteoarthritis_8A_count	Osteoarthritis_8A_count		GSE143514 mRNA raw count matrix	supplement_mrna_counts				OA	GSE143514	cartilage	OA	OA	0.6196889266939862	0.0729598168527627	-0.3576597935439505	-0.1465104940602125	-0.1877672115527663	-0.2368264711479359	0.692648743546749	True	False	False	False
GSM5176138	N2	KNEE CARTILAGE	Dysregulated gene expression in human osteoarthritis cartilage	GPL96				NORMAL CARTILAGE	GSE169077	cartilage	normal	normal	-1.7261872227178767	-1.6510936458619512	-0.3815356647653702	-0.2731662182038931	-0.4868708110509366	-0.2853211308422709	-3.377280868579828	True	False	False	False
GSM5176139	N4	KNEE CARTILAGE	Dysregulated gene expression in human osteoarthritis cartilage	GPL96				NORMAL CARTILAGE	GSE169077	cartilage	normal	normal	0.1922730588306675	0.4808780691499936	1.2014419146437028	1.2173652534839778	1.829958283630772	1.2988987499258071	0.6731511279806611	True	False	False	False
GSM5176140	N6	KNEE CARTILAGE	Dysregulated gene expression in human osteoarthritis cartilage	GPL96				NORMAL CARTILAGE	GSE169077	cartilage	normal	normal	-0.0828931614741917	-0.9246321388479468	-0.0493322885994071	0.095294904632287	-0.06512757757602	0.0451067082675095	-1.0075253003221385	True	False	False	False
GSM5176141	N7	KNEE CARTILAGE	Dysregulated gene expression in human osteoarthritis cartilage	GPL96				NORMAL CARTILAGE	GSE169077	cartilage	normal	normal	-0.331503608720622	-0.5569958311870974	-0.8625655341279305	-0.5556712870185478	-0.9164215635633888	-0.639566987502389	-0.8884994399077194	True	False	False	False
GSM5176142	N8	KNEE CARTILAGE	Dysregulated gene expression in human osteoarthritis cartilage	GPL96				NORMAL CARTILAGE	GSE169077	cartilage	normal	normal	-0.0735882523741527	-0.8368600894731172	-0.0146006609880782	-0.0341971286275409	-0.1607909509521541	0.0088740289617157	-0.9104483418472699	True	False	False	False
GSM5176143	OA2	KNEE CARTILAGE	Dysregulated gene expression in human osteoarthritis cartilage	GPL96				LATE STAGE OA CARTILAGE	GSE169077	cartilage	OA	OA	0.1277195646861478	0.721733054168468	0.3959158343599536	0.3767239701223954	0.5344671643996669	0.3200041599932236	0.8494526188546159	True	False	False	False
GSM5176144	OA3	KNEE CARTILAGE	Dysregulated gene expression in human osteoarthritis cartilage	GPL96				LATE STAGE OA CARTILAGE	GSE169077	cartilage	OA	OA	0.5266717242877438	0.5947246960557	-0.0388369956612961	-0.2898326486401665	0.0299843955980027	-0.1946021848562126	1.121396420343444	True	False	False	False
GSM5176145	OA8	KNEE CARTILAGE	Dysregulated gene expression in human osteoarthritis cartilage	GPL96				LATE STAGE OA CARTILAGE	GSE169077	cartilage	OA	OA	0.0994506991987701	1.5005867689082288	0.7298407010860583	0.789283850936824	0.6813913941677087	0.7869991813041841	1.6000374681069989	True	False	False	False
GSM5176146	OA9	KNEE CARTILAGE	Dysregulated gene expression in human osteoarthritis cartilage	GPL96				LATE STAGE OA CARTILAGE	GSE169077	cartilage	OA	OA	0.4389526024205455	0.332822336263088	-0.0390640770088497	-0.0551987273259108	-0.2832914091393601	-0.0904717747552982	0.7717749386836334	True	False	False	False
GSM5176147	OA10	KNEE CARTILAGE	Dysregulated gene expression in human osteoarthritis cartilage	GPL96				LATE STAGE OA CARTILAGE	GSE169077	cartilage	OA	OA	0.7478953059972363	0.6147814121537032	0.1159525592757104	-0.0661742809458591	-0.0687467548782476	-0.0290292807755169	1.3626767181509396	True	False	False	False
GSM5176148	OA11	KNEE CARTILAGE	Dysregulated gene expression in human osteoarthritis cartilage	GPL96				LATE STAGE OA CARTILAGE	GSE169077	cartilage	OA	OA	0.0812092898657327	-0.2759446313290681	-1.057215788214498	-1.2044276884135707	-1.0945521706360404	-1.2208914697207534	-0.1947353414633354	True	False	False	False
NA1	NA1		GSE185064 meniscus FPKM matrix	supplement_fpkm				normal	GSE185064	meniscus	normal	normal	-0.3087043695493959	0.0792577309433802	-0.3691156007369923	-0.581242306274037	-0.3816368320687666	-0.5002685081982686	-0.2294466386060157	True	False	False	False
NA2	NA2		GSE185064 meniscus FPKM matrix	supplement_fpkm				normal	GSE185064	meniscus	normal	normal	-0.4807496089482808	0.4137779567461631	0.1102556986208594	0.2577233253220457	0.537041401205469	0.2924022736916892	-0.0669716522021177	True	False	False	False
NA3	NA3		GSE185064 meniscus FPKM matrix	supplement_fpkm				normal	GSE185064	meniscus	normal	normal	0.4523171206109111	-0.4569450676148757	0.1628454605078036	0.2137233526429645	-0.2814478317372966	0.2202560374244958	-0.004627947003964572	True	False	False	False
NA4	NA4		GSE185064 meniscus FPKM matrix	supplement_fpkm				normal	GSE185064	meniscus	normal	normal	0.1184733378136133	0.0766839875911848	-0.2662904533574037	-0.4508364155456982	0.1075215521343542	-0.3250484075722674	0.1951573254047981	True	False	False	False
OA1	OA1		GSE185064 meniscus FPKM matrix	supplement_fpkm				OA	GSE185064	meniscus	OA	OA	-0.3273160207458453	0.4618217104350527	0.0117463653866553	0.2517339142444564	-0.2839443667920157	0.1837276585918544	0.1345056896892074	True	False	False	False
OA2	OA2		GSE185064 meniscus FPKM matrix	supplement_fpkm				OA	GSE185064	meniscus	OA	OA	0.3674354228400392	-0.4538319995577072	0.5030987946936841	0.6591644476445566	0.3178371260302029	0.4504503763306904	-0.08639657671766798	True	False	False	False
OA3	OA3		GSE185064 meniscus FPKM matrix	supplement_fpkm				OA	GSE185064	meniscus	OA	OA	-0.6934167441957287	-0.5578217777494482	-0.0685377371699678	-0.0360011837750371	0.2141332481073132	-0.1188230771425062	-1.251238521945177	True	False	False	False
OA4	OA4		GSE185064 meniscus FPKM matrix	supplement_fpkm				OA	GSE185064	meniscus	OA	OA	0.8719608621746872	0.43705745920625	-0.084002527944639	-0.3142651342592511	-0.22950429687926	-0.2026963531256877	1.3090183213809372	True	False	False	False
GSM5740181	Aging-1	Meniscus_aged	Integrated Analysis of lncRNA and mRNA Expression Profiles Indicates Age-related Changes in Meniscus	GPL26963	aged				GSE191157	meniscus	aged	aged	-0.0798963761846567	-0.6409401138362161	0.1214019848441211	0.3867438264347475	-0.3610189258309423	0.2062642572713226	-0.7208364900208728	False	False	False	True
GSM5740182	Aging-3	Meniscus_aged	Integrated Analysis of lncRNA and mRNA Expression Profiles Indicates Age-related Changes in Meniscus	GPL26963	aged				GSE191157	meniscus	aged	aged	0.5601647145882465	-0.0762517558951065	0.1194362072853854	0.0336448452733715	-0.2406950628999666	0.0753711287712326	0.48391295869314	False	False	False	True
GSM5740183	Aging-4	Meniscus_aged	Integrated Analysis of lncRNA and mRNA Expression Profiles Indicates Age-related Changes in Meniscus	GPL26963	aged				GSE191157	meniscus	aged	aged	-0.0690559179231865	-0.5377603305861715	0.5963128417693074	0.5715695387954103	0.3024728187011151	0.3501436822534557	-0.606816248509358	False	False	False	True
GSM5740184	Aging-5	Meniscus_aged	Integrated Analysis of lncRNA and mRNA Expression Profiles Indicates Age-related Changes in Meniscus	GPL26963	aged				GSE191157	meniscus	aged	aged	0.7919197698698169	-0.6514069615830482	0.0448976503284389	0.0796200164793038	-0.4503605792251307	0.020264740169997	0.1405128082867687	False	False	False	True
GSM5740185	Young-1	Meniscus_young	Integrated Analysis of lncRNA and mRNA Expression Profiles Indicates Age-related Changes in Meniscus	GPL26963	young				GSE191157	meniscus	young	young	-0.2545689846825097	-0.0453966836653591	-0.8050839587215955	-1.002068287182751	0.5249076742555306	-0.8066028553717309	-0.2999656683478688	False	False	False	True
GSM5740186	Young-3	Meniscus_young	Integrated Analysis of lncRNA and mRNA Expression Profiles Indicates Age-related Changes in Meniscus	GPL26963	young				GSE191157	meniscus	young	young	0.0783068132622389	1.0344265770668757	0.0570283843341123	0.1524086445779211	-0.1891411321973553	0.184743671186858	1.1127333903291146	False	False	False	True
GSM5740187	Young-4	Meniscus_young	Integrated Analysis of lncRNA and mRNA Expression Profiles Indicates Age-related Changes in Meniscus	GPL26963	young				GSE191157	meniscus	young	young	-0.1898938684485022	0.7999371422724877	-0.0549014308467538	-0.0129786976454069	0.0011450792820762	0.080356093906395	0.6100432738239855	False	False	False	True
GSM5740188	Young-5	Meniscus_young	Integrated Analysis of lncRNA and mRNA Expression Profiles Indicates Age-related Changes in Meniscus	GPL26963	young				GSE191157	meniscus	young	young	-0.8369761504814525	0.1173921262265424	-0.0790916789930173	-0.2089398867325942	0.4126901279146698	-0.1105407181875302	-0.7195840242549101	False	False	False	True
GSM1332201	Synovial tisssue from healthy joint 1  (ND_1)	synovial tissue from healthy joint	Identification of rheumatoid arthritis and osteoarthritis patients by transcriptome-based rule set generation	GPL96				healthy control	GSE55235	synovium	normal	normal	-0.2918558092025204	-0.542348548392253	-0.018836170454826	0.2286131310977946	-0.0287394901507367	-0.0078036014980604	-0.8342043575947734	True	False	False	False
GSM1332202	Synovial tisssue from healthy joint 2  (ND_2)	synovial tissue from healthy joint	Identification of rheumatoid arthritis and osteoarthritis patients by transcriptome-based rule set generation	GPL96				healthy control	GSE55235	synovium	normal	normal	-0.5491381242381898	-0.8729545452528247	0.3965003057756038	0.4325392246128118	0.8218838458523171	0.3847031041125809	-1.4220926694910143	True	False	False	False
GSM1332203	Synovial tisssue from healthy joint 3  (ND_3)	synovial tissue from healthy joint	Identification of rheumatoid arthritis and osteoarthritis patients by transcriptome-based rule set generation	GPL96				healthy control	GSE55235	synovium	normal	normal	-0.2119486888452814	-0.8778894886653115	0.1960839680841625	-0.1760329675106222	0.7584389662794492	-0.0057497494623257	-1.0898381775105928	True	False	False	False
GSM1332204	Synovial tisssue from healthy joint 4  (ND_4)	synovial tissue from healthy joint	Identification of rheumatoid arthritis and osteoarthritis patients by transcriptome-based rule set generation	GPL96				healthy control	GSE55235	synovium	normal	normal	-0.65729388164325	-0.704557164339212	0.6260510813400553	0.6120462371363793	0.9759644429616856	0.5535038159829934	-1.361851045982462	True	False	False	False
GSM1332205	Synovial tisssue from healthy joint 5  (ND_5)	synovial tissue from healthy joint	Identification of rheumatoid arthritis and osteoarthritis patients by transcriptome-based rule set generation	GPL96				healthy control	GSE55235	synovium	normal	normal	-0.3167562004330316	-0.9125107690571344	0.6066980703582429	0.872630715192316	1.4574626303830929	0.8043511008641246	-1.229266969490166	True	False	False	False
GSM1332206	Synovial tisssue from healthy joint 6  (ND_6)	synovial tissue from healthy joint	Identification of rheumatoid arthritis and osteoarthritis patients by transcriptome-based rule set generation	GPL96				healthy control	GSE55235	synovium	normal	normal	-0.0278290544868351	-0.8422993236660579	-0.2605223193991748	-0.0776379932076709	0.8342525736648554	-0.1196384175011227	-0.870128378152893	True	False	False	False
GSM1332207	Synovial tisssue from healthy joint 7  (ND_7)	synovial tissue from healthy joint	Identification of rheumatoid arthritis and osteoarthritis patients by transcriptome-based rule set generation	GPL96				healthy control	GSE55235	synovium	normal	normal	-0.6650694077794408	-0.80058202333447	1.5794808469460595	1.6953862657579222	1.2402910157364146	1.6255168548897794	-1.4656514311139108	True	False	False	False
GSM1332208	Synovial tisssue from healthy joint 8  (ND_8)	synovial tissue from healthy joint	Identification of rheumatoid arthritis and osteoarthritis patients by transcriptome-based rule set generation	GPL96				healthy control	GSE55235	synovium	normal	normal	0.0986812923483644	0.4051192601639209	1.9319869758842731	1.892758761966868	1.994967774844851	1.910531870049965	0.5038005525122853	True	False	False	False
GSM1332209	Synovial tisssue from healthy joint 9  (ND_9)	synovial tissue from healthy joint	Identification of rheumatoid arthritis and osteoarthritis patients by transcriptome-based rule set generation	GPL96				healthy control	GSE55235	synovium	normal	normal	-0.5941549338842448	-0.6702100831894452	-0.2800696532556311	0.0062482950904225	0.3705182016679513	-0.0129213640663747	-1.26436501707369	True	False	False	False
GSM1332210	Synovial tisssue from healthy joint 10  (ND_10)	synovial tissue from healthy joint	Identification of rheumatoid arthritis and osteoarthritis patients by transcriptome-based rule set generation	GPL96				healthy control	GSE55235	synovium	normal	normal	0.0627688532073406	-0.4865822481429222	-0.2276735362910006	-0.121001472502086	0.3470871142725433	-0.0655647069155851	-0.4238133949355816	True	False	False	False
GSM1332211	Synovial tissue from osteoarthritic joint 1  (OA_1)	synovial tissue from osteoarthritic joint	Identification of rheumatoid arthritis and osteoarthritis patients by transcriptome-based rule set generation	GPL96				osteoarthritis	GSE55235	synovium	OA	OA	1.4536729293095343	1.1671862544144016	-0.1296990885658163	-0.4072281594757987	-0.2209238156577896	-0.3027518212712607	2.620859183723936	True	False	False	False
GSM1332212	Synovial tissue from osteoarthritic joint 2  (OA_2)	synovial tissue from osteoarthritic joint	Identification of rheumatoid arthritis and osteoarthritis patients by transcriptome-based rule set generation	GPL96				synovial tissue isolated from osteoarthritic joint	GSE55235	synovium	OA	OA	0.1248960549342119	0.304053177307225	-0.2181960966112601	-0.3926071224170272	-0.3615742660190488	-0.3275863161487285	0.4289492322414369	True	False	False	False
GSM1332213	Synovial tissue from osteoarthritic joint 3  (OA_3)	synovial tissue from osteoarthritic joint	Identification of rheumatoid arthritis and osteoarthritis patients by transcriptome-based rule set generation	GPL96				synovial tissue isolated from osteoarthritic joint	GSE55235	synovium	OA	OA	-0.5379167058575121	-0.2148108452083622	-0.3821150561378614	-0.1442891359392477	-0.6196559551112962	-0.2078291646448405	-0.7527275510658742	True	False	False	False
GSM1332214	Synovial tissue from osteoarthritic joint 4  (OA_4)	synovial tissue from osteoarthritic joint	Identification of rheumatoid arthritis and osteoarthritis patients by transcriptome-based rule set generation	GPL96				synovial tissue isolated from osteoarthritic joint	GSE55235	synovium	OA	OA	1.006446729807755	1.1492670029323255	0.1000490425037417	-0.2373881631345133	-0.2936971203846312	-0.1492761772349168	2.1557137327400806	True	False	False	False
GSM1332215	Synovial tissue from osteoarthritic joint 5  (OA_5)	synovial tissue from osteoarthritic joint	Identification of rheumatoid arthritis and osteoarthritis patients by transcriptome-based rule set generation	GPL96				synovial tissue isolated from osteoarthritic joint	GSE55235	synovium	OA	OA	0.3952333978265015	0.133780696711828	-0.0351323936653439	-0.4397617234224588	-0.5669043842874373	-0.227566544235695	0.5290140945383295	True	False	False	False
GSM1332216	Synovial tissue from osteoarthritic joint 6  (OA_6)	synovial tissue from osteoarthritic joint	Identification of rheumatoid arthritis and osteoarthritis patients by transcriptome-based rule set generation	GPL96				synovial tissue isolated from osteoarthritic joint	GSE55235	synovium	OA	OA	0.6627240114487696	0.37182536959623	-0.266637306148629	-0.3807952483147474	-0.54079554959251	-0.3531468430020852	1.0345493810449997	True	False	False	False
GSM1332217	Synovial tissue from osteoarthritic joint 7  (OA_7)	synovial tissue from osteoarthritic joint	Identification of rheumatoid arthritis and osteoarthritis patients by transcriptome-based rule set generation	GPL96				synovial tissue isolated from osteoarthritic joint	GSE55235	synovium	OA	OA	0.6457214597335816	0.3763151974213978	-0.2622658481358561	-0.0816209303115484	-0.4005834814939016	-0.15106260713085	1.0220366571549795	True	False	False	False
GSM1332218	Synovial tissue from osteoarthritic joint 8  (OA_8)	synovial tissue from osteoarthritic joint	Identification of rheumatoid arthritis and osteoarthritis patients by transcriptome-based rule set generation	GPL96				synovial tissue isolated from osteoarthritic joint	GSE55235	synovium	OA	OA	0.3802325475057534	-0.0787731775178167	-0.3290671745660476	-0.2664945276833063	-0.4276985904482056	-0.2617065403863086	0.3014593699879367	True	False	False	False
GSM1332219	Synovial tissue from osteoarthritic joint 9  (OA_9)	synovial tissue from osteoarthritic joint	Identification of rheumatoid arthritis and osteoarthritis patients by transcriptome-based rule set generation	GPL96				synovial tissue isolated from osteoarthritic joint	GSE55235	synovium	OA	OA	0.1323862726489683	-0.1315898796144881	-0.2413122929658293	-0.2613890220484512	-0.6105926706329009	-0.2548277522122499	0.0007963930344802028	True	False	False	False
GSM1332220	Synovial tissue from osteoarthritic joint 10  (OA_10)	synovial tissue from osteoarthritic joint	Identification of rheumatoid arthritis and osteoarthritis patients by transcriptome-based rule set generation	GPL96				synovial tissue isolated from osteoarthritic joint	GSE55235	synovium	OA	OA	0.2528267391686755	0.0187479832660695	-0.5118776190098314	-0.3425655586247197	-0.7054857068994599	-0.2835901817408663	0.271574722434745	True	False	False	False
GSM1332221	Synovial tissue from rheumatoid arthritis joint 1  (RA_1)	synovial tissue from rheumatoid arthritis joint	Identification of rheumatoid arthritis and osteoarthritis patients by transcriptome-based rule set generation	GPL96				rheumatoid arthritis	GSE55235	synovium	RA	RA	-0.326126376416576	0.356853075365622	0.024797848997688	-0.2138666307157019	-0.5314570693748185	-0.153222582923304	0.030726698949046005	False	False	False	False
GSM1332222	Synovial tissue from rheumatoid arthritis joint 2  (RA_2)	synovial tissue from rheumatoid arthritis joint	Identification of rheumatoid arthritis and osteoarthritis patients by transcriptome-based rule set generation	GPL96				rheumatoid arthritis	GSE55235	synovium	RA	RA	-0.8492049092831857	-0.3801499722258875	-0.6693744803610433	-0.6693314193712911	-0.2937606883228264	-0.5950159687135838	-1.2293548815090731	False	False	False	False
GSM1332223	Synovial tissue from rheumatoid arthritis joint 3  (RA_3)	synovial tissue from rheumatoid arthritis joint	Identification of rheumatoid arthritis and osteoarthritis patients by transcriptome-based rule set generation	GPL96				rheumatoid arthritis	GSE55235	synovium	RA	RA	0.308435898102821	1.1270716166058146	-0.182486787170706	0.0679372151124379	0.0109277632636541	-0.0633206258104524	1.4355075147086356	False	False	False	False
GSM1332224	Synovial tissue from rheumatoid arthritis joint 4  (RA_4)	synovial tissue from rheumatoid arthritis joint	Identification of rheumatoid arthritis and osteoarthritis patients by transcriptome-based rule set generation	GPL96				rheumatoid arthritis	GSE55235	synovium	RA	RA	-0.1069818969150602	0.5216573413313722	0.0680011316746333	-0.0592432433179308	-0.2939700279510864	-0.0777950260233134	0.414675444416312	False	False	False	False
GSM1332225	Synovial tissue from rheumatoid arthritis joint 5  (RA_5)	synovial tissue from rheumatoid arthritis joint	Identification of rheumatoid arthritis and osteoarthritis patients by transcriptome-based rule set generation	GPL96				rheumatoid arthritis	GSE55235	synovium	RA	RA	-0.1066326401044606	0.2328671504472163	-0.0681506747141308	0.1065277716166964	-0.5855182052904738	0.0311156766307765	0.12623451034275568	False	False	False	False
GSM1332226	Synovial tissue from rheumatoid arthritis joint 6  (RA_6)	synovial tissue from rheumatoid arthritis joint	Identification of rheumatoid arthritis and osteoarthritis patients by transcriptome-based rule set generation	GPL96				rheumatoid arthritis	GSE55235	synovium	RA	RA	-0.2827916675343461	-0.2335000274022948	-0.8313132829058555	-0.8015109596277167	-0.8153143026265823	-0.7497529796402986	-0.516291694936641	False	False	False	False
GSM1332227	Synovial tissue from rheumatoid arthritis joint 7  (RA_7)	synovial tissue from rheumatoid arthritis joint	Identification of rheumatoid arthritis and osteoarthritis patients by transcriptome-based rule set generation	GPL96				rheumatoid arthritis	GSE55235	synovium	RA	RA	0.3158680948257719	1.1356956882763385	-0.4019764008917418	-0.3288910172997474	-0.3668761883432512	-0.3777937670265738	1.4515637831021104	False	False	False	False
GSM1332228	Synovial tissue from rheumatoid arthritis joint 8  (RA_8)	synovial tissue from rheumatoid arthritis joint	Identification of rheumatoid arthritis and osteoarthritis patients by transcriptome-based rule set generation	GPL96				rheumatoid arthritis	GSE55235	synovium	RA	RA	-0.1422476629910522	0.0495721295391034	0.0551554778388659	0.0202975762857283	-0.423712147905025	-0.0149798826928315	-0.09267553345194882	False	False	False	False
GSM1332229	Synovial tissue from rheumatoid arthritis joint 9  (RA_9)	synovial tissue from rheumatoid arthritis joint	Identification of rheumatoid arthritis and osteoarthritis patients by transcriptome-based rule set generation	GPL96				rheumatoid arthritis	GSE55235	synovium	RA	RA	0.3125018549442204	0.430392996248767	-0.2388038395591929	-0.3897650837238522	-0.2704409106987536	-0.3681459747035873	0.7428948511929874	False	False	False	False
GSM1332230	Synovial tissue from rheumatoid arthritis joint 10  (RA_10)	synovial tissue from rheumatoid arthritis joint	Identification of rheumatoid arthritis and osteoarthritis patients by transcriptome-based rule set generation	GPL96				rheumatoid arthritis	GSE55235	synovium	RA	RA	-0.4864481761972758	-0.0316468436191217	-0.0292947285935155	-0.1435648152209107	-0.4540937577360882	-0.1786738275449809	-0.5180950198163975	False	False	False	False
GSM1337304	Normal, synovial membrane patient EB_125 (U133A)	synovial membrane patient EB_125 (normal controls)	Identification of rheumatoid arthritis and osteoarthritis patients by transcriptome-based rule set generation [Jena]	GPL96	61	male		normal control	GSE55457	synovium	normal	normal	0.0948181320246504	1.0276131332114256	0.6103189113038864	0.1283143123969908	0.8279514049554849	0.368739092522297	1.122431265236076	True	False	False	False
GSM1337305	Normal, synovial membrane patient EB_184 (U133A)	synovial membrane patient EB_184 (normal controls)	Identification of rheumatoid arthritis and osteoarthritis patients by transcriptome-based rule set generation [Jena]	GPL96	64	male		normal control	GSE55457	synovium	normal	normal	-0.108209118072945	0.1342130957607047	-0.1073007880674876	0.006625883198135	-0.2557073365549637	-0.0128810727890023	0.026003977687759694	True	False	False	False
GSM1337306	Normal, synovial membrane patient EB_188 (U133A)	synovial membrane patient EB_188 (normal controls)	Identification of rheumatoid arthritis and osteoarthritis patients by transcriptome-based rule set generation [Jena]	GPL96	78	female		normal control	GSE55457	synovium	normal	normal	-0.4548399514920707	-1.1134325719221598	-0.2007436578124303	0.0961863921141339	-0.3513286776352931	0.0579221411357635	-1.5682725234142305	True	False	False	False
GSM1337307	Normal, synovial membrane patient EB_228 (U133A)	synovial membrane patient EB_228 (normal controls)	Identification of rheumatoid arthritis and osteoarthritis patients by transcriptome-based rule set generation [Jena]	GPL96	65	male		normal control	GSE55457	synovium	normal	normal	-0.6821191585095522	-1.1193417131651462	2.270004597362552	1.4800987845502096	1.2106643002233914	1.7140897691810282	-1.8014608716746983	True	False	False	False
GSM1337308	Normal, synovial membrane patient J_19 (U133A)	synovial membrane patient J_19 (normal controls)	Identification of rheumatoid arthritis and osteoarthritis patients by transcriptome-based rule set generation [Jena]	GPL96	53	male		normal control	GSE55457	synovium	normal	normal	-0.4019437632912549	-0.3803744285177919	1.3974965348689832	1.3507432170036722	1.221053775064626	1.2775111768342575	-0.7823181918090468	True	False	False	False
GSM1337309	Normal, synovial membrane patient NST_1 (U133A)	synovial membrane patient NST_1 (normal controls)	Identification of rheumatoid arthritis and osteoarthritis patients by transcriptome-based rule set generation [Jena]	GPL96	68	male		normal control	GSE55457	synovium	normal	normal	-0.4617129374074958	-0.7617862071318724	0.1749072245935364	0.4074192395270467	0.1970804465388113	0.3437118338136745	-1.2234991445393681	True	False	False	False
GSM1337310	Normal, synovial membrane patient J_2 (U133A)	synovial membrane patient J_2 (normal controls)	Identification of rheumatoid arthritis and osteoarthritis patients by transcriptome-based rule set generation [Jena]	GPL96	29	female		normal control	GSE55457	synovium	normal	normal	0.7493674571444714	1.4022650682051407	-0.5085151235968443	-0.5812569640924053	-0.3405627406026578	-0.5440570084759475	2.151632525349612	True	False	False	False
GSM1337311	Normal, synovial membrane patient J_6 (U133A)	synovial membrane patient J_6 (normal controls)	Identification of rheumatoid arthritis and osteoarthritis patients by transcriptome-based rule set generation [Jena]	GPL96	17	male		normal control	GSE55457	synovium	normal	normal	0.0849351877703206	0.482362963956126	0.0345524207197939	-0.4234700111851587	1.0992380987672137	-0.2351966835642031	0.5672981517264466	True	False	False	False
GSM1337312	Normal, synovial membrane patient J_7 (U133A)	synovial membrane patient J_7 (normal controls)	Identification of rheumatoid arthritis and osteoarthritis patients by transcriptome-based rule set generation [Jena]	GPL96	39	male		normal control	GSE55457	synovium	normal	normal	0.1566096152013162	0.2034435317845914	-0.0006560458171048	-0.3855075542697418	1.1433325308691344	-0.2156836467718628	0.3600531469859076	True	False	False	False
GSM1337313	Normal, synovial membrane patient J_12 (U133A)	synovial membrane patient J_12 (normal controls)	Identification of rheumatoid arthritis and osteoarthritis patients by transcriptome-based rule set generation [Jena]	GPL96	36	male		normal control	GSE55457	synovium	normal	normal	-0.2277526131700876	-0.0272786632638826	0.8596073382920386	0.5317018087062803	1.787283432094281	0.7453770428288121	-0.2550312764339702	True	False	False	False
GSM1337314	Rheumatoid arthritis, synovial membrane patient EB_20 (U133A)	synovial membrane patient EB_20 (rheumatoid arthritis)	Identification of rheumatoid arthritis and osteoarthritis patients by transcriptome-based rule set generation [Jena]	GPL96	75	male		rheumatoid arthritis	GSE55457	synovium	RA	RA	-0.1919641420776655	-0.1955333045860057	-0.0784066334610416	-0.0969563405554274	-0.0822406798601113	-0.0597237049654756	-0.3874974466636712	False	False	False	False
GSM1337315	Rheumatoid arthritis, synovial membrane patient EB_27 (U133A)	synovial membrane patient EB_27 (rheumatoid arthritis)	Identification of rheumatoid arthritis and osteoarthritis patients by transcriptome-based rule set generation [Jena]	GPL96	79	female		rheumatoid arthritis	GSE55457	synovium	RA	RA	0.3384722341206583	-0.0751280696772622	-0.5361169769738491	-0.4266380132922956	-0.1644668555532344	-0.4101707651406381	0.2633441644433961	False	False	False	False
GSM1337316	Rheumatoid arthritis, synovial membrane patient EB_30 (U133A)	synovial membrane patient EB_30 (rheumatoid arthritis)	Identification of rheumatoid arthritis and osteoarthritis patients by transcriptome-based rule set generation [Jena]	GPL96	63	female		rheumatoid arthritis	GSE55457	synovium	RA	RA	-0.3083750283175833	0.2496728778168672	-0.2848054767719361	-0.0166402386718332	-0.3495162474631788	-0.1681953487639255	-0.05870215050071609	False	False	False	False
GSM1337317	Rheumatoid arthritis, synovial membrane patient EB_35 (U133A)	synovial membrane patient EB_35 (rheumatoid arthritis)	Identification of rheumatoid arthritis and osteoarthritis patients by transcriptome-based rule set generation [Jena]	GPL96	66	female		rheumatoid arthritis	GSE55457	synovium	RA	RA	-0.4853084901551841	-0.3016501726847642	-0.1354051996701455	-0.0300611424367665	-0.3123432986604431	-0.1208305827572695	-0.7869586628399483	False	False	False	False
GSM1337318	Rheumatoid arthritis, synovial membrane patient EB_40 (U133A)	synovial membrane patient EB_40 (rheumatoid arthritis)	Identification of rheumatoid arthritis and osteoarthritis patients by transcriptome-based rule set generation [Jena]	GPL96	64	female		rheumatoid arthritis	GSE55457	synovium	RA	RA	0.27151385708037	-0.3120837025910846	-0.12608814429218	0.0300717979706344	-0.2223927795749034	0.0282995816015428	-0.040569845510714575	False	False	False	False
GSM1337319	Rheumatoid arthritis, synovial membrane patient EB_41 (U133A)	synovial membrane patient EB_41 (rheumatoid arthritis)	Identification of rheumatoid arthritis and osteoarthritis patients by transcriptome-based rule set generation [Jena]	GPL96	63	female		rheumatoid arthritis	GSE55457	synovium	RA	RA	-0.0114378502461196	0.554874541479388	-0.2944119129551934	-0.1479074495851625	-0.1483448409823967	-0.2162965911682822	0.5434366912332683	False	False	False	False
GSM1337320	Rheumatoid arthritis, synovial membrane patient EB_56 (U133A)	synovial membrane patient EB_56 (rheumatoid arthritis)	Identification of rheumatoid arthritis and osteoarthritis patients by transcriptome-based rule set generation [Jena]	GPL96	46	female		rheumatoid arthritis	GSE55457	synovium	RA	RA	-1.3475895329273735	-0.6210079992430753	-0.2957338484507751	-0.5170145442213773	-0.4535072741202519	-0.5328856779221057	-1.9685975321704487	False	False	False	False
GSM1337321	Rheumatoid arthritis, synovial membrane patient EB_74 (U133A)	synovial membrane patient EB_74 (rheumatoid arthritis)	Identification of rheumatoid arthritis and osteoarthritis patients by transcriptome-based rule set generation [Jena]	GPL96	71	female		rheumatoid arthritis	GSE55457	synovium	RA	RA	-0.0947925035305696	0.1360114928556945	-0.3741532376348424	-0.4207496453220503	-0.4142682993784204	-0.4611049985312994	0.0412189893251249	False	False	False	False
GSM1337322	Rheumatoid arthritis, synovial membrane patient EB_108 (U133A)	synovial membrane patient EB_108 (rheumatoid arthritis)	Identification of rheumatoid arthritis and osteoarthritis patients by transcriptome-based rule set generation [Jena]	GPL96	72	female		rheumatoid arthritis	GSE55457	synovium	RA	RA	0.1048227311055955	0.208939192970067	0.0840288444564514	0.114907423957355	0.0757496787370819	0.0864936317524953	0.3137619240756625	False	False	False	False
GSM1337323	Rheumatoid arthritis, synovial membrane patient EB_109 (U133A)	synovial membrane patient EB_109 (rheumatoid arthritis)	Identification of rheumatoid arthritis and osteoarthritis patients by transcriptome-based rule set generation [Jena]	GPL96	2	female		rheumatoid arthritis	GSE55457	synovium	RA	RA	-0.3394826451127168	-0.0049804784323663	0.3015271408530769	0.1684686661536164	0.406757430106322	0.2129508819072241	-0.3444631235450831	False	False	False	False
GSM1337324	Rheumatoid arthritis, synovial membrane patient EB_110 (U133A)	synovial membrane patient EB_110 (rheumatoid arthritis)	Identification of rheumatoid arthritis and osteoarthritis patients by transcriptome-based rule set generation [Jena]	GPL96	47	male		rheumatoid arthritis	GSE55457	synovium	RA	RA	0.7270879609279925	0.8920787183989763	-0.350649032109741	-0.4993052994599325	-0.1579901935530199	-0.3995677436241213	1.6191666793269688	False	False	False	False
GSM1337325	Rheumatoid arthritis, synovial membrane patient EB_124 (U133A)	synovial membrane patient EB_124 (rheumatoid arthritis)	Identification of rheumatoid arthritis and osteoarthritis patients by transcriptome-based rule set generation [Jena]	GPL96	59	male		rheumatoid arthritis	GSE55457	synovium	RA	RA	-0.7446956015207739	-0.2489539354514957	0.316252070435733	0.1796175079318815	-0.0013795257316106	0.1540017887548997	-0.9936495369722695	False	False	False	False
GSM1337326	Rheumatoid arthritis, synovial membrane patient EB_141 (U133A)	synovial membrane patient EB_141 (rheumatoid arthritis)	Identification of rheumatoid arthritis and osteoarthritis patients by transcriptome-based rule set generation [Jena]	GPL96	73	female		rheumatoid arthritis	GSE55457	synovium	RA	RA	0.2400077646887526	1.5291667161300984	0.5649192986657227	0.6754338115292257	0.5975920280632462	0.641565113927268	1.769174480818851	False	False	False	False
GSM1337327	Osteoarthritis, synovial membrane patient EB_21 (U133A)	synovial membrane patient EB_21 (osteoarthrisits)	Identification of rheumatoid arthritis and osteoarthritis patients by transcriptome-based rule set generation [Jena]	GPL96	77	female		osteoarthritis	GSE55457	synovium	OA	OA	0.3591614954257603	-0.2372386092181835	-0.3469488723322395	0.0322478317419466	-0.2947643484530565	-0.0758537223881111	0.12192288620757682	True	False	False	False
GSM1337328	Osteoarthritis, synovial membrane patient EB_24 (U133A)	synovial membrane patient EB_24 (osteoarthrisits)	Identification of rheumatoid arthritis and osteoarthritis patients by transcriptome-based rule set generation [Jena]	GPL96	71	female		osteoarthritis	GSE55457	synovium	OA	OA	-0.0998718689027008	-0.2081818139133813	-0.1234652681152016	0.0284498928108638	-0.4498517127239727	-0.0138797329026899	-0.30805368281608214	True	False	False	False
GSM1337329	Osteoarthritis, synovial membrane patient EB_54 (U133A)	synovial membrane patient EB_54 (osteoarthrisits)	Identification of rheumatoid arthritis and osteoarthritis patients by transcriptome-based rule set generation [Jena]	GPL96	76	female		osteoarthritis	GSE55457	synovium	OA	OA	0.1597624916904662	-0.3107915315705341	-0.263777401020481	-0.238105555818045	-0.378189987174492	-0.2412918485057205	-0.15102903988006788	True	False	False	False
GSM1337330	Osteoarthritis, synovial membrane patient EB_90 (U133A)	synovial membrane patient EB_90 (osteoarthrisits)	Identification of rheumatoid arthritis and osteoarthritis patients by transcriptome-based rule set generation [Jena]	GPL96	61	female		osteoarthritis	GSE55457	synovium	OA	OA	0.0226834724518804	-0.369673629921268	-0.2502110561015444	0.0263057911677806	-0.5192470666823075	-0.0730324911470957	-0.3469901574693876	True	False	False	False
GSM1337331	Osteoarthritis, synovial membrane patient EB_94 (U133A)	synovial membrane patient EB_94 (osteoarthrisits)	Identification of rheumatoid arthritis and osteoarthritis patients by transcriptome-based rule set generation [Jena]	GPL96	75	female		osteoarthritis	GSE55457	synovium	OA	OA	0.1844965461759716	-0.5415975518286337	-0.92374480837369	-0.3964397716208611	-0.7196104593830641	-0.5449756715225927	-0.35710100565266206	True	False	False	False
GSM1337332	Osteoarthritis, synovial membrane patient EB_97 (U133A)	synovial membrane patient EB_97 (osteoarthrisits)	Identification of rheumatoid arthritis and osteoarthritis patients by transcriptome-based rule set generation [Jena]	GPL96	78	male		osteoarthritis	GSE55457	synovium	OA	OA	0.1625954499256653	0.0956561081905351	-0.1300345494742344	-0.0595016054205355	-0.5630036066820864	-0.1599592334311531	0.2582515581162004	True	False	False	False
GSM1337333	Osteoarthritis, synovial membrane patient EB_99 (U133A)	synovial membrane patient EB_99 (osteoarthrisits)	Identification of rheumatoid arthritis and osteoarthritis patients by transcriptome-based rule set generation [Jena]	GPL96	69	male		osteoarthritis	GSE55457	synovium	OA	OA	-0.1613642148101986	-0.7815062443409193	-0.352559810870477	-0.3496230416343076	-1.0584622196105646	-0.3500447542755692	-0.9428704591511179	True	False	False	False
GSM1337334	Osteoarthritis, synovial membrane patient EB_100 (U133A)	synovial membrane patient EB_100 (osteoarthrisits)	Identification of rheumatoid arthritis and osteoarthritis patients by transcriptome-based rule set generation [Jena]	GPL96	71	female		osteoarthritis	GSE55457	synovium	OA	OA	0.5944999095958846	0.028651361197659	-0.2133366188359481	-0.0067325214811544	-0.3556377933926933	-0.1326201376671187	0.6231512707935436	True	False	False	False
GSM1337335	Osteoarthritis, synovial membrane patient EB_104 (U133A)	synovial membrane patient EB_104 (osteoarthrisits)	Identification of rheumatoid arthritis and osteoarthritis patients by transcriptome-based rule set generation [Jena]	GPL96	80	female		osteoarthritis	GSE55457	synovium	OA	OA	1.4228542991849873	0.6212760212918806	-0.5916110202731606	-0.5672397439941309	-0.3397488441623108	-0.5514709306025316	2.044130320476868	True	False	False	False
GSM1337336	Osteoarthritis, synovial membrane patient EB_140 (U133A)	synovial membrane patient EB_140 (osteoarthrisits)	Identification of rheumatoid arthritis and osteoarthritis patients by transcriptome-based rule set generation [Jena]	GPL96	66	female		osteoarthritis	GSE55457	synovium	OA	OA	0.447770815029555	0.0443158042107178	-0.124938898541233	-0.0934429176986175	-0.6341383374845392	-0.1109397073425643	0.4920866192402728	True	False	False	False
GSM2627518	001 arthroscopic partial meniscectomy	Knee meniscus	The Impact of Osteoarthritis on the Biology of the Meniscus:	GPL20844	37	Female	21.92		GSE98918	meniscus	APM	APM	-0.827717657837923	0.9546974820626952	0.1515964745558612	0.0231395731495611	0.1387134900353656	0.140454454382804	0.12697982422477228	False	False	True	False
GSM2627519	002 arthroscopic partial meniscectomy	Knee meniscus	The Impact of Osteoarthritis on the Biology of the Meniscus:	GPL20844	45	Male	28.84		GSE98918	meniscus	APM	APM	-0.0267449924962192	0.7180882038512444	0.4570654441357384	0.6875921064897682	0.2334568702219871	0.7052448887037441	0.6913432113550252	False	False	True	False
GSM2627520	003 arthroscopic partial meniscectomy	Knee meniscus	The Impact of Osteoarthritis on the Biology of the Meniscus:	GPL20844	62	Female	27.76		GSE98918	meniscus	APM	APM	-0.2439934910637413	0.8955086135347076	0.1619815670924075	0.2163503868549326	0.021020403522933	0.2438017477267385	0.6515151224709663	False	False	True	False
GSM2627521	004 arthroscopic partial meniscectomy	Knee meniscus	The Impact of Osteoarthritis on the Biology of the Meniscus:	GPL20844	58	Female	20.52		GSE98918	meniscus	APM	APM	0.468855845137945	0.5855069939364348	0.585880950996138	0.8204365905936664	-0.1087904333168772	0.7010432876479904	1.0543628390743798	False	False	True	False
GSM2627522	005 arthroscopic partial meniscectomy	Knee meniscus	The Impact of Osteoarthritis on the Biology of the Meniscus:	GPL20844	31	Female	24.27		GSE98918	meniscus	APM	APM	-1.4072396831553826	0.3751017026404123	-0.291568681376635	-0.2705802572751056	-0.0756460872168499	-0.2135959760467398	-1.0321379805149702	False	False	True	False
GSM2627523	007 arthroscopic partial meniscectomy	Knee meniscus	The Impact of Osteoarthritis on the Biology of the Meniscus:	GPL20844	53	Male	26.62		GSE98918	meniscus	APM	APM	0.7772398299146459	1.0138319397350677	0.6145861984219507	0.5823877019113886	0.1222111650728284	0.60630341000188	1.7910717696497136	False	False	True	False
GSM2627524	008 arthroscopic partial meniscectomy	Knee meniscus	The Impact of Osteoarthritis on the Biology of the Meniscus:	GPL20844	50	Male	28.48		GSE98918	meniscus	APM	APM	1.0467220621899398	1.1800541288331654	0.7826933881454631	0.8183385745080575	-0.0129575735777929	0.8077757830379599	2.226776191023105	False	False	True	False
GSM2627525	009 arthroscopic partial meniscectomy	Knee meniscus	The Impact of Osteoarthritis on the Biology of the Meniscus:	GPL20844	65	Female	27.07		GSE98918	meniscus	APM	APM	0.052555392974763	0.0492370961555102	-0.2539339928735721	-0.0252069686005559	-0.5807888265035467	-0.0700762088071276	0.1017924891302732	False	False	True	False
GSM2627526	010 arthroscopic partial meniscectomy	Knee meniscus	The Impact of Osteoarthritis on the Biology of the Meniscus:	GPL20844	53	Male	31.99		GSE98918	meniscus	APM	APM	-0.921058573475712	0.0803662328893402	-0.3816555476322111	-0.2527800682088714	-0.4223994322713281	-0.2352405010718412	-0.8406923405863718	False	False	True	False
GSM2627527	011 arthroscopic partial meniscectomy	Knee meniscus	The Impact of Osteoarthritis on the Biology of the Meniscus:	GPL20844	43	Male	34.43		GSE98918	meniscus	APM	APM	0.8985066615211197	1.1155284748336858	1.24710003801638	1.314046381642911	0.4289517012670386	1.2738809679598553	2.0140351363548055	False	False	True	False
GSM2627528	012 arthroscopic partial meniscectomy	Knee meniscus	The Impact of Osteoarthritis on the Biology of the Meniscus:	GPL20844	40	Male	24.54		GSE98918	meniscus	APM	APM	-0.0861136143531066	-1.9978792350823809	-1.2723073587227312	-1.234573583497418	-0.9032295743488684	-1.2583885468367453	-2.0839928494354876	False	False	True	False
GSM2627529	013 arthroscopic partial meniscectomy	Knee meniscus	The Impact of Osteoarthritis on the Biology of the Meniscus:	GPL20844	53	Male	26.32		GSE98918	meniscus	APM	APM	1.35422253656752	1.5523235709000596	1.279485636085712	1.1747533922278377	0.8567047973144198	1.2652561954378778	2.9065461074675794	False	False	True	False
GSM2627530	102 osteoarthritis	Knee meniscus	The Impact of Osteoarthritis on the Biology of the Meniscus:	GPL20844	57	Male	31.8		GSE98918	meniscus	OA	OA	0.8306151823623125	-0.192397921317346	0.1283992737970861	0.0290181569194378	-0.1381668235023924	0.0175313458227096	0.6382172610449665	False	False	True	False
GSM2627531	103 osteoarthritis	Knee meniscus	The Impact of Osteoarthritis on the Biology of the Meniscus:	GPL20844	64	Female	28.72		GSE98918	meniscus	OA	OA	1.0110107453438255	0.186820472917154	0.6753325687390156	0.6938759761143961	0.492793381192568	0.5759606913866475	1.1978312182609796	False	False	True	False
GSM2627532	104 osteoarthritis	Knee meniscus	The Impact of Osteoarthritis on the Biology of the Meniscus:	GPL20844	53	Female	30.04		GSE98918	meniscus	OA	OA	0.0684795081236033	-1.2799435046575516	-0.5632920885031355	-0.6283832973406802	-0.5784379748508754	-0.6213493468276139	-1.2114639965339482	False	False	True	False
GSM2627533	105 osteoarthritis	Knee meniscus	The Impact of Osteoarthritis on the Biology of the Meniscus:	GPL20844	62	Female	46.51		GSE98918	meniscus	OA	OA	-0.7307267191921984	-1.7359677427474112	-0.5608599601632913	-0.9356356324435504	-0.1739229518547281	-0.7478821951134141	-2.4666944619396096	False	False	True	False
GSM2627534	106 osteoarthritis	Knee meniscus	The Impact of Osteoarthritis on the Biology of the Meniscus:	GPL20844	80	Male	30.42		GSE98918	meniscus	OA	OA	-0.7410185714758959	-0.3572210583014505	-0.3634028008523156	-0.2609177095182519	0.1472792972338788	-0.3895378490937064	-1.0982396297773465	False	False	True	False
GSM2627535	107 osteoarthritis	Knee meniscus	The Impact of Osteoarthritis on the Biology of the Meniscus:	GPL20844	67	Female	38.62		GSE98918	meniscus	OA	OA	-0.3241311392972176	0.0272205548003242	0.1183167672690074	0.004448164344092	0.1895601651466677	-0.0206128649222743	-0.2969105844968934	False	False	True	False
GSM2627536	108 osteoarthritis	Knee meniscus	The Impact of Osteoarthritis on the Biology of the Meniscus:	GPL20844	70	Female	38.47		GSE98918	meniscus	OA	OA	-0.5207324846502444	-0.4494861000150115	-0.4690295579494759	-0.8139762052330243	0.7287369259023564	-0.6203417231079815	-0.9702185846652558	False	False	True	False
GSM2627537	109 osteoarthritis	Knee meniscus	The Impact of Osteoarthritis on the Biology of the Meniscus:	GPL20844	64	Female	44.62		GSE98918	meniscus	OA	OA	-0.4610096929743185	-0.4503355710957805	-0.4005678998769905	-0.6964594569450334	0.7048279760202869	-0.5575179149433477	-0.911345264070099	False	False	True	False
GSM2627538	111 osteoarthritis	Knee meniscus	The Impact of Osteoarthritis on the Biology of the Meniscus:	GPL20844	61	Male	31.46		GSE98918	meniscus	OA	OA	-0.5069311314244757	-0.7213454859415792	-0.736139452205368	-0.7454090296188692	-0.3837522461439414	-0.761307118786897	-1.2282766173660549	False	False	True	False
GSM2627539	112 osteoarthritis	Knee meniscus	The Impact of Osteoarthritis on the Biology of the Meniscus:	GPL20844	62	Female	46.05		GSE98918	meniscus	OA	OA	-0.6291185987675758	-0.8138472356605797	-0.6479883515095077	-0.4982626119913424	-0.340366729098476	-0.6194383861943403	-1.4429658344281555	False	False	True	False
GSM2627540	113 osteoarthritis	Knee meniscus	The Impact of Osteoarthritis on the Biology of the Meniscus:	GPL20844	79	Female	31.28		GSE98918	meniscus	OA	OA	1.0912862695538714	-0.3654885410018611	0.0840184814196526	0.2572249492234377	0.016690441657221	0.144488265136441	0.7257977285520103	False	False	True	False
GSM2627541	114 osteoarthritis	Knee meniscus	The Impact of Osteoarthritis on the Biology of the Meniscus:	GPL20844	64	Female	37.29		GSE98918	meniscus	OA	OA	-0.1729576835255311	-0.3703730712688721	-0.3457110970091993	-0.2594271333067979	-0.3624879619018747	-0.3664524054926339	-0.5433307547944032	False	False	True	False
normal_tissue_1	normal_tissue_1		GSE89408 count matrix	count_matrix				normal	GSE89408	synovium	normal	normal	0.1692194598641221	0.531076434435595	-0.578609984931786	-0.4643958160475229	-0.3849786140257198	-0.5169600479171765	0.7002958942997172	False	True	False	False
normal_tissue_2	normal_tissue_2		GSE89408 count matrix	count_matrix				normal	GSE89408	synovium	normal	normal	-0.8051003154719533	-1.3191405946879378	-1.1597830596278595	-0.8776704118476504	-1.3018168176353462	-0.9629352229024244	-2.124240910159891	False	True	False	False
normal_tissue_3	normal_tissue_3		GSE89408 count matrix	count_matrix				normal	GSE89408	synovium	normal	normal	-0.4045326902814096	-0.3625848560569356	-0.3055021402545245	-0.0597425273450604	-0.1141762004490037	-0.1313935925712064	-0.7671175463383452	False	True	False	False
normal_tissue_4	normal_tissue_4		GSE89408 count matrix	count_matrix				normal	GSE89408	synovium	normal	normal	0.2305815370648868	0.7194839947921391	-0.2234263449877377	-0.1513045596292447	0.0048644645480817	-0.2141666527135537	0.9500655318570259	False	True	False	False
normal_tissue_5	normal_tissue_5		GSE89408 count matrix	count_matrix				normal	GSE89408	synovium	normal	normal	-0.2863868491000947	0.345285698748518	-0.5390892156636401	-0.2762059030587325	-0.724774557930768	-0.3471533249469209	0.05889884964842329	False	True	False	False
normal_tissue_6	normal_tissue_6		GSE89408 count matrix	count_matrix				normal	GSE89408	synovium	normal	normal	-0.2426638324454864	-0.4443908372773323	-0.6340919996016524	-0.431711993205802	-0.0612343473533105	-0.5534013855533684	-0.6870546697228187	False	True	False	False
normal_tissue_7	normal_tissue_7		GSE89408 count matrix	count_matrix				normal	GSE89408	synovium	normal	normal	0.3816811135595105	0.4843211236348324	-0.1615161575640705	0.1169767977449285	0.0807487033233483	-0.0297608593171518	0.8660022371943429	False	True	False	False
normal_tissue_8	normal_tissue_8		GSE89408 count matrix	count_matrix				normal	GSE89408	synovium	normal	normal	0.267584496206478	0.3738639750802198	-0.3599191525005616	-0.0524383400325098	-0.0002565025956035	-0.2312625052891927	0.6414484712866978	False	True	False	False
normal_tissue_9	normal_tissue_9		GSE89408 count matrix	count_matrix				normal	GSE89408	synovium	normal	normal	-0.6825369202408795	-0.5785798624286301	-1.746872886395768	-1.2871497244320989	-1.9562950479199088	-1.5385616057633482	-1.2611167826695096	False	True	False	False
normal_tissue_10	normal_tissue_10		GSE89408 count matrix	count_matrix				normal	GSE89408	synovium	normal	normal	0.3070453867023416	0.9164336227981288	0.2139025679495123	0.119389423753187	0.1103156711299498	0.180866883338744	1.2234790095004704	False	True	False	False
normal_tissue_11	normal_tissue_11		GSE89408 count matrix	count_matrix				normal	GSE89408	synovium	normal	normal	-0.4659040173632987	0.2774427952437883	-0.3570395825271218	-0.4270712923806384	-0.1445201199375739	-0.3917243159659537	-0.18846122211951039	False	True	False	False
normal_tissue_12	normal_tissue_12		GSE89408 count matrix	count_matrix				normal	GSE89408	synovium	normal	normal	0.1385475918594979	0.0073769940028793	-0.2274061957792243	0.004106106910157	-0.2224798208069836	-0.1379764029733918	0.1459245858623772	False	True	False	False
normal_tissue_13	normal_tissue_13		GSE89408 count matrix	count_matrix				normal	GSE89408	synovium	normal	normal	-0.2671184631725963	-0.0038059080373086	-0.4008249599103577	-0.1592745239981246	-0.659789213837653	-0.3437553013592445	-0.2709243712099049	False	True	False	False
normal_tissue_14	normal_tissue_14		GSE89408 count matrix	count_matrix				normal	GSE89408	synovium	normal	normal	-0.2441534844819593	-0.1082887759015489	-0.3221827017938873	-0.1192579620919186	0.3093500004557326	-0.2028922839444951	-0.35244226038350823	False	True	False	False
normal_tissue_15	normal_tissue_15		GSE89408 count matrix	count_matrix				normal	GSE89408	synovium	normal	normal	-1.597100781161905	-3.1185249367932637	-3.288545649712044	-3.4930710510478007	-4.133339065038372	-3.434576013073934	-4.715625717955168	False	True	False	False
normal_tissue_16	normal_tissue_16		GSE89408 count matrix	count_matrix				normal	GSE89408	synovium	normal	normal	-0.8449226747121731	-1.1303567181667764	-1.926938800339888	-1.7933517499230414	-2.416390180482919	-1.8138099961754988	-1.9752793928789494	False	True	False	False
normal_tissue_17	normal_tissue_17		GSE89408 count matrix	count_matrix				normal	GSE89408	synovium	normal	normal	-0.8340887847836959	-0.9347429899057976	-1.2199649303727806	-1.413424341144731	-1.709946639048492	-1.4066382096111385	-1.7688317746894935	False	True	False	False
normal_tissue_18	normal_tissue_18		GSE89408 count matrix	count_matrix				normal	GSE89408	synovium	normal	normal	-0.6585036678809385	-0.672580378851237	-1.4231631964517222	-1.3253319359426796	-1.302327805932927	-1.3929039293558032	-1.3310840467321756	False	True	False	False
normal_tissue_19	normal_tissue_19		GSE89408 count matrix	count_matrix				normal	GSE89408	synovium	normal	normal	-0.350347595514038	-0.2143267840627141	-0.7760833744935234	-0.511915970340156	-0.2869890143600883	-0.6135918370770855	-0.5646743795767522	False	True	False	False
normal_tissue_20	normal_tissue_20		GSE89408 count matrix	count_matrix				normal	GSE89408	synovium	normal	normal	-0.8755411438218461	-1.548883401035559	-1.890536753650915	-1.7648048932332396	-2.6006366312919136	-1.8734086088497612	-2.424424544857405	False	True	False	False
normal_tissue_21	normal_tissue_21		GSE89408 count matrix	count_matrix				normal	GSE89408	synovium	normal	normal	-0.5081844868294378	-0.365258472017635	-1.1612465793312308	-1.1379745833558648	-1.271007949708644	-1.1766469810146354	-0.8734429588470729	False	True	False	False
normal_tissue_22	normal_tissue_22		GSE89408 count matrix	count_matrix				normal	GSE89408	synovium	normal	normal	-0.6834337259064174	-0.1830332720754194	-1.0187630544837472	-1.0285035387578203	-1.216719957746721	-1.0536411373364094	-0.8664669979818368	False	True	False	False
normal_tissue_23	normal_tissue_23		GSE89408 count matrix	count_matrix				normal	GSE89408	synovium	normal	normal	-0.2840651936534747	0.1867036939920185	-0.6526284934312703	-0.6266810742004707	-0.2575390360004219	-0.5779579993168029	-0.09736149966145621	False	True	False	False
normal_tissue_24	normal_tissue_24		GSE89408 count matrix	count_matrix				normal	GSE89408	synovium	normal	normal	-0.5116276268286857	0.2748444641088107	-0.8608235951060886	-0.7440213039966775	-0.2915298545265187	-0.7511932784728343	-0.23678316271987498	False	True	False	False
normal_tissue_25	normal_tissue_25		GSE89408 count matrix	count_matrix				normal	GSE89408	synovium	normal	normal	-0.35400300816525	0.1359074189117007	-1.4101303854901293	-1.2718412959993337	-1.1672386116124134	-1.3766265823985078	-0.2180955892535493	False	True	False	False
normal_tissue_26	normal_tissue_26		GSE89408 count matrix	count_matrix				normal	GSE89408	synovium	normal	normal	-0.5775013676837777	-0.4495292785638869	-0.9870613538081946	-0.5500362818526248	-0.6454166814871987	-0.6200175022108323	-1.0270306462476646	False	True	False	False
normal_tissue_27	normal_tissue_27		GSE89408 count matrix	count_matrix				normal	GSE89408	synovium	normal	normal	-0.6232096720551519	-0.3086938029466594	-0.5291222337507973	-0.3590509039946379	-0.2679485044200451	-0.3699799064538959	-0.9319034750018113	False	True	False	False
normal_tissue_28	normal_tissue_28		GSE89408 count matrix	count_matrix				normal	GSE89408	synovium	normal	normal	-0.1711436456691721	-0.1074465106121407	-0.3178009634168358	-0.3212565433005593	0.0366584411596331	-0.2550035664138292	-0.2785901562813128	False	True	False	False
OA_tissue_1	OA_tissue_1		GSE89408 count matrix	count_matrix				OA	GSE89408	synovium	OA	OA	-1.3009989556936774	-1.9027218546447693	-2.4084444571108024	-2.2198675173922804	-3.030970042109554	-2.2569690763891948	-3.2037208103384467	False	True	False	False
OA_tissue_2	OA_tissue_2		GSE89408 count matrix	count_matrix				OA	GSE89408	synovium	OA	OA	0.1963365305987142	-0.182985742948982	-0.3771564086346581	-0.1673267527404616	-0.2540992395787357	-0.2402460443381675	0.013350787649732188	False	True	False	False
OA_tissue_3	OA_tissue_3		GSE89408 count matrix	count_matrix				OA	GSE89408	synovium	OA	OA	0.0755152793562015	-0.3417538463875121	-0.2431861641369285	-0.017100369517317	0.2320019624009926	-0.107808936032872	-0.2662385670313106	False	True	False	False
OA_tissue_4	OA_tissue_4		GSE89408 count matrix	count_matrix				OA	GSE89408	synovium	OA	OA	0.3861724350661902	0.272496868456514	-0.2610123471792008	-0.1639973782505982	-0.1184321999944505	-0.2130391082719115	0.6586693035227043	False	True	False	False
OA_tissue_5	OA_tissue_5		GSE89408 count matrix	count_matrix				OA	GSE89408	synovium	OA	OA	-0.2822910213309761	-0.2875729153822248	-0.5386882293451524	-0.3575270908416181	-0.3100701320627169	-0.4232633209725748	-0.5698639367132009	False	True	False	False
OA_tissue_6	OA_tissue_6		GSE89408 count matrix	count_matrix				OA	GSE89408	synovium	OA	OA	-0.4948131267927326	-0.4568813117324784	-0.2821964179554104	-0.5310554471339235	0.0100485628928214	-0.3819129787731946	-0.9516944385252111	False	True	False	False
OA_tissue_7	OA_tissue_7		GSE89408 count matrix	count_matrix				OA	GSE89408	synovium	OA	OA	0.0369284000054069	-0.0294663209367399	0.0770578816972912	0.1219278648508279	0.2270676663383951	0.1068948104315237	0.007462079068666996	False	True	False	False
OA_tissue_8	OA_tissue_8		GSE89408 count matrix	count_matrix				OA	GSE89408	synovium	OA	OA	0.2574788498709967	1.916190941632594	0.1906750038450992	0.1576841362673139	0.4578905556040129	0.2646619998529039	2.1736697915035905	False	True	False	False
OA_tissue_9	OA_tissue_9		GSE89408 count matrix	count_matrix				OA	GSE89408	synovium	OA	OA	-0.0345832156735781	0.4878793929845758	-0.4056838169234526	-0.2332777651706736	-0.2706435390385902	-0.2171092009952864	0.4532961773109977	False	True	False	False
OA_tissue_10	OA_tissue_10		GSE89408 count matrix	count_matrix				OA	GSE89408	synovium	OA	OA	-0.2659969946776075	-0.33966059467672	-1.209458714017016	-1.2293648428100763	-1.869186347097805	-1.2681560209208027	-0.6056575893543275	False	True	False	False
OA_tissue_11	OA_tissue_11		GSE89408 count matrix	count_matrix				OA	GSE89408	synovium	OA	OA	-0.1979169839808205	0.1365021952201071	-0.5349676510849782	-0.6216440677860013	-0.3451283647116721	-0.5623071693756289	-0.06141478876071341	False	True	False	False
OA_tissue_12	OA_tissue_12		GSE89408 count matrix	count_matrix				OA	GSE89408	synovium	OA	OA	0.6400304543515343	1.8032931369551344	-0.4404100817729623	-0.6780338576399902	-0.7498387619602298	-0.4743121450484216	2.443323591306669	False	True	False	False
OA_tissue_13	OA_tissue_13		GSE89408 count matrix	count_matrix				OA	GSE89408	synovium	OA	OA	0.0571934454154153	0.4755712285467227	-0.1774423893313865	-0.1094027909640605	0.1226882505254211	-0.1299653702469598	0.532764673962138	False	True	False	False
OA_tissue_14	OA_tissue_14		GSE89408 count matrix	count_matrix				OA	GSE89408	synovium	OA	OA	-0.1040747615204065	0.3000673163479265	-0.2277328162264362	-0.1913068617385303	0.2317496351922877	-0.1438333744401729	0.19599255482751998	False	True	False	False
OA_tissue_15	OA_tissue_15		GSE89408 count matrix	count_matrix				OA	GSE89408	synovium	OA	OA	0.0587771175393211	0.9592921289560602	-0.01754946849874	-0.1054919870973582	0.4536991425494211	-0.0010323733295127	1.0180692464953813	False	True	False	False
OA_tissue_16	OA_tissue_16		GSE89408 count matrix	count_matrix				OA	GSE89408	synovium	OA	OA	0.0010018808265206	-0.4342764208904788	-0.664421227054088	-0.7354494500433386	-0.422065010450002	-0.6702244897269447	-0.4332745400639582	False	True	False	False
OA_tissue_17	OA_tissue_17		GSE89408 count matrix	count_matrix				OA	GSE89408	synovium	OA	OA	0.4643774903828753	0.0699590321461058	0.6416062264495678	0.6058179206297539	0.5232620413207696	0.6276065025228165	0.5343365225289811	False	True	False	False
OA_tissue_18	OA_tissue_18		GSE89408 count matrix	count_matrix				OA	GSE89408	synovium	OA	OA	-0.2494119103194231	-0.5370932220815574	0.0324872786314058	0.165509601366664	-0.0275362046039731	0.1073183885271421	-0.7865051324009805	False	True	False	False
OA_tissue_19	OA_tissue_19		GSE89408 count matrix	count_matrix				OA	GSE89408	synovium	OA	OA	0.1491016592117256	0.2894371496730614	0.4705953423544759	0.2140015481336749	0.2796758471671447	0.3279265709979088	0.438538808884787	False	True	False	False
OA_tissue_20	OA_tissue_20		GSE89408 count matrix	count_matrix				OA	GSE89408	synovium	OA	OA	-0.2404111164627648	-0.8288972415181357	-0.3875502575197787	-0.3661377758395085	-0.711410249507965	-0.3751898520072054	-1.0693083579809004	False	True	False	False
OA_tissue_21	OA_tissue_21		GSE89408 count matrix	count_matrix				OA	GSE89408	synovium	OA	OA	-0.6371887064227879	-1.1551360526277237	-0.4132801840177171	-0.4085805689439915	-0.9626214110461498	-0.4374444298679388	-1.7923247590505116	False	True	False	False
OA_tissue_22	OA_tissue_22		GSE89408 count matrix	count_matrix				OA	GSE89408	synovium	OA	OA	-0.2798512389058918	-0.4862428224623755	0.0336535431259523	0.061063262367493	0.2522202281128704	0.0552092611007751	-0.7660940613682673	False	True	False	False
AG_tissue_1	AG_tissue_1		GSE89408 count matrix	count_matrix				AG	GSE89408	synovium	AG	AG	-0.3030368280052388	-0.5642701861791429	0.0186114809871112	-0.0571746724706444	-0.1407372021655554	-0.0068246335215535	-0.8673070141843817	False	False	False	False
AG_tissue_2	AG_tissue_2		GSE89408 count matrix	count_matrix				AG	GSE89408	synovium	AG	AG	-0.254130398368576	-1.1016564096058636	0.1843763610442987	0.2585598166873033	0.0628449650035054	0.1958435617279503	-1.3557868079744395	False	False	False	False
AG_tissue_3	AG_tissue_3		GSE89408 count matrix	count_matrix				AG	GSE89408	synovium	AG	AG	-0.5055322865300307	-1.134432940469606	-0.055253312528927	-0.1137611954029834	-0.4043891650064678	-0.1029198718621426	-1.6399652269996368	False	False	False	False
AG_tissue_4	AG_tissue_4		GSE89408 count matrix	count_matrix				AG	GSE89408	synovium	AG	AG	0.9242495184128012	0.5853093375478521	-0.1881895584175184	-0.2171667790695227	-0.1888048141525156	-0.2124903559775536	1.5095588559606532	False	False	False	False
AG_tissue_5	AG_tissue_5		GSE89408 count matrix	count_matrix				AG	GSE89408	synovium	AG	AG	-0.930813598911068	-0.7552953584786917	0.69106870968407	0.5682944034813447	0.2546969344280781	0.5799227255650208	-1.6861089573897596	False	False	False	False
AG_tissue_6	AG_tissue_6		GSE89408 count matrix	count_matrix				AG	GSE89408	synovium	AG	AG	-0.1780040068134328	-0.5668919585245696	0.2914581242137114	0.3928238251392804	-0.0873325806406551	0.3659161956322542	-0.7448959653380025	False	False	False	False
AG_tissue_7	AG_tissue_7		GSE89408 count matrix	count_matrix				AG	GSE89408	synovium	AG	AG	0.6231602503981084	-0.7486822784318066	0.2671604796832509	0.2254179808026346	0.2501492679369551	0.2056789955892647	-0.12552202803369816	False	False	False	False
AG_tissue_8	AG_tissue_8		GSE89408 count matrix	count_matrix				AG	GSE89408	synovium	AG	AG	-0.3916060455584752	-0.577141366083863	0.0292685663629409	-0.067021083416738	0.1430308322963818	0.0140466743974124	-0.9687474116423382	False	False	False	False
AG_tissue_9	AG_tissue_9		GSE89408 count matrix	count_matrix				AG	GSE89408	synovium	AG	AG	-0.3236828947777764	-0.5881726860923351	0.2109873703964941	0.202412193271699	-0.0554422157498473	0.2055473033309633	-0.9118555808701114	False	False	False	False
AG_tissue_10	AG_tissue_10		GSE89408 count matrix	count_matrix				AG	GSE89408	synovium	AG	AG	0.2820320136332245	-0.0205544005402554	0.0666303442077039	0.1151270530755306	-0.3192385810083928	0.0764318983206589	0.2614776130929691	False	False	False	False
undiff_tissue_1	undiff_tissue_1		GSE89408 count matrix	count_matrix				undiff	GSE89408	synovium	undiff	undiff	0.0981791904029518	0.4780594705337672	-0.2883968445162075	-0.2029850090312627	0.2864385455586232	-0.2392630890431898	0.5762386609367189	False	False	False	False
undiff_tissue_2	undiff_tissue_2		GSE89408 count matrix	count_matrix				undiff	GSE89408	synovium	undiff	undiff	0.9947981075101784	1.6698912055647128	0.5977754002319289	0.3735527053515839	0.5226440093287549	0.4864318831465137	2.6646893130748914	False	False	False	False
undiff_tissue_3	undiff_tissue_3		GSE89408 count matrix	count_matrix				undiff	GSE89408	synovium	undiff	undiff	-0.2888079040639036	0.2697744788672269	0.7582740429977893	0.3674468660345792	0.6051669122259281	0.4915604346084259	-0.019033425196676723	False	False	False	False
undiff_tissue_4	undiff_tissue_4		GSE89408 count matrix	count_matrix				undiff	GSE89408	synovium	undiff	undiff	0.2817978827435863	-0.4029316615113602	0.4918033911759114	0.3049704763687949	0.5474729544940453	0.3988245277360941	-0.12113377876777387	False	False	False	False
undiff_tissue_5	undiff_tissue_5		GSE89408 count matrix	count_matrix				undiff	GSE89408	synovium	undiff	undiff	0.1927920584933319	-0.0243092884229515	0.3792774379913974	0.228555871026271	0.8695344769435727	0.3336780292000514	0.1684827700703804	False	False	False	False
undiff_tissue_6	undiff_tissue_6		GSE89408 count matrix	count_matrix				undiff	GSE89408	synovium	undiff	undiff	0.2579820665004803	0.6240732319153691	-0.0667975393144456	-0.0810207552226541	0.228102953504472	-0.0958900222386429	0.8820552984158494	False	False	False	False
RA_tissue_1	RA_tissue_1		GSE89408 count matrix	count_matrix				RA	GSE89408	synovium	RA	RA	-0.3906551963155783	0.385600525938898	-0.2983424211432243	0.0186440217413044	-0.2767550475197705	-0.0360129905995001	-0.005054670376680337	False	False	False	False
RA_tissue_2	RA_tissue_2		GSE89408 count matrix	count_matrix				RA	GSE89408	synovium	RA	RA	-0.414720587287592	0.51501315920366	0.3582306878887634	0.6937731512039704	0.0302443238674753	0.5761594269941357	0.100292571916068	False	False	False	False
RA_tissue_3	RA_tissue_3		GSE89408 count matrix	count_matrix				RA	GSE89408	synovium	RA	RA	-0.4717558358852433	-0.9112176997713768	0.2980879032381194	0.2010047155417025	0.0230553527300844	0.2630682680300761	-1.3829735356566202	False	False	False	False
RA_tissue_4	RA_tissue_4		GSE89408 count matrix	count_matrix				RA	GSE89408	synovium	RA	RA	-0.5083975158360786	0.0298744306691893	0.4071716244934296	0.0216486140153934	0.3642385650686862	0.190036857094681	-0.4785230851668893	False	False	False	False
RA_tissue_5	RA_tissue_5		GSE89408 count matrix	count_matrix				RA	GSE89408	synovium	RA	RA	-0.0612246396850068	-0.4526048363170329	-0.3692071099679826	-0.0144147488666798	-0.017920586469471	-0.1869828755212003	-0.5138294760020397	False	False	False	False
RA_tissue_6	RA_tissue_6		GSE89408 count matrix	count_matrix				RA	GSE89408	synovium	RA	RA	-0.2135921974113404	-0.2571844322854144	-0.1573549303932024	-0.3116883478451732	-0.3026972405737784	-0.2447688083558641	-0.47077662969675477	False	False	False	False
RA_tissue_7	RA_tissue_7		GSE89408 count matrix	count_matrix				RA	GSE89408	synovium	RA	RA	-0.2319388210194328	-0.5478696090611679	-0.4883391559644528	-0.2586621286169462	-0.6225842042073634	-0.3156725434072635	-0.7798084300806007	False	False	False	False
RA_tissue_8	RA_tissue_8		GSE89408 count matrix	count_matrix				RA	GSE89408	synovium	RA	RA	-0.2378232014525022	-0.3639031154556497	-0.2188122321718497	-0.0097802971203367	-0.3258898566121927	-0.046568296858489	-0.6017263169081519	False	False	False	False
RA_tissue_9	RA_tissue_9		GSE89408 count matrix	count_matrix				RA	GSE89408	synovium	RA	RA	-0.1138753589790368	0.0534846703474934	0.1505066377046159	0.1828949123244688	0.1562966670138782	0.137943421437297	-0.060390688631543406	False	False	False	False
RA_tissue_10	RA_tissue_10		GSE89408 count matrix	count_matrix				RA	GSE89408	synovium	RA	RA	-0.27251621476071	-0.4649404147632641	-0.1516595436715859	-0.0986954374815856	-0.1093943255524739	-0.1056848753795446	-0.7374566295239741	False	False	False	False
RA_tissue_11	RA_tissue_11		GSE89408 count matrix	count_matrix				RA	GSE89408	synovium	RA	RA	0.0590615286948583	-0.314673210933079	-0.2737606966603992	-0.1100299425226962	-0.3235473511726464	-0.1571174401458736	-0.25561168223822067	False	False	False	False
RA_tissue_12	RA_tissue_12		GSE89408 count matrix	count_matrix				RA	GSE89408	synovium	RA	RA	-0.4039011477823161	-0.3994850687206238	-0.1527543731383312	0.0306305544253453	0.229251119839587	-0.0412770274150606	-0.80338621650294	False	False	False	False
RA_tissue_13	RA_tissue_13		GSE89408 count matrix	count_matrix				RA	GSE89408	synovium	RA	RA	-0.2973073783701464	-0.0807501604813903	-0.4705493539470636	-0.4508205413702965	-0.2593671178499019	-0.4404676349548022	-0.3780575388515367	False	False	False	False
RA_tissue_14	RA_tissue_14		GSE89408 count matrix	count_matrix				RA	GSE89408	synovium	RA	RA	-0.6496692278595575	-0.6284933026182732	-0.0480473267823099	-0.1703021040478592	-0.2075356807265907	-0.1523697383324253	-1.2781625304778306	False	False	False	False
RA_tissue_15	RA_tissue_15		GSE89408 count matrix	count_matrix				RA	GSE89408	synovium	RA	RA	-0.517538908398828	-0.4199888689971928	-0.2731269649876139	-0.3291329946995004	-0.4628334178502329	-0.2892597499240842	-0.9375277773960208	False	False	False	False
RA_tissue_16	RA_tissue_16		GSE89408 count matrix	count_matrix				RA	GSE89408	synovium	RA	RA	-0.6408131365723965	-0.6025947872369677	-0.3515226421398079	-0.399235447831499	-0.2861002142099021	-0.3674705272837147	-1.243407923809364	False	False	False	False
RA_tissue_17	RA_tissue_17		GSE89408 count matrix	count_matrix				RA	GSE89408	synovium	RA	RA	-0.3879731951773783	-0.0946149730796605	0.0531982408846552	0.0717539119680421	0.0713841987381604	0.0530482248348733	-0.4825881682570388	False	False	False	False
RA_tissue_18	RA_tissue_18		GSE89408 count matrix	count_matrix				RA	GSE89408	synovium	RA	RA	-0.2236296317555507	0.0919820846738408	0.3412017761552527	0.1366515835241722	0.0947214151356762	0.2136778912203801	-0.1316475470817099	False	False	False	False
RA_tissue_19	RA_tissue_19		GSE89408 count matrix	count_matrix				RA	GSE89408	synovium	RA	RA	-0.73470605299998	-0.1075606428216918	0.1150483807188665	0.0849778027231867	0.3146291012226737	0.1008313070956832	-0.8422666958216718	False	False	False	False
RA_tissue_20	RA_tissue_20		GSE89408 count matrix	count_matrix				RA	GSE89408	synovium	RA	RA	2.127039321517051	2.0169181341279323	0.6491119089740714	0.7126587681935117	0.3278074408286096	0.6853165341279532	4.143957455644983	False	False	False	False
RA_tissue_21	RA_tissue_21		GSE89408 count matrix	count_matrix				RA	GSE89408	synovium	RA	RA	0.3031387646606739	0.6646398480143739	0.2768235623167125	0.0842619589013918	0.3097887556668944	0.1669837714298998	0.9677786126750478	False	False	False	False
RA_tissue_22	RA_tissue_22		GSE89408 count matrix	count_matrix				RA	GSE89408	synovium	RA	RA	-0.0998499906547585	-0.171981502115258	-0.4445522234612679	-0.404715482038176	-0.2873549406213579	-0.452162371610028	-0.2718314927700165	False	False	False	False
RA_tissue_23	RA_tissue_23		GSE89408 count matrix	count_matrix				RA	GSE89408	synovium	RA	RA	0.4015868531698167	0.5405980015160391	0.4288972899290114	0.3771170591056847	0.471950275814928	0.3416938803989425	0.9421848546858558	False	False	False	False
RA_tissue_24	RA_tissue_24		GSE89408 count matrix	count_matrix				RA	GSE89408	synovium	RA	RA	-0.5193347033970279	0.2467837584106931	0.1836713148199319	0.2052670091754361	0.3448728293044946	0.2082651319534028	-0.2725509449863348	False	False	False	False
RA_tissue_25	RA_tissue_25		GSE89408 count matrix	count_matrix				RA	GSE89408	synovium	RA	RA	-0.0775636270353917	0.4737355172166863	0.4123931795069901	0.3421527920489721	0.4943618488504168	0.3657660240403366	0.39617189018129456	False	False	False	False
RA_tissue_26	RA_tissue_26		GSE89408 count matrix	count_matrix				RA	GSE89408	synovium	RA	RA	0.4112513295357223	-0.0759874417290834	0.3571195927229899	0.2970210565691819	0.5411868479533652	0.3001269354463998	0.3352638878066389	False	False	False	False
RA_tissue_27	RA_tissue_27		GSE89408 count matrix	count_matrix				RA	GSE89408	synovium	RA	RA	0.0959505927170506	0.2924254626868003	0.3498391594030188	0.3104722520460535	0.4416917655041234	0.366266012234793	0.3883760554038509	False	False	False	False
RA_tissue_28	RA_tissue_28		GSE89408 count matrix	count_matrix				RA	GSE89408	synovium	RA	RA	0.2871700962307403	1.1403084101521292	0.3749092340895929	0.3745380681008909	0.5317021134189361	0.378222623409532	1.4274785063828697	False	False	False	False
RA_tissue_29	RA_tissue_29		GSE89408 count matrix	count_matrix				RA	GSE89408	synovium	RA	RA	0.0700649471408898	0.2874955967552461	0.4385988488696941	0.8155299746880562	0.2753451679561869	0.6108298717246768	0.3575605438961359	False	False	False	False
RA_tissue_30	RA_tissue_30		GSE89408 count matrix	count_matrix				RA	GSE89408	synovium	RA	RA	0.0448825134464761	0.2854183563502294	-0.1800368044492538	-0.2571129286445761	-0.1922524608661356	-0.2345491299463906	0.3303008697967055	False	False	False	False
RA_tissue_31	RA_tissue_31		GSE89408 count matrix	count_matrix				RA	GSE89408	synovium	RA	RA	0.324356597367044	0.7479593921756909	0.5751062715623003	0.6146205763145786	0.7160333461069601	0.6014891403015378	1.0723159895427348	False	False	False	False
RA_tissue_32	RA_tissue_32		GSE89408 count matrix	count_matrix				RA	GSE89408	synovium	RA	RA	0.6721662360929492	0.0843724715770473	-0.0449841256687865	0.1124678585290155	-0.1923900860808058	0.0705420571748	0.7565387076699965	False	False	False	False
RA_tissue_33	RA_tissue_33		GSE89408 count matrix	count_matrix				RA	GSE89408	synovium	RA	RA	0.0259265177541011	-0.4012575409207152	0.561246280710118	0.421013684094317	1.278484963291325	0.4310003052201442	-0.3753310231666141	False	False	False	False
RA_tissue_34	RA_tissue_34		GSE89408 count matrix	count_matrix				RA	GSE89408	synovium	RA	RA	-0.2536457964340766	-0.0868214333422574	0.4209704846617894	0.3751587180791531	0.6995079645509731	0.4169675697286524	-0.340467229776334	False	False	False	False
RA_tissue_35	RA_tissue_35		GSE89408 count matrix	count_matrix				RA	GSE89408	synovium	RA	RA	0.2015445103627217	1.0412311964748844	0.7277165422309052	0.4505665523469033	0.5671200613813114	0.5911904350339666	1.2427757068376062	False	False	False	False
RA_tissue_36	RA_tissue_36		GSE89408 count matrix	count_matrix				RA	GSE89408	synovium	RA	RA	0.8806999767969834	1.2672261996970318	0.0707541413482606	0.10852022567457	0.4094271688946597	0.0964757122193066	2.147926176494015	False	False	False	False
RA_tissue_37	RA_tissue_37		GSE89408 count matrix	count_matrix				RA	GSE89408	synovium	RA	RA	1.1338384354125508	0.7153217283377356	0.7747168345620485	1.1695851145984235	0.435191205377446	0.9538653568534272	1.8491601637502864	False	False	False	False
RA_tissue_38	RA_tissue_38		GSE89408 count matrix	count_matrix				RA	GSE89408	synovium	RA	RA	-0.2070395875762785	0.2542355527490004	0.568895378327596	0.4448569484469429	0.3393558865177677	0.4598244826523882	0.0471959651727219	False	False	False	False
RA_tissue_39	RA_tissue_39		GSE89408 count matrix	count_matrix				RA	GSE89408	synovium	RA	RA	0.5661810715188628	1.0629782159811678	0.4347190399241107	0.3311535626594343	0.3229402965068513	0.4019886625614546	1.6291592875000305	False	False	False	False
RA_tissue_40	RA_tissue_40		GSE89408 count matrix	count_matrix				RA	GSE89408	synovium	RA	RA	0.6256941944662702	0.3387707310390714	-5.823276775757698e-05	-0.0228715114734434	0.0316070140822501	-0.007595746031763	0.9644649255053416	False	False	False	False
RA_tissue_41	RA_tissue_41		GSE89408 count matrix	count_matrix				RA	GSE89408	synovium	RA	RA	-0.2813870665392198	-0.7588378606732232	0.1518283872898138	-0.0513456819445735	0.3465635200938414	0.0443046256468223	-1.040224927212443	False	False	False	False
RA_tissue_42	RA_tissue_42		GSE89408 count matrix	count_matrix				RA	GSE89408	synovium	RA	RA	-0.419859341860769	-0.7283265703662238	-0.3230786780023196	-0.6601511437922372	-0.7517846453258	-0.4867749140705704	-1.1481859122269928	False	False	False	False
RA_tissue_43	RA_tissue_43		GSE89408 count matrix	count_matrix				RA	GSE89408	synovium	RA	RA	0.6590182528953259	0.8205659736033442	0.2298034268750126	0.37279121327961	0.4484520361795799	0.3204283806912741	1.47958422649867	False	False	False	False
RA_tissue_44	RA_tissue_44		GSE89408 count matrix	count_matrix				RA	GSE89408	synovium	RA	RA	-0.326749105469754	0.14228842114263	0.1795427577334686	-0.039458063002693	-0.2640611413995249	0.082169704621412	-0.184460684327124	False	False	False	False
RA_tissue_45	RA_tissue_45		GSE89408 count matrix	count_matrix				RA	GSE89408	synovium	RA	RA	-0.1142987041815551	-0.0498709359624831	-0.1809153909463611	-0.5382677227670739	-0.3316586319982106	-0.3678862636717422	-0.1641696401440382	False	False	False	False
RA_tissue_46	RA_tissue_46		GSE89408 count matrix	count_matrix				RA	GSE89408	synovium	RA	RA	-0.1425274019442245	0.4842390997365475	0.1582747451064036	0.0213979802453067	0.0709334053167062	0.1224317019857788	0.341711697792323	False	False	False	False
RA_tissue_47	RA_tissue_47		GSE89408 count matrix	count_matrix				RA	GSE89408	synovium	RA	RA	0.1455885441523426	0.4104424894821524	0.8959712587658215	0.5735072065750839	0.7574813840912451	0.7096101690774753	0.556031033634495	False	False	False	False
RA_tissue_48	RA_tissue_48		GSE89408 count matrix	count_matrix				RA	GSE89408	synovium	RA	RA	-0.688210631720574	0.0901662466395096	0.2022827306347989	-0.0446302764549981	0.078022543555902	0.0532251955085364	-0.5980443850810644	False	False	False	False
RA_tissue_49	RA_tissue_49		GSE89408 count matrix	count_matrix				RA	GSE89408	synovium	RA	RA	0.4236370370586095	0.8085526297482757	0.4788392779101194	0.3970082098381646	0.1981506388130732	0.4285129192076538	1.2321896668068852	False	False	False	False
RA_tissue_50	RA_tissue_50		GSE89408 count matrix	count_matrix				RA	GSE89408	synovium	RA	RA	-0.1462176421031127	0.130586438823035	0.4081222870173684	0.2287092581720984	0.3381207160322127	0.3053102224339885	-0.015631203280077693	False	False	False	False
RA_tissue_51	RA_tissue_51		GSE89408 count matrix	count_matrix				RA	GSE89408	synovium	RA	RA	-0.4351092330316968	-0.372271400683816	0.6062753309833399	0.3712744274588972	0.0226535889880958	0.4489891782946248	-0.8073806337155127	False	False	False	False
RA_tissue_52	RA_tissue_52		GSE89408 count matrix	count_matrix				RA	GSE89408	synovium	RA	RA	-0.1736173508658987	0.0721997769195619	-0.0646497915398158	-0.2658101569773915	-0.1869193166276014	-0.1546723841021463	-0.10141757394633678	False	False	False	False
RA_tissue_53	RA_tissue_53		GSE89408 count matrix	count_matrix				RA	GSE89408	synovium	RA	RA	-0.933140503954388	-1.1141147645744844	-0.1389964239194152	-0.541548243664048	-0.4056494652382291	-0.3527870614565445	-2.0472552685288723	False	False	False	False
RA_tissue_54	RA_tissue_54		GSE89408 count matrix	count_matrix				RA	GSE89408	synovium	RA	RA	0.1960850801238345	0.7288902313235921	0.2457874425113559	-0.0045816077498202	0.1501480705778277	0.1326939708511577	0.9249753114474266	False	False	False	False
RA_tissue_55	RA_tissue_55		GSE89408 count matrix	count_matrix				RA	GSE89408	synovium	RA	RA	-0.5380839500972163	-0.0768913000999408	0.4725810254933595	0.3754729299577643	0.3179677244226245	0.4280553480969282	-0.6149752501971572	False	False	False	False
RA_tissue_56	RA_tissue_56		GSE89408 count matrix	count_matrix				RA	GSE89408	synovium	RA	RA	0.8590093631192726	1.5860944640632706	0.6232263717614465	0.3675715394725772	0.7755229376986605	0.5537962899185491	2.4451038271825434	False	False	False	False
RA_tissue_57	RA_tissue_57		GSE89408 count matrix	count_matrix				RA	GSE89408	synovium	RA	RA	0.6347173442614754	0.4403718661036766	-0.0205523830010213	0.0392326829061661	0.2468439435293449	0.0616129973116171	1.0750892103651521	False	False	False	False
RA_tissue_58	RA_tissue_58		GSE89408 count matrix	count_matrix				RA	GSE89408	synovium	RA	RA	0.027759228737621	-0.1521575585358777	0.2161720013943767	-0.0785358400863998	0.5209553798035577	0.0201342158573941	-0.1243983297982567	False	False	False	False
RA_tissue_59	RA_tissue_59		GSE89408 count matrix	count_matrix				RA	GSE89408	synovium	RA	RA	0.0323317941172904	-0.2639665524008261	0.2814868616808045	0.3858064767623788	0.1153909424769028	0.3790445620763567	-0.23163475828353572	False	False	False	False
RA_tissue_60	RA_tissue_60		GSE89408 count matrix	count_matrix				RA	GSE89408	synovium	RA	RA	-0.0498484803070894	0.207308136324146	0.2207434888092544	0.1149656290048493	0.0855902889035757	0.161948330483004	0.15745965601705658	False	False	False	False
RA_tissue_61	RA_tissue_61		GSE89408 count matrix	count_matrix				RA	GSE89408	synovium	RA	RA	0.2104470901573998	-0.055771793391683	-0.1773062121741252	-0.1640036525996803	0.1671845786842884	-0.1389621681488339	0.15467529676571679	False	False	False	False
RA_tissue_62	RA_tissue_62		GSE89408 count matrix	count_matrix				RA	GSE89408	synovium	RA	RA	-0.1146149457445343	0.358142115718867	0.4583440946808716	0.6985965764108086	0.8521137139289058	0.5858809946818485	0.2435271699743327	False	False	False	False
RA_tissue_63	RA_tissue_63		GSE89408 count matrix	count_matrix				RA	GSE89408	synovium	RA	RA	0.6093928294502313	0.7872683834838042	0.1903143597596253	0.2973849041541161	0.21339550996276	0.232874637890966	1.3966612129340357	False	False	False	False
RA_tissue_64	RA_tissue_64		GSE89408 count matrix	count_matrix				RA	GSE89408	synovium	RA	RA	-0.9647222849185924	-0.7362086885062765	0.2440675415629625	-0.0507193847876295	0.121028261928042	0.0940546702957962	-1.7009309734248688	False	False	False	False
RA_tissue_65	RA_tissue_65		GSE89408 count matrix	count_matrix				RA	GSE89408	synovium	RA	RA	1.7409855098106228	0.6388011951268248	0.1931608552618027	0.3054097925524142	-0.1489325297344511	0.2248103716968724	2.3797867049374477	False	False	False	False
RA_tissue_66	RA_tissue_66		GSE89408 count matrix	count_matrix				RA	GSE89408	synovium	RA	RA	1.7744413641445866	0.7560545592441172	0.8317665097617443	1.111964867057151	0.1145446214910762	0.9181356889746288	2.530495923388704	False	False	False	False
RA_tissue_67	RA_tissue_67		GSE89408 count matrix	count_matrix				RA	GSE89408	synovium	RA	RA	0.2318501902320451	0.3282660704878057	0.490216545068788	0.6737643098568391	0.6039425054417735	0.5900862101400204	0.5601162607198508	False	False	False	False
RA_tissue_68	RA_tissue_68		GSE89408 count matrix	count_matrix				RA	GSE89408	synovium	RA	RA	0.8901147114640903	0.4346894405104438	0.3526737215095527	0.6029058723119844	0.3584517198905116	0.4959887750850293	1.3248041519745342	False	False	False	False
RA_tissue_69	RA_tissue_69		GSE89408 count matrix	count_matrix				RA	GSE89408	synovium	RA	RA	-0.6524236150220564	-1.1662643280260383	-0.1559442918093375	-0.5036560456309007	-0.702150833310263	-0.352572085081476	-1.8186879430480947	False	False	False	False
RA_tissue_70	RA_tissue_70		GSE89408 count matrix	count_matrix				RA	GSE89408	synovium	RA	RA	0.2595924267116228	0.1497773719912713	0.4286346619991999	0.3935866733782827	0.2182337412349742	0.3540894096261954	0.40936979870289414	False	False	False	False
RA_tissue_71	RA_tissue_71		GSE89408 count matrix	count_matrix				RA	GSE89408	synovium	RA	RA	0.1134355775177404	-0.933785174279966	-0.392615156590365	-0.3891459384209368	-0.1999563007041912	-0.3512615852028367	-0.8203495967622256	False	False	False	False
RA_tissue_72	RA_tissue_72		GSE89408 count matrix	count_matrix				RA	GSE89408	synovium	RA	RA	0.8561439193475314	0.252899912421416	-0.0124282399232771	0.2479952266649815	-0.411576539648705	0.1390965195472223	1.1090438317689475	False	False	False	False
RA_tissue_73	RA_tissue_73		GSE89408 count matrix	count_matrix				RA	GSE89408	synovium	RA	RA	0.1325684447182711	-0.4776732890595251	0.5249643445311544	0.3464371346677681	0.2860161237583816	0.4228495309298147	-0.345104844341254	False	False	False	False
RA_tissue_74	RA_tissue_74		GSE89408 count matrix	count_matrix				RA	GSE89408	synovium	RA	RA	-0.7892463380068777	-0.763746211297574	0.0536797974899683	-0.0320598773971288	0.2922946281035008	-0.0250878410495822	-1.5529925493044519	False	False	False	False
RA_tissue_75	RA_tissue_75		GSE89408 count matrix	count_matrix				RA	GSE89408	synovium	RA	RA	1.1571774324850292	0.0157119417057206	0.3285419834614665	0.3258633168379851	0.1577188475083617	0.31014828108343	1.1728893741907498	False	False	False	False
RA_tissue_76	RA_tissue_76		GSE89408 count matrix	count_matrix				RA	GSE89408	synovium	RA	RA	0.3900587261172258	0.930765824501892	0.2384203332405876	0.1853818270370663	0.2212104707134048	0.186994383875874	1.3208245506191179	False	False	False	False
RA_tissue_77	RA_tissue_77		GSE89408 count matrix	count_matrix				RA	GSE89408	synovium	RA	RA	-0.6735452391432856	-0.6882745519526898	-0.2389724368586688	-0.3577463051944564	-0.2278659585494695	-0.2871297841090295	-1.3618197910959755	False	False	False	False
RA_tissue_78	RA_tissue_78		GSE89408 count matrix	count_matrix				RA	GSE89408	synovium	RA	RA	0.1715906523365092	0.0136631568493844	-0.0632576393769045	-0.0957020055281573	-0.2450900142446531	-0.1136467706156081	0.1852538091858936	False	False	False	False
RA_tissue_79	RA_tissue_79		GSE89408 count matrix	count_matrix				RA	GSE89408	synovium	RA	RA	0.5931816573860199	0.6155874165950457	1.0058207541460205	0.736643015000586	0.5204079979773055	0.8457679223168272	1.2087690739810655	False	False	False	False
RA_tissue_80	RA_tissue_80		GSE89408 count matrix	count_matrix				RA	GSE89408	synovium	RA	RA	0.0293093142752847	0.3704417634235369	0.6635293598856314	0.6561909860093915	0.83153272726126	0.6277135439147803	0.3997510776988216	False	False	False	False
RA_tissue_81	RA_tissue_81		GSE89408 count matrix	count_matrix				RA	GSE89408	synovium	RA	RA	-0.1373826942686965	-0.2628137142521698	-0.2198006901768548	-0.2878974290491343	-0.1892331198693391	-0.2995556625443614	-0.40019640852086635	False	False	False	False
RA_tissue_82	RA_tissue_82		GSE89408 count matrix	count_matrix				RA	GSE89408	synovium	RA	RA	1.4356187801631335	1.2882785997685091	0.3234000216592046	0.3252990020148273	0.2572924853726217	0.2987207723646413	2.7238973799316426	False	False	False	False
RA_tissue_83	RA_tissue_83		GSE89408 count matrix	count_matrix				RA	GSE89408	synovium	RA	RA	-0.0262571156381633	0.4128921387733631	0.2638135520975811	0.295546878808796	0.0946536545659701	0.2023954576204679	0.3866350231351998	False	False	False	False
RA_tissue_84	RA_tissue_84		GSE89408 count matrix	count_matrix				RA	GSE89408	synovium	RA	RA	-0.2006171761518791	-0.0623603357246645	-0.1556171507907463	-0.2901221686141973	0.0379039177451592	-0.2071572636953822	-0.2629775118765436	False	False	False	False
RA_tissue_85	RA_tissue_85		GSE89408 count matrix	count_matrix				RA	GSE89408	synovium	RA	RA	0.6846954986639424	1.2342680965349104	0.3352616255782839	0.0184635016760302	-0.0843581411586626	0.1745972055272658	1.9189635951988528	False	False	False	False
RA_tissue_86	RA_tissue_86		GSE89408 count matrix	count_matrix				RA	GSE89408	synovium	RA	RA	0.0342598789855291	0.0354432824227889	0.1520027128568955	-0.1369672158333446	-0.1428030032416956	-0.0182117867547248	0.069703161408318	False	False	False	False
RA_tissue_87	RA_tissue_87		GSE89408 count matrix	count_matrix				RA	GSE89408	synovium	RA	RA	0.5108248021502125	0.9759288129199832	0.6632266077842043	0.7457236438943393	0.8543522355837212	0.6847554718788307	1.4867536150701959	False	False	False	False
RA_tissue_88	RA_tissue_88		GSE89408 count matrix	count_matrix				RA	GSE89408	synovium	RA	RA	1.1324360407402778	0.7130222613206104	0.6898167559910238	1.054753022823193	-0.1104243201034554	0.8049323685186729	1.8454583020608881	False	False	False	False
RA_tissue_89	RA_tissue_89		GSE89408 count matrix	count_matrix				RA	GSE89408	synovium	RA	RA	0.2059268619564175	0.032271774271711	0.1820745670715442	0.049065914987023	0.2936012627127386	0.0889488076086826	0.23819863622812848	False	False	False	False
RA_tissue_90	RA_tissue_90		GSE89408 count matrix	count_matrix				RA	GSE89408	synovium	RA	RA	-0.5096200742462998	-0.5850952778053989	0.471896243273352	0.2646808551383013	-0.1162521811690795	0.3118641076205561	-1.0947153520516988	False	False	False	False
RA_tissue_91	RA_tissue_91		GSE89408 count matrix	count_matrix				RA	GSE89408	synovium	RA	RA	0.3058665294869627	0.5818613790799394	0.7329620960461705	0.9227892360473996	0.3205225238015499	0.8005770437319277	0.8877279085669021	False	False	False	False
RA_tissue_92	RA_tissue_92		GSE89408 count matrix	count_matrix				RA	GSE89408	synovium	RA	RA	-0.3029158271342701	-0.918638410036012	-0.5298052335286219	-0.5012887902424495	0.0937747119441672	-0.542846890877543	-1.221554237170282	False	False	False	False
RA_tissue_93	RA_tissue_93		GSE89408 count matrix	count_matrix				RA	GSE89408	synovium	RA	RA	0.3438741044461192	-0.345147408722822	-0.4077550731683982	-0.2352475432412313	-0.3576430050382945	-0.3315296344533114	-0.0012733042767028024	False	False	False	False
RA_tissue_94	RA_tissue_94		GSE89408 count matrix	count_matrix				RA	GSE89408	synovium	RA	RA	0.8864360537314262	-0.2158370789463639	-0.6374232146134262	-0.5207608416341856	-0.9663059246056748	-0.5980549486947733	0.6705989747850623	False	False	False	False
RA_tissue_95	RA_tissue_95		GSE89408 count matrix	count_matrix				RA	GSE89408	synovium	RA	RA	0.6845483243300038	0.7783884811399984	-0.1775128663705313	0.1268909368871212	-0.3850644841092716	-0.095709808500993	1.4629368054700023	False	False	False	False
RA_tissue_96	RA_tissue_96		GSE89408 count matrix	count_matrix				RA	GSE89408	synovium	RA	RA	1.2624453869313752	0.0088562623611778	0.335121923729738	0.4807270074970138	-0.1655439897819489	0.3855022807327576	1.271301649292553	False	False	False	False
RA_tissue_97	RA_tissue_97		GSE89408 count matrix	count_matrix				RA	GSE89408	synovium	RA	RA	0.7190309161045016	0.4534613406186653	0.2941653614317799	0.3367651954753607	0.2952816973438793	0.2909107802660226	1.1724922567231668	False	False	False	False
RA_tissue_98	RA_tissue_98		GSE89408 count matrix	count_matrix				RA	GSE89408	synovium	RA	RA	0.2091119018075671	-0.1528953341084677	-0.2926976576188337	-0.4352022559990724	-0.2685161811541221	-0.4146382942391823	0.05621656769909941	False	False	False	False
RA_tissue_99	RA_tissue_99		GSE89408 count matrix	count_matrix				RA	GSE89408	synovium	RA	RA	0.7182697885229679	0.0973835459954358	0.1438369425979149	0.2339511129241884	-0.0856077285173757	0.1744157466195292	0.8156533345184036	False	False	False	False
RA_tissue_100	RA_tissue_100		GSE89408 count matrix	count_matrix				RA	GSE89408	synovium	RA	RA	0.2899592238014336	0.8074829368657823	0.3275564521205276	0.3753259848890402	0.4674313461701195	0.3418219408973549	1.097442160667216	False	False	False	False
RA_tissue_101	RA_tissue_101		GSE89408 count matrix	count_matrix				RA	GSE89408	synovium	RA	RA	-0.5231331130378966	-0.0199929655741505	0.0967147671521675	0.0691437439499821	0.2104325761214469	0.0508465562437149	-0.5431260786120471	False	False	False	False
RA_tissue_102	RA_tissue_102		GSE89408 count matrix	count_matrix				RA	GSE89408	synovium	RA	RA	-1.3880304242901562	-1.7572827987629616	-1.6064517131989655	-1.7404459962455467	-2.1385553168094686	-1.7020015640770727	-3.145313223053118	False	False	False	False
RA_tissue_103	RA_tissue_103		GSE89408 count matrix	count_matrix				RA	GSE89408	synovium	RA	RA	0.3058961773795979	0.863651072840234	0.4221523616242668	0.2386152880640439	0.2494004029729894	0.3514759206290545	1.1695472502198319	False	False	False	False
RA_tissue_104	RA_tissue_104		GSE89408 count matrix	count_matrix				RA	GSE89408	synovium	RA	RA	1.1518683329602568	-0.1423538653462884	-0.1440710835814637	0.1043417823880488	-0.4905473086687302	-0.0443549206149777	1.0095144676139685	False	False	False	False
RA_tissue_105	RA_tissue_105		GSE89408 count matrix	count_matrix				RA	GSE89408	synovium	RA	RA	0.3075548703679445	-0.3439637488566739	-0.4863700017289482	-0.498994040561569	-0.1449696548963516	-0.5015716272310575	-0.036408878488729424	False	False	False	False
RA_tissue_106	RA_tissue_106		GSE89408 count matrix	count_matrix				RA	GSE89408	synovium	RA	RA	1.1439987276821748	1.1050249668383954	0.3046334290684261	0.5258768372776497	0.19644021056518	0.4173884316373658	2.24902369452057	False	False	False	False
RA_tissue_107	RA_tissue_107		GSE89408 count matrix	count_matrix				RA	GSE89408	synovium	RA	RA	-0.4149916407761599	-0.0129227518142655	0.6098605122898956	0.5967150314913421	0.3573245422114159	0.545373321100884	-0.4279143925904254	False	False	False	False
RA_tissue_108	RA_tissue_108		GSE89408 count matrix	count_matrix				RA	GSE89408	synovium	RA	RA	-0.3940510445477048	-0.2755753996615034	0.3644456645509699	0.2257533078136007	0.1495040691725792	0.3393220086584849	-0.6696264442092081	False	False	False	False
RA_tissue_109	RA_tissue_109		GSE89408 count matrix	count_matrix				RA	GSE89408	synovium	RA	RA	-0.4654215240704064	-0.329673262160743	0.1040174388872677	-0.1116892387945681	-0.121742940864343	-0.0005981299219593	-0.7950947862311494	False	False	False	False
RA_tissue_110	RA_tissue_110		GSE89408 count matrix	count_matrix				RA	GSE89408	synovium	RA	RA	-0.7712650812186832	-0.5566597946113828	-0.1428966743560757	-0.1998320018205583	-0.1527391462637642	-0.1805310338075722	-1.3279248758300661	False	False	False	False
RA_tissue_111	RA_tissue_111		GSE89408 count matrix	count_matrix				RA	GSE89408	synovium	RA	RA	0.5960642238870351	-0.1693064914712629	-0.2301037253255566	-0.3103479912167184	-0.163764483682876	-0.2209604680962303	0.4267577324157722	False	False	False	False
RA_tissue_112	RA_tissue_112		GSE89408 count matrix	count_matrix				RA	GSE89408	synovium	RA	RA	0.0682689498787558	-0.0053552870783389	0.10889902653327	-0.2962523586217075	0.2201814452887165	-0.0773176681541901	0.0629136628004169	False	False	False	False
RA_tissue_113	RA_tissue_113		GSE89408 count matrix	count_matrix				RA	GSE89408	synovium	RA	RA	0.2938905818866923	-0.1351978464042805	-0.0733213576481816	-0.3295882835107315	-0.3231458137710818	-0.1466484481300626	0.1586927354824118	False	False	False	False
RA_tissue_114	RA_tissue_114		GSE89408 count matrix	count_matrix				RA	GSE89408	synovium	RA	RA	0.4438486751017287	-0.571101183102902	-0.0010917957931019	-0.1182975579207262	0.6446998698976428	-0.0712618446009506	-0.12725250800117333	False	False	False	False
RA_tissue_115	RA_tissue_115		GSE89408 count matrix	count_matrix				RA	GSE89408	synovium	RA	RA	-0.1164905833675624	0.4428989811919008	0.080529746410074	-0.1016926882748114	0.1609655666167127	0.0269289619851952	0.3264083978243384	False	False	False	False
RA_tissue_116	RA_tissue_116		GSE89408 count matrix	count_matrix				RA	GSE89408	synovium	RA	RA	0.1198305271946711	0.060829223273367	0.1906328186133918	0.0650503943268535	0.1326622052866959	0.0776152983476231	0.18065975046803812	False	False	False	False
RA_tissue_117	RA_tissue_117		GSE89408 count matrix	count_matrix				RA	GSE89408	synovium	RA	RA	-0.6393685286108761	-0.7046497529505303	-0.6444585088597666	-0.6057862002858899	-0.7749838534934705	-0.6618275546424163	-1.3440182815614063	False	False	False	False
RA_tissue_118	RA_tissue_118		GSE89408 count matrix	count_matrix				RA	GSE89408	synovium	RA	RA	-0.3936043472120196	-0.3750341752083453	0.3689829765492091	0.1550920963033043	0.3010143627763949	0.2417827813236337	-0.7686385224203649	False	False	False	False
RA_tissue_119	RA_tissue_119		GSE89408 count matrix	count_matrix				RA	GSE89408	synovium	RA	RA	1.2602005900321884	0.2933106769054116	-0.3201230394183504	-0.2160885748898857	-0.2840204954830777	-0.2832086362844042	1.5535112669376	False	False	False	False
RA_tissue_120	RA_tissue_120		GSE89408 count matrix	count_matrix				RA	GSE89408	synovium	RA	RA	0.5096844636597793	-0.2882773565213755	-0.1661552051077636	-0.0480622971249937	-0.3492696877855054	-0.0745003701874449	0.22140710713840378	False	False	False	False
RA_tissue_121	RA_tissue_121		GSE89408 count matrix	count_matrix				RA	GSE89408	synovium	RA	RA	0.537682729507603	1.1649818755516703	0.5541226261324418	0.6758979834646719	1.1569576810911055	0.675015536660456	1.7026646050592733	False	False	False	False
RA_tissue_122	RA_tissue_122		GSE89408 count matrix	count_matrix				RA	GSE89408	synovium	RA	RA	-0.0670252255432346	-0.2068557278014086	0.4806800505378098	0.1061571531236278	1.930549859521192	0.3739510063888681	-0.2738809533446432	False	False	False	False
RA_tissue_123	RA_tissue_123		GSE89408 count matrix	count_matrix				RA	GSE89408	synovium	RA	RA	0.4460554348773984	0.4751361548424289	-0.0737180837833589	-0.0799900245801076	0.3322725930564199	-0.0899559865814785	0.9211915897198273	False	False	False	False
RA_tissue_124	RA_tissue_124		GSE89408 count matrix	count_matrix				RA	GSE89408	synovium	RA	RA	0.0543837874782934	-0.13543897069766	0.0204825055791708	0.0025891693626794	0.2125123076025635	0.0027237996523234	-0.08105518321936661	False	False	False	False
RA_tissue_125	RA_tissue_125		GSE89408 count matrix	count_matrix				RA	GSE89408	synovium	RA	RA	0.2161278614789435	0.4093558097445105	0.6487270360749052	0.8835889278372872	1.124607929712181	0.7562774502554821	0.625483671223454	False	False	False	False
RA_tissue_126	RA_tissue_126		GSE89408 count matrix	count_matrix				RA	GSE89408	synovium	RA	RA	-0.0038427405334227	0.1832347252263448	0.5143935916295669	0.4868920985032794	0.6754841585572464	0.5073874538042549	0.17939198469292209	False	False	False	False
RA_tissue_127	RA_tissue_127		GSE89408 count matrix	count_matrix				RA	GSE89408	synovium	RA	RA	0.0615341577203281	0.2687277260979049	0.2885096645363714	0.36706314596736	0.8421123108850258	0.3592867922728722	0.330261883818233	False	False	False	False
RA_tissue_128	RA_tissue_128		GSE89408 count matrix	count_matrix				RA	GSE89408	synovium	RA	RA	-0.7228155510130841	0.2065205587925707	-0.3200253624843882	-0.0732615889925135	0.126499420849279	-0.2124490717276574	-0.5162949922205134	False	False	False	False
RA_tissue_129	RA_tissue_129		GSE89408 count matrix	count_matrix				RA	GSE89408	synovium	RA	RA	0.564444785469073	1.1903445810816122	0.5882636915165613	0.7282528611015541	1.1629886248031354	0.7001916792548679	1.754789366550685	False	False	False	False
RA_tissue_130	RA_tissue_130		GSE89408 count matrix	count_matrix				RA	GSE89408	synovium	RA	RA	-0.9868388604498236	-1.1642693102881867	2.26663915206497	2.3427550664641257	2.100164284023637	2.2609117698640384	-2.15110817073801	False	False	False	False
RA_tissue_131	RA_tissue_131		GSE89408 count matrix	count_matrix				RA	GSE89408	synovium	RA	RA	-0.622141061400469	-0.7826427068301123	0.6289711903451981	0.361590560707332	0.5086913526223882	0.4890321134007799	-1.4047837682305813	False	False	False	False
RA_tissue_132	RA_tissue_132		GSE89408 count matrix	count_matrix				RA	GSE89408	synovium	RA	RA	-1.2961682192276958	-0.4416127887024272	0.5609579506317903	0.898044327202192	1.1211002855091894	0.7236117987854274	-1.737781007930123	False	False	False	False
RA_tissue_133	RA_tissue_133		GSE89408 count matrix	count_matrix				RA	GSE89408	synovium	RA	RA	-0.5501479272824843	0.0773920561208148	0.3323064045472225	0.272187093798336	-0.003814333506876	0.2857728961299093	-0.4727558711616695	False	False	False	False
RA_tissue_134	RA_tissue_134		GSE89408 count matrix	count_matrix				RA	GSE89408	synovium	RA	RA	1.3415205446720884	2.0491743094037007	0.7583584417751448	0.6172463470385453	0.9310854368078706	0.6954130062973088	3.390694854075789	False	False	False	False
RA_tissue_135	RA_tissue_135		GSE89408 count matrix	count_matrix				RA	GSE89408	synovium	RA	RA	-0.1506770090414852	-0.3887217676891464	0.523000345868153	0.4313090597698233	0.943783494098112	0.4569037721198531	-0.5393987767306316	False	False	False	False
RA_tissue_136	RA_tissue_136		GSE89408 count matrix	count_matrix				RA	GSE89408	synovium	RA	RA	-0.4540632621766152	-0.9038852645489608	-0.2621087857596988	-0.1959343414176007	-0.2828201625744466	-0.2266497442179846	-1.357948526725576	False	False	False	False
RA_tissue_137	RA_tissue_137		GSE89408 count matrix	count_matrix				RA	GSE89408	synovium	RA	RA	-0.186211589384526	-0.3096405168552221	0.3369161140986711	0.2707563352550296	0.6428529943529819	0.3079482872333138	-0.49585210623974807	False	False	False	False
RA_tissue_138	RA_tissue_138		GSE89408 count matrix	count_matrix				RA	GSE89408	synovium	RA	RA	-0.475152370449283	-0.4859357016589333	-0.0434518023409469	-0.3406558603135642	-0.1995159994272371	-0.1759098480932598	-0.9610880721082162	False	False	False	False
RA_tissue_139	RA_tissue_139		GSE89408 count matrix	count_matrix				RA	GSE89408	synovium	RA	RA	-1.033589863227934	-1.225917430836184	1.613080001428072	2.2482973297347217	1.81944456606364	1.908356193605664	-2.259507294064118	False	False	False	False
RA_tissue_140	RA_tissue_140		GSE89408 count matrix	count_matrix				RA	GSE89408	synovium	RA	RA	0.2669538302320412	-0.5569790627160197	0.4802015396736753	0.5365134861936294	0.465024381082694	0.479711829326144	-0.2900252324839785	False	False	False	False
RA_tissue_141	RA_tissue_141		GSE89408 count matrix	count_matrix				RA	GSE89408	synovium	RA	RA	-0.0119234003005943	-0.0929445251805662	0.0306677141061674	0.0308618014757654	0.1858161809855566	0.0208616724903748	-0.1048679254811605	False	False	False	False
RA_tissue_142	RA_tissue_142		GSE89408 count matrix	count_matrix				RA	GSE89408	synovium	RA	RA	0.001381684382628	0.0141806496014981	-0.0134187175581621	0.1006623363168308	-0.4049153313836371	0.113427653784674	0.0155623339841261	False	False	False	False
RA_tissue_143	RA_tissue_143		GSE89408 count matrix	count_matrix				RA	GSE89408	synovium	RA	RA	-0.2335389445044449	-0.5575083827829668	0.0534178351253863	0.3305269633485748	-0.0059536048622341	0.211899387364705	-0.7910473272874117	False	False	False	False
RA_tissue_144	RA_tissue_144		GSE89408 count matrix	count_matrix				RA	GSE89408	synovium	RA	RA	-0.0888208202732416	-0.5419060526904775	-0.1676400999293435	-0.3151880620406653	-0.2778682993176614	-0.257922800294716	-0.6307268729637191	False	False	False	False
RA_tissue_145	RA_tissue_145		GSE89408 count matrix	count_matrix				RA	GSE89408	synovium	RA	RA	-1.1234363227131303	-1.647306568257811	-0.973472805195722	-0.7647893741316916	-1.2541801762039757	-0.8600307409647588	-2.7707428909709413	False	False	False	False
RA_tissue_146	RA_tissue_146		GSE89408 count matrix	count_matrix				RA	GSE89408	synovium	RA	RA	-0.0956578665569653	-0.1800179052049518	0.1063426489404849	0.0579225884775021	0.1174957839307544	0.045535504857145	-0.2756757717619171	False	False	False	False
RA_tissue_147	RA_tissue_147		GSE89408 count matrix	count_matrix				RA	GSE89408	synovium	RA	RA	-0.0559110587608302	0.1725208516460517	0.4690822633321351	0.4625296715027681	0.506567158803316	0.4473122110732241	0.1166097928852215	False	False	False	False
RA_tissue_148	RA_tissue_148		GSE89408 count matrix	count_matrix				RA	GSE89408	synovium	RA	RA	0.192595355323716	0.4818404872468333	0.0704715374693434	-0.0080106984678789	0.0215816454783868	0.0643110272829579	0.6744358425705493	False	False	False	False
RA_tissue_149	RA_tissue_149		GSE89408 count matrix	count_matrix				RA	GSE89408	synovium	RA	RA	0.5813693306531069	0.6948077886587326	0.7787517945170322	0.9015119553891348	0.8554766719458271	0.8266877837322172	1.2761771193118396	False	False	False	False
RA_tissue_150	RA_tissue_150		GSE89408 count matrix	count_matrix				RA	GSE89408	synovium	RA	RA	0.5618364655446699	0.1310822342008218	0.5971005727515661	0.4969737326265944	0.4952669849806895	0.4963793952391575	0.6929186997454917	False	False	False	False
RA_tissue_151	RA_tissue_151		GSE89408 count matrix	count_matrix				RA	GSE89408	synovium	RA	RA	1.254620513251984	1.8446278223792472	0.5862233319512323	0.4459189635993357	0.8139523377223412	0.5183198934264729	3.0992483356312315	False	False	False	False
RA_tissue_152	RA_tissue_152		GSE89408 count matrix	count_matrix				RA	GSE89408	synovium	RA	RA	-0.1970638889256252	-0.3608659625044406	0.2438593278081173	0.2503387332113685	0.6070050108036111	0.2581757940392307	-0.5579298514300658	False	False	False	False
