k	program	signature	category	signature_genes_in_background	top_n	overlap_n	overlap_top50_n	overlap_genes	overlap_top50_genes	p_value	neg_log10_p
5	1	senescence_core	senescence	15	100	2	2	BTG2,GADD45B	BTG2,GADD45B	0.08528558800432069	1.0691243519392781
5	1	sasp_inflammatory	sasp	20	100	1	1	SOCS3	SOCS3	0.4890811644551101	0.31061906245110604
5	1	ecm_degradation	ecm_remodeling	17	100	2	1	LOX,MMP3	MMP3	0.10592506236370273	0.9750012716347
5	1	fibrocartilage_matrix	fibrocartilage	16	100	5	4	CHAD,COMP,DCN,FRZB,PRELP	COMP,DCN,FRZB,PRELP	0.000114458395702531	3.941352345640813
5	1	angiogenesis_hypoxia	communication	9	100	1	0	ADM		0.26039353388855496	0.5843698044025643
5	1	paracrine_communication	communication	12	100	0	0			1.0	-0.0
5	1	progenitor_interface	progenitor_interface	8	100	0	0			1.0	-0.0
5	1	generic_stress	generic_stress	14	100	8	8	DDIT4,FOS,JUN,MT1E,MT1M,MT1X,MT2A,TXNIP	DDIT4,FOS,JUN,MT1E,MT1M,MT1X,MT2A,TXNIP	2.6595794396900385e-09	8.57518703309156
5	1	immune_contamination	contamination	13	100	1	0	CD14		0.3533761800303181	0.45176272825891506
5	1	mural_contamination	contamination	10	100	0	0			1.0	-0.0
5	1	endothelial_contamination	contamination	7	100	0	0			1.0	-0.0
5	1	cycling_contamination	contamination	10	100	0	0			1.0	-0.0
5	2	senescence_core	senescence	15	100	3	2	CDKN1A,HMOX1,TNFRSF10D	CDKN1A,TNFRSF10D	0.011805608462311426	1.92791162442478
5	2	sasp_inflammatory	sasp	20	100	3	2	IL11,MIF,PTGS2	MIF,PTGS2	0.02626499908109733	1.5806226100550231
5	2	ecm_degradation	ecm_remodeling	17	100	0	0			1.0	-0.0
5	2	fibrocartilage_matrix	fibrocartilage	16	100	8	2	ACAN,CHAD,CILP,CILP2,COL11A1,COL2A1,PRELP,SOX9	CILP,SOX9	1.0791457984181856e-08	7.96691987582599
5	2	angiogenesis_hypoxia	communication	9	100	6	5	ANGPTL4,BNIP3,HMOX1,MIF,SLC2A1,VEGFA	ANGPTL4,BNIP3,MIF,SLC2A1,VEGFA	8.50051833556952e-08	7.070554591531095
5	2	paracrine_communication	communication	12	100	9	7	ANGPTL4,BMP2,CCN1,CCN2,IL11,INHBA,MIF,TNFRSF12A,VEGFA	ANGPTL4,BMP2,CCN1,INHBA,MIF,TNFRSF12A,VEGFA	6.420909104620564e-12	11.192403477979648
5	2	progenitor_interface	progenitor_interface	8	100	0	0			1.0	-0.0
5	2	generic_stress	generic_stress	14	100	3	1	HMOX1,HSPA5,PPP1R15A	HSPA5	0.009672696775446087	2.014452426494684
5	2	immune_contamination	contamination	13	100	0	0			1.0	-0.0
5	2	mural_contamination	contamination	10	100	0	0			1.0	-0.0
5	2	endothelial_contamination	contamination	7	100	0	0			1.0	-0.0
5	2	cycling_contamination	contamination	10	100	0	0			1.0	-0.0
5	3	senescence_core	senescence	15	100	0	0			1.0	-0.0
5	3	sasp_inflammatory	sasp	20	100	0	0			1.0	-0.0
5	3	ecm_degradation	ecm_remodeling	17	100	1	1	MMP2	MMP2	0.43477131809319347	0.3617391140906241
5	3	fibrocartilage_matrix	fibrocartilage	16	100	0	0			1.0	-0.0
5	3	angiogenesis_hypoxia	communication	9	100	1	1	CXCL12	CXCL12	0.26039353388855496	0.5843698044025643
5	3	paracrine_communication	communication	12	100	1	1	CXCL12	CXCL12	0.3312769380627967	0.4798087965982188
5	3	progenitor_interface	progenitor_interface	8	100	1	0	THY1		0.23515099238304482	0.6286531841066286
5	3	generic_stress	generic_stress	14	100	2	0	JUN,PPP1R15A		0.07548825739871948	1.1221205999412116
5	3	immune_contamination	contamination	13	100	0	0			1.0	-0.0
5	3	mural_contamination	contamination	10	100	0	0			1.0	-0.0
5	3	endothelial_contamination	contamination	7	100	0	0			1.0	-0.0
5	3	cycling_contamination	contamination	10	100	0	0			1.0	-0.0
5	4	senescence_core	senescence	15	100	2	1	IGFBP7,SERPINE1	IGFBP7	0.08528558800432069	1.0691243519392781
5	4	sasp_inflammatory	sasp	20	100	2	0	SERPINE1,TNFAIP6		0.1390168715158232	0.8569324892309466
5	4	ecm_degradation	ecm_remodeling	17	100	8	6	COL1A1,COL1A2,COL3A1,FN1,HTRA1,POSTN,TGFBI,TIMP1	COL1A1,COL1A2,COL3A1,FN1,HTRA1,TGFBI	1.9833970261193334e-08	7.702590342277829
5	4	fibrocartilage_matrix	fibrocartilage	16	100	5	2	CILP2,COL11A1,COL2A1,FMOD,SCRG1	FMOD,SCRG1	0.000114458395702531	3.941352345640813
5	4	angiogenesis_hypoxia	communication	9	100	1	1	ANGPTL2	ANGPTL2	0.26039353388855496	0.5843698044025643
5	4	paracrine_communication	communication	12	100	0	0			1.0	-0.0
5	4	progenitor_interface	progenitor_interface	8	100	1	0	THY1		0.23515099238304482	0.6286531841066286
5	4	generic_stress	generic_stress	14	100	0	0			1.0	-0.0
5	4	immune_contamination	contamination	13	100	0	0			1.0	-0.0
5	4	mural_contamination	contamination	10	100	0	0			1.0	-0.0
5	4	endothelial_contamination	contamination	7	100	0	0			1.0	-0.0
5	4	cycling_contamination	contamination	10	100	0	0			1.0	-0.0
5	5	senescence_core	senescence	15	100	0	0			1.0	-0.0
5	5	sasp_inflammatory	sasp	20	100	1	0	CXCL1		0.4890811644551101	0.31061906245110604
5	5	ecm_degradation	ecm_remodeling	17	100	3	2	FN1,HTRA1,TIMP3	HTRA1,TIMP3	0.016822689959406997	1.7741045590065203
5	5	fibrocartilage_matrix	fibrocartilage	16	100	0	0			1.0	-0.0
5	5	angiogenesis_hypoxia	communication	9	100	0	0			1.0	-0.0
5	5	paracrine_communication	communication	12	100	1	1	HBEGF	HBEGF	0.3312769380627967	0.4798087965982188
5	5	progenitor_interface	progenitor_interface	8	100	5	5	HBEGF,ITGBL1,PRG4,SPARCL1,TIMP3	HBEGF,ITGBL1,PRG4,SPARCL1,TIMP3	1.8119298257958483e-06	5.7418586261182485
5	5	generic_stress	generic_stress	14	100	0	0			1.0	-0.0
5	5	immune_contamination	contamination	13	100	0	0			1.0	-0.0
5	5	mural_contamination	contamination	10	100	0	0			1.0	-0.0
5	5	endothelial_contamination	contamination	7	100	0	0			1.0	-0.0
5	5	cycling_contamination	contamination	10	100	0	0			1.0	-0.0
6	1	senescence_core	senescence	15	100	2	2	BTG2,GADD45B	BTG2,GADD45B	0.08528558800432069	1.0691243519392781
6	1	sasp_inflammatory	sasp	20	100	1	1	SOCS3	SOCS3	0.4890811644551101	0.31061906245110604
6	1	ecm_degradation	ecm_remodeling	17	100	2	1	LOX,MMP3	MMP3	0.10592506236370273	0.9750012716347
6	1	fibrocartilage_matrix	fibrocartilage	16	100	4	1	COMP,DCN,FRZB,PRELP	FRZB	0.0014832472387454557	2.8287864514845102
6	1	angiogenesis_hypoxia	communication	9	100	1	0	ADM		0.26039353388855496	0.5843698044025643
6	1	paracrine_communication	communication	12	100	0	0			1.0	-0.0
6	1	progenitor_interface	progenitor_interface	8	100	0	0			1.0	-0.0
6	1	generic_stress	generic_stress	14	100	8	8	DDIT4,FOS,JUN,MT1E,MT1M,MT1X,MT2A,TXNIP	DDIT4,FOS,JUN,MT1E,MT1M,MT1X,MT2A,TXNIP	2.6595794396900385e-09	8.57518703309156
6	1	immune_contamination	contamination	13	100	1	0	CD14		0.3533761800303181	0.45176272825891506
6	1	mural_contamination	contamination	10	100	0	0			1.0	-0.0
6	1	endothelial_contamination	contamination	7	100	0	0			1.0	-0.0
6	1	cycling_contamination	contamination	10	100	0	0			1.0	-0.0
6	2	senescence_core	senescence	15	100	0	0			1.0	-0.0
6	2	sasp_inflammatory	sasp	20	100	1	1	TNFAIP6	TNFAIP6	0.4890811644551101	0.31061906245110604
6	2	ecm_degradation	ecm_remodeling	17	100	4	2	COL3A1,FN1,HTRA1,TIMP1	FN1,HTRA1	0.0018910338451440306	2.7233006982159047
6	2	fibrocartilage_matrix	fibrocartilage	16	100	13	12	ACAN,CILP,CILP2,COL11A1,COL2A1,COL9A2,COL9A3,COMP,DCN,FMOD,MGP,PRELP,SCRG1	CILP,CILP2,COL11A1,COL2A1,COL9A2,COL9A3,COMP,DCN,FMOD,MGP,PRELP,SCRG1	1.2491711750116472e-17	16.90337804579776
6	2	angiogenesis_hypoxia	communication	9	100	1	0	ANGPTL2		0.26039353388855496	0.5843698044025643
6	2	paracrine_communication	communication	12	100	0	0			1.0	-0.0
6	2	progenitor_interface	progenitor_interface	8	100	1	0	GDF5		0.23515099238304482	0.6286531841066286
6	2	generic_stress	generic_stress	14	100	0	0			1.0	-0.0
6	2	immune_contamination	contamination	13	100	0	0			1.0	-0.0
6	2	mural_contamination	contamination	10	100	0	0			1.0	-0.0
6	2	endothelial_contamination	contamination	7	100	0	0			1.0	-0.0
6	2	cycling_contamination	contamination	10	100	0	0			1.0	-0.0
6	3	senescence_core	senescence	15	100	0	0			1.0	-0.0
6	3	sasp_inflammatory	sasp	20	100	0	0			1.0	-0.0
6	3	ecm_degradation	ecm_remodeling	17	100	1	1	MMP2	MMP2	0.43477131809319347	0.3617391140906241
6	3	fibrocartilage_matrix	fibrocartilage	16	100	0	0			1.0	-0.0
6	3	angiogenesis_hypoxia	communication	9	100	1	1	CXCL12	CXCL12	0.26039353388855496	0.5843698044025643
6	3	paracrine_communication	communication	12	100	1	1	CXCL12	CXCL12	0.3312769380627967	0.4798087965982188
6	3	progenitor_interface	progenitor_interface	8	100	0	0			1.0	-0.0
6	3	generic_stress	generic_stress	14	100	1	0	JUN		0.37475217407890277	0.42625583896605546
6	3	immune_contamination	contamination	13	100	0	0			1.0	-0.0
6	3	mural_contamination	contamination	10	100	0	0			1.0	-0.0
6	3	endothelial_contamination	contamination	7	100	0	0			1.0	-0.0
6	3	cycling_contamination	contamination	10	100	0	0			1.0	-0.0
6	4	senescence_core	senescence	15	100	3	3	CDKN1A,HMOX1,TNFRSF10D	CDKN1A,HMOX1,TNFRSF10D	0.011805608462311426	1.92791162442478
6	4	sasp_inflammatory	sasp	20	100	4	2	ICAM1,IL11,MIF,PTGS2	MIF,PTGS2	0.003567942938810839	2.4475820997997664
6	4	ecm_degradation	ecm_remodeling	17	100	0	0			1.0	-0.0
6	4	fibrocartilage_matrix	fibrocartilage	16	100	2	1	CILP,SOX9	SOX9	0.09544243031613857	1.0202585104583135
6	4	angiogenesis_hypoxia	communication	9	100	6	6	ANGPTL4,BNIP3,HMOX1,MIF,SLC2A1,VEGFA	ANGPTL4,BNIP3,HMOX1,MIF,SLC2A1,VEGFA	8.50051833556952e-08	7.070554591531095
6	4	paracrine_communication	communication	12	100	9	7	ANGPTL4,BMP2,CCN1,CCN2,IL11,INHBA,MIF,TNFRSF12A,VEGFA	ANGPTL4,BMP2,CCN1,INHBA,MIF,TNFRSF12A,VEGFA	6.420909104620564e-12	11.192403477979648
6	4	progenitor_interface	progenitor_interface	8	100	0	0			1.0	-0.0
6	4	generic_stress	generic_stress	14	100	3	3	HMOX1,HSPA5,PPP1R15A	HMOX1,HSPA5,PPP1R15A	0.009672696775446087	2.014452426494684
6	4	immune_contamination	contamination	13	100	0	0			1.0	-0.0
6	4	mural_contamination	contamination	10	100	0	0			1.0	-0.0
6	4	endothelial_contamination	contamination	7	100	0	0			1.0	-0.0
6	4	cycling_contamination	contamination	10	100	0	0			1.0	-0.0
6	5	senescence_core	senescence	15	100	2	0	IGFBP7,SERPINE1		0.08528558800432069	1.0691243519392781
6	5	sasp_inflammatory	sasp	20	100	1	0	SERPINE1		0.4890811644551101	0.31061906245110604
6	5	ecm_degradation	ecm_remodeling	17	100	5	5	COL1A1,COL1A2,COL3A1,POSTN,TGFBI	COL1A1,COL1A2,COL3A1,POSTN,TGFBI	0.00015794076795008926	3.801505754662355
6	5	fibrocartilage_matrix	fibrocartilage	16	100	0	0			1.0	-0.0
6	5	angiogenesis_hypoxia	communication	9	100	1	0	ANGPTL2		0.26039353388855496	0.5843698044025643
6	5	paracrine_communication	communication	12	100	0	0			1.0	-0.0
6	5	progenitor_interface	progenitor_interface	8	100	1	1	THY1	THY1	0.23515099238304482	0.6286531841066286
6	5	generic_stress	generic_stress	14	100	0	0			1.0	-0.0
6	5	immune_contamination	contamination	13	100	0	0			1.0	-0.0
6	5	mural_contamination	contamination	10	100	1	0	TAGLN		0.2848110468007849	0.5454431699804685
6	5	endothelial_contamination	contamination	7	100	0	0			1.0	-0.0
6	5	cycling_contamination	contamination	10	100	10	2	ASPM,BIRC5,CCNB2,CENPF,CEP55,MKI67,PIMREG,TOP2A,TPX2,UBE2C	ASPM,CENPF	9.519843714272747e-16	15.021370181298938
6	6	senescence_core	senescence	15	100	0	0			1.0	-0.0
6	6	sasp_inflammatory	sasp	20	100	1	0	CXCL1		0.4890811644551101	0.31061906245110604
6	6	ecm_degradation	ecm_remodeling	17	100	3	2	FN1,HTRA1,TIMP3	HTRA1,TIMP3	0.016822689959406997	1.7741045590065203
6	6	fibrocartilage_matrix	fibrocartilage	16	100	0	0			1.0	-0.0
6	6	angiogenesis_hypoxia	communication	9	100	0	0			1.0	-0.0
6	6	paracrine_communication	communication	12	100	1	1	HBEGF	HBEGF	0.3312769380627967	0.4798087965982188
6	6	progenitor_interface	progenitor_interface	8	100	5	5	HBEGF,ITGBL1,PRG4,SPARCL1,TIMP3	HBEGF,ITGBL1,PRG4,SPARCL1,TIMP3	1.8119298257958483e-06	5.7418586261182485
6	6	generic_stress	generic_stress	14	100	0	0			1.0	-0.0
6	6	immune_contamination	contamination	13	100	0	0			1.0	-0.0
6	6	mural_contamination	contamination	10	100	0	0			1.0	-0.0
6	6	endothelial_contamination	contamination	7	100	0	0			1.0	-0.0
6	6	cycling_contamination	contamination	10	100	0	0			1.0	-0.0
7	1	senescence_core	senescence	15	100	2	2	BTG2,GADD45B	BTG2,GADD45B	0.08528558800432069	1.0691243519392781
7	1	sasp_inflammatory	sasp	20	100	1	1	SOCS3	SOCS3	0.4890811644551101	0.31061906245110604
7	1	ecm_degradation	ecm_remodeling	17	100	2	1	LOX,MMP3	MMP3	0.10592506236370273	0.9750012716347
7	1	fibrocartilage_matrix	fibrocartilage	16	100	4	1	COMP,DCN,FRZB,PRELP	FRZB	0.0014832472387454557	2.8287864514845102
7	1	angiogenesis_hypoxia	communication	9	100	1	0	ADM		0.26039353388855496	0.5843698044025643
7	1	paracrine_communication	communication	12	100	0	0			1.0	-0.0
7	1	progenitor_interface	progenitor_interface	8	100	0	0			1.0	-0.0
7	1	generic_stress	generic_stress	14	100	8	8	DDIT4,FOS,JUN,MT1E,MT1M,MT1X,MT2A,TXNIP	DDIT4,FOS,JUN,MT1E,MT1M,MT1X,MT2A,TXNIP	2.6595794396900385e-09	8.57518703309156
7	1	immune_contamination	contamination	13	100	1	0	CD14		0.3533761800303181	0.45176272825891506
7	1	mural_contamination	contamination	10	100	0	0			1.0	-0.0
7	1	endothelial_contamination	contamination	7	100	0	0			1.0	-0.0
7	1	cycling_contamination	contamination	10	100	0	0			1.0	-0.0
7	2	senescence_core	senescence	15	100	0	0			1.0	-0.0
7	2	sasp_inflammatory	sasp	20	100	1	1	TNFAIP6	TNFAIP6	0.4890811644551101	0.31061906245110604
7	2	ecm_degradation	ecm_remodeling	17	100	4	2	COL3A1,FN1,HTRA1,TIMP1	FN1,HTRA1	0.0018910338451440306	2.7233006982159047
7	2	fibrocartilage_matrix	fibrocartilage	16	100	13	12	ACAN,CILP,CILP2,COL11A1,COL2A1,COL9A2,COL9A3,COMP,DCN,FMOD,MGP,PRELP,SCRG1	CILP,CILP2,COL11A1,COL2A1,COL9A2,COL9A3,COMP,DCN,FMOD,MGP,PRELP,SCRG1	1.2491711750116472e-17	16.90337804579776
7	2	angiogenesis_hypoxia	communication	9	100	1	0	ANGPTL2		0.26039353388855496	0.5843698044025643
7	2	paracrine_communication	communication	12	100	0	0			1.0	-0.0
7	2	progenitor_interface	progenitor_interface	8	100	1	0	GDF5		0.23515099238304482	0.6286531841066286
7	2	generic_stress	generic_stress	14	100	0	0			1.0	-0.0
7	2	immune_contamination	contamination	13	100	0	0			1.0	-0.0
7	2	mural_contamination	contamination	10	100	0	0			1.0	-0.0
7	2	endothelial_contamination	contamination	7	100	0	0			1.0	-0.0
7	2	cycling_contamination	contamination	10	100	0	0			1.0	-0.0
7	3	senescence_core	senescence	15	100	3	3	CDKN1A,HMOX1,TNFRSF10D	CDKN1A,HMOX1,TNFRSF10D	0.011805608462311426	1.92791162442478
7	3	sasp_inflammatory	sasp	20	100	4	2	ICAM1,IL11,MIF,PTGS2	MIF,PTGS2	0.003567942938810839	2.4475820997997664
7	3	ecm_degradation	ecm_remodeling	17	100	0	0			1.0	-0.0
7	3	fibrocartilage_matrix	fibrocartilage	16	100	2	1	CILP,SOX9	SOX9	0.09544243031613857	1.0202585104583135
7	3	angiogenesis_hypoxia	communication	9	100	6	6	ANGPTL4,BNIP3,HMOX1,MIF,SLC2A1,VEGFA	ANGPTL4,BNIP3,HMOX1,MIF,SLC2A1,VEGFA	8.50051833556952e-08	7.070554591531095
7	3	paracrine_communication	communication	12	100	9	7	ANGPTL4,BMP2,CCN1,CCN2,IL11,INHBA,MIF,TNFRSF12A,VEGFA	ANGPTL4,BMP2,CCN1,INHBA,MIF,TNFRSF12A,VEGFA	6.420909104620564e-12	11.192403477979648
7	3	progenitor_interface	progenitor_interface	8	100	0	0			1.0	-0.0
7	3	generic_stress	generic_stress	14	100	3	3	HMOX1,HSPA5,PPP1R15A	HMOX1,HSPA5,PPP1R15A	0.009672696775446087	2.014452426494684
7	3	immune_contamination	contamination	13	100	0	0			1.0	-0.0
7	3	mural_contamination	contamination	10	100	0	0			1.0	-0.0
7	3	endothelial_contamination	contamination	7	100	0	0			1.0	-0.0
7	3	cycling_contamination	contamination	10	100	0	0			1.0	-0.0
7	4	senescence_core	senescence	15	100	0	0			1.0	-0.0
7	4	sasp_inflammatory	sasp	20	100	0	0			1.0	-0.0
7	4	ecm_degradation	ecm_remodeling	17	100	1	1	MMP2	MMP2	0.43477131809319347	0.3617391140906241
7	4	fibrocartilage_matrix	fibrocartilage	16	100	0	0			1.0	-0.0
7	4	angiogenesis_hypoxia	communication	9	100	1	1	CXCL12	CXCL12	0.26039353388855496	0.5843698044025643
7	4	paracrine_communication	communication	12	100	1	1	CXCL12	CXCL12	0.3312769380627967	0.4798087965982188
7	4	progenitor_interface	progenitor_interface	8	100	0	0			1.0	-0.0
7	4	generic_stress	generic_stress	14	100	2	0	JUN,PPP1R15A		0.07548825739871948	1.1221205999412116
7	4	immune_contamination	contamination	13	100	0	0			1.0	-0.0
7	4	mural_contamination	contamination	10	100	0	0			1.0	-0.0
7	4	endothelial_contamination	contamination	7	100	0	0			1.0	-0.0
7	4	cycling_contamination	contamination	10	100	0	0			1.0	-0.0
7	5	senescence_core	senescence	15	100	2	0	IGFBP7,SERPINE1		0.08528558800432069	1.0691243519392781
7	5	sasp_inflammatory	sasp	20	100	1	0	SERPINE1		0.4890811644551101	0.31061906245110604
7	5	ecm_degradation	ecm_remodeling	17	100	5	5	COL1A1,COL1A2,COL3A1,POSTN,TGFBI	COL1A1,COL1A2,COL3A1,POSTN,TGFBI	0.00015794076795008926	3.801505754662355
7	5	fibrocartilage_matrix	fibrocartilage	16	100	0	0			1.0	-0.0
7	5	angiogenesis_hypoxia	communication	9	100	1	1	ANGPTL2	ANGPTL2	0.26039353388855496	0.5843698044025643
7	5	paracrine_communication	communication	12	100	0	0			1.0	-0.0
7	5	progenitor_interface	progenitor_interface	8	100	1	1	THY1	THY1	0.23515099238304482	0.6286531841066286
7	5	generic_stress	generic_stress	14	100	0	0			1.0	-0.0
7	5	immune_contamination	contamination	13	100	0	0			1.0	-0.0
7	5	mural_contamination	contamination	10	100	1	0	TAGLN		0.2848110468007849	0.5454431699804685
7	5	endothelial_contamination	contamination	7	100	0	0			1.0	-0.0
7	5	cycling_contamination	contamination	10	100	0	0			1.0	-0.0
7	6	senescence_core	senescence	15	100	0	0			1.0	-0.0
7	6	sasp_inflammatory	sasp	20	100	1	0	CXCL1		0.4890811644551101	0.31061906245110604
7	6	ecm_degradation	ecm_remodeling	17	100	3	2	FN1,HTRA1,TIMP3	HTRA1,TIMP3	0.016822689959406997	1.7741045590065203
7	6	fibrocartilage_matrix	fibrocartilage	16	100	0	0			1.0	-0.0
7	6	angiogenesis_hypoxia	communication	9	100	0	0			1.0	-0.0
7	6	paracrine_communication	communication	12	100	1	1	HBEGF	HBEGF	0.3312769380627967	0.4798087965982188
7	6	progenitor_interface	progenitor_interface	8	100	5	5	HBEGF,ITGBL1,PRG4,SPARCL1,TIMP3	HBEGF,ITGBL1,PRG4,SPARCL1,TIMP3	1.8119298257958483e-06	5.7418586261182485
7	6	generic_stress	generic_stress	14	100	0	0			1.0	-0.0
7	6	immune_contamination	contamination	13	100	0	0			1.0	-0.0
7	6	mural_contamination	contamination	10	100	0	0			1.0	-0.0
7	6	endothelial_contamination	contamination	7	100	0	0			1.0	-0.0
7	6	cycling_contamination	contamination	10	100	0	0			1.0	-0.0
7	7	senescence_core	senescence	15	100	1	0	LMNB1		0.3954283587985156	0.4029321877586527
7	7	sasp_inflammatory	sasp	20	100	0	0			1.0	-0.0
7	7	ecm_degradation	ecm_remodeling	17	100	0	0			1.0	-0.0
7	7	fibrocartilage_matrix	fibrocartilage	16	100	0	0			1.0	-0.0
7	7	angiogenesis_hypoxia	communication	9	100	0	0			1.0	-0.0
7	7	paracrine_communication	communication	12	100	1	0	TNFRSF12A		0.3312769380627967	0.4798087965982188
7	7	progenitor_interface	progenitor_interface	8	100	0	0			1.0	-0.0
7	7	generic_stress	generic_stress	14	100	0	0			1.0	-0.0
7	7	immune_contamination	contamination	13	100	12	5	AIF1,C1QA,C1QB,C1QC,CYBB,FOLR2,HLA-DQA1,HLA-DRA,MARCO,MS4A6A,PTPRC,TYROBP	C1QA,HLA-DQA1,HLA-DRA,PTPRC,TYROBP	1.0524942654286188e-17	16.977780261762597
7	7	mural_contamination	contamination	10	100	0	0			1.0	-0.0
7	7	endothelial_contamination	contamination	7	100	0	0			1.0	-0.0
7	7	cycling_contamination	contamination	10	100	10	10	ASPM,BIRC5,CCNB2,CENPF,CEP55,MKI67,PIMREG,TOP2A,TPX2,UBE2C	ASPM,BIRC5,CCNB2,CENPF,CEP55,MKI67,PIMREG,TOP2A,TPX2,UBE2C	9.519843714272747e-16	15.021370181298938
8	1	senescence_core	senescence	15	100	2	2	BTG2,GADD45B	BTG2,GADD45B	0.08528558800432069	1.0691243519392781
8	1	sasp_inflammatory	sasp	20	100	1	1	SOCS3	SOCS3	0.4890811644551101	0.31061906245110604
8	1	ecm_degradation	ecm_remodeling	17	100	2	1	LOX,MMP3	MMP3	0.10592506236370273	0.9750012716347
8	1	fibrocartilage_matrix	fibrocartilage	16	100	2	1	DCN,FRZB	FRZB	0.09544243031613857	1.0202585104583135
8	1	angiogenesis_hypoxia	communication	9	100	1	0	ADM		0.26039353388855496	0.5843698044025643
8	1	paracrine_communication	communication	12	100	0	0			1.0	-0.0
8	1	progenitor_interface	progenitor_interface	8	100	0	0			1.0	-0.0
8	1	generic_stress	generic_stress	14	100	8	8	DDIT4,FOS,JUN,MT1E,MT1M,MT1X,MT2A,TXNIP	DDIT4,FOS,JUN,MT1E,MT1M,MT1X,MT2A,TXNIP	2.6595794396900385e-09	8.57518703309156
8	1	immune_contamination	contamination	13	100	1	0	CD14		0.3533761800303181	0.45176272825891506
8	1	mural_contamination	contamination	10	100	0	0			1.0	-0.0
8	1	endothelial_contamination	contamination	7	100	0	0			1.0	-0.0
8	1	cycling_contamination	contamination	10	100	0	0			1.0	-0.0
8	2	senescence_core	senescence	15	100	0	0			1.0	-0.0
8	2	sasp_inflammatory	sasp	20	100	1	1	TNFAIP6	TNFAIP6	0.4890811644551101	0.31061906245110604
8	2	ecm_degradation	ecm_remodeling	17	100	4	2	COL3A1,FN1,HTRA1,TIMP1	FN1,HTRA1	0.0018910338451440306	2.7233006982159047
8	2	fibrocartilage_matrix	fibrocartilage	16	100	13	10	ACAN,CILP,CILP2,COL11A1,COL2A1,COL9A2,COL9A3,COMP,DCN,FMOD,MGP,PRELP,SCRG1	CILP,CILP2,COL11A1,COL2A1,COL9A3,COMP,FMOD,MGP,PRELP,SCRG1	1.2491711750116472e-17	16.90337804579776
8	2	angiogenesis_hypoxia	communication	9	100	1	0	ANGPTL2		0.26039353388855496	0.5843698044025643
8	2	paracrine_communication	communication	12	100	0	0			1.0	-0.0
8	2	progenitor_interface	progenitor_interface	8	100	1	0	GDF5		0.23515099238304482	0.6286531841066286
8	2	generic_stress	generic_stress	14	100	0	0			1.0	-0.0
8	2	immune_contamination	contamination	13	100	0	0			1.0	-0.0
8	2	mural_contamination	contamination	10	100	0	0			1.0	-0.0
8	2	endothelial_contamination	contamination	7	100	0	0			1.0	-0.0
8	2	cycling_contamination	contamination	10	100	0	0			1.0	-0.0
8	3	senescence_core	senescence	15	100	3	3	CDKN1A,HMOX1,TNFRSF10D	CDKN1A,HMOX1,TNFRSF10D	0.011805608462311426	1.92791162442478
8	3	sasp_inflammatory	sasp	20	100	4	2	ICAM1,IL11,MIF,PTGS2	MIF,PTGS2	0.003567942938810839	2.4475820997997664
8	3	ecm_degradation	ecm_remodeling	17	100	0	0			1.0	-0.0
8	3	fibrocartilage_matrix	fibrocartilage	16	100	2	1	CILP,SOX9	SOX9	0.09544243031613857	1.0202585104583135
8	3	angiogenesis_hypoxia	communication	9	100	6	6	ANGPTL4,BNIP3,HMOX1,MIF,SLC2A1,VEGFA	ANGPTL4,BNIP3,HMOX1,MIF,SLC2A1,VEGFA	8.50051833556952e-08	7.070554591531095
8	3	paracrine_communication	communication	12	100	9	7	ANGPTL4,BMP2,CCN1,CCN2,IL11,INHBA,MIF,TNFRSF12A,VEGFA	ANGPTL4,BMP2,CCN1,INHBA,MIF,TNFRSF12A,VEGFA	6.420909104620564e-12	11.192403477979648
8	3	progenitor_interface	progenitor_interface	8	100	0	0			1.0	-0.0
8	3	generic_stress	generic_stress	14	100	3	3	HMOX1,HSPA5,PPP1R15A	HMOX1,HSPA5,PPP1R15A	0.009672696775446087	2.014452426494684
8	3	immune_contamination	contamination	13	100	0	0			1.0	-0.0
8	3	mural_contamination	contamination	10	100	0	0			1.0	-0.0
8	3	endothelial_contamination	contamination	7	100	0	0			1.0	-0.0
8	3	cycling_contamination	contamination	10	100	0	0			1.0	-0.0
8	4	senescence_core	senescence	15	100	0	0			1.0	-0.0
8	4	sasp_inflammatory	sasp	20	100	0	0			1.0	-0.0
8	4	ecm_degradation	ecm_remodeling	17	100	1	1	MMP2	MMP2	0.43477131809319347	0.3617391140906241
8	4	fibrocartilage_matrix	fibrocartilage	16	100	0	0			1.0	-0.0
8	4	angiogenesis_hypoxia	communication	9	100	1	1	CXCL12	CXCL12	0.26039353388855496	0.5843698044025643
8	4	paracrine_communication	communication	12	100	1	1	CXCL12	CXCL12	0.3312769380627967	0.4798087965982188
8	4	progenitor_interface	progenitor_interface	8	100	0	0			1.0	-0.0
8	4	generic_stress	generic_stress	14	100	2	0	JUN,PPP1R15A		0.07548825739871948	1.1221205999412116
8	4	immune_contamination	contamination	13	100	0	0			1.0	-0.0
8	4	mural_contamination	contamination	10	100	0	0			1.0	-0.0
8	4	endothelial_contamination	contamination	7	100	0	0			1.0	-0.0
8	4	cycling_contamination	contamination	10	100	0	0			1.0	-0.0
8	5	senescence_core	senescence	15	100	2	0	IGFBP7,SERPINE1		0.08528558800432069	1.0691243519392781
8	5	sasp_inflammatory	sasp	20	100	1	0	SERPINE1		0.4890811644551101	0.31061906245110604
8	5	ecm_degradation	ecm_remodeling	17	100	5	5	COL1A1,COL1A2,COL3A1,POSTN,TGFBI	COL1A1,COL1A2,COL3A1,POSTN,TGFBI	0.00015794076795008926	3.801505754662355
8	5	fibrocartilage_matrix	fibrocartilage	16	100	0	0			1.0	-0.0
8	5	angiogenesis_hypoxia	communication	9	100	1	1	ANGPTL2	ANGPTL2	0.26039353388855496	0.5843698044025643
8	5	paracrine_communication	communication	12	100	0	0			1.0	-0.0
8	5	progenitor_interface	progenitor_interface	8	100	1	1	THY1	THY1	0.23515099238304482	0.6286531841066286
8	5	generic_stress	generic_stress	14	100	0	0			1.0	-0.0
8	5	immune_contamination	contamination	13	100	0	0			1.0	-0.0
8	5	mural_contamination	contamination	10	100	1	0	TAGLN		0.2848110468007849	0.5454431699804685
8	5	endothelial_contamination	contamination	7	100	0	0			1.0	-0.0
8	5	cycling_contamination	contamination	10	100	0	0			1.0	-0.0
8	6	senescence_core	senescence	15	100	0	0			1.0	-0.0
8	6	sasp_inflammatory	sasp	20	100	1	0	CXCL1		0.4890811644551101	0.31061906245110604
8	6	ecm_degradation	ecm_remodeling	17	100	3	2	FN1,HTRA1,TIMP3	HTRA1,TIMP3	0.016822689959406997	1.7741045590065203
8	6	fibrocartilage_matrix	fibrocartilage	16	100	0	0			1.0	-0.0
8	6	angiogenesis_hypoxia	communication	9	100	0	0			1.0	-0.0
8	6	paracrine_communication	communication	12	100	1	1	HBEGF	HBEGF	0.3312769380627967	0.4798087965982188
8	6	progenitor_interface	progenitor_interface	8	100	5	5	HBEGF,ITGBL1,PRG4,SPARCL1,TIMP3	HBEGF,ITGBL1,PRG4,SPARCL1,TIMP3	1.8119298257958483e-06	5.7418586261182485
8	6	generic_stress	generic_stress	14	100	0	0			1.0	-0.0
8	6	immune_contamination	contamination	13	100	0	0			1.0	-0.0
8	6	mural_contamination	contamination	10	100	0	0			1.0	-0.0
8	6	endothelial_contamination	contamination	7	100	0	0			1.0	-0.0
8	6	cycling_contamination	contamination	10	100	0	0			1.0	-0.0
8	7	senescence_core	senescence	15	100	0	0			1.0	-0.0
8	7	sasp_inflammatory	sasp	20	100	4	1	CCL3,CCL4,CXCL8,TNFAIP3	CCL4	0.003567942938810839	2.4475820997997664
8	7	ecm_degradation	ecm_remodeling	17	100	0	0			1.0	-0.0
8	7	fibrocartilage_matrix	fibrocartilage	16	100	0	0			1.0	-0.0
8	7	angiogenesis_hypoxia	communication	9	100	0	0			1.0	-0.0
8	7	paracrine_communication	communication	12	100	0	0			1.0	-0.0
8	7	progenitor_interface	progenitor_interface	8	100	0	0			1.0	-0.0
8	7	generic_stress	generic_stress	14	100	0	0			1.0	-0.0
8	7	immune_contamination	contamination	13	100	12	12	AIF1,C1QA,C1QB,C1QC,CYBB,FOLR2,HLA-DQA1,HLA-DRA,MARCO,MS4A6A,PTPRC,TYROBP	AIF1,C1QA,C1QB,C1QC,CYBB,FOLR2,HLA-DQA1,HLA-DRA,MARCO,MS4A6A,PTPRC,TYROBP	1.0524942654286188e-17	16.977780261762597
8	7	mural_contamination	contamination	10	100	0	0			1.0	-0.0
8	7	endothelial_contamination	contamination	7	100	2	0	EMCN,PECAM1		0.020221964382717908	1.6941766588767249
8	7	cycling_contamination	contamination	10	100	0	0			1.0	-0.0
8	8	senescence_core	senescence	15	100	2	0	CDKN2A,LMNB1		0.08528558800432069	1.0691243519392781
8	8	sasp_inflammatory	sasp	20	100	0	0			1.0	-0.0
8	8	ecm_degradation	ecm_remodeling	17	100	1	0	ADAMTS4		0.43477131809319347	0.3617391140906241
8	8	fibrocartilage_matrix	fibrocartilage	16	100	0	0			1.0	-0.0
8	8	angiogenesis_hypoxia	communication	9	100	0	0			1.0	-0.0
8	8	paracrine_communication	communication	12	100	1	0	TNFRSF12A		0.3312769380627967	0.4798087965982188
8	8	progenitor_interface	progenitor_interface	8	100	0	0			1.0	-0.0
8	8	generic_stress	generic_stress	14	100	0	0			1.0	-0.0
8	8	immune_contamination	contamination	13	100	3	0	HLA-DQA1,HLA-DRA,PTPRC		0.007783900365348736	2.1088027317140345
8	8	mural_contamination	contamination	10	100	0	0			1.0	-0.0
8	8	endothelial_contamination	contamination	7	100	0	0			1.0	-0.0
8	8	cycling_contamination	contamination	10	100	10	10	ASPM,BIRC5,CCNB2,CENPF,CEP55,MKI67,PIMREG,TOP2A,TPX2,UBE2C	ASPM,BIRC5,CCNB2,CENPF,CEP55,MKI67,PIMREG,TOP2A,TPX2,UBE2C	9.519843714272747e-16	15.021370181298938
9	1	senescence_core	senescence	15	100	2	1	BTG2,GADD45B	BTG2	0.08528558800432069	1.0691243519392781
9	1	sasp_inflammatory	sasp	20	100	2	1	SAA1,SOCS3	SOCS3	0.1390168715158232	0.8569324892309466
9	1	ecm_degradation	ecm_remodeling	17	100	3	1	ADAMTS5,LOX,MMP3	MMP3	0.016822689959406997	1.7741045590065203
9	1	fibrocartilage_matrix	fibrocartilage	16	100	0	0			1.0	-0.0
9	1	angiogenesis_hypoxia	communication	9	100	1	0	ADM		0.26039353388855496	0.5843698044025643
9	1	paracrine_communication	communication	12	100	0	0			1.0	-0.0
9	1	progenitor_interface	progenitor_interface	8	100	0	0			1.0	-0.0
9	1	generic_stress	generic_stress	14	100	8	8	DDIT4,FOS,JUN,MT1E,MT1M,MT1X,MT2A,TXNIP	DDIT4,FOS,JUN,MT1E,MT1M,MT1X,MT2A,TXNIP	2.6595794396900385e-09	8.57518703309156
9	1	immune_contamination	contamination	13	100	1	0	CD14		0.3533761800303181	0.45176272825891506
9	1	mural_contamination	contamination	10	100	0	0			1.0	-0.0
9	1	endothelial_contamination	contamination	7	100	0	0			1.0	-0.0
9	1	cycling_contamination	contamination	10	100	0	0			1.0	-0.0
9	2	senescence_core	senescence	15	100	1	0	GADD45B		0.3954283587985156	0.4029321877586527
9	2	sasp_inflammatory	sasp	20	100	0	0			1.0	-0.0
9	2	ecm_degradation	ecm_remodeling	17	100	1	0	COL3A1		0.43477131809319347	0.3617391140906241
9	2	fibrocartilage_matrix	fibrocartilage	16	100	15	15	ACAN,CHAD,CILP,CILP2,COL11A1,COL2A1,COL9A2,COL9A3,COMP,DCN,FMOD,FRZB,MGP,PRELP,SCRG1	ACAN,CHAD,CILP,CILP2,COL11A1,COL2A1,COL9A2,COL9A3,COMP,DCN,FMOD,FRZB,MGP,PRELP,SCRG1	3.0827374602485886e-22	21.51106346016496
9	2	angiogenesis_hypoxia	communication	9	100	1	0	ANGPTL2		0.26039353388855496	0.5843698044025643
9	2	paracrine_communication	communication	12	100	0	0			1.0	-0.0
9	2	progenitor_interface	progenitor_interface	8	100	1	0	GDF5		0.23515099238304482	0.6286531841066286
9	2	generic_stress	generic_stress	14	100	1	0	IER3		0.37475217407890277	0.42625583896605546
9	2	immune_contamination	contamination	13	100	0	0			1.0	-0.0
9	2	mural_contamination	contamination	10	100	0	0			1.0	-0.0
9	2	endothelial_contamination	contamination	7	100	0	0			1.0	-0.0
9	2	cycling_contamination	contamination	10	100	0	0			1.0	-0.0
9	3	senescence_core	senescence	15	100	4	3	BTG2,CDKN1A,HMOX1,TNFRSF10D	CDKN1A,HMOX1,TNFRSF10D	0.0011410500279847252	2.942695314038047
9	3	sasp_inflammatory	sasp	20	100	4	2	ICAM1,IL11,MIF,PTGS2	MIF,PTGS2	0.003567942938810839	2.4475820997997664
9	3	ecm_degradation	ecm_remodeling	17	100	0	0			1.0	-0.0
9	3	fibrocartilage_matrix	fibrocartilage	16	100	2	1	CILP,SOX9	SOX9	0.09544243031613857	1.0202585104583135
9	3	angiogenesis_hypoxia	communication	9	100	6	6	ANGPTL4,BNIP3,HMOX1,MIF,SLC2A1,VEGFA	ANGPTL4,BNIP3,HMOX1,MIF,SLC2A1,VEGFA	8.50051833556952e-08	7.070554591531095
9	3	paracrine_communication	communication	12	100	9	8	ANGPTL4,BMP2,CCN1,CCN2,IL11,INHBA,MIF,TNFRSF12A,VEGFA	ANGPTL4,BMP2,CCN1,CCN2,INHBA,MIF,TNFRSF12A,VEGFA	6.420909104620564e-12	11.192403477979648
9	3	progenitor_interface	progenitor_interface	8	100	0	0			1.0	-0.0
9	3	generic_stress	generic_stress	14	100	3	3	HMOX1,HSPA5,PPP1R15A	HMOX1,HSPA5,PPP1R15A	0.009672696775446087	2.014452426494684
9	3	immune_contamination	contamination	13	100	0	0			1.0	-0.0
9	3	mural_contamination	contamination	10	100	0	0			1.0	-0.0
9	3	endothelial_contamination	contamination	7	100	0	0			1.0	-0.0
9	3	cycling_contamination	contamination	10	100	0	0			1.0	-0.0
9	4	senescence_core	senescence	15	100	0	0			1.0	-0.0
9	4	sasp_inflammatory	sasp	20	100	0	0			1.0	-0.0
9	4	ecm_degradation	ecm_remodeling	17	100	1	1	MMP2	MMP2	0.43477131809319347	0.3617391140906241
9	4	fibrocartilage_matrix	fibrocartilage	16	100	0	0			1.0	-0.0
9	4	angiogenesis_hypoxia	communication	9	100	1	1	CXCL12	CXCL12	0.26039353388855496	0.5843698044025643
9	4	paracrine_communication	communication	12	100	1	1	CXCL12	CXCL12	0.3312769380627967	0.4798087965982188
9	4	progenitor_interface	progenitor_interface	8	100	0	0			1.0	-0.0
9	4	generic_stress	generic_stress	14	100	2	0	JUN,PPP1R15A		0.07548825739871948	1.1221205999412116
9	4	immune_contamination	contamination	13	100	0	0			1.0	-0.0
9	4	mural_contamination	contamination	10	100	0	0			1.0	-0.0
9	4	endothelial_contamination	contamination	7	100	0	0			1.0	-0.0
9	4	cycling_contamination	contamination	10	100	0	0			1.0	-0.0
9	5	senescence_core	senescence	15	100	2	0	IGFBP7,SERPINE1		0.08528558800432069	1.0691243519392781
9	5	sasp_inflammatory	sasp	20	100	1	0	SERPINE1		0.4890811644551101	0.31061906245110604
9	5	ecm_degradation	ecm_remodeling	17	100	5	5	COL1A1,COL1A2,COL3A1,POSTN,TGFBI	COL1A1,COL1A2,COL3A1,POSTN,TGFBI	0.00015794076795008926	3.801505754662355
9	5	fibrocartilage_matrix	fibrocartilage	16	100	0	0			1.0	-0.0
9	5	angiogenesis_hypoxia	communication	9	100	1	1	ANGPTL2	ANGPTL2	0.26039353388855496	0.5843698044025643
9	5	paracrine_communication	communication	12	100	0	0			1.0	-0.0
9	5	progenitor_interface	progenitor_interface	8	100	1	1	THY1	THY1	0.23515099238304482	0.6286531841066286
9	5	generic_stress	generic_stress	14	100	0	0			1.0	-0.0
9	5	immune_contamination	contamination	13	100	0	0			1.0	-0.0
9	5	mural_contamination	contamination	10	100	1	0	TAGLN		0.2848110468007849	0.5454431699804685
9	5	endothelial_contamination	contamination	7	100	0	0			1.0	-0.0
9	5	cycling_contamination	contamination	10	100	0	0			1.0	-0.0
9	6	senescence_core	senescence	15	100	0	0			1.0	-0.0
9	6	sasp_inflammatory	sasp	20	100	1	0	CXCL1		0.4890811644551101	0.31061906245110604
9	6	ecm_degradation	ecm_remodeling	17	100	2	2	HTRA1,TIMP3	HTRA1,TIMP3	0.10592506236370273	0.9750012716347
9	6	fibrocartilage_matrix	fibrocartilage	16	100	0	0			1.0	-0.0
9	6	angiogenesis_hypoxia	communication	9	100	0	0			1.0	-0.0
9	6	paracrine_communication	communication	12	100	1	1	HBEGF	HBEGF	0.3312769380627967	0.4798087965982188
9	6	progenitor_interface	progenitor_interface	8	100	5	5	HBEGF,ITGBL1,PRG4,SPARCL1,TIMP3	HBEGF,ITGBL1,PRG4,SPARCL1,TIMP3	1.8119298257958483e-06	5.7418586261182485
9	6	generic_stress	generic_stress	14	100	0	0			1.0	-0.0
9	6	immune_contamination	contamination	13	100	0	0			1.0	-0.0
9	6	mural_contamination	contamination	10	100	0	0			1.0	-0.0
9	6	endothelial_contamination	contamination	7	100	0	0			1.0	-0.0
9	6	cycling_contamination	contamination	10	100	0	0			1.0	-0.0
9	7	senescence_core	senescence	15	100	1	1	IGFBP5	IGFBP5	0.3954283587985156	0.4029321877586527
9	7	sasp_inflammatory	sasp	20	100	2	1	IL11,TNFAIP6	TNFAIP6	0.1390168715158232	0.8569324892309466
9	7	ecm_degradation	ecm_remodeling	17	100	4	4	FN1,HTRA1,TIMP1,TIMP3	FN1,HTRA1,TIMP1,TIMP3	0.0018910338451440306	2.7233006982159047
9	7	fibrocartilage_matrix	fibrocartilage	16	100	1	0	FMOD		0.41542742069734107	0.3815048408184566
9	7	angiogenesis_hypoxia	communication	9	100	0	0			1.0	-0.0
9	7	paracrine_communication	communication	12	100	2	0	IL11,INHBA		0.057116475362200825	1.243238600566202
9	7	progenitor_interface	progenitor_interface	8	100	2	2	PRG4,TIMP3	PRG4,TIMP3	0.02638974840707613	1.578564750209635
9	7	generic_stress	generic_stress	14	100	0	0			1.0	-0.0
9	7	immune_contamination	contamination	13	100	0	0			1.0	-0.0
9	7	mural_contamination	contamination	10	100	0	0			1.0	-0.0
9	7	endothelial_contamination	contamination	7	100	0	0			1.0	-0.0
9	7	cycling_contamination	contamination	10	100	0	0			1.0	-0.0
9	8	senescence_core	senescence	15	100	0	0			1.0	-0.0
9	8	sasp_inflammatory	sasp	20	100	4	1	CCL3,CCL4,CXCL8,TNFAIP3	CCL4	0.003567942938810839	2.4475820997997664
9	8	ecm_degradation	ecm_remodeling	17	100	0	0			1.0	-0.0
9	8	fibrocartilage_matrix	fibrocartilage	16	100	0	0			1.0	-0.0
9	8	angiogenesis_hypoxia	communication	9	100	0	0			1.0	-0.0
9	8	paracrine_communication	communication	12	100	0	0			1.0	-0.0
9	8	progenitor_interface	progenitor_interface	8	100	0	0			1.0	-0.0
9	8	generic_stress	generic_stress	14	100	0	0			1.0	-0.0
9	8	immune_contamination	contamination	13	100	12	12	AIF1,C1QA,C1QB,C1QC,CYBB,FOLR2,HLA-DQA1,HLA-DRA,MARCO,MS4A6A,PTPRC,TYROBP	AIF1,C1QA,C1QB,C1QC,CYBB,FOLR2,HLA-DQA1,HLA-DRA,MARCO,MS4A6A,PTPRC,TYROBP	1.0524942654286188e-17	16.977780261762597
9	8	mural_contamination	contamination	10	100	0	0			1.0	-0.0
9	8	endothelial_contamination	contamination	7	100	2	0	EMCN,PECAM1		0.020221964382717908	1.6941766588767249
9	8	cycling_contamination	contamination	10	100	0	0			1.0	-0.0
9	9	senescence_core	senescence	15	100	1	0	LMNB1		0.3954283587985156	0.4029321877586527
9	9	sasp_inflammatory	sasp	20	100	0	0			1.0	-0.0
9	9	ecm_degradation	ecm_remodeling	17	100	0	0			1.0	-0.0
9	9	fibrocartilage_matrix	fibrocartilage	16	100	0	0			1.0	-0.0
9	9	angiogenesis_hypoxia	communication	9	100	0	0			1.0	-0.0
9	9	paracrine_communication	communication	12	100	1	0	TNFRSF12A		0.3312769380627967	0.4798087965982188
9	9	progenitor_interface	progenitor_interface	8	100	0	0			1.0	-0.0
9	9	generic_stress	generic_stress	14	100	0	0			1.0	-0.0
9	9	immune_contamination	contamination	13	100	3	0	HLA-DQA1,HLA-DRA,PTPRC		0.007783900365348736	2.1088027317140345
9	9	mural_contamination	contamination	10	100	0	0			1.0	-0.0
9	9	endothelial_contamination	contamination	7	100	0	0			1.0	-0.0
9	9	cycling_contamination	contamination	10	100	10	10	ASPM,BIRC5,CCNB2,CENPF,CEP55,MKI67,PIMREG,TOP2A,TPX2,UBE2C	ASPM,BIRC5,CCNB2,CENPF,CEP55,MKI67,PIMREG,TOP2A,TPX2,UBE2C	9.519843714272747e-16	15.021370181298938
10	1	senescence_core	senescence	15	100	2	1	BTG2,GADD45B	BTG2	0.08528558800432069	1.0691243519392781
10	1	sasp_inflammatory	sasp	20	100	2	1	SAA1,SOCS3	SOCS3	0.1390168715158232	0.8569324892309466
10	1	ecm_degradation	ecm_remodeling	17	100	3	1	ADAMTS5,LOX,MMP3	MMP3	0.016822689959406997	1.7741045590065203
10	1	fibrocartilage_matrix	fibrocartilage	16	100	0	0			1.0	-0.0
10	1	angiogenesis_hypoxia	communication	9	100	1	0	ADM		0.26039353388855496	0.5843698044025643
10	1	paracrine_communication	communication	12	100	0	0			1.0	-0.0
10	1	progenitor_interface	progenitor_interface	8	100	0	0			1.0	-0.0
10	1	generic_stress	generic_stress	14	100	9	8	ATF3,DDIT4,FOS,JUN,MT1E,MT1M,MT1X,MT2A,TXNIP	DDIT4,FOS,JUN,MT1E,MT1M,MT1X,MT2A,TXNIP	5.53130617854183e-11	10.257172301037093
10	1	immune_contamination	contamination	13	100	1	0	CD14		0.3533761800303181	0.45176272825891506
10	1	mural_contamination	contamination	10	100	0	0			1.0	-0.0
10	1	endothelial_contamination	contamination	7	100	0	0			1.0	-0.0
10	1	cycling_contamination	contamination	10	100	0	0			1.0	-0.0
10	2	senescence_core	senescence	15	100	1	0	GADD45B		0.3954283587985156	0.4029321877586527
10	2	sasp_inflammatory	sasp	20	100	0	0			1.0	-0.0
10	2	ecm_degradation	ecm_remodeling	17	100	1	0	COL3A1		0.43477131809319347	0.3617391140906241
10	2	fibrocartilage_matrix	fibrocartilage	16	100	15	15	ACAN,CHAD,CILP,CILP2,COL11A1,COL2A1,COL9A2,COL9A3,COMP,DCN,FMOD,FRZB,MGP,PRELP,SCRG1	ACAN,CHAD,CILP,CILP2,COL11A1,COL2A1,COL9A2,COL9A3,COMP,DCN,FMOD,FRZB,MGP,PRELP,SCRG1	3.0827374602485886e-22	21.51106346016496
10	2	angiogenesis_hypoxia	communication	9	100	1	0	ANGPTL2		0.26039353388855496	0.5843698044025643
10	2	paracrine_communication	communication	12	100	0	0			1.0	-0.0
10	2	progenitor_interface	progenitor_interface	8	100	1	0	GDF5		0.23515099238304482	0.6286531841066286
10	2	generic_stress	generic_stress	14	100	1	0	IER3		0.37475217407890277	0.42625583896605546
10	2	immune_contamination	contamination	13	100	0	0			1.0	-0.0
10	2	mural_contamination	contamination	10	100	0	0			1.0	-0.0
10	2	endothelial_contamination	contamination	7	100	0	0			1.0	-0.0
10	2	cycling_contamination	contamination	10	100	0	0			1.0	-0.0
10	3	senescence_core	senescence	15	100	0	0			1.0	-0.0
10	3	sasp_inflammatory	sasp	20	100	1	0	MIF		0.4890811644551101	0.31061906245110604
10	3	ecm_degradation	ecm_remodeling	17	100	0	0			1.0	-0.0
10	3	fibrocartilage_matrix	fibrocartilage	16	100	3	2	CILP,DCN,PRELP	CILP,DCN	0.01418769182159589	1.8480882536391943
10	3	angiogenesis_hypoxia	communication	9	100	1	0	MIF		0.26039353388855496	0.5843698044025643
10	3	paracrine_communication	communication	12	100	3	2	CCN1,CCN2,MIF	CCN1,CCN2	0.006132741775973217	2.212345321246125
10	3	progenitor_interface	progenitor_interface	8	100	0	0			1.0	-0.0
10	3	generic_stress	generic_stress	14	100	0	0			1.0	-0.0
10	3	immune_contamination	contamination	13	100	0	0			1.0	-0.0
10	3	mural_contamination	contamination	10	100	0	0			1.0	-0.0
10	3	endothelial_contamination	contamination	7	100	0	0			1.0	-0.0
10	3	cycling_contamination	contamination	10	100	0	0			1.0	-0.0
10	4	senescence_core	senescence	15	100	0	0			1.0	-0.0
10	4	sasp_inflammatory	sasp	20	100	0	0			1.0	-0.0
10	4	ecm_degradation	ecm_remodeling	17	100	1	1	MMP2	MMP2	0.43477131809319347	0.3617391140906241
10	4	fibrocartilage_matrix	fibrocartilage	16	100	0	0			1.0	-0.0
10	4	angiogenesis_hypoxia	communication	9	100	1	1	CXCL12	CXCL12	0.26039353388855496	0.5843698044025643
10	4	paracrine_communication	communication	12	100	1	1	CXCL12	CXCL12	0.3312769380627967	0.4798087965982188
10	4	progenitor_interface	progenitor_interface	8	100	0	0			1.0	-0.0
10	4	generic_stress	generic_stress	14	100	2	0	JUN,PPP1R15A		0.07548825739871948	1.1221205999412116
10	4	immune_contamination	contamination	13	100	0	0			1.0	-0.0
10	4	mural_contamination	contamination	10	100	0	0			1.0	-0.0
10	4	endothelial_contamination	contamination	7	100	0	0			1.0	-0.0
10	4	cycling_contamination	contamination	10	100	0	0			1.0	-0.0
10	5	senescence_core	senescence	15	100	3	3	CDKN1A,HMOX1,TNFRSF10D	CDKN1A,HMOX1,TNFRSF10D	0.011805608462311426	1.92791162442478
10	5	sasp_inflammatory	sasp	20	100	4	3	ICAM1,IL11,MIF,PTGS2	IL11,MIF,PTGS2	0.003567942938810839	2.4475820997997664
10	5	ecm_degradation	ecm_remodeling	17	100	0	0			1.0	-0.0
10	5	fibrocartilage_matrix	fibrocartilage	16	100	1	1	SOX9	SOX9	0.41542742069734107	0.3815048408184566
10	5	angiogenesis_hypoxia	communication	9	100	6	6	ANGPTL4,BNIP3,HMOX1,MIF,SLC2A1,VEGFA	ANGPTL4,BNIP3,HMOX1,MIF,SLC2A1,VEGFA	8.50051833556952e-08	7.070554591531095
10	5	paracrine_communication	communication	12	100	8	7	ANGPTL4,BMP2,CCN1,IL11,INHBA,MIF,TNFRSF12A,VEGFA	ANGPTL4,BMP2,IL11,INHBA,MIF,TNFRSF12A,VEGFA	4.630435074285933e-10	9.33437820088605
10	5	progenitor_interface	progenitor_interface	8	100	0	0			1.0	-0.0
10	5	generic_stress	generic_stress	14	100	5	4	HMOX1,HSPA5,IER3,MT2A,PPP1R15A	HMOX1,HSPA5,IER3,PPP1R15A	5.529551904587946e-05	4.257310060964683
10	5	immune_contamination	contamination	13	100	0	0			1.0	-0.0
10	5	mural_contamination	contamination	10	100	0	0			1.0	-0.0
10	5	endothelial_contamination	contamination	7	100	0	0			1.0	-0.0
10	5	cycling_contamination	contamination	10	100	0	0			1.0	-0.0
10	6	senescence_core	senescence	15	100	0	0			1.0	-0.0
10	6	sasp_inflammatory	sasp	20	100	1	0	CXCL1		0.4890811644551101	0.31061906245110604
10	6	ecm_degradation	ecm_remodeling	17	100	2	2	HTRA1,TIMP3	HTRA1,TIMP3	0.10592506236370273	0.9750012716347
10	6	fibrocartilage_matrix	fibrocartilage	16	100	0	0			1.0	-0.0
10	6	angiogenesis_hypoxia	communication	9	100	0	0			1.0	-0.0
10	6	paracrine_communication	communication	12	100	1	1	HBEGF	HBEGF	0.3312769380627967	0.4798087965982188
10	6	progenitor_interface	progenitor_interface	8	100	5	5	HBEGF,ITGBL1,PRG4,SPARCL1,TIMP3	HBEGF,ITGBL1,PRG4,SPARCL1,TIMP3	1.8119298257958483e-06	5.7418586261182485
10	6	generic_stress	generic_stress	14	100	0	0			1.0	-0.0
10	6	immune_contamination	contamination	13	100	0	0			1.0	-0.0
10	6	mural_contamination	contamination	10	100	0	0			1.0	-0.0
10	6	endothelial_contamination	contamination	7	100	0	0			1.0	-0.0
10	6	cycling_contamination	contamination	10	100	0	0			1.0	-0.0
10	7	senescence_core	senescence	15	100	2	0	IGFBP7,SERPINE1		0.08528558800432069	1.0691243519392781
10	7	sasp_inflammatory	sasp	20	100	1	0	SERPINE1		0.4890811644551101	0.31061906245110604
10	7	ecm_degradation	ecm_remodeling	17	100	6	5	COL1A1,COL1A2,COL3A1,MMP2,POSTN,TGFBI	COL1A1,COL1A2,COL3A1,POSTN,TGFBI	1.0100702308391408e-05	4.995648428390129
10	7	fibrocartilage_matrix	fibrocartilage	16	100	0	0			1.0	-0.0
10	7	angiogenesis_hypoxia	communication	9	100	1	0	ANGPTL2		0.26039353388855496	0.5843698044025643
10	7	paracrine_communication	communication	12	100	1	0	TNFRSF12A		0.3312769380627967	0.4798087965982188
10	7	progenitor_interface	progenitor_interface	8	100	1	1	THY1	THY1	0.23515099238304482	0.6286531841066286
10	7	generic_stress	generic_stress	14	100	0	0			1.0	-0.0
10	7	immune_contamination	contamination	13	100	0	0			1.0	-0.0
10	7	mural_contamination	contamination	10	100	1	0	TAGLN		0.2848110468007849	0.5454431699804685
10	7	endothelial_contamination	contamination	7	100	0	0			1.0	-0.0
10	7	cycling_contamination	contamination	10	100	0	0			1.0	-0.0
10	8	senescence_core	senescence	15	100	1	1	IGFBP5	IGFBP5	0.3954283587985156	0.4029321877586527
10	8	sasp_inflammatory	sasp	20	100	1	1	TNFAIP6	TNFAIP6	0.4890811644551101	0.31061906245110604
10	8	ecm_degradation	ecm_remodeling	17	100	4	4	FN1,HTRA1,TIMP1,TIMP3	FN1,HTRA1,TIMP1,TIMP3	0.0018910338451440306	2.7233006982159047
10	8	fibrocartilage_matrix	fibrocartilage	16	100	1	0	FMOD		0.41542742069734107	0.3815048408184566
10	8	angiogenesis_hypoxia	communication	9	100	1	0	ANGPTL2		0.26039353388855496	0.5843698044025643
10	8	paracrine_communication	communication	12	100	0	0			1.0	-0.0
10	8	progenitor_interface	progenitor_interface	8	100	2	2	PRG4,TIMP3	PRG4,TIMP3	0.02638974840707613	1.578564750209635
10	8	generic_stress	generic_stress	14	100	0	0			1.0	-0.0
10	8	immune_contamination	contamination	13	100	0	0			1.0	-0.0
10	8	mural_contamination	contamination	10	100	0	0			1.0	-0.0
10	8	endothelial_contamination	contamination	7	100	0	0			1.0	-0.0
10	8	cycling_contamination	contamination	10	100	0	0			1.0	-0.0
10	9	senescence_core	senescence	15	100	0	0			1.0	-0.0
10	9	sasp_inflammatory	sasp	20	100	4	1	CCL3,CCL4,CXCL8,TNFAIP3	CCL4	0.003567942938810839	2.4475820997997664
10	9	ecm_degradation	ecm_remodeling	17	100	0	0			1.0	-0.0
10	9	fibrocartilage_matrix	fibrocartilage	16	100	0	0			1.0	-0.0
10	9	angiogenesis_hypoxia	communication	9	100	0	0			1.0	-0.0
10	9	paracrine_communication	communication	12	100	0	0			1.0	-0.0
10	9	progenitor_interface	progenitor_interface	8	100	0	0			1.0	-0.0
10	9	generic_stress	generic_stress	14	100	0	0			1.0	-0.0
10	9	immune_contamination	contamination	13	100	12	12	AIF1,C1QA,C1QB,C1QC,CYBB,FOLR2,HLA-DQA1,HLA-DRA,MARCO,MS4A6A,PTPRC,TYROBP	AIF1,C1QA,C1QB,C1QC,CYBB,FOLR2,HLA-DQA1,HLA-DRA,MARCO,MS4A6A,PTPRC,TYROBP	1.0524942654286188e-17	16.977780261762597
10	9	mural_contamination	contamination	10	100	0	0			1.0	-0.0
10	9	endothelial_contamination	contamination	7	100	2	0	EMCN,PECAM1		0.020221964382717908	1.6941766588767249
10	9	cycling_contamination	contamination	10	100	0	0			1.0	-0.0
10	10	senescence_core	senescence	15	100	1	0	LMNB1		0.3954283587985156	0.4029321877586527
10	10	sasp_inflammatory	sasp	20	100	0	0			1.0	-0.0
10	10	ecm_degradation	ecm_remodeling	17	100	0	0			1.0	-0.0
10	10	fibrocartilage_matrix	fibrocartilage	16	100	0	0			1.0	-0.0
10	10	angiogenesis_hypoxia	communication	9	100	0	0			1.0	-0.0
10	10	paracrine_communication	communication	12	100	1	0	TNFRSF12A		0.3312769380627967	0.4798087965982188
10	10	progenitor_interface	progenitor_interface	8	100	0	0			1.0	-0.0
10	10	generic_stress	generic_stress	14	100	0	0			1.0	-0.0
10	10	immune_contamination	contamination	13	100	3	0	HLA-DQA1,HLA-DRA,PTPRC		0.007783900365348736	2.1088027317140345
10	10	mural_contamination	contamination	10	100	0	0			1.0	-0.0
10	10	endothelial_contamination	contamination	7	100	0	0			1.0	-0.0
10	10	cycling_contamination	contamination	10	100	10	10	ASPM,BIRC5,CCNB2,CENPF,CEP55,MKI67,PIMREG,TOP2A,TPX2,UBE2C	ASPM,BIRC5,CCNB2,CENPF,CEP55,MKI67,PIMREG,TOP2A,TPX2,UBE2C	9.519843714272747e-16	15.021370181298938
12	1	senescence_core	senescence	15	100	1	0	TNFRSF10D		0.3954283587985156	0.4029321877586527
12	1	sasp_inflammatory	sasp	20	100	3	1	ICAM1,SAA1,SOCS3	SAA1	0.02626499908109733	1.5806226100550231
12	1	ecm_degradation	ecm_remodeling	17	100	2	1	LOX,MMP3	LOX	0.10592506236370273	0.9750012716347
12	1	fibrocartilage_matrix	fibrocartilage	16	100	0	0			1.0	-0.0
12	1	angiogenesis_hypoxia	communication	9	100	4	3	ADM,ANGPTL4,BNIP3,SLC2A1	ADM,ANGPTL4,BNIP3	0.00012272363799414472	3.9110717790684646
12	1	paracrine_communication	communication	12	100	1	1	ANGPTL4	ANGPTL4	0.3312769380627967	0.4798087965982188
12	1	progenitor_interface	progenitor_interface	8	100	0	0			1.0	-0.0
12	1	generic_stress	generic_stress	14	100	7	7	DDIT4,FOS,MT1E,MT1M,MT1X,MT2A,TXNIP	DDIT4,FOS,MT1E,MT1M,MT1X,MT2A,TXNIP	9.649317722790935e-08	7.015503393361119
12	1	immune_contamination	contamination	13	100	1	0	CD14		0.3533761800303181	0.45176272825891506
12	1	mural_contamination	contamination	10	100	0	0			1.0	-0.0
12	1	endothelial_contamination	contamination	7	100	0	0			1.0	-0.0
12	1	cycling_contamination	contamination	10	100	0	0			1.0	-0.0
12	2	senescence_core	senescence	15	100	1	0	GADD45B		0.3954283587985156	0.4029321877586527
12	2	sasp_inflammatory	sasp	20	100	0	0			1.0	-0.0
12	2	ecm_degradation	ecm_remodeling	17	100	1	0	COL3A1		0.43477131809319347	0.3617391140906241
12	2	fibrocartilage_matrix	fibrocartilage	16	100	15	15	ACAN,CHAD,CILP,CILP2,COL11A1,COL2A1,COL9A2,COL9A3,COMP,DCN,FMOD,FRZB,MGP,PRELP,SCRG1	ACAN,CHAD,CILP,CILP2,COL11A1,COL2A1,COL9A2,COL9A3,COMP,DCN,FMOD,FRZB,MGP,PRELP,SCRG1	3.0827374602485886e-22	21.51106346016496
12	2	angiogenesis_hypoxia	communication	9	100	0	0			1.0	-0.0
12	2	paracrine_communication	communication	12	100	0	0			1.0	-0.0
12	2	progenitor_interface	progenitor_interface	8	100	1	0	GDF5		0.23515099238304482	0.6286531841066286
12	2	generic_stress	generic_stress	14	100	1	0	IER3		0.37475217407890277	0.42625583896605546
12	2	immune_contamination	contamination	13	100	0	0			1.0	-0.0
12	2	mural_contamination	contamination	10	100	0	0			1.0	-0.0
12	2	endothelial_contamination	contamination	7	100	0	0			1.0	-0.0
12	2	cycling_contamination	contamination	10	100	0	0			1.0	-0.0
12	3	senescence_core	senescence	15	100	0	0			1.0	-0.0
12	3	sasp_inflammatory	sasp	20	100	1	0	MIF		0.4890811644551101	0.31061906245110604
12	3	ecm_degradation	ecm_remodeling	17	100	0	0			1.0	-0.0
12	3	fibrocartilage_matrix	fibrocartilage	16	100	3	2	CILP,DCN,PRELP	CILP,DCN	0.01418769182159589	1.8480882536391943
12	3	angiogenesis_hypoxia	communication	9	100	1	0	MIF		0.26039353388855496	0.5843698044025643
12	3	paracrine_communication	communication	12	100	3	2	CCN1,CCN2,MIF	CCN1,CCN2	0.006132741775973217	2.212345321246125
12	3	progenitor_interface	progenitor_interface	8	100	0	0			1.0	-0.0
12	3	generic_stress	generic_stress	14	100	0	0			1.0	-0.0
12	3	immune_contamination	contamination	13	100	0	0			1.0	-0.0
12	3	mural_contamination	contamination	10	100	0	0			1.0	-0.0
12	3	endothelial_contamination	contamination	7	100	0	0			1.0	-0.0
12	3	cycling_contamination	contamination	10	100	0	0			1.0	-0.0
12	4	senescence_core	senescence	15	100	3	0	BTG2,GADD45B,GADD45G		0.011805608462311426	1.92791162442478
12	4	sasp_inflammatory	sasp	20	100	1	0	SOCS3		0.4890811644551101	0.31061906245110604
12	4	ecm_degradation	ecm_remodeling	17	100	2	1	ADAMTS5,MMP3	ADAMTS5	0.10592506236370273	0.9750012716347
12	4	fibrocartilage_matrix	fibrocartilage	16	100	0	0			1.0	-0.0
12	4	angiogenesis_hypoxia	communication	9	100	0	0			1.0	-0.0
12	4	paracrine_communication	communication	12	100	0	0			1.0	-0.0
12	4	progenitor_interface	progenitor_interface	8	100	0	0			1.0	-0.0
12	4	generic_stress	generic_stress	14	100	2	2	ATF3,JUN	ATF3,JUN	0.07548825739871948	1.1221205999412116
12	4	immune_contamination	contamination	13	100	0	0			1.0	-0.0
12	4	mural_contamination	contamination	10	100	0	0			1.0	-0.0
12	4	endothelial_contamination	contamination	7	100	1	0	RAMP2		0.20905583688604873	0.6797377023445434
12	4	cycling_contamination	contamination	10	100	0	0			1.0	-0.0
12	5	senescence_core	senescence	15	100	0	0			1.0	-0.0
12	5	sasp_inflammatory	sasp	20	100	0	0			1.0	-0.0
12	5	ecm_degradation	ecm_remodeling	17	100	1	1	MMP2	MMP2	0.43477131809319347	0.3617391140906241
12	5	fibrocartilage_matrix	fibrocartilage	16	100	0	0			1.0	-0.0
12	5	angiogenesis_hypoxia	communication	9	100	1	1	CXCL12	CXCL12	0.26039353388855496	0.5843698044025643
12	5	paracrine_communication	communication	12	100	1	1	CXCL12	CXCL12	0.3312769380627967	0.4798087965982188
12	5	progenitor_interface	progenitor_interface	8	100	0	0			1.0	-0.0
12	5	generic_stress	generic_stress	14	100	0	0			1.0	-0.0
12	5	immune_contamination	contamination	13	100	0	0			1.0	-0.0
12	5	mural_contamination	contamination	10	100	0	0			1.0	-0.0
12	5	endothelial_contamination	contamination	7	100	0	0			1.0	-0.0
12	5	cycling_contamination	contamination	10	100	0	0			1.0	-0.0
12	6	senescence_core	senescence	15	100	2	0	IGFBP7,SERPINE1		0.08528558800432069	1.0691243519392781
12	6	sasp_inflammatory	sasp	20	100	1	0	SERPINE1		0.4890811644551101	0.31061906245110604
12	6	ecm_degradation	ecm_remodeling	17	100	6	5	COL1A1,COL1A2,COL3A1,MMP2,POSTN,TGFBI	COL1A1,COL1A2,COL3A1,POSTN,TGFBI	1.0100702308391408e-05	4.995648428390129
12	6	fibrocartilage_matrix	fibrocartilage	16	100	0	0			1.0	-0.0
12	6	angiogenesis_hypoxia	communication	9	100	1	1	ANGPTL2	ANGPTL2	0.26039353388855496	0.5843698044025643
12	6	paracrine_communication	communication	12	100	1	0	TNFRSF12A		0.3312769380627967	0.4798087965982188
12	6	progenitor_interface	progenitor_interface	8	100	1	1	THY1	THY1	0.23515099238304482	0.6286531841066286
12	6	generic_stress	generic_stress	14	100	0	0			1.0	-0.0
12	6	immune_contamination	contamination	13	100	0	0			1.0	-0.0
12	6	mural_contamination	contamination	10	100	1	0	TAGLN		0.2848110468007849	0.5454431699804685
12	6	endothelial_contamination	contamination	7	100	0	0			1.0	-0.0
12	6	cycling_contamination	contamination	10	100	0	0			1.0	-0.0
12	7	senescence_core	senescence	15	100	0	0			1.0	-0.0
12	7	sasp_inflammatory	sasp	20	100	1	0	CXCL1		0.4890811644551101	0.31061906245110604
12	7	ecm_degradation	ecm_remodeling	17	100	2	2	HTRA1,TIMP3	HTRA1,TIMP3	0.10592506236370273	0.9750012716347
12	7	fibrocartilage_matrix	fibrocartilage	16	100	0	0			1.0	-0.0
12	7	angiogenesis_hypoxia	communication	9	100	0	0			1.0	-0.0
12	7	paracrine_communication	communication	12	100	1	1	HBEGF	HBEGF	0.3312769380627967	0.4798087965982188
12	7	progenitor_interface	progenitor_interface	8	100	5	5	HBEGF,ITGBL1,PRG4,SPARCL1,TIMP3	HBEGF,ITGBL1,PRG4,SPARCL1,TIMP3	1.8119298257958483e-06	5.7418586261182485
12	7	generic_stress	generic_stress	14	100	0	0			1.0	-0.0
12	7	immune_contamination	contamination	13	100	0	0			1.0	-0.0
12	7	mural_contamination	contamination	10	100	0	0			1.0	-0.0
12	7	endothelial_contamination	contamination	7	100	0	0			1.0	-0.0
12	7	cycling_contamination	contamination	10	100	0	0			1.0	-0.0
12	8	senescence_core	senescence	15	100	3	3	CDKN1A,HMOX1,TNFRSF10D	CDKN1A,HMOX1,TNFRSF10D	0.011805608462311426	1.92791162442478
12	8	sasp_inflammatory	sasp	20	100	6	3	ICAM1,IL11,MIF,NFKBIA,PTGS2,TNFAIP6	IL11,MIF,PTGS2	2.9187237547664228e-05	4.534807007258588
12	8	ecm_degradation	ecm_remodeling	17	100	0	0			1.0	-0.0
12	8	fibrocartilage_matrix	fibrocartilage	16	100	1	1	SOX9	SOX9	0.41542742069734107	0.3815048408184566
12	8	angiogenesis_hypoxia	communication	9	100	6	6	ANGPTL4,BNIP3,HMOX1,MIF,SLC2A1,VEGFA	ANGPTL4,BNIP3,HMOX1,MIF,SLC2A1,VEGFA	8.50051833556952e-08	7.070554591531095
12	8	paracrine_communication	communication	12	100	8	7	ANGPTL4,BMP2,CCN1,IL11,INHBA,MIF,TNFRSF12A,VEGFA	ANGPTL4,BMP2,IL11,INHBA,MIF,TNFRSF12A,VEGFA	4.630435074285933e-10	9.33437820088605
12	8	progenitor_interface	progenitor_interface	8	100	0	0			1.0	-0.0
12	8	generic_stress	generic_stress	14	100	5	4	ATF3,HMOX1,HSPA5,IER3,PPP1R15A	HMOX1,HSPA5,IER3,PPP1R15A	5.529551904587946e-05	4.257310060964683
12	8	immune_contamination	contamination	13	100	0	0			1.0	-0.0
12	8	mural_contamination	contamination	10	100	0	0			1.0	-0.0
12	8	endothelial_contamination	contamination	7	100	0	0			1.0	-0.0
12	8	cycling_contamination	contamination	10	100	0	0			1.0	-0.0
12	9	senescence_core	senescence	15	100	1	1	IGFBP5	IGFBP5	0.3954283587985156	0.4029321877586527
12	9	sasp_inflammatory	sasp	20	100	1	1	TNFAIP6	TNFAIP6	0.4890811644551101	0.31061906245110604
12	9	ecm_degradation	ecm_remodeling	17	100	4	4	FN1,HTRA1,TIMP1,TIMP3	FN1,HTRA1,TIMP1,TIMP3	0.0018910338451440306	2.7233006982159047
12	9	fibrocartilage_matrix	fibrocartilage	16	100	1	0	FMOD		0.41542742069734107	0.3815048408184566
12	9	angiogenesis_hypoxia	communication	9	100	1	0	ANGPTL2		0.26039353388855496	0.5843698044025643
12	9	paracrine_communication	communication	12	100	0	0			1.0	-0.0
12	9	progenitor_interface	progenitor_interface	8	100	3	2	GDF5,PRG4,TIMP3	PRG4,TIMP3	0.001718612309643267	2.764822081877302
12	9	generic_stress	generic_stress	14	100	0	0			1.0	-0.0
12	9	immune_contamination	contamination	13	100	0	0			1.0	-0.0
12	9	mural_contamination	contamination	10	100	0	0			1.0	-0.0
12	9	endothelial_contamination	contamination	7	100	0	0			1.0	-0.0
12	9	cycling_contamination	contamination	10	100	0	0			1.0	-0.0
12	10	senescence_core	senescence	15	100	1	1	IGFBP7	IGFBP7	0.3954283587985156	0.4029321877586527
12	10	sasp_inflammatory	sasp	20	100	0	0			1.0	-0.0
12	10	ecm_degradation	ecm_remodeling	17	100	1	1	ADAMTS4	ADAMTS4	0.43477131809319347	0.3617391140906241
12	10	fibrocartilage_matrix	fibrocartilage	16	100	0	0			1.0	-0.0
12	10	angiogenesis_hypoxia	communication	9	100	0	0			1.0	-0.0
12	10	paracrine_communication	communication	12	100	0	0			1.0	-0.0
12	10	progenitor_interface	progenitor_interface	8	100	3	3	MCAM,SPARCL1,THY1	MCAM,SPARCL1,THY1	0.001718612309643267	2.764822081877302
12	10	generic_stress	generic_stress	14	100	0	0			1.0	-0.0
12	10	immune_contamination	contamination	13	100	0	0			1.0	-0.0
12	10	mural_contamination	contamination	10	100	10	9	ACTA2,ADGRF5,COX4I2,GJA4,MCAM,MYH11,RGS5,SYNPO2,TAGLN,TINAGL1	ACTA2,ADGRF5,COX4I2,GJA4,MCAM,RGS5,SYNPO2,TAGLN,TINAGL1	9.519843714272747e-16	15.021370181298938
12	10	endothelial_contamination	contamination	7	100	1	0	EMCN		0.20905583688604873	0.6797377023445434
12	10	cycling_contamination	contamination	10	100	0	0			1.0	-0.0
12	11	senescence_core	senescence	15	100	0	0			1.0	-0.0
12	11	sasp_inflammatory	sasp	20	100	4	1	CCL3,CCL4,CXCL8,TNFAIP3	CCL4	0.003567942938810839	2.4475820997997664
12	11	ecm_degradation	ecm_remodeling	17	100	0	0			1.0	-0.0
12	11	fibrocartilage_matrix	fibrocartilage	16	100	0	0			1.0	-0.0
12	11	angiogenesis_hypoxia	communication	9	100	0	0			1.0	-0.0
12	11	paracrine_communication	communication	12	100	0	0			1.0	-0.0
12	11	progenitor_interface	progenitor_interface	8	100	0	0			1.0	-0.0
12	11	generic_stress	generic_stress	14	100	0	0			1.0	-0.0
12	11	immune_contamination	contamination	13	100	12	12	AIF1,C1QA,C1QB,C1QC,CYBB,FOLR2,HLA-DQA1,HLA-DRA,MARCO,MS4A6A,PTPRC,TYROBP	AIF1,C1QA,C1QB,C1QC,CYBB,FOLR2,HLA-DQA1,HLA-DRA,MARCO,MS4A6A,PTPRC,TYROBP	1.0524942654286188e-17	16.977780261762597
12	11	mural_contamination	contamination	10	100	0	0			1.0	-0.0
12	11	endothelial_contamination	contamination	7	100	1	0	PECAM1		0.20905583688604873	0.6797377023445434
12	11	cycling_contamination	contamination	10	100	0	0			1.0	-0.0
12	12	senescence_core	senescence	15	100	1	0	LMNB1		0.3954283587985156	0.4029321877586527
12	12	sasp_inflammatory	sasp	20	100	0	0			1.0	-0.0
12	12	ecm_degradation	ecm_remodeling	17	100	0	0			1.0	-0.0
12	12	fibrocartilage_matrix	fibrocartilage	16	100	0	0			1.0	-0.0
12	12	angiogenesis_hypoxia	communication	9	100	0	0			1.0	-0.0
12	12	paracrine_communication	communication	12	100	1	0	TNFRSF12A		0.3312769380627967	0.4798087965982188
12	12	progenitor_interface	progenitor_interface	8	100	0	0			1.0	-0.0
12	12	generic_stress	generic_stress	14	100	0	0			1.0	-0.0
12	12	immune_contamination	contamination	13	100	3	0	HLA-DQA1,HLA-DRA,PTPRC		0.007783900365348736	2.1088027317140345
12	12	mural_contamination	contamination	10	100	0	0			1.0	-0.0
12	12	endothelial_contamination	contamination	7	100	0	0			1.0	-0.0
12	12	cycling_contamination	contamination	10	100	10	10	ASPM,BIRC5,CCNB2,CENPF,CEP55,MKI67,PIMREG,TOP2A,TPX2,UBE2C	ASPM,BIRC5,CCNB2,CENPF,CEP55,MKI67,PIMREG,TOP2A,TPX2,UBE2C	9.519843714272747e-16	15.021370181298938
14	1	senescence_core	senescence	15	100	1	0	TNFRSF10D		0.3954283587985156	0.4029321877586527
14	1	sasp_inflammatory	sasp	20	100	3	1	ICAM1,SAA1,SOCS3	SAA1	0.02626499908109733	1.5806226100550231
14	1	ecm_degradation	ecm_remodeling	17	100	2	2	LOX,MMP3	LOX,MMP3	0.10592506236370273	0.9750012716347
14	1	fibrocartilage_matrix	fibrocartilage	16	100	0	0			1.0	-0.0
14	1	angiogenesis_hypoxia	communication	9	100	4	2	ADM,ANGPTL4,BNIP3,SLC2A1	ANGPTL4,BNIP3	0.00012272363799414472	3.9110717790684646
14	1	paracrine_communication	communication	12	100	1	1	ANGPTL4	ANGPTL4	0.3312769380627967	0.4798087965982188
14	1	progenitor_interface	progenitor_interface	8	100	0	0			1.0	-0.0
14	1	generic_stress	generic_stress	14	100	7	7	DDIT4,FOS,MT1E,MT1M,MT1X,MT2A,TXNIP	DDIT4,FOS,MT1E,MT1M,MT1X,MT2A,TXNIP	9.649317722790935e-08	7.015503393361119
14	1	immune_contamination	contamination	13	100	1	0	CD14		0.3533761800303181	0.45176272825891506
14	1	mural_contamination	contamination	10	100	0	0			1.0	-0.0
14	1	endothelial_contamination	contamination	7	100	0	0			1.0	-0.0
14	1	cycling_contamination	contamination	10	100	0	0			1.0	-0.0
14	2	senescence_core	senescence	15	100	0	0			1.0	-0.0
14	2	sasp_inflammatory	sasp	20	100	1	0	MIF		0.4890811644551101	0.31061906245110604
14	2	ecm_degradation	ecm_remodeling	17	100	0	0			1.0	-0.0
14	2	fibrocartilage_matrix	fibrocartilage	16	100	4	3	CHAD,CILP,DCN,PRELP	CILP,DCN,PRELP	0.0014832472387454557	2.8287864514845102
14	2	angiogenesis_hypoxia	communication	9	100	1	0	MIF		0.26039353388855496	0.5843698044025643
14	2	paracrine_communication	communication	12	100	3	2	CCN1,CCN2,MIF	CCN1,CCN2	0.006132741775973217	2.212345321246125
14	2	progenitor_interface	progenitor_interface	8	100	0	0			1.0	-0.0
14	2	generic_stress	generic_stress	14	100	0	0			1.0	-0.0
14	2	immune_contamination	contamination	13	100	0	0			1.0	-0.0
14	2	mural_contamination	contamination	10	100	0	0			1.0	-0.0
14	2	endothelial_contamination	contamination	7	100	0	0			1.0	-0.0
14	2	cycling_contamination	contamination	10	100	0	0			1.0	-0.0
14	3	senescence_core	senescence	15	100	3	2	GADD45B,GADD45G,IGFBP7	GADD45B,GADD45G	0.011805608462311426	1.92791162442478
14	3	sasp_inflammatory	sasp	20	100	0	0			1.0	-0.0
14	3	ecm_degradation	ecm_remodeling	17	100	0	0			1.0	-0.0
14	3	fibrocartilage_matrix	fibrocartilage	16	100	7	4	CHAD,CILP,COMP,DCN,FRZB,MGP,PRELP	CHAD,COMP,DCN,FRZB	3.046244913296513e-07	6.516235183003477
14	3	angiogenesis_hypoxia	communication	9	100	0	0			1.0	-0.0
14	3	paracrine_communication	communication	12	100	0	0			1.0	-0.0
14	3	progenitor_interface	progenitor_interface	8	100	0	0			1.0	-0.0
14	3	generic_stress	generic_stress	14	100	1	1	IER3	IER3	0.37475217407890277	0.42625583896605546
14	3	immune_contamination	contamination	13	100	0	0			1.0	-0.0
14	3	mural_contamination	contamination	10	100	0	0			1.0	-0.0
14	3	endothelial_contamination	contamination	7	100	0	0			1.0	-0.0
14	3	cycling_contamination	contamination	10	100	0	0			1.0	-0.0
14	4	senescence_core	senescence	15	100	0	0			1.0	-0.0
14	4	sasp_inflammatory	sasp	20	100	0	0			1.0	-0.0
14	4	ecm_degradation	ecm_remodeling	17	100	3	1	COL1A2,COL3A1,HTRA1	COL3A1	0.016822689959406997	1.7741045590065203
14	4	fibrocartilage_matrix	fibrocartilage	16	100	14	13	ACAN,CHAD,CILP,CILP2,COL11A1,COL2A1,COL9A2,COL9A3,COMP,DCN,FMOD,MGP,PRELP,SCRG1	ACAN,CILP,CILP2,COL11A1,COL2A1,COL9A2,COL9A3,COMP,DCN,FMOD,MGP,PRELP,SCRG1	7.912505864467558e-20	19.101685955090865
14	4	angiogenesis_hypoxia	communication	9	100	1	1	ANGPTL2	ANGPTL2	0.26039353388855496	0.5843698044025643
14	4	paracrine_communication	communication	12	100	0	0			1.0	-0.0
14	4	progenitor_interface	progenitor_interface	8	100	0	0			1.0	-0.0
14	4	generic_stress	generic_stress	14	100	0	0			1.0	-0.0
14	4	immune_contamination	contamination	13	100	0	0			1.0	-0.0
14	4	mural_contamination	contamination	10	100	0	0			1.0	-0.0
14	4	endothelial_contamination	contamination	7	100	0	0			1.0	-0.0
14	4	cycling_contamination	contamination	10	100	0	0			1.0	-0.0
14	5	senescence_core	senescence	15	100	0	0			1.0	-0.0
14	5	sasp_inflammatory	sasp	20	100	0	0			1.0	-0.0
14	5	ecm_degradation	ecm_remodeling	17	100	1	1	MMP2	MMP2	0.43477131809319347	0.3617391140906241
14	5	fibrocartilage_matrix	fibrocartilage	16	100	0	0			1.0	-0.0
14	5	angiogenesis_hypoxia	communication	9	100	1	1	CXCL12	CXCL12	0.26039353388855496	0.5843698044025643
14	5	paracrine_communication	communication	12	100	1	1	CXCL12	CXCL12	0.3312769380627967	0.4798087965982188
14	5	progenitor_interface	progenitor_interface	8	100	1	1	THY1	THY1	0.23515099238304482	0.6286531841066286
14	5	generic_stress	generic_stress	14	100	0	0			1.0	-0.0
14	5	immune_contamination	contamination	13	100	0	0			1.0	-0.0
14	5	mural_contamination	contamination	10	100	0	0			1.0	-0.0
14	5	endothelial_contamination	contamination	7	100	0	0			1.0	-0.0
14	5	cycling_contamination	contamination	10	100	0	0			1.0	-0.0
14	6	senescence_core	senescence	15	100	1	0	GADD45A		0.3954283587985156	0.4029321877586527
14	6	sasp_inflammatory	sasp	20	100	0	0			1.0	-0.0
14	6	ecm_degradation	ecm_remodeling	17	100	2	1	ADAMTS5,MMP2	ADAMTS5	0.10592506236370273	0.9750012716347
14	6	fibrocartilage_matrix	fibrocartilage	16	100	0	0			1.0	-0.0
14	6	angiogenesis_hypoxia	communication	9	100	0	0			1.0	-0.0
14	6	paracrine_communication	communication	12	100	0	0			1.0	-0.0
14	6	progenitor_interface	progenitor_interface	8	100	0	0			1.0	-0.0
14	6	generic_stress	generic_stress	14	100	1	1	JUN	JUN	0.37475217407890277	0.42625583896605546
14	6	immune_contamination	contamination	13	100	0	0			1.0	-0.0
14	6	mural_contamination	contamination	10	100	0	0			1.0	-0.0
14	6	endothelial_contamination	contamination	7	100	1	1	RAMP2	RAMP2	0.20905583688604873	0.6797377023445434
14	6	cycling_contamination	contamination	10	100	0	0			1.0	-0.0
14	7	senescence_core	senescence	15	100	2	0	IGFBP7,SERPINE1		0.08528558800432069	1.0691243519392781
14	7	sasp_inflammatory	sasp	20	100	1	0	SERPINE1		0.4890811644551101	0.31061906245110604
14	7	ecm_degradation	ecm_remodeling	17	100	6	5	COL1A1,COL1A2,COL3A1,MMP2,POSTN,TGFBI	COL1A1,COL1A2,COL3A1,POSTN,TGFBI	1.0100702308391408e-05	4.995648428390129
14	7	fibrocartilage_matrix	fibrocartilage	16	100	0	0			1.0	-0.0
14	7	angiogenesis_hypoxia	communication	9	100	1	1	ANGPTL2	ANGPTL2	0.26039353388855496	0.5843698044025643
14	7	paracrine_communication	communication	12	100	1	0	TNFRSF12A		0.3312769380627967	0.4798087965982188
14	7	progenitor_interface	progenitor_interface	8	100	1	1	THY1	THY1	0.23515099238304482	0.6286531841066286
14	7	generic_stress	generic_stress	14	100	0	0			1.0	-0.0
14	7	immune_contamination	contamination	13	100	0	0			1.0	-0.0
14	7	mural_contamination	contamination	10	100	1	0	TAGLN		0.2848110468007849	0.5454431699804685
14	7	endothelial_contamination	contamination	7	100	0	0			1.0	-0.0
14	7	cycling_contamination	contamination	10	100	0	0			1.0	-0.0
14	8	senescence_core	senescence	15	100	0	0			1.0	-0.0
14	8	sasp_inflammatory	sasp	20	100	1	0	CXCL1		0.4890811644551101	0.31061906245110604
14	8	ecm_degradation	ecm_remodeling	17	100	2	2	HTRA1,TIMP3	HTRA1,TIMP3	0.10592506236370273	0.9750012716347
14	8	fibrocartilage_matrix	fibrocartilage	16	100	0	0			1.0	-0.0
14	8	angiogenesis_hypoxia	communication	9	100	0	0			1.0	-0.0
14	8	paracrine_communication	communication	12	100	1	1	HBEGF	HBEGF	0.3312769380627967	0.4798087965982188
14	8	progenitor_interface	progenitor_interface	8	100	5	5	HBEGF,ITGBL1,PRG4,SPARCL1,TIMP3	HBEGF,ITGBL1,PRG4,SPARCL1,TIMP3	1.8119298257958483e-06	5.7418586261182485
14	8	generic_stress	generic_stress	14	100	0	0			1.0	-0.0
14	8	immune_contamination	contamination	13	100	0	0			1.0	-0.0
14	8	mural_contamination	contamination	10	100	0	0			1.0	-0.0
14	8	endothelial_contamination	contamination	7	100	0	0			1.0	-0.0
14	8	cycling_contamination	contamination	10	100	0	0			1.0	-0.0
14	9	senescence_core	senescence	15	100	1	0	TNFRSF10D		0.3954283587985156	0.4029321877586527
14	9	sasp_inflammatory	sasp	20	100	3	3	IL11,MIF,PTGS2	IL11,MIF,PTGS2	0.02626499908109733	1.5806226100550231
14	9	ecm_degradation	ecm_remodeling	17	100	0	0			1.0	-0.0
14	9	fibrocartilage_matrix	fibrocartilage	16	100	2	2	COL2A1,SOX9	COL2A1,SOX9	0.09544243031613857	1.0202585104583135
14	9	angiogenesis_hypoxia	communication	9	100	5	5	ANGPTL4,BNIP3,MIF,SLC2A1,VEGFA	ANGPTL4,BNIP3,MIF,SLC2A1,VEGFA	3.97058562884604e-06	5.40114543363508
14	9	paracrine_communication	communication	12	100	7	7	ANGPTL4,BMP2,IL11,INHBA,MIF,TNFRSF12A,VEGFA	ANGPTL4,BMP2,IL11,INHBA,MIF,TNFRSF12A,VEGFA	2.3512173889923828e-08	7.628707214994515
14	9	progenitor_interface	progenitor_interface	8	100	0	0			1.0	-0.0
14	9	generic_stress	generic_stress	14	100	2	1	DDIT3,HSPA5	HSPA5	0.07548825739871948	1.1221205999412116
14	9	immune_contamination	contamination	13	100	0	0			1.0	-0.0
14	9	mural_contamination	contamination	10	100	0	0			1.0	-0.0
14	9	endothelial_contamination	contamination	7	100	1	0	FLT1		0.20905583688604873	0.6797377023445434
14	9	cycling_contamination	contamination	10	100	0	0			1.0	-0.0
14	10	senescence_core	senescence	15	100	5	3	BTG2,CDKN1A,GADD45B,HMOX1,TNFRSF10D	BTG2,CDKN1A,HMOX1	8.07881542610925e-05	4.092652313930708
14	10	sasp_inflammatory	sasp	20	100	12	7	CCL2,CXCL1,CXCL2,CXCL3,CXCL8,ICAM1,IL6,NFKBIA,PTGS2,SOCS3,TNFAIP3,TNFAIP6	CXCL2,CXCL3,ICAM1,IL6,NFKBIA,PTGS2,SOCS3	8.428934945030851e-14	13.074227298058277
14	10	ecm_degradation	ecm_remodeling	17	100	0	0			1.0	-0.0
14	10	fibrocartilage_matrix	fibrocartilage	16	100	0	0			1.0	-0.0
14	10	angiogenesis_hypoxia	communication	9	100	1	1	HMOX1	HMOX1	0.26039353388855496	0.5843698044025643
14	10	paracrine_communication	communication	12	100	3	1	BMP2,CCN1,INHBA	CCN1	0.006132741775973217	2.212345321246125
14	10	progenitor_interface	progenitor_interface	8	100	0	0			1.0	-0.0
14	10	generic_stress	generic_stress	14	100	5	4	ATF3,FOS,HMOX1,IER3,PPP1R15A	ATF3,HMOX1,IER3,PPP1R15A	5.529551904587946e-05	4.257310060964683
14	10	immune_contamination	contamination	13	100	0	0			1.0	-0.0
14	10	mural_contamination	contamination	10	100	0	0			1.0	-0.0
14	10	endothelial_contamination	contamination	7	100	0	0			1.0	-0.0
14	10	cycling_contamination	contamination	10	100	0	0			1.0	-0.0
14	11	senescence_core	senescence	15	100	1	1	IGFBP5	IGFBP5	0.3954283587985156	0.4029321877586527
14	11	sasp_inflammatory	sasp	20	100	1	1	TNFAIP6	TNFAIP6	0.4890811644551101	0.31061906245110604
14	11	ecm_degradation	ecm_remodeling	17	100	4	4	FN1,HTRA1,TIMP1,TIMP3	FN1,HTRA1,TIMP1,TIMP3	0.0018910338451440306	2.7233006982159047
14	11	fibrocartilage_matrix	fibrocartilage	16	100	0	0			1.0	-0.0
14	11	angiogenesis_hypoxia	communication	9	100	0	0			1.0	-0.0
14	11	paracrine_communication	communication	12	100	0	0			1.0	-0.0
14	11	progenitor_interface	progenitor_interface	8	100	2	2	PRG4,TIMP3	PRG4,TIMP3	0.02638974840707613	1.578564750209635
14	11	generic_stress	generic_stress	14	100	0	0			1.0	-0.0
14	11	immune_contamination	contamination	13	100	0	0			1.0	-0.0
14	11	mural_contamination	contamination	10	100	0	0			1.0	-0.0
14	11	endothelial_contamination	contamination	7	100	0	0			1.0	-0.0
14	11	cycling_contamination	contamination	10	100	0	0			1.0	-0.0
14	12	senescence_core	senescence	15	100	1	1	IGFBP7	IGFBP7	0.3954283587985156	0.4029321877586527
14	12	sasp_inflammatory	sasp	20	100	0	0			1.0	-0.0
14	12	ecm_degradation	ecm_remodeling	17	100	1	0	ADAMTS4		0.43477131809319347	0.3617391140906241
14	12	fibrocartilage_matrix	fibrocartilage	16	100	0	0			1.0	-0.0
14	12	angiogenesis_hypoxia	communication	9	100	0	0			1.0	-0.0
14	12	paracrine_communication	communication	12	100	0	0			1.0	-0.0
14	12	progenitor_interface	progenitor_interface	8	100	3	3	MCAM,SPARCL1,THY1	MCAM,SPARCL1,THY1	0.001718612309643267	2.764822081877302
14	12	generic_stress	generic_stress	14	100	0	0			1.0	-0.0
14	12	immune_contamination	contamination	13	100	0	0			1.0	-0.0
14	12	mural_contamination	contamination	10	100	10	9	ACTA2,ADGRF5,COX4I2,GJA4,MCAM,MYH11,RGS5,SYNPO2,TAGLN,TINAGL1	ACTA2,ADGRF5,COX4I2,GJA4,MCAM,RGS5,SYNPO2,TAGLN,TINAGL1	9.519843714272747e-16	15.021370181298938
14	12	endothelial_contamination	contamination	7	100	1	0	EMCN		0.20905583688604873	0.6797377023445434
14	12	cycling_contamination	contamination	10	100	0	0			1.0	-0.0
14	13	senescence_core	senescence	15	100	0	0			1.0	-0.0
14	13	sasp_inflammatory	sasp	20	100	4	1	CCL3,CCL4,CXCL8,TNFAIP3	CCL4	0.003567942938810839	2.4475820997997664
14	13	ecm_degradation	ecm_remodeling	17	100	0	0			1.0	-0.0
14	13	fibrocartilage_matrix	fibrocartilage	16	100	0	0			1.0	-0.0
14	13	angiogenesis_hypoxia	communication	9	100	0	0			1.0	-0.0
14	13	paracrine_communication	communication	12	100	0	0			1.0	-0.0
14	13	progenitor_interface	progenitor_interface	8	100	0	0			1.0	-0.0
14	13	generic_stress	generic_stress	14	100	0	0			1.0	-0.0
14	13	immune_contamination	contamination	13	100	12	12	AIF1,C1QA,C1QB,C1QC,CYBB,FOLR2,HLA-DQA1,HLA-DRA,MARCO,MS4A6A,PTPRC,TYROBP	AIF1,C1QA,C1QB,C1QC,CYBB,FOLR2,HLA-DQA1,HLA-DRA,MARCO,MS4A6A,PTPRC,TYROBP	1.0524942654286188e-17	16.977780261762597
14	13	mural_contamination	contamination	10	100	0	0			1.0	-0.0
14	13	endothelial_contamination	contamination	7	100	1	0	PECAM1		0.20905583688604873	0.6797377023445434
14	13	cycling_contamination	contamination	10	100	0	0			1.0	-0.0
14	14	senescence_core	senescence	15	100	1	0	LMNB1		0.3954283587985156	0.4029321877586527
14	14	sasp_inflammatory	sasp	20	100	0	0			1.0	-0.0
14	14	ecm_degradation	ecm_remodeling	17	100	0	0			1.0	-0.0
14	14	fibrocartilage_matrix	fibrocartilage	16	100	0	0			1.0	-0.0
14	14	angiogenesis_hypoxia	communication	9	100	0	0			1.0	-0.0
14	14	paracrine_communication	communication	12	100	1	0	TNFRSF12A		0.3312769380627967	0.4798087965982188
14	14	progenitor_interface	progenitor_interface	8	100	0	0			1.0	-0.0
14	14	generic_stress	generic_stress	14	100	0	0			1.0	-0.0
14	14	immune_contamination	contamination	13	100	3	0	HLA-DQA1,HLA-DRA,PTPRC		0.007783900365348736	2.1088027317140345
14	14	mural_contamination	contamination	10	100	0	0			1.0	-0.0
14	14	endothelial_contamination	contamination	7	100	0	0			1.0	-0.0
14	14	cycling_contamination	contamination	10	100	10	10	ASPM,BIRC5,CCNB2,CENPF,CEP55,MKI67,PIMREG,TOP2A,TPX2,UBE2C	ASPM,BIRC5,CCNB2,CENPF,CEP55,MKI67,PIMREG,TOP2A,TPX2,UBE2C	9.519843714272747e-16	15.021370181298938
16	1	senescence_core	senescence	15	100	0	0			1.0	-0.0
16	1	sasp_inflammatory	sasp	20	100	0	0			1.0	-0.0
16	1	ecm_degradation	ecm_remodeling	17	100	0	0			1.0	-0.0
16	1	fibrocartilage_matrix	fibrocartilage	16	100	2	1	CILP,FMOD	CILP	0.09544243031613857	1.0202585104583135
16	1	angiogenesis_hypoxia	communication	9	100	1	0	ANGPTL2		0.26039353388855496	0.5843698044025643
16	1	paracrine_communication	communication	12	100	1	1	CCN2	CCN2	0.3312769380627967	0.4798087965982188
16	1	progenitor_interface	progenitor_interface	8	100	0	0			1.0	-0.0
16	1	generic_stress	generic_stress	14	100	0	0			1.0	-0.0
16	1	immune_contamination	contamination	13	100	0	0			1.0	-0.0
16	1	mural_contamination	contamination	10	100	0	0			1.0	-0.0
16	1	endothelial_contamination	contamination	7	100	0	0			1.0	-0.0
16	1	cycling_contamination	contamination	10	100	0	0			1.0	-0.0
16	2	senescence_core	senescence	15	100	1	0	TNFRSF10D		0.3954283587985156	0.4029321877586527
16	2	sasp_inflammatory	sasp	20	100	2	2	ICAM1,SAA1	ICAM1,SAA1	0.1390168715158232	0.8569324892309466
16	2	ecm_degradation	ecm_remodeling	17	100	1	1	LOX	LOX	0.43477131809319347	0.3617391140906241
16	2	fibrocartilage_matrix	fibrocartilage	16	100	0	0			1.0	-0.0
16	2	angiogenesis_hypoxia	communication	9	100	4	3	ADM,ANGPTL4,BNIP3,SLC2A1	ADM,ANGPTL4,BNIP3	0.00012272363799414472	3.9110717790684646
16	2	paracrine_communication	communication	12	100	1	1	ANGPTL4	ANGPTL4	0.3312769380627967	0.4798087965982188
16	2	progenitor_interface	progenitor_interface	8	100	0	0			1.0	-0.0
16	2	generic_stress	generic_stress	14	100	7	5	DDIT4,FOS,MT1E,MT1M,MT1X,MT2A,TXNIP	DDIT4,MT1E,MT1M,MT1X,MT2A	9.649317722790935e-08	7.015503393361119
16	2	immune_contamination	contamination	13	100	1	0	CD14		0.3533761800303181	0.45176272825891506
16	2	mural_contamination	contamination	10	100	0	0			1.0	-0.0
16	2	endothelial_contamination	contamination	7	100	0	0			1.0	-0.0
16	2	cycling_contamination	contamination	10	100	0	0			1.0	-0.0
16	3	senescence_core	senescence	15	100	3	2	GADD45B,GADD45G,IGFBP7	GADD45B,GADD45G	0.011805608462311426	1.92791162442478
16	3	sasp_inflammatory	sasp	20	100	1	0	NFKBIA		0.4890811644551101	0.31061906245110604
16	3	ecm_degradation	ecm_remodeling	17	100	0	0			1.0	-0.0
16	3	fibrocartilage_matrix	fibrocartilage	16	100	6	2	CHAD,CILP,COMP,DCN,FRZB,MGP	CHAD,FRZB	6.713623089927696e-06	5.1730430441662545
16	3	angiogenesis_hypoxia	communication	9	100	0	0			1.0	-0.0
16	3	paracrine_communication	communication	12	100	0	0			1.0	-0.0
16	3	progenitor_interface	progenitor_interface	8	100	0	0			1.0	-0.0
16	3	generic_stress	generic_stress	14	100	1	1	IER3	IER3	0.37475217407890277	0.42625583896605546
16	3	immune_contamination	contamination	13	100	0	0			1.0	-0.0
16	3	mural_contamination	contamination	10	100	0	0			1.0	-0.0
16	3	endothelial_contamination	contamination	7	100	0	0			1.0	-0.0
16	3	cycling_contamination	contamination	10	100	0	0			1.0	-0.0
16	4	senescence_core	senescence	15	100	0	0			1.0	-0.0
16	4	sasp_inflammatory	sasp	20	100	0	0			1.0	-0.0
16	4	ecm_degradation	ecm_remodeling	17	100	1	1	MMP2	MMP2	0.43477131809319347	0.3617391140906241
16	4	fibrocartilage_matrix	fibrocartilage	16	100	0	0			1.0	-0.0
16	4	angiogenesis_hypoxia	communication	9	100	1	1	CXCL12	CXCL12	0.26039353388855496	0.5843698044025643
16	4	paracrine_communication	communication	12	100	1	1	CXCL12	CXCL12	0.3312769380627967	0.4798087965982188
16	4	progenitor_interface	progenitor_interface	8	100	1	0	THY1		0.23515099238304482	0.6286531841066286
16	4	generic_stress	generic_stress	14	100	0	0			1.0	-0.0
16	4	immune_contamination	contamination	13	100	0	0			1.0	-0.0
16	4	mural_contamination	contamination	10	100	0	0			1.0	-0.0
16	4	endothelial_contamination	contamination	7	100	0	0			1.0	-0.0
16	4	cycling_contamination	contamination	10	100	0	0			1.0	-0.0
16	5	senescence_core	senescence	15	100	0	0			1.0	-0.0
16	5	sasp_inflammatory	sasp	20	100	0	0			1.0	-0.0
16	5	ecm_degradation	ecm_remodeling	17	100	3	1	COL1A2,COL3A1,HTRA1	COL3A1	0.016822689959406997	1.7741045590065203
16	5	fibrocartilage_matrix	fibrocartilage	16	100	15	13	ACAN,CHAD,CILP,CILP2,COL11A1,COL2A1,COL9A2,COL9A3,COMP,DCN,FMOD,FRZB,MGP,PRELP,SCRG1	ACAN,CILP,CILP2,COL11A1,COL2A1,COL9A2,COL9A3,COMP,DCN,FMOD,MGP,PRELP,SCRG1	3.0827374602485886e-22	21.51106346016496
16	5	angiogenesis_hypoxia	communication	9	100	1	1	ANGPTL2	ANGPTL2	0.26039353388855496	0.5843698044025643
16	5	paracrine_communication	communication	12	100	0	0			1.0	-0.0
16	5	progenitor_interface	progenitor_interface	8	100	0	0			1.0	-0.0
16	5	generic_stress	generic_stress	14	100	0	0			1.0	-0.0
16	5	immune_contamination	contamination	13	100	0	0			1.0	-0.0
16	5	mural_contamination	contamination	10	100	0	0			1.0	-0.0
16	5	endothelial_contamination	contamination	7	100	0	0			1.0	-0.0
16	5	cycling_contamination	contamination	10	100	0	0			1.0	-0.0
16	6	senescence_core	senescence	15	100	1	0	BTG2		0.3954283587985156	0.4029321877586527
16	6	sasp_inflammatory	sasp	20	100	0	0			1.0	-0.0
16	6	ecm_degradation	ecm_remodeling	17	100	2	2	ADAMTS5,MMP3	ADAMTS5,MMP3	0.10592506236370273	0.9750012716347
16	6	fibrocartilage_matrix	fibrocartilage	16	100	0	0			1.0	-0.0
16	6	angiogenesis_hypoxia	communication	9	100	0	0			1.0	-0.0
16	6	paracrine_communication	communication	12	100	0	0			1.0	-0.0
16	6	progenitor_interface	progenitor_interface	8	100	0	0			1.0	-0.0
16	6	generic_stress	generic_stress	14	100	5	1	ATF3,DDIT4,FOS,JUN,TXNIP	JUN	5.529551904587946e-05	4.257310060964683
16	6	immune_contamination	contamination	13	100	0	0			1.0	-0.0
16	6	mural_contamination	contamination	10	100	0	0			1.0	-0.0
16	6	endothelial_contamination	contamination	7	100	1	0	RAMP2		0.20905583688604873	0.6797377023445434
16	6	cycling_contamination	contamination	10	100	0	0			1.0	-0.0
16	7	senescence_core	senescence	15	100	1	0	BTG2		0.3954283587985156	0.4029321877586527
16	7	sasp_inflammatory	sasp	20	100	2	1	MIF,SOCS3	MIF	0.1390168715158232	0.8569324892309466
16	7	ecm_degradation	ecm_remodeling	17	100	0	0			1.0	-0.0
16	7	fibrocartilage_matrix	fibrocartilage	16	100	7	5	ACAN,CHAD,CILP,COMP,DCN,FRZB,PRELP	CHAD,COMP,DCN,FRZB,PRELP	3.046244913296513e-07	6.516235183003477
16	7	angiogenesis_hypoxia	communication	9	100	2	1	BNIP3,MIF	MIF	0.033210660338964235	1.4787224890894424
16	7	paracrine_communication	communication	12	100	3	3	CCN1,CCN2,MIF	CCN1,CCN2,MIF	0.006132741775973217	2.212345321246125
16	7	progenitor_interface	progenitor_interface	8	100	0	0			1.0	-0.0
16	7	generic_stress	generic_stress	14	100	5	2	DDIT4,FOS,MT1E,MT1X,TXNIP	MT1E,TXNIP	5.529551904587946e-05	4.257310060964683
16	7	immune_contamination	contamination	13	100	0	0			1.0	-0.0
16	7	mural_contamination	contamination	10	100	0	0			1.0	-0.0
16	7	endothelial_contamination	contamination	7	100	1	0	CLDN5		0.20905583688604873	0.6797377023445434
16	7	cycling_contamination	contamination	10	100	0	0			1.0	-0.0
16	8	senescence_core	senescence	15	100	0	0			1.0	-0.0
16	8	sasp_inflammatory	sasp	20	100	1	0	CXCL1		0.4890811644551101	0.31061906245110604
16	8	ecm_degradation	ecm_remodeling	17	100	2	2	HTRA1,TIMP3	HTRA1,TIMP3	0.10592506236370273	0.9750012716347
16	8	fibrocartilage_matrix	fibrocartilage	16	100	0	0			1.0	-0.0
16	8	angiogenesis_hypoxia	communication	9	100	0	0			1.0	-0.0
16	8	paracrine_communication	communication	12	100	1	1	HBEGF	HBEGF	0.3312769380627967	0.4798087965982188
16	8	progenitor_interface	progenitor_interface	8	100	5	5	HBEGF,ITGBL1,PRG4,SPARCL1,TIMP3	HBEGF,ITGBL1,PRG4,SPARCL1,TIMP3	1.8119298257958483e-06	5.7418586261182485
16	8	generic_stress	generic_stress	14	100	0	0			1.0	-0.0
16	8	immune_contamination	contamination	13	100	0	0			1.0	-0.0
16	8	mural_contamination	contamination	10	100	0	0			1.0	-0.0
16	8	endothelial_contamination	contamination	7	100	0	0			1.0	-0.0
16	8	cycling_contamination	contamination	10	100	0	0			1.0	-0.0
16	9	senescence_core	senescence	15	100	5	3	BTG2,CDKN1A,GADD45B,HMOX1,TNFRSF10D	BTG2,CDKN1A,HMOX1	8.07881542610925e-05	4.092652313930708
16	9	sasp_inflammatory	sasp	20	100	12	7	CCL2,CXCL1,CXCL2,CXCL3,CXCL8,ICAM1,IL6,NFKBIA,PTGS2,SOCS3,TNFAIP3,TNFAIP6	CXCL2,CXCL3,ICAM1,IL6,NFKBIA,PTGS2,SOCS3	8.428934945030851e-14	13.074227298058277
16	9	ecm_degradation	ecm_remodeling	17	100	0	0			1.0	-0.0
16	9	fibrocartilage_matrix	fibrocartilage	16	100	0	0			1.0	-0.0
16	9	angiogenesis_hypoxia	communication	9	100	1	1	HMOX1	HMOX1	0.26039353388855496	0.5843698044025643
16	9	paracrine_communication	communication	12	100	4	0	BMP2,CCN1,INHBA,TNFRSF12A		0.0004466078378256083	3.3500736594675753
16	9	progenitor_interface	progenitor_interface	8	100	0	0			1.0	-0.0
16	9	generic_stress	generic_stress	14	100	4	4	ATF3,HMOX1,IER3,PPP1R15A	ATF3,HMOX1,IER3,PPP1R15A	0.000858313528325089	3.0663540422803486
16	9	immune_contamination	contamination	13	100	0	0			1.0	-0.0
16	9	mural_contamination	contamination	10	100	0	0			1.0	-0.0
16	9	endothelial_contamination	contamination	7	100	0	0			1.0	-0.0
16	9	cycling_contamination	contamination	10	100	0	0			1.0	-0.0
16	10	senescence_core	senescence	15	100	2	0	IGFBP7,SERPINE1		0.08528558800432069	1.0691243519392781
16	10	sasp_inflammatory	sasp	20	100	1	0	SERPINE1		0.4890811644551101	0.31061906245110604
16	10	ecm_degradation	ecm_remodeling	17	100	6	5	COL1A1,COL1A2,COL3A1,MMP2,POSTN,TGFBI	COL1A1,COL1A2,COL3A1,POSTN,TGFBI	1.0100702308391408e-05	4.995648428390129
16	10	fibrocartilage_matrix	fibrocartilage	16	100	0	0			1.0	-0.0
16	10	angiogenesis_hypoxia	communication	9	100	1	0	ANGPTL2		0.26039353388855496	0.5843698044025643
16	10	paracrine_communication	communication	12	100	1	0	TNFRSF12A		0.3312769380627967	0.4798087965982188
16	10	progenitor_interface	progenitor_interface	8	100	1	1	THY1	THY1	0.23515099238304482	0.6286531841066286
16	10	generic_stress	generic_stress	14	100	0	0			1.0	-0.0
16	10	immune_contamination	contamination	13	100	0	0			1.0	-0.0
16	10	mural_contamination	contamination	10	100	1	0	TAGLN		0.2848110468007849	0.5454431699804685
16	10	endothelial_contamination	contamination	7	100	0	0			1.0	-0.0
16	10	cycling_contamination	contamination	10	100	0	0			1.0	-0.0
16	11	senescence_core	senescence	15	100	0	0			1.0	-0.0
16	11	sasp_inflammatory	sasp	20	100	3	3	IL11,MIF,PTGS2	IL11,MIF,PTGS2	0.02626499908109733	1.5806226100550231
16	11	ecm_degradation	ecm_remodeling	17	100	1	0	COL3A1		0.43477131809319347	0.3617391140906241
16	11	fibrocartilage_matrix	fibrocartilage	16	100	4	2	CILP2,COL11A1,COL2A1,SOX9	COL2A1,SOX9	0.0014832472387454557	2.8287864514845102
16	11	angiogenesis_hypoxia	communication	9	100	5	5	ANGPTL4,BNIP3,MIF,SLC2A1,VEGFA	ANGPTL4,BNIP3,MIF,SLC2A1,VEGFA	3.97058562884604e-06	5.40114543363508
16	11	paracrine_communication	communication	12	100	7	7	ANGPTL4,BMP2,IL11,INHBA,MIF,TNFRSF12A,VEGFA	ANGPTL4,BMP2,IL11,INHBA,MIF,TNFRSF12A,VEGFA	2.3512173889923828e-08	7.628707214994515
16	11	progenitor_interface	progenitor_interface	8	100	0	0			1.0	-0.0
16	11	generic_stress	generic_stress	14	100	2	1	DDIT3,HSPA5	HSPA5	0.07548825739871948	1.1221205999412116
16	11	immune_contamination	contamination	13	100	0	0			1.0	-0.0
16	11	mural_contamination	contamination	10	100	0	0			1.0	-0.0
16	11	endothelial_contamination	contamination	7	100	0	0			1.0	-0.0
16	11	cycling_contamination	contamination	10	100	0	0			1.0	-0.0
16	12	senescence_core	senescence	15	100	1	1	IGFBP5	IGFBP5	0.3954283587985156	0.4029321877586527
16	12	sasp_inflammatory	sasp	20	100	2	1	MIF,TNFAIP6	TNFAIP6	0.1390168715158232	0.8569324892309466
16	12	ecm_degradation	ecm_remodeling	17	100	4	4	FN1,HTRA1,TIMP1,TIMP3	FN1,HTRA1,TIMP1,TIMP3	0.0018910338451440306	2.7233006982159047
16	12	fibrocartilage_matrix	fibrocartilage	16	100	0	0			1.0	-0.0
16	12	angiogenesis_hypoxia	communication	9	100	1	0	MIF		0.26039353388855496	0.5843698044025643
16	12	paracrine_communication	communication	12	100	1	0	MIF		0.3312769380627967	0.4798087965982188
16	12	progenitor_interface	progenitor_interface	8	100	2	2	PRG4,TIMP3	PRG4,TIMP3	0.02638974840707613	1.578564750209635
16	12	generic_stress	generic_stress	14	100	0	0			1.0	-0.0
16	12	immune_contamination	contamination	13	100	0	0			1.0	-0.0
16	12	mural_contamination	contamination	10	100	0	0			1.0	-0.0
16	12	endothelial_contamination	contamination	7	100	0	0			1.0	-0.0
16	12	cycling_contamination	contamination	10	100	0	0			1.0	-0.0
16	13	senescence_core	senescence	15	100	1	1	IGFBP7	IGFBP7	0.3954283587985156	0.4029321877586527
16	13	sasp_inflammatory	sasp	20	100	0	0			1.0	-0.0
16	13	ecm_degradation	ecm_remodeling	17	100	1	1	ADAMTS4	ADAMTS4	0.43477131809319347	0.3617391140906241
16	13	fibrocartilage_matrix	fibrocartilage	16	100	0	0			1.0	-0.0
16	13	angiogenesis_hypoxia	communication	9	100	0	0			1.0	-0.0
16	13	paracrine_communication	communication	12	100	0	0			1.0	-0.0
16	13	progenitor_interface	progenitor_interface	8	100	3	3	MCAM,SPARCL1,THY1	MCAM,SPARCL1,THY1	0.001718612309643267	2.764822081877302
16	13	generic_stress	generic_stress	14	100	0	0			1.0	-0.0
16	13	immune_contamination	contamination	13	100	0	0			1.0	-0.0
16	13	mural_contamination	contamination	10	100	10	9	ACTA2,ADGRF5,COX4I2,GJA4,MCAM,MYH11,RGS5,SYNPO2,TAGLN,TINAGL1	ACTA2,ADGRF5,COX4I2,GJA4,MCAM,RGS5,SYNPO2,TAGLN,TINAGL1	9.519843714272747e-16	15.021370181298938
16	13	endothelial_contamination	contamination	7	100	2	0	EMCN,PECAM1		0.020221964382717908	1.6941766588767249
16	13	cycling_contamination	contamination	10	100	0	0			1.0	-0.0
16	14	senescence_core	senescence	15	100	0	0			1.0	-0.0
16	14	sasp_inflammatory	sasp	20	100	4	2	CCL3,CCL4,CXCL8,TNFAIP3	CCL3,CCL4	0.003567942938810839	2.4475820997997664
16	14	ecm_degradation	ecm_remodeling	17	100	0	0			1.0	-0.0
16	14	fibrocartilage_matrix	fibrocartilage	16	100	0	0			1.0	-0.0
16	14	angiogenesis_hypoxia	communication	9	100	0	0			1.0	-0.0
16	14	paracrine_communication	communication	12	100	0	0			1.0	-0.0
16	14	progenitor_interface	progenitor_interface	8	100	0	0			1.0	-0.0
16	14	generic_stress	generic_stress	14	100	0	0			1.0	-0.0
16	14	immune_contamination	contamination	13	100	13	12	AIF1,C1QA,C1QB,C1QC,CD14,CYBB,FOLR2,HLA-DQA1,HLA-DRA,MARCO,MS4A6A,PTPRC,TYROBP	AIF1,C1QA,C1QB,C1QC,CYBB,FOLR2,HLA-DQA1,HLA-DRA,MARCO,MS4A6A,PTPRC,TYROBP	2.4194006414951792e-20	19.616292208536308
16	14	mural_contamination	contamination	10	100	0	0			1.0	-0.0
16	14	endothelial_contamination	contamination	7	100	3	1	EMCN,PECAM1,VWF	PECAM1	0.0011003618823806295	2.958464462410381
16	14	cycling_contamination	contamination	10	100	1	0	UBE2C		0.2848110468007849	0.5454431699804685
16	15	senescence_core	senescence	15	100	1	0	LMNB1		0.3954283587985156	0.4029321877586527
16	15	sasp_inflammatory	sasp	20	100	0	0			1.0	-0.0
16	15	ecm_degradation	ecm_remodeling	17	100	0	0			1.0	-0.0
16	15	fibrocartilage_matrix	fibrocartilage	16	100	0	0			1.0	-0.0
16	15	angiogenesis_hypoxia	communication	9	100	0	0			1.0	-0.0
16	15	paracrine_communication	communication	12	100	1	0	TNFRSF12A		0.3312769380627967	0.4798087965982188
16	15	progenitor_interface	progenitor_interface	8	100	0	0			1.0	-0.0
16	15	generic_stress	generic_stress	14	100	0	0			1.0	-0.0
16	15	immune_contamination	contamination	13	100	2	0	HLA-DQA1,HLA-DRA		0.06608603445253759	1.1798903075493172
16	15	mural_contamination	contamination	10	100	0	0			1.0	-0.0
16	15	endothelial_contamination	contamination	7	100	0	0			1.0	-0.0
16	15	cycling_contamination	contamination	10	100	10	10	ASPM,BIRC5,CCNB2,CENPF,CEP55,MKI67,PIMREG,TOP2A,TPX2,UBE2C	ASPM,BIRC5,CCNB2,CENPF,CEP55,MKI67,PIMREG,TOP2A,TPX2,UBE2C	9.519843714272747e-16	15.021370181298938
16	16	senescence_core	senescence	15	100	0	0			1.0	-0.0
16	16	sasp_inflammatory	sasp	20	100	2	2	CCL4,TNFAIP3	CCL4,TNFAIP3	0.1390168715158232	0.8569324892309466
16	16	ecm_degradation	ecm_remodeling	17	100	0	0			1.0	-0.0
16	16	fibrocartilage_matrix	fibrocartilage	16	100	0	0			1.0	-0.0
16	16	angiogenesis_hypoxia	communication	9	100	0	0			1.0	-0.0
16	16	paracrine_communication	communication	12	100	0	0			1.0	-0.0
16	16	progenitor_interface	progenitor_interface	8	100	0	0			1.0	-0.0
16	16	generic_stress	generic_stress	14	100	0	0			1.0	-0.0
16	16	immune_contamination	contamination	13	100	4	1	HLA-DQA1,HLA-DRA,PTPRC,TYROBP	PTPRC	0.0006288798113881723	3.2014323469846766
16	16	mural_contamination	contamination	10	100	0	0			1.0	-0.0
16	16	endothelial_contamination	contamination	7	100	0	0			1.0	-0.0
16	16	cycling_contamination	contamination	10	100	4	0	CENPF,CEP55,MKI67,TOP2A		0.00019938319617339434	3.700311446408953
18	1	senescence_core	senescence	15	100	0	0			1.0	-0.0
18	1	sasp_inflammatory	sasp	20	100	0	0			1.0	-0.0
18	1	ecm_degradation	ecm_remodeling	17	100	1	0	FN1		0.43477131809319347	0.3617391140906241
18	1	fibrocartilage_matrix	fibrocartilage	16	100	2	1	CILP,FMOD	CILP	0.09544243031613857	1.0202585104583135
18	1	angiogenesis_hypoxia	communication	9	100	1	0	ANGPTL2		0.26039353388855496	0.5843698044025643
18	1	paracrine_communication	communication	12	100	0	0			1.0	-0.0
18	1	progenitor_interface	progenitor_interface	8	100	0	0			1.0	-0.0
18	1	generic_stress	generic_stress	14	100	0	0			1.0	-0.0
18	1	immune_contamination	contamination	13	100	0	0			1.0	-0.0
18	1	mural_contamination	contamination	10	100	0	0			1.0	-0.0
18	1	endothelial_contamination	contamination	7	100	0	0			1.0	-0.0
18	1	cycling_contamination	contamination	10	100	0	0			1.0	-0.0
18	2	senescence_core	senescence	15	100	3	2	CDKN1A,GADD45B,GADD45G	GADD45B,GADD45G	0.011805608462311426	1.92791162442478
18	2	sasp_inflammatory	sasp	20	100	1	0	NFKBIA		0.4890811644551101	0.31061906245110604
18	2	ecm_degradation	ecm_remodeling	17	100	0	0			1.0	-0.0
18	2	fibrocartilage_matrix	fibrocartilage	16	100	8	5	CHAD,CILP,COMP,DCN,FRZB,MGP,PRELP,SCRG1	CHAD,COMP,DCN,FRZB,SCRG1	1.0791457984181856e-08	7.96691987582599
18	2	angiogenesis_hypoxia	communication	9	100	1	0	ADM		0.26039353388855496	0.5843698044025643
18	2	paracrine_communication	communication	12	100	0	0			1.0	-0.0
18	2	progenitor_interface	progenitor_interface	8	100	0	0			1.0	-0.0
18	2	generic_stress	generic_stress	14	100	2	1	DDIT3,IER3	IER3	0.07548825739871948	1.1221205999412116
18	2	immune_contamination	contamination	13	100	0	0			1.0	-0.0
18	2	mural_contamination	contamination	10	100	0	0			1.0	-0.0
18	2	endothelial_contamination	contamination	7	100	0	0			1.0	-0.0
18	2	cycling_contamination	contamination	10	100	0	0			1.0	-0.0
18	3	senescence_core	senescence	15	100	1	0	TNFRSF10D		0.3954283587985156	0.4029321877586527
18	3	sasp_inflammatory	sasp	20	100	3	2	ICAM1,SAA1,SAA2	ICAM1,SAA1	0.02626499908109733	1.5806226100550231
18	3	ecm_degradation	ecm_remodeling	17	100	1	1	LOX	LOX	0.43477131809319347	0.3617391140906241
18	3	fibrocartilage_matrix	fibrocartilage	16	100	0	0			1.0	-0.0
18	3	angiogenesis_hypoxia	communication	9	100	5	4	ADM,ANGPTL4,BNIP3,SLC2A1,VEGFA	ADM,ANGPTL4,BNIP3,SLC2A1	3.97058562884604e-06	5.40114543363508
18	3	paracrine_communication	communication	12	100	2	1	ANGPTL4,VEGFA	ANGPTL4	0.057116475362200825	1.243238600566202
18	3	progenitor_interface	progenitor_interface	8	100	0	0			1.0	-0.0
18	3	generic_stress	generic_stress	14	100	8	5	DDIT4,FOS,HSPA5,MT1E,MT1M,MT1X,MT2A,TXNIP	DDIT4,MT1E,MT1M,MT1X,MT2A	2.6595794396900385e-09	8.57518703309156
18	3	immune_contamination	contamination	13	100	1	0	CD14		0.3533761800303181	0.45176272825891506
18	3	mural_contamination	contamination	10	100	0	0			1.0	-0.0
18	3	endothelial_contamination	contamination	7	100	0	0			1.0	-0.0
18	3	cycling_contamination	contamination	10	100	0	0			1.0	-0.0
18	4	senescence_core	senescence	15	100	1	1	BTG2	BTG2	0.3954283587985156	0.4029321877586527
18	4	sasp_inflammatory	sasp	20	100	0	0			1.0	-0.0
18	4	ecm_degradation	ecm_remodeling	17	100	2	2	ADAMTS5,MMP3	ADAMTS5,MMP3	0.10592506236370273	0.9750012716347
18	4	fibrocartilage_matrix	fibrocartilage	16	100	0	0			1.0	-0.0
18	4	angiogenesis_hypoxia	communication	9	100	0	0			1.0	-0.0
18	4	paracrine_communication	communication	12	100	0	0			1.0	-0.0
18	4	progenitor_interface	progenitor_interface	8	100	0	0			1.0	-0.0
18	4	generic_stress	generic_stress	14	100	5	3	ATF3,DDIT4,FOS,JUN,TXNIP	DDIT4,JUN,TXNIP	5.529551904587946e-05	4.257310060964683
18	4	immune_contamination	contamination	13	100	0	0			1.0	-0.0
18	4	mural_contamination	contamination	10	100	0	0			1.0	-0.0
18	4	endothelial_contamination	contamination	7	100	0	0			1.0	-0.0
18	4	cycling_contamination	contamination	10	100	0	0			1.0	-0.0
18	5	senescence_core	senescence	15	100	1	0	SERPINE1		0.3954283587985156	0.4029321877586527
18	5	sasp_inflammatory	sasp	20	100	1	0	SERPINE1		0.4890811644551101	0.31061906245110604
18	5	ecm_degradation	ecm_remodeling	17	100	3	1	COL1A2,COL3A1,HTRA1	COL3A1	0.016822689959406997	1.7741045590065203
18	5	fibrocartilage_matrix	fibrocartilage	16	100	13	13	ACAN,CILP,CILP2,COL11A1,COL2A1,COL9A2,COL9A3,COMP,DCN,FMOD,MGP,PRELP,SCRG1	ACAN,CILP,CILP2,COL11A1,COL2A1,COL9A2,COL9A3,COMP,DCN,FMOD,MGP,PRELP,SCRG1	1.2491711750116472e-17	16.90337804579776
18	5	angiogenesis_hypoxia	communication	9	100	1	1	ANGPTL2	ANGPTL2	0.26039353388855496	0.5843698044025643
18	5	paracrine_communication	communication	12	100	0	0			1.0	-0.0
18	5	progenitor_interface	progenitor_interface	8	100	0	0			1.0	-0.0
18	5	generic_stress	generic_stress	14	100	0	0			1.0	-0.0
18	5	immune_contamination	contamination	13	100	0	0			1.0	-0.0
18	5	mural_contamination	contamination	10	100	0	0			1.0	-0.0
18	5	endothelial_contamination	contamination	7	100	0	0			1.0	-0.0
18	5	cycling_contamination	contamination	10	100	0	0			1.0	-0.0
18	6	senescence_core	senescence	15	100	2	0	BTG2,CDKN1A		0.08528558800432069	1.0691243519392781
18	6	sasp_inflammatory	sasp	20	100	2	1	MIF,SOCS3	MIF	0.1390168715158232	0.8569324892309466
18	6	ecm_degradation	ecm_remodeling	17	100	0	0			1.0	-0.0
18	6	fibrocartilage_matrix	fibrocartilage	16	100	6	4	CHAD,CILP,COMP,DCN,FRZB,PRELP	CHAD,DCN,FRZB,PRELP	6.713623089927696e-06	5.1730430441662545
18	6	angiogenesis_hypoxia	communication	9	100	2	1	BNIP3,MIF	MIF	0.033210660338964235	1.4787224890894424
18	6	paracrine_communication	communication	12	100	3	3	CCN1,CCN2,MIF	CCN1,CCN2,MIF	0.006132741775973217	2.212345321246125
18	6	progenitor_interface	progenitor_interface	8	100	0	0			1.0	-0.0
18	6	generic_stress	generic_stress	14	100	4	2	DDIT4,FOS,MT1E,TXNIP	MT1E,TXNIP	0.000858313528325089	3.0663540422803486
18	6	immune_contamination	contamination	13	100	0	0			1.0	-0.0
18	6	mural_contamination	contamination	10	100	0	0			1.0	-0.0
18	6	endothelial_contamination	contamination	7	100	1	0	CLDN5		0.20905583688604873	0.6797377023445434
18	6	cycling_contamination	contamination	10	100	0	0			1.0	-0.0
18	7	senescence_core	senescence	15	100	0	0			1.0	-0.0
18	7	sasp_inflammatory	sasp	20	100	0	0			1.0	-0.0
18	7	ecm_degradation	ecm_remodeling	17	100	1	0	MMP2		0.43477131809319347	0.3617391140906241
18	7	fibrocartilage_matrix	fibrocartilage	16	100	0	0			1.0	-0.0
18	7	angiogenesis_hypoxia	communication	9	100	1	1	CXCL12	CXCL12	0.26039353388855496	0.5843698044025643
18	7	paracrine_communication	communication	12	100	2	2	CCN1,CXCL12	CCN1,CXCL12	0.057116475362200825	1.243238600566202
18	7	progenitor_interface	progenitor_interface	8	100	1	1	THY1	THY1	0.23515099238304482	0.6286531841066286
18	7	generic_stress	generic_stress	14	100	1	0	PPP1R15A		0.37475217407890277	0.42625583896605546
18	7	immune_contamination	contamination	13	100	1	0	HLA-DRA		0.3533761800303181	0.45176272825891506
18	7	mural_contamination	contamination	10	100	0	0			1.0	-0.0
18	7	endothelial_contamination	contamination	7	100	0	0			1.0	-0.0
18	7	cycling_contamination	contamination	10	100	0	0			1.0	-0.0
18	8	senescence_core	senescence	15	100	0	0			1.0	-0.0
18	8	sasp_inflammatory	sasp	20	100	0	0			1.0	-0.0
18	8	ecm_degradation	ecm_remodeling	17	100	1	1	MMP2	MMP2	0.43477131809319347	0.3617391140906241
18	8	fibrocartilage_matrix	fibrocartilage	16	100	0	0			1.0	-0.0
18	8	angiogenesis_hypoxia	communication	9	100	1	1	CXCL12	CXCL12	0.26039353388855496	0.5843698044025643
18	8	paracrine_communication	communication	12	100	1	1	CXCL12	CXCL12	0.3312769380627967	0.4798087965982188
18	8	progenitor_interface	progenitor_interface	8	100	0	0			1.0	-0.0
18	8	generic_stress	generic_stress	14	100	0	0			1.0	-0.0
18	8	immune_contamination	contamination	13	100	0	0			1.0	-0.0
18	8	mural_contamination	contamination	10	100	0	0			1.0	-0.0
18	8	endothelial_contamination	contamination	7	100	0	0			1.0	-0.0
18	8	cycling_contamination	contamination	10	100	0	0			1.0	-0.0
18	9	senescence_core	senescence	15	100	0	0			1.0	-0.0
18	9	sasp_inflammatory	sasp	20	100	1	0	CXCL1		0.4890811644551101	0.31061906245110604
18	9	ecm_degradation	ecm_remodeling	17	100	2	2	HTRA1,TIMP3	HTRA1,TIMP3	0.10592506236370273	0.9750012716347
18	9	fibrocartilage_matrix	fibrocartilage	16	100	0	0			1.0	-0.0
18	9	angiogenesis_hypoxia	communication	9	100	0	0			1.0	-0.0
18	9	paracrine_communication	communication	12	100	1	1	HBEGF	HBEGF	0.3312769380627967	0.4798087965982188
18	9	progenitor_interface	progenitor_interface	8	100	5	5	HBEGF,ITGBL1,PRG4,SPARCL1,TIMP3	HBEGF,ITGBL1,PRG4,SPARCL1,TIMP3	1.8119298257958483e-06	5.7418586261182485
18	9	generic_stress	generic_stress	14	100	0	0			1.0	-0.0
18	9	immune_contamination	contamination	13	100	0	0			1.0	-0.0
18	9	mural_contamination	contamination	10	100	0	0			1.0	-0.0
18	9	endothelial_contamination	contamination	7	100	0	0			1.0	-0.0
18	9	cycling_contamination	contamination	10	100	0	0			1.0	-0.0
18	10	senescence_core	senescence	15	100	5	3	BTG2,CDKN1A,GADD45B,HMOX1,TNFRSF10D	BTG2,CDKN1A,HMOX1	8.07881542610925e-05	4.092652313930708
18	10	sasp_inflammatory	sasp	20	100	12	7	CCL2,CXCL1,CXCL2,CXCL3,CXCL8,ICAM1,IL6,NFKBIA,PTGS2,SOCS3,TNFAIP3,TNFAIP6	CXCL2,CXCL3,ICAM1,IL6,NFKBIA,PTGS2,SOCS3	8.428934945030851e-14	13.074227298058277
18	10	ecm_degradation	ecm_remodeling	17	100	0	0			1.0	-0.0
18	10	fibrocartilage_matrix	fibrocartilage	16	100	0	0			1.0	-0.0
18	10	angiogenesis_hypoxia	communication	9	100	1	1	HMOX1	HMOX1	0.26039353388855496	0.5843698044025643
18	10	paracrine_communication	communication	12	100	3	0	BMP2,CCN1,INHBA		0.006132741775973217	2.212345321246125
18	10	progenitor_interface	progenitor_interface	8	100	0	0			1.0	-0.0
18	10	generic_stress	generic_stress	14	100	4	4	ATF3,HMOX1,IER3,PPP1R15A	ATF3,HMOX1,IER3,PPP1R15A	0.000858313528325089	3.0663540422803486
18	10	immune_contamination	contamination	13	100	0	0			1.0	-0.0
18	10	mural_contamination	contamination	10	100	0	0			1.0	-0.0
18	10	endothelial_contamination	contamination	7	100	0	0			1.0	-0.0
18	10	cycling_contamination	contamination	10	100	0	0			1.0	-0.0
18	11	senescence_core	senescence	15	100	0	0			1.0	-0.0
18	11	sasp_inflammatory	sasp	20	100	3	3	IL11,MIF,PTGS2	IL11,MIF,PTGS2	0.02626499908109733	1.5806226100550231
18	11	ecm_degradation	ecm_remodeling	17	100	1	0	COL3A1		0.43477131809319347	0.3617391140906241
18	11	fibrocartilage_matrix	fibrocartilage	16	100	4	2	CILP2,COL11A1,COL2A1,SOX9	COL2A1,SOX9	0.0014832472387454557	2.8287864514845102
18	11	angiogenesis_hypoxia	communication	9	100	5	5	ANGPTL4,BNIP3,MIF,SLC2A1,VEGFA	ANGPTL4,BNIP3,MIF,SLC2A1,VEGFA	3.97058562884604e-06	5.40114543363508
18	11	paracrine_communication	communication	12	100	7	7	ANGPTL4,BMP2,IL11,INHBA,MIF,TNFRSF12A,VEGFA	ANGPTL4,BMP2,IL11,INHBA,MIF,TNFRSF12A,VEGFA	2.3512173889923828e-08	7.628707214994515
18	11	progenitor_interface	progenitor_interface	8	100	0	0			1.0	-0.0
18	11	generic_stress	generic_stress	14	100	2	1	DDIT3,HSPA5	HSPA5	0.07548825739871948	1.1221205999412116
18	11	immune_contamination	contamination	13	100	0	0			1.0	-0.0
18	11	mural_contamination	contamination	10	100	0	0			1.0	-0.0
18	11	endothelial_contamination	contamination	7	100	0	0			1.0	-0.0
18	11	cycling_contamination	contamination	10	100	0	0			1.0	-0.0
18	12	senescence_core	senescence	15	100	1	0	IGFBP7		0.3954283587985156	0.4029321877586527
18	12	sasp_inflammatory	sasp	20	100	0	0			1.0	-0.0
18	12	ecm_degradation	ecm_remodeling	17	100	0	0			1.0	-0.0
18	12	fibrocartilage_matrix	fibrocartilage	16	100	0	0			1.0	-0.0
18	12	angiogenesis_hypoxia	communication	9	100	0	0			1.0	-0.0
18	12	paracrine_communication	communication	12	100	0	0			1.0	-0.0
18	12	progenitor_interface	progenitor_interface	8	100	2	0	SPARCL1,THY1		0.02638974840707613	1.578564750209635
18	12	generic_stress	generic_stress	14	100	0	0			1.0	-0.0
18	12	immune_contamination	contamination	13	100	0	0			1.0	-0.0
18	12	mural_contamination	contamination	10	100	0	0			1.0	-0.0
18	12	endothelial_contamination	contamination	7	100	0	0			1.0	-0.0
18	12	cycling_contamination	contamination	10	100	0	0			1.0	-0.0
18	13	senescence_core	senescence	15	100	1	1	IGFBP5	IGFBP5	0.3954283587985156	0.4029321877586527
18	13	sasp_inflammatory	sasp	20	100	2	1	MIF,TNFAIP6	TNFAIP6	0.1390168715158232	0.8569324892309466
18	13	ecm_degradation	ecm_remodeling	17	100	4	4	FN1,HTRA1,TIMP1,TIMP3	FN1,HTRA1,TIMP1,TIMP3	0.0018910338451440306	2.7233006982159047
18	13	fibrocartilage_matrix	fibrocartilage	16	100	0	0			1.0	-0.0
18	13	angiogenesis_hypoxia	communication	9	100	1	0	MIF		0.26039353388855496	0.5843698044025643
18	13	paracrine_communication	communication	12	100	1	0	MIF		0.3312769380627967	0.4798087965982188
18	13	progenitor_interface	progenitor_interface	8	100	3	2	GDF5,PRG4,TIMP3	PRG4,TIMP3	0.001718612309643267	2.764822081877302
18	13	generic_stress	generic_stress	14	100	0	0			1.0	-0.0
18	13	immune_contamination	contamination	13	100	0	0			1.0	-0.0
18	13	mural_contamination	contamination	10	100	0	0			1.0	-0.0
18	13	endothelial_contamination	contamination	7	100	0	0			1.0	-0.0
18	13	cycling_contamination	contamination	10	100	0	0			1.0	-0.0
18	14	senescence_core	senescence	15	100	2	0	IGFBP7,SERPINE1		0.08528558800432069	1.0691243519392781
18	14	sasp_inflammatory	sasp	20	100	1	0	SERPINE1		0.4890811644551101	0.31061906245110604
18	14	ecm_degradation	ecm_remodeling	17	100	7	6	COL1A1,COL1A2,COL3A1,MMP2,POSTN,TGFBI,TIMP1	COL1A1,COL1A2,COL3A1,MMP2,POSTN,TGFBI	5.039778560775718e-07	6.297588545289776
18	14	fibrocartilage_matrix	fibrocartilage	16	100	0	0			1.0	-0.0
18	14	angiogenesis_hypoxia	communication	9	100	1	0	ANGPTL2		0.26039353388855496	0.5843698044025643
18	14	paracrine_communication	communication	12	100	1	0	TNFRSF12A		0.3312769380627967	0.4798087965982188
18	14	progenitor_interface	progenitor_interface	8	100	1	1	THY1	THY1	0.23515099238304482	0.6286531841066286
18	14	generic_stress	generic_stress	14	100	0	0			1.0	-0.0
18	14	immune_contamination	contamination	13	100	0	0			1.0	-0.0
18	14	mural_contamination	contamination	10	100	1	1	TAGLN	TAGLN	0.2848110468007849	0.5454431699804685
18	14	endothelial_contamination	contamination	7	100	0	0			1.0	-0.0
18	14	cycling_contamination	contamination	10	100	0	0			1.0	-0.0
18	15	senescence_core	senescence	15	100	1	1	IGFBP7	IGFBP7	0.3954283587985156	0.4029321877586527
18	15	sasp_inflammatory	sasp	20	100	0	0			1.0	-0.0
18	15	ecm_degradation	ecm_remodeling	17	100	1	1	ADAMTS4	ADAMTS4	0.43477131809319347	0.3617391140906241
18	15	fibrocartilage_matrix	fibrocartilage	16	100	0	0			1.0	-0.0
18	15	angiogenesis_hypoxia	communication	9	100	0	0			1.0	-0.0
18	15	paracrine_communication	communication	12	100	0	0			1.0	-0.0
18	15	progenitor_interface	progenitor_interface	8	100	3	2	MCAM,SPARCL1,THY1	MCAM,THY1	0.001718612309643267	2.764822081877302
18	15	generic_stress	generic_stress	14	100	0	0			1.0	-0.0
18	15	immune_contamination	contamination	13	100	0	0			1.0	-0.0
18	15	mural_contamination	contamination	10	100	10	9	ACTA2,ADGRF5,COX4I2,GJA4,MCAM,MYH11,RGS5,SYNPO2,TAGLN,TINAGL1	ACTA2,ADGRF5,COX4I2,GJA4,MCAM,RGS5,SYNPO2,TAGLN,TINAGL1	9.519843714272747e-16	15.021370181298938
18	15	endothelial_contamination	contamination	7	100	2	0	EMCN,PECAM1		0.020221964382717908	1.6941766588767249
18	15	cycling_contamination	contamination	10	100	0	0			1.0	-0.0
18	16	senescence_core	senescence	15	100	0	0			1.0	-0.0
18	16	sasp_inflammatory	sasp	20	100	4	2	CCL3,CCL4,CXCL8,TNFAIP3	CCL3,CXCL8	0.003567942938810839	2.4475820997997664
18	16	ecm_degradation	ecm_remodeling	17	100	0	0			1.0	-0.0
18	16	fibrocartilage_matrix	fibrocartilage	16	100	0	0			1.0	-0.0
18	16	angiogenesis_hypoxia	communication	9	100	0	0			1.0	-0.0
18	16	paracrine_communication	communication	12	100	0	0			1.0	-0.0
18	16	progenitor_interface	progenitor_interface	8	100	0	0			1.0	-0.0
18	16	generic_stress	generic_stress	14	100	0	0			1.0	-0.0
18	16	immune_contamination	contamination	13	100	13	12	AIF1,C1QA,C1QB,C1QC,CD14,CYBB,FOLR2,HLA-DQA1,HLA-DRA,MARCO,MS4A6A,PTPRC,TYROBP	AIF1,C1QA,C1QB,C1QC,CYBB,FOLR2,HLA-DQA1,HLA-DRA,MARCO,MS4A6A,PTPRC,TYROBP	2.4194006414951792e-20	19.616292208536308
18	16	mural_contamination	contamination	10	100	0	0			1.0	-0.0
18	16	endothelial_contamination	contamination	7	100	3	1	EMCN,PECAM1,VWF	PECAM1	0.0011003618823806295	2.958464462410381
18	16	cycling_contamination	contamination	10	100	1	0	UBE2C		0.2848110468007849	0.5454431699804685
18	17	senescence_core	senescence	15	100	0	0			1.0	-0.0
18	17	sasp_inflammatory	sasp	20	100	2	2	CCL4,TNFAIP3	CCL4,TNFAIP3	0.1390168715158232	0.8569324892309466
18	17	ecm_degradation	ecm_remodeling	17	100	0	0			1.0	-0.0
18	17	fibrocartilage_matrix	fibrocartilage	16	100	0	0			1.0	-0.0
18	17	angiogenesis_hypoxia	communication	9	100	0	0			1.0	-0.0
18	17	paracrine_communication	communication	12	100	0	0			1.0	-0.0
18	17	progenitor_interface	progenitor_interface	8	100	0	0			1.0	-0.0
18	17	generic_stress	generic_stress	14	100	0	0			1.0	-0.0
18	17	immune_contamination	contamination	13	100	4	1	HLA-DQA1,HLA-DRA,PTPRC,TYROBP	PTPRC	0.0006288798113881723	3.2014323469846766
18	17	mural_contamination	contamination	10	100	0	0			1.0	-0.0
18	17	endothelial_contamination	contamination	7	100	0	0			1.0	-0.0
18	17	cycling_contamination	contamination	10	100	4	0	CENPF,CEP55,MKI67,TOP2A		0.00019938319617339434	3.700311446408953
18	18	senescence_core	senescence	15	100	1	0	LMNB1		0.3954283587985156	0.4029321877586527
18	18	sasp_inflammatory	sasp	20	100	0	0			1.0	-0.0
18	18	ecm_degradation	ecm_remodeling	17	100	0	0			1.0	-0.0
18	18	fibrocartilage_matrix	fibrocartilage	16	100	0	0			1.0	-0.0
18	18	angiogenesis_hypoxia	communication	9	100	0	0			1.0	-0.0
18	18	paracrine_communication	communication	12	100	1	0	TNFRSF12A		0.3312769380627967	0.4798087965982188
18	18	progenitor_interface	progenitor_interface	8	100	0	0			1.0	-0.0
18	18	generic_stress	generic_stress	14	100	0	0			1.0	-0.0
18	18	immune_contamination	contamination	13	100	2	0	HLA-DQA1,HLA-DRA		0.06608603445253759	1.1798903075493172
18	18	mural_contamination	contamination	10	100	0	0			1.0	-0.0
18	18	endothelial_contamination	contamination	7	100	0	0			1.0	-0.0
18	18	cycling_contamination	contamination	10	100	10	10	ASPM,BIRC5,CCNB2,CENPF,CEP55,MKI67,PIMREG,TOP2A,TPX2,UBE2C	ASPM,BIRC5,CCNB2,CENPF,CEP55,MKI67,PIMREG,TOP2A,TPX2,UBE2C	9.519843714272747e-16	15.021370181298938
20	1	senescence_core	senescence	15	100	0	0			1.0	-0.0
20	1	sasp_inflammatory	sasp	20	100	0	0			1.0	-0.0
20	1	ecm_degradation	ecm_remodeling	17	100	1	0	FN1		0.43477131809319347	0.3617391140906241
20	1	fibrocartilage_matrix	fibrocartilage	16	100	2	1	CILP,FMOD	CILP	0.09544243031613857	1.0202585104583135
20	1	angiogenesis_hypoxia	communication	9	100	1	0	ANGPTL2		0.26039353388855496	0.5843698044025643
20	1	paracrine_communication	communication	12	100	0	0			1.0	-0.0
20	1	progenitor_interface	progenitor_interface	8	100	0	0			1.0	-0.0
20	1	generic_stress	generic_stress	14	100	0	0			1.0	-0.0
20	1	immune_contamination	contamination	13	100	0	0			1.0	-0.0
20	1	mural_contamination	contamination	10	100	0	0			1.0	-0.0
20	1	endothelial_contamination	contamination	7	100	0	0			1.0	-0.0
20	1	cycling_contamination	contamination	10	100	0	0			1.0	-0.0
20	2	senescence_core	senescence	15	100	3	2	CDKN1A,GADD45B,GADD45G	GADD45B,GADD45G	0.011805608462311426	1.92791162442478
20	2	sasp_inflammatory	sasp	20	100	1	0	NFKBIA		0.4890811644551101	0.31061906245110604
20	2	ecm_degradation	ecm_remodeling	17	100	0	0			1.0	-0.0
20	2	fibrocartilage_matrix	fibrocartilage	16	100	8	4	CHAD,CILP,COMP,DCN,FRZB,MGP,PRELP,SCRG1	CHAD,COMP,DCN,FRZB	1.0791457984181856e-08	7.96691987582599
20	2	angiogenesis_hypoxia	communication	9	100	1	0	ADM		0.26039353388855496	0.5843698044025643
20	2	paracrine_communication	communication	12	100	0	0			1.0	-0.0
20	2	progenitor_interface	progenitor_interface	8	100	0	0			1.0	-0.0
20	2	generic_stress	generic_stress	14	100	3	1	DDIT3,IER3,JUN	IER3	0.009672696775446087	2.014452426494684
20	2	immune_contamination	contamination	13	100	0	0			1.0	-0.0
20	2	mural_contamination	contamination	10	100	0	0			1.0	-0.0
20	2	endothelial_contamination	contamination	7	100	0	0			1.0	-0.0
20	2	cycling_contamination	contamination	10	100	0	0			1.0	-0.0
20	3	senescence_core	senescence	15	100	1	0	TNFRSF10D		0.3954283587985156	0.4029321877586527
20	3	sasp_inflammatory	sasp	20	100	3	2	ICAM1,SAA1,SAA2	ICAM1,SAA1	0.02626499908109733	1.5806226100550231
20	3	ecm_degradation	ecm_remodeling	17	100	1	1	LOX	LOX	0.43477131809319347	0.3617391140906241
20	3	fibrocartilage_matrix	fibrocartilage	16	100	0	0			1.0	-0.0
20	3	angiogenesis_hypoxia	communication	9	100	5	4	ADM,ANGPTL4,BNIP3,SLC2A1,VEGFA	ADM,ANGPTL4,BNIP3,SLC2A1	3.97058562884604e-06	5.40114543363508
20	3	paracrine_communication	communication	12	100	2	1	ANGPTL4,VEGFA	ANGPTL4	0.057116475362200825	1.243238600566202
20	3	progenitor_interface	progenitor_interface	8	100	0	0			1.0	-0.0
20	3	generic_stress	generic_stress	14	100	8	5	DDIT4,FOS,HSPA5,MT1E,MT1M,MT1X,MT2A,TXNIP	DDIT4,MT1E,MT1M,MT1X,MT2A	2.6595794396900385e-09	8.57518703309156
20	3	immune_contamination	contamination	13	100	1	0	CD14		0.3533761800303181	0.45176272825891506
20	3	mural_contamination	contamination	10	100	0	0			1.0	-0.0
20	3	endothelial_contamination	contamination	7	100	0	0			1.0	-0.0
20	3	cycling_contamination	contamination	10	100	0	0			1.0	-0.0
20	4	senescence_core	senescence	15	100	1	1	BTG2	BTG2	0.3954283587985156	0.4029321877586527
20	4	sasp_inflammatory	sasp	20	100	0	0			1.0	-0.0
20	4	ecm_degradation	ecm_remodeling	17	100	2	2	ADAMTS5,MMP3	ADAMTS5,MMP3	0.10592506236370273	0.9750012716347
20	4	fibrocartilage_matrix	fibrocartilage	16	100	0	0			1.0	-0.0
20	4	angiogenesis_hypoxia	communication	9	100	0	0			1.0	-0.0
20	4	paracrine_communication	communication	12	100	0	0			1.0	-0.0
20	4	progenitor_interface	progenitor_interface	8	100	0	0			1.0	-0.0
20	4	generic_stress	generic_stress	14	100	5	3	ATF3,DDIT4,FOS,JUN,TXNIP	DDIT4,JUN,TXNIP	5.529551904587946e-05	4.257310060964683
20	4	immune_contamination	contamination	13	100	0	0			1.0	-0.0
20	4	mural_contamination	contamination	10	100	0	0			1.0	-0.0
20	4	endothelial_contamination	contamination	7	100	0	0			1.0	-0.0
20	4	cycling_contamination	contamination	10	100	0	0			1.0	-0.0
20	5	senescence_core	senescence	15	100	1	0	SERPINE1		0.3954283587985156	0.4029321877586527
20	5	sasp_inflammatory	sasp	20	100	1	0	SERPINE1		0.4890811644551101	0.31061906245110604
20	5	ecm_degradation	ecm_remodeling	17	100	3	1	COL1A2,COL3A1,HTRA1	COL3A1	0.016822689959406997	1.7741045590065203
20	5	fibrocartilage_matrix	fibrocartilage	16	100	14	13	ACAN,CHAD,CILP,CILP2,COL11A1,COL2A1,COL9A2,COL9A3,COMP,DCN,FMOD,MGP,PRELP,SCRG1	ACAN,CILP,CILP2,COL11A1,COL2A1,COL9A2,COL9A3,COMP,DCN,FMOD,MGP,PRELP,SCRG1	7.912505864467558e-20	19.101685955090865
20	5	angiogenesis_hypoxia	communication	9	100	1	1	ANGPTL2	ANGPTL2	0.26039353388855496	0.5843698044025643
20	5	paracrine_communication	communication	12	100	0	0			1.0	-0.0
20	5	progenitor_interface	progenitor_interface	8	100	0	0			1.0	-0.0
20	5	generic_stress	generic_stress	14	100	0	0			1.0	-0.0
20	5	immune_contamination	contamination	13	100	0	0			1.0	-0.0
20	5	mural_contamination	contamination	10	100	0	0			1.0	-0.0
20	5	endothelial_contamination	contamination	7	100	0	0			1.0	-0.0
20	5	cycling_contamination	contamination	10	100	0	0			1.0	-0.0
20	6	senescence_core	senescence	15	100	2	0	BTG2,CDKN1A		0.08528558800432069	1.0691243519392781
20	6	sasp_inflammatory	sasp	20	100	2	1	MIF,SOCS3	MIF	0.1390168715158232	0.8569324892309466
20	6	ecm_degradation	ecm_remodeling	17	100	0	0			1.0	-0.0
20	6	fibrocartilage_matrix	fibrocartilage	16	100	6	4	CHAD,CILP,COMP,DCN,FRZB,PRELP	CHAD,DCN,FRZB,PRELP	6.713623089927696e-06	5.1730430441662545
20	6	angiogenesis_hypoxia	communication	9	100	1	1	MIF	MIF	0.26039353388855496	0.5843698044025643
20	6	paracrine_communication	communication	12	100	3	3	CCN1,CCN2,MIF	CCN1,CCN2,MIF	0.006132741775973217	2.212345321246125
20	6	progenitor_interface	progenitor_interface	8	100	0	0			1.0	-0.0
20	6	generic_stress	generic_stress	14	100	4	2	DDIT4,FOS,MT1E,TXNIP	MT1E,TXNIP	0.000858313528325089	3.0663540422803486
20	6	immune_contamination	contamination	13	100	0	0			1.0	-0.0
20	6	mural_contamination	contamination	10	100	0	0			1.0	-0.0
20	6	endothelial_contamination	contamination	7	100	1	0	CLDN5		0.20905583688604873	0.6797377023445434
20	6	cycling_contamination	contamination	10	100	0	0			1.0	-0.0
20	7	senescence_core	senescence	15	100	0	0			1.0	-0.0
20	7	sasp_inflammatory	sasp	20	100	0	0			1.0	-0.0
20	7	ecm_degradation	ecm_remodeling	17	100	1	1	MMP2	MMP2	0.43477131809319347	0.3617391140906241
20	7	fibrocartilage_matrix	fibrocartilage	16	100	0	0			1.0	-0.0
20	7	angiogenesis_hypoxia	communication	9	100	1	1	CXCL12	CXCL12	0.26039353388855496	0.5843698044025643
20	7	paracrine_communication	communication	12	100	1	1	CXCL12	CXCL12	0.3312769380627967	0.4798087965982188
20	7	progenitor_interface	progenitor_interface	8	100	0	0			1.0	-0.0
20	7	generic_stress	generic_stress	14	100	0	0			1.0	-0.0
20	7	immune_contamination	contamination	13	100	0	0			1.0	-0.0
20	7	mural_contamination	contamination	10	100	0	0			1.0	-0.0
20	7	endothelial_contamination	contamination	7	100	0	0			1.0	-0.0
20	7	cycling_contamination	contamination	10	100	0	0			1.0	-0.0
20	8	senescence_core	senescence	15	100	0	0			1.0	-0.0
20	8	sasp_inflammatory	sasp	20	100	0	0			1.0	-0.0
20	8	ecm_degradation	ecm_remodeling	17	100	1	0	MMP2		0.43477131809319347	0.3617391140906241
20	8	fibrocartilage_matrix	fibrocartilage	16	100	0	0			1.0	-0.0
20	8	angiogenesis_hypoxia	communication	9	100	1	1	CXCL12	CXCL12	0.26039353388855496	0.5843698044025643
20	8	paracrine_communication	communication	12	100	2	2	CCN1,CXCL12	CCN1,CXCL12	0.057116475362200825	1.243238600566202
20	8	progenitor_interface	progenitor_interface	8	100	1	1	THY1	THY1	0.23515099238304482	0.6286531841066286
20	8	generic_stress	generic_stress	14	100	1	0	PPP1R15A		0.37475217407890277	0.42625583896605546
20	8	immune_contamination	contamination	13	100	1	1	HLA-DRA	HLA-DRA	0.3533761800303181	0.45176272825891506
20	8	mural_contamination	contamination	10	100	0	0			1.0	-0.0
20	8	endothelial_contamination	contamination	7	100	0	0			1.0	-0.0
20	8	cycling_contamination	contamination	10	100	0	0			1.0	-0.0
20	9	senescence_core	senescence	15	100	5	3	BTG2,CDKN1A,GADD45B,HMOX1,TNFRSF10D	BTG2,CDKN1A,HMOX1	8.07881542610925e-05	4.092652313930708
20	9	sasp_inflammatory	sasp	20	100	12	7	CCL2,CXCL1,CXCL2,CXCL3,CXCL8,ICAM1,IL6,NFKBIA,PTGS2,SOCS3,TNFAIP3,TNFAIP6	CXCL2,CXCL3,ICAM1,IL6,NFKBIA,PTGS2,SOCS3	8.428934945030851e-14	13.074227298058277
20	9	ecm_degradation	ecm_remodeling	17	100	0	0			1.0	-0.0
20	9	fibrocartilage_matrix	fibrocartilage	16	100	0	0			1.0	-0.0
20	9	angiogenesis_hypoxia	communication	9	100	1	1	HMOX1	HMOX1	0.26039353388855496	0.5843698044025643
20	9	paracrine_communication	communication	12	100	3	1	BMP2,CCN1,INHBA	BMP2	0.006132741775973217	2.212345321246125
20	9	progenitor_interface	progenitor_interface	8	100	0	0			1.0	-0.0
20	9	generic_stress	generic_stress	14	100	4	4	ATF3,HMOX1,IER3,PPP1R15A	ATF3,HMOX1,IER3,PPP1R15A	0.000858313528325089	3.0663540422803486
20	9	immune_contamination	contamination	13	100	0	0			1.0	-0.0
20	9	mural_contamination	contamination	10	100	0	0			1.0	-0.0
20	9	endothelial_contamination	contamination	7	100	0	0			1.0	-0.0
20	9	cycling_contamination	contamination	10	100	0	0			1.0	-0.0
20	10	senescence_core	senescence	15	100	0	0			1.0	-0.0
20	10	sasp_inflammatory	sasp	20	100	1	0	CXCL1		0.4890811644551101	0.31061906245110604
20	10	ecm_degradation	ecm_remodeling	17	100	2	2	HTRA1,TIMP3	HTRA1,TIMP3	0.10592506236370273	0.9750012716347
20	10	fibrocartilage_matrix	fibrocartilage	16	100	0	0			1.0	-0.0
20	10	angiogenesis_hypoxia	communication	9	100	0	0			1.0	-0.0
20	10	paracrine_communication	communication	12	100	1	1	HBEGF	HBEGF	0.3312769380627967	0.4798087965982188
20	10	progenitor_interface	progenitor_interface	8	100	5	5	HBEGF,ITGBL1,PRG4,SPARCL1,TIMP3	HBEGF,ITGBL1,PRG4,SPARCL1,TIMP3	1.8119298257958483e-06	5.7418586261182485
20	10	generic_stress	generic_stress	14	100	0	0			1.0	-0.0
20	10	immune_contamination	contamination	13	100	0	0			1.0	-0.0
20	10	mural_contamination	contamination	10	100	0	0			1.0	-0.0
20	10	endothelial_contamination	contamination	7	100	0	0			1.0	-0.0
20	10	cycling_contamination	contamination	10	100	0	0			1.0	-0.0
20	11	senescence_core	senescence	15	100	0	0			1.0	-0.0
20	11	sasp_inflammatory	sasp	20	100	3	3	IL11,MIF,PTGS2	IL11,MIF,PTGS2	0.02626499908109733	1.5806226100550231
20	11	ecm_degradation	ecm_remodeling	17	100	1	0	COL3A1		0.43477131809319347	0.3617391140906241
20	11	fibrocartilage_matrix	fibrocartilage	16	100	4	2	CILP2,COL11A1,COL2A1,SOX9	COL2A1,SOX9	0.0014832472387454557	2.8287864514845102
20	11	angiogenesis_hypoxia	communication	9	100	5	5	ANGPTL4,BNIP3,MIF,SLC2A1,VEGFA	ANGPTL4,BNIP3,MIF,SLC2A1,VEGFA	3.97058562884604e-06	5.40114543363508
20	11	paracrine_communication	communication	12	100	7	7	ANGPTL4,BMP2,IL11,INHBA,MIF,TNFRSF12A,VEGFA	ANGPTL4,BMP2,IL11,INHBA,MIF,TNFRSF12A,VEGFA	2.3512173889923828e-08	7.628707214994515
20	11	progenitor_interface	progenitor_interface	8	100	0	0			1.0	-0.0
20	11	generic_stress	generic_stress	14	100	2	1	DDIT3,HSPA5	HSPA5	0.07548825739871948	1.1221205999412116
20	11	immune_contamination	contamination	13	100	0	0			1.0	-0.0
20	11	mural_contamination	contamination	10	100	0	0			1.0	-0.0
20	11	endothelial_contamination	contamination	7	100	0	0			1.0	-0.0
20	11	cycling_contamination	contamination	10	100	0	0			1.0	-0.0
20	12	senescence_core	senescence	15	100	2	0	IGFBP7,SERPINE1		0.08528558800432069	1.0691243519392781
20	12	sasp_inflammatory	sasp	20	100	1	0	SERPINE1		0.4890811644551101	0.31061906245110604
20	12	ecm_degradation	ecm_remodeling	17	100	7	6	COL1A1,COL1A2,COL3A1,MMP2,POSTN,TGFBI,TIMP1	COL1A1,COL1A2,COL3A1,MMP2,POSTN,TGFBI	5.039778560775718e-07	6.297588545289776
20	12	fibrocartilage_matrix	fibrocartilage	16	100	0	0			1.0	-0.0
20	12	angiogenesis_hypoxia	communication	9	100	1	0	ANGPTL2		0.26039353388855496	0.5843698044025643
20	12	paracrine_communication	communication	12	100	1	0	TNFRSF12A		0.3312769380627967	0.4798087965982188
20	12	progenitor_interface	progenitor_interface	8	100	1	1	THY1	THY1	0.23515099238304482	0.6286531841066286
20	12	generic_stress	generic_stress	14	100	0	0			1.0	-0.0
20	12	immune_contamination	contamination	13	100	0	0			1.0	-0.0
20	12	mural_contamination	contamination	10	100	1	1	TAGLN	TAGLN	0.2848110468007849	0.5454431699804685
20	12	endothelial_contamination	contamination	7	100	0	0			1.0	-0.0
20	12	cycling_contamination	contamination	10	100	0	0			1.0	-0.0
20	13	senescence_core	senescence	15	100	1	0	IGFBP7		0.3954283587985156	0.4029321877586527
20	13	sasp_inflammatory	sasp	20	100	0	0			1.0	-0.0
20	13	ecm_degradation	ecm_remodeling	17	100	0	0			1.0	-0.0
20	13	fibrocartilage_matrix	fibrocartilage	16	100	0	0			1.0	-0.0
20	13	angiogenesis_hypoxia	communication	9	100	0	0			1.0	-0.0
20	13	paracrine_communication	communication	12	100	0	0			1.0	-0.0
20	13	progenitor_interface	progenitor_interface	8	100	2	0	SPARCL1,THY1		0.02638974840707613	1.578564750209635
20	13	generic_stress	generic_stress	14	100	0	0			1.0	-0.0
20	13	immune_contamination	contamination	13	100	0	0			1.0	-0.0
20	13	mural_contamination	contamination	10	100	0	0			1.0	-0.0
20	13	endothelial_contamination	contamination	7	100	0	0			1.0	-0.0
20	13	cycling_contamination	contamination	10	100	0	0			1.0	-0.0
20	14	senescence_core	senescence	15	100	1	1	IGFBP5	IGFBP5	0.3954283587985156	0.4029321877586527
20	14	sasp_inflammatory	sasp	20	100	2	1	MIF,TNFAIP6	TNFAIP6	0.1390168715158232	0.8569324892309466
20	14	ecm_degradation	ecm_remodeling	17	100	4	4	FN1,HTRA1,TIMP1,TIMP3	FN1,HTRA1,TIMP1,TIMP3	0.0018910338451440306	2.7233006982159047
20	14	fibrocartilage_matrix	fibrocartilage	16	100	0	0			1.0	-0.0
20	14	angiogenesis_hypoxia	communication	9	100	1	0	MIF		0.26039353388855496	0.5843698044025643
20	14	paracrine_communication	communication	12	100	1	0	MIF		0.3312769380627967	0.4798087965982188
20	14	progenitor_interface	progenitor_interface	8	100	3	2	GDF5,PRG4,TIMP3	PRG4,TIMP3	0.001718612309643267	2.764822081877302
20	14	generic_stress	generic_stress	14	100	0	0			1.0	-0.0
20	14	immune_contamination	contamination	13	100	0	0			1.0	-0.0
20	14	mural_contamination	contamination	10	100	0	0			1.0	-0.0
20	14	endothelial_contamination	contamination	7	100	0	0			1.0	-0.0
20	14	cycling_contamination	contamination	10	100	0	0			1.0	-0.0
20	15	senescence_core	senescence	15	100	1	1	IGFBP7	IGFBP7	0.3954283587985156	0.4029321877586527
20	15	sasp_inflammatory	sasp	20	100	0	0			1.0	-0.0
20	15	ecm_degradation	ecm_remodeling	17	100	1	1	ADAMTS4	ADAMTS4	0.43477131809319347	0.3617391140906241
20	15	fibrocartilage_matrix	fibrocartilage	16	100	0	0			1.0	-0.0
20	15	angiogenesis_hypoxia	communication	9	100	0	0			1.0	-0.0
20	15	paracrine_communication	communication	12	100	0	0			1.0	-0.0
20	15	progenitor_interface	progenitor_interface	8	100	3	3	MCAM,SPARCL1,THY1	MCAM,SPARCL1,THY1	0.001718612309643267	2.764822081877302
20	15	generic_stress	generic_stress	14	100	0	0			1.0	-0.0
20	15	immune_contamination	contamination	13	100	0	0			1.0	-0.0
20	15	mural_contamination	contamination	10	100	10	10	ACTA2,ADGRF5,COX4I2,GJA4,MCAM,MYH11,RGS5,SYNPO2,TAGLN,TINAGL1	ACTA2,ADGRF5,COX4I2,GJA4,MCAM,MYH11,RGS5,SYNPO2,TAGLN,TINAGL1	9.519843714272747e-16	15.021370181298938
20	15	endothelial_contamination	contamination	7	100	0	0			1.0	-0.0
20	15	cycling_contamination	contamination	10	100	0	0			1.0	-0.0
20	16	senescence_core	senescence	15	100	1	1	IGFBP7	IGFBP7	0.3954283587985156	0.4029321877586527
20	16	sasp_inflammatory	sasp	20	100	0	0			1.0	-0.0
20	16	ecm_degradation	ecm_remodeling	17	100	0	0			1.0	-0.0
20	16	fibrocartilage_matrix	fibrocartilage	16	100	0	0			1.0	-0.0
20	16	angiogenesis_hypoxia	communication	9	100	0	0			1.0	-0.0
20	16	paracrine_communication	communication	12	100	0	0			1.0	-0.0
20	16	progenitor_interface	progenitor_interface	8	100	1	1	MCAM	MCAM	0.23515099238304482	0.6286531841066286
20	16	generic_stress	generic_stress	14	100	0	0			1.0	-0.0
20	16	immune_contamination	contamination	13	100	0	0			1.0	-0.0
20	16	mural_contamination	contamination	10	100	2	1	MCAM,TAGLN	MCAM	0.04063591767848533	1.3910899281542373
20	16	endothelial_contamination	contamination	7	100	0	0			1.0	-0.0
20	16	cycling_contamination	contamination	10	100	0	0			1.0	-0.0
20	17	senescence_core	senescence	15	100	0	0			1.0	-0.0
20	17	sasp_inflammatory	sasp	20	100	0	0			1.0	-0.0
20	17	ecm_degradation	ecm_remodeling	17	100	0	0			1.0	-0.0
20	17	fibrocartilage_matrix	fibrocartilage	16	100	0	0			1.0	-0.0
20	17	angiogenesis_hypoxia	communication	9	100	0	0			1.0	-0.0
20	17	paracrine_communication	communication	12	100	0	0			1.0	-0.0
20	17	progenitor_interface	progenitor_interface	8	100	1	0	MCAM		0.23515099238304482	0.6286531841066286
20	17	generic_stress	generic_stress	14	100	0	0			1.0	-0.0
20	17	immune_contamination	contamination	13	100	2	1	HLA-DQA1,HLA-DRA	HLA-DRA	0.06608603445253759	1.1798903075493172
20	17	mural_contamination	contamination	10	100	3	1	ADGRF5,MCAM,TINAGL1	ADGRF5	0.0035096309808797274	2.4547385448996337
20	17	endothelial_contamination	contamination	7	100	7	7	CLDN5,EMCN,FLT1,KDR,PECAM1,RAMP2,VWF	CLDN5,EMCN,FLT1,KDR,PECAM1,RAMP2,VWF	3.4013043043974614e-11	10.468354511316738
20	17	cycling_contamination	contamination	10	100	0	0			1.0	-0.0
20	18	senescence_core	senescence	15	100	0	0			1.0	-0.0
20	18	sasp_inflammatory	sasp	20	100	5	3	CCL3,CCL4,CXCL3,CXCL8,TNFAIP3	CCL3,CCL4,CXCL8	0.00036573164700467856	3.436837458243198
20	18	ecm_degradation	ecm_remodeling	17	100	0	0			1.0	-0.0
20	18	fibrocartilage_matrix	fibrocartilage	16	100	0	0			1.0	-0.0
20	18	angiogenesis_hypoxia	communication	9	100	0	0			1.0	-0.0
20	18	paracrine_communication	communication	12	100	0	0			1.0	-0.0
20	18	progenitor_interface	progenitor_interface	8	100	0	0			1.0	-0.0
20	18	generic_stress	generic_stress	14	100	0	0			1.0	-0.0
20	18	immune_contamination	contamination	13	100	13	12	AIF1,C1QA,C1QB,C1QC,CD14,CYBB,FOLR2,HLA-DQA1,HLA-DRA,MARCO,MS4A6A,PTPRC,TYROBP	AIF1,C1QA,C1QB,C1QC,CYBB,FOLR2,HLA-DQA1,HLA-DRA,MARCO,MS4A6A,PTPRC,TYROBP	2.4194006414951792e-20	19.616292208536308
20	18	mural_contamination	contamination	10	100	0	0			1.0	-0.0
20	18	endothelial_contamination	contamination	7	100	1	0	PECAM1		0.20905583688604873	0.6797377023445434
20	18	cycling_contamination	contamination	10	100	1	0	UBE2C		0.2848110468007849	0.5454431699804685
20	19	senescence_core	senescence	15	100	0	0			1.0	-0.0
20	19	sasp_inflammatory	sasp	20	100	2	2	CCL4,TNFAIP3	CCL4,TNFAIP3	0.1390168715158232	0.8569324892309466
20	19	ecm_degradation	ecm_remodeling	17	100	0	0			1.0	-0.0
20	19	fibrocartilage_matrix	fibrocartilage	16	100	0	0			1.0	-0.0
20	19	angiogenesis_hypoxia	communication	9	100	0	0			1.0	-0.0
20	19	paracrine_communication	communication	12	100	0	0			1.0	-0.0
20	19	progenitor_interface	progenitor_interface	8	100	0	0			1.0	-0.0
20	19	generic_stress	generic_stress	14	100	0	0			1.0	-0.0
20	19	immune_contamination	contamination	13	100	4	1	HLA-DQA1,HLA-DRA,PTPRC,TYROBP	PTPRC	0.0006288798113881723	3.2014323469846766
20	19	mural_contamination	contamination	10	100	0	0			1.0	-0.0
20	19	endothelial_contamination	contamination	7	100	0	0			1.0	-0.0
20	19	cycling_contamination	contamination	10	100	4	0	CENPF,CEP55,MKI67,TOP2A		0.00019938319617339434	3.700311446408953
20	20	senescence_core	senescence	15	100	1	0	LMNB1		0.3954283587985156	0.4029321877586527
20	20	sasp_inflammatory	sasp	20	100	0	0			1.0	-0.0
20	20	ecm_degradation	ecm_remodeling	17	100	0	0			1.0	-0.0
20	20	fibrocartilage_matrix	fibrocartilage	16	100	0	0			1.0	-0.0
20	20	angiogenesis_hypoxia	communication	9	100	0	0			1.0	-0.0
20	20	paracrine_communication	communication	12	100	1	0	TNFRSF12A		0.3312769380627967	0.4798087965982188
20	20	progenitor_interface	progenitor_interface	8	100	0	0			1.0	-0.0
20	20	generic_stress	generic_stress	14	100	0	0			1.0	-0.0
20	20	immune_contamination	contamination	13	100	2	0	HLA-DQA1,HLA-DRA		0.06608603445253759	1.1798903075493172
20	20	mural_contamination	contamination	10	100	0	0			1.0	-0.0
20	20	endothelial_contamination	contamination	7	100	0	0			1.0	-0.0
20	20	cycling_contamination	contamination	10	100	10	10	ASPM,BIRC5,CCNB2,CENPF,CEP55,MKI67,PIMREG,TOP2A,TPX2,UBE2C	ASPM,BIRC5,CCNB2,CENPF,CEP55,MKI67,PIMREG,TOP2A,TPX2,UBE2C	9.519843714272747e-16	15.021370181298938
22	1	senescence_core	senescence	15	100	0	0			1.0	-0.0
22	1	sasp_inflammatory	sasp	20	100	0	0			1.0	-0.0
22	1	ecm_degradation	ecm_remodeling	17	100	0	0			1.0	-0.0
22	1	fibrocartilage_matrix	fibrocartilage	16	100	1	0	CILP		0.41542742069734107	0.3815048408184566
22	1	angiogenesis_hypoxia	communication	9	100	0	0			1.0	-0.0
22	1	paracrine_communication	communication	12	100	0	0			1.0	-0.0
22	1	progenitor_interface	progenitor_interface	8	100	0	0			1.0	-0.0
22	1	generic_stress	generic_stress	14	100	0	0			1.0	-0.0
22	1	immune_contamination	contamination	13	100	0	0			1.0	-0.0
22	1	mural_contamination	contamination	10	100	0	0			1.0	-0.0
22	1	endothelial_contamination	contamination	7	100	0	0			1.0	-0.0
22	1	cycling_contamination	contamination	10	100	0	0			1.0	-0.0
22	2	senescence_core	senescence	15	100	4	2	CDKN1A,GADD45B,GADD45G,IGFBP7	GADD45B,GADD45G	0.0011410500279847252	2.942695314038047
22	2	sasp_inflammatory	sasp	20	100	1	0	NFKBIA		0.4890811644551101	0.31061906245110604
22	2	ecm_degradation	ecm_remodeling	17	100	0	0			1.0	-0.0
22	2	fibrocartilage_matrix	fibrocartilage	16	100	8	4	CHAD,CILP,COMP,DCN,FRZB,MGP,PRELP,SCRG1	CHAD,COMP,DCN,FRZB	1.0791457984181856e-08	7.96691987582599
22	2	angiogenesis_hypoxia	communication	9	100	1	1	ADM	ADM	0.26039353388855496	0.5843698044025643
22	2	paracrine_communication	communication	12	100	0	0			1.0	-0.0
22	2	progenitor_interface	progenitor_interface	8	100	0	0			1.0	-0.0
22	2	generic_stress	generic_stress	14	100	3	1	DDIT3,IER3,JUN	IER3	0.009672696775446087	2.014452426494684
22	2	immune_contamination	contamination	13	100	0	0			1.0	-0.0
22	2	mural_contamination	contamination	10	100	0	0			1.0	-0.0
22	2	endothelial_contamination	contamination	7	100	0	0			1.0	-0.0
22	2	cycling_contamination	contamination	10	100	0	0			1.0	-0.0
22	3	senescence_core	senescence	15	100	1	0	TNFRSF10D		0.3954283587985156	0.4029321877586527
22	3	sasp_inflammatory	sasp	20	100	3	2	ICAM1,SAA1,SAA2	ICAM1,SAA1	0.02626499908109733	1.5806226100550231
22	3	ecm_degradation	ecm_remodeling	17	100	1	1	LOX	LOX	0.43477131809319347	0.3617391140906241
22	3	fibrocartilage_matrix	fibrocartilage	16	100	0	0			1.0	-0.0
22	3	angiogenesis_hypoxia	communication	9	100	4	3	ADM,ANGPTL4,BNIP3,SLC2A1	ADM,ANGPTL4,BNIP3	0.00012272363799414472	3.9110717790684646
22	3	paracrine_communication	communication	12	100	1	1	ANGPTL4	ANGPTL4	0.3312769380627967	0.4798087965982188
22	3	progenitor_interface	progenitor_interface	8	100	0	0			1.0	-0.0
22	3	generic_stress	generic_stress	14	100	8	5	DDIT4,FOS,HSPA5,MT1E,MT1M,MT1X,MT2A,TXNIP	DDIT4,MT1E,MT1M,MT1X,MT2A	2.6595794396900385e-09	8.57518703309156
22	3	immune_contamination	contamination	13	100	1	0	CD14		0.3533761800303181	0.45176272825891506
22	3	mural_contamination	contamination	10	100	0	0			1.0	-0.0
22	3	endothelial_contamination	contamination	7	100	0	0			1.0	-0.0
22	3	cycling_contamination	contamination	10	100	0	0			1.0	-0.0
22	4	senescence_core	senescence	15	100	1	1	BTG2	BTG2	0.3954283587985156	0.4029321877586527
22	4	sasp_inflammatory	sasp	20	100	0	0			1.0	-0.0
22	4	ecm_degradation	ecm_remodeling	17	100	2	2	ADAMTS5,MMP3	ADAMTS5,MMP3	0.10592506236370273	0.9750012716347
22	4	fibrocartilage_matrix	fibrocartilage	16	100	0	0			1.0	-0.0
22	4	angiogenesis_hypoxia	communication	9	100	0	0			1.0	-0.0
22	4	paracrine_communication	communication	12	100	0	0			1.0	-0.0
22	4	progenitor_interface	progenitor_interface	8	100	0	0			1.0	-0.0
22	4	generic_stress	generic_stress	14	100	6	3	ATF3,DDIT4,FOS,JUN,MT1X,TXNIP	DDIT4,JUN,TXNIP	2.6565781849684616e-06	5.5756773979734415
22	4	immune_contamination	contamination	13	100	0	0			1.0	-0.0
22	4	mural_contamination	contamination	10	100	0	0			1.0	-0.0
22	4	endothelial_contamination	contamination	7	100	1	0	KDR		0.20905583688604873	0.6797377023445434
22	4	cycling_contamination	contamination	10	100	0	0			1.0	-0.0
22	5	senescence_core	senescence	15	100	0	0			1.0	-0.0
22	5	sasp_inflammatory	sasp	20	100	0	0			1.0	-0.0
22	5	ecm_degradation	ecm_remodeling	17	100	3	1	COL1A2,COL3A1,HTRA1	COL3A1	0.016822689959406997	1.7741045590065203
22	5	fibrocartilage_matrix	fibrocartilage	16	100	14	13	ACAN,CHAD,CILP,CILP2,COL11A1,COL2A1,COL9A2,COL9A3,COMP,DCN,FMOD,MGP,PRELP,SCRG1	ACAN,CILP,CILP2,COL11A1,COL2A1,COL9A2,COL9A3,COMP,DCN,FMOD,MGP,PRELP,SCRG1	7.912505864467558e-20	19.101685955090865
22	5	angiogenesis_hypoxia	communication	9	100	1	1	ANGPTL2	ANGPTL2	0.26039353388855496	0.5843698044025643
22	5	paracrine_communication	communication	12	100	0	0			1.0	-0.0
22	5	progenitor_interface	progenitor_interface	8	100	1	0	GDF5		0.23515099238304482	0.6286531841066286
22	5	generic_stress	generic_stress	14	100	0	0			1.0	-0.0
22	5	immune_contamination	contamination	13	100	0	0			1.0	-0.0
22	5	mural_contamination	contamination	10	100	0	0			1.0	-0.0
22	5	endothelial_contamination	contamination	7	100	0	0			1.0	-0.0
22	5	cycling_contamination	contamination	10	100	0	0			1.0	-0.0
22	6	senescence_core	senescence	15	100	1	0	BTG2		0.3954283587985156	0.4029321877586527
22	6	sasp_inflammatory	sasp	20	100	2	1	MIF,SOCS3	MIF	0.1390168715158232	0.8569324892309466
22	6	ecm_degradation	ecm_remodeling	17	100	0	0			1.0	-0.0
22	6	fibrocartilage_matrix	fibrocartilage	16	100	6	5	CHAD,CILP,COMP,DCN,FRZB,PRELP	CHAD,COMP,DCN,FRZB,PRELP	6.713623089927696e-06	5.1730430441662545
22	6	angiogenesis_hypoxia	communication	9	100	1	1	MIF	MIF	0.26039353388855496	0.5843698044025643
22	6	paracrine_communication	communication	12	100	3	3	CCN1,CCN2,MIF	CCN1,CCN2,MIF	0.006132741775973217	2.212345321246125
22	6	progenitor_interface	progenitor_interface	8	100	0	0			1.0	-0.0
22	6	generic_stress	generic_stress	14	100	4	2	DDIT4,FOS,MT1E,TXNIP	MT1E,TXNIP	0.000858313528325089	3.0663540422803486
22	6	immune_contamination	contamination	13	100	0	0			1.0	-0.0
22	6	mural_contamination	contamination	10	100	0	0			1.0	-0.0
22	6	endothelial_contamination	contamination	7	100	1	0	CLDN5		0.20905583688604873	0.6797377023445434
22	6	cycling_contamination	contamination	10	100	0	0			1.0	-0.0
22	7	senescence_core	senescence	15	100	0	0			1.0	-0.0
22	7	sasp_inflammatory	sasp	20	100	0	0			1.0	-0.0
22	7	ecm_degradation	ecm_remodeling	17	100	1	1	MMP2	MMP2	0.43477131809319347	0.3617391140906241
22	7	fibrocartilage_matrix	fibrocartilage	16	100	0	0			1.0	-0.0
22	7	angiogenesis_hypoxia	communication	9	100	1	1	CXCL12	CXCL12	0.26039353388855496	0.5843698044025643
22	7	paracrine_communication	communication	12	100	1	1	CXCL12	CXCL12	0.3312769380627967	0.4798087965982188
22	7	progenitor_interface	progenitor_interface	8	100	0	0			1.0	-0.0
22	7	generic_stress	generic_stress	14	100	1	0	JUN		0.37475217407890277	0.42625583896605546
22	7	immune_contamination	contamination	13	100	0	0			1.0	-0.0
22	7	mural_contamination	contamination	10	100	0	0			1.0	-0.0
22	7	endothelial_contamination	contamination	7	100	0	0			1.0	-0.0
22	7	cycling_contamination	contamination	10	100	0	0			1.0	-0.0
22	8	senescence_core	senescence	15	100	0	0			1.0	-0.0
22	8	sasp_inflammatory	sasp	20	100	0	0			1.0	-0.0
22	8	ecm_degradation	ecm_remodeling	17	100	0	0			1.0	-0.0
22	8	fibrocartilage_matrix	fibrocartilage	16	100	0	0			1.0	-0.0
22	8	angiogenesis_hypoxia	communication	9	100	1	1	CXCL12	CXCL12	0.26039353388855496	0.5843698044025643
22	8	paracrine_communication	communication	12	100	2	2	CCN1,CXCL12	CCN1,CXCL12	0.057116475362200825	1.243238600566202
22	8	progenitor_interface	progenitor_interface	8	100	1	1	THY1	THY1	0.23515099238304482	0.6286531841066286
22	8	generic_stress	generic_stress	14	100	3	0	FOS,JUN,PPP1R15A		0.009672696775446087	2.014452426494684
22	8	immune_contamination	contamination	13	100	1	1	HLA-DRA	HLA-DRA	0.3533761800303181	0.45176272825891506
22	8	mural_contamination	contamination	10	100	0	0			1.0	-0.0
22	8	endothelial_contamination	contamination	7	100	0	0			1.0	-0.0
22	8	cycling_contamination	contamination	10	100	0	0			1.0	-0.0
22	9	senescence_core	senescence	15	100	5	3	BTG2,CDKN1A,GADD45B,HMOX1,TNFRSF10D	BTG2,CDKN1A,HMOX1	8.07881542610925e-05	4.092652313930708
22	9	sasp_inflammatory	sasp	20	100	12	7	CCL2,CXCL1,CXCL2,CXCL3,CXCL8,ICAM1,IL6,NFKBIA,PTGS2,SOCS3,TNFAIP3,TNFAIP6	CXCL2,CXCL3,ICAM1,IL6,NFKBIA,PTGS2,SOCS3	8.428934945030851e-14	13.074227298058277
22	9	ecm_degradation	ecm_remodeling	17	100	0	0			1.0	-0.0
22	9	fibrocartilage_matrix	fibrocartilage	16	100	0	0			1.0	-0.0
22	9	angiogenesis_hypoxia	communication	9	100	1	1	HMOX1	HMOX1	0.26039353388855496	0.5843698044025643
22	9	paracrine_communication	communication	12	100	4	1	BMP2,CCN1,INHBA,TNFRSF12A	BMP2	0.0004466078378256083	3.3500736594675753
22	9	progenitor_interface	progenitor_interface	8	100	0	0			1.0	-0.0
22	9	generic_stress	generic_stress	14	100	4	4	ATF3,HMOX1,IER3,PPP1R15A	ATF3,HMOX1,IER3,PPP1R15A	0.000858313528325089	3.0663540422803486
22	9	immune_contamination	contamination	13	100	0	0			1.0	-0.0
22	9	mural_contamination	contamination	10	100	0	0			1.0	-0.0
22	9	endothelial_contamination	contamination	7	100	0	0			1.0	-0.0
22	9	cycling_contamination	contamination	10	100	0	0			1.0	-0.0
22	10	senescence_core	senescence	15	100	2	0	IGFBP5,TNFRSF10D		0.08528558800432069	1.0691243519392781
22	10	sasp_inflammatory	sasp	20	100	2	1	ICAM1,MIF	MIF	0.1390168715158232	0.8569324892309466
22	10	ecm_degradation	ecm_remodeling	17	100	0	0			1.0	-0.0
22	10	fibrocartilage_matrix	fibrocartilage	16	100	1	1	SOX9	SOX9	0.41542742069734107	0.3815048408184566
22	10	angiogenesis_hypoxia	communication	9	100	6	5	ADM,ANGPTL4,BNIP3,MIF,SLC2A1,VEGFA	ANGPTL4,BNIP3,MIF,SLC2A1,VEGFA	8.50051833556952e-08	7.070554591531095
22	10	paracrine_communication	communication	12	100	5	5	ANGPTL4,BMP2,MIF,TNFRSF12A,VEGFA	ANGPTL4,BMP2,MIF,TNFRSF12A,VEGFA	2.3058782535261737e-05	4.637163626450501
22	10	progenitor_interface	progenitor_interface	8	100	0	0			1.0	-0.0
22	10	generic_stress	generic_stress	14	100	2	2	DDIT3,HSPA5	DDIT3,HSPA5	0.07548825739871948	1.1221205999412116
22	10	immune_contamination	contamination	13	100	0	0			1.0	-0.0
22	10	mural_contamination	contamination	10	100	0	0			1.0	-0.0
22	10	endothelial_contamination	contamination	7	100	1	0	FLT1		0.20905583688604873	0.6797377023445434
22	10	cycling_contamination	contamination	10	100	0	0			1.0	-0.0
22	11	senescence_core	senescence	15	100	0	0			1.0	-0.0
22	11	sasp_inflammatory	sasp	20	100	1	0	CXCL1		0.4890811644551101	0.31061906245110604
22	11	ecm_degradation	ecm_remodeling	17	100	2	1	HTRA1,TIMP3	TIMP3	0.10592506236370273	0.9750012716347
22	11	fibrocartilage_matrix	fibrocartilage	16	100	0	0			1.0	-0.0
22	11	angiogenesis_hypoxia	communication	9	100	0	0			1.0	-0.0
22	11	paracrine_communication	communication	12	100	1	1	HBEGF	HBEGF	0.3312769380627967	0.4798087965982188
22	11	progenitor_interface	progenitor_interface	8	100	5	5	HBEGF,ITGBL1,PRG4,SPARCL1,TIMP3	HBEGF,ITGBL1,PRG4,SPARCL1,TIMP3	1.8119298257958483e-06	5.7418586261182485
22	11	generic_stress	generic_stress	14	100	0	0			1.0	-0.0
22	11	immune_contamination	contamination	13	100	0	0			1.0	-0.0
22	11	mural_contamination	contamination	10	100	0	0			1.0	-0.0
22	11	endothelial_contamination	contamination	7	100	0	0			1.0	-0.0
22	11	cycling_contamination	contamination	10	100	0	0			1.0	-0.0
22	12	senescence_core	senescence	15	100	0	0			1.0	-0.0
22	12	sasp_inflammatory	sasp	20	100	0	0			1.0	-0.0
22	12	ecm_degradation	ecm_remodeling	17	100	0	0			1.0	-0.0
22	12	fibrocartilage_matrix	fibrocartilage	16	100	0	0			1.0	-0.0
22	12	angiogenesis_hypoxia	communication	9	100	0	0			1.0	-0.0
22	12	paracrine_communication	communication	12	100	0	0			1.0	-0.0
22	12	progenitor_interface	progenitor_interface	8	100	2	0	SPARCL1,THY1		0.02638974840707613	1.578564750209635
22	12	generic_stress	generic_stress	14	100	0	0			1.0	-0.0
22	12	immune_contamination	contamination	13	100	0	0			1.0	-0.0
22	12	mural_contamination	contamination	10	100	0	0			1.0	-0.0
22	12	endothelial_contamination	contamination	7	100	0	0			1.0	-0.0
22	12	cycling_contamination	contamination	10	100	0	0			1.0	-0.0
22	13	senescence_core	senescence	15	100	3	3	IGFBP3,IGFBP7,SERPINE1	IGFBP3,IGFBP7,SERPINE1	0.011805608462311426	1.92791162442478
22	13	sasp_inflammatory	sasp	20	100	1	1	SERPINE1	SERPINE1	0.4890811644551101	0.31061906245110604
22	13	ecm_degradation	ecm_remodeling	17	100	5	4	COL1A1,COL1A2,COL3A1,TGFBI,TIMP1	COL1A1,COL1A2,COL3A1,TGFBI	0.00015794076795008926	3.801505754662355
22	13	fibrocartilage_matrix	fibrocartilage	16	100	1	0	FMOD		0.41542742069734107	0.3815048408184566
22	13	angiogenesis_hypoxia	communication	9	100	1	1	ANGPTL2	ANGPTL2	0.26039353388855496	0.5843698044025643
22	13	paracrine_communication	communication	12	100	2	1	CCN2,TNFRSF12A	TNFRSF12A	0.057116475362200825	1.243238600566202
22	13	progenitor_interface	progenitor_interface	8	100	0	0			1.0	-0.0
22	13	generic_stress	generic_stress	14	100	0	0			1.0	-0.0
22	13	immune_contamination	contamination	13	100	0	0			1.0	-0.0
22	13	mural_contamination	contamination	10	100	0	0			1.0	-0.0
22	13	endothelial_contamination	contamination	7	100	0	0			1.0	-0.0
22	13	cycling_contamination	contamination	10	100	0	0			1.0	-0.0
22	14	senescence_core	senescence	15	100	1	1	IGFBP5	IGFBP5	0.3954283587985156	0.4029321877586527
22	14	sasp_inflammatory	sasp	20	100	2	1	MIF,TNFAIP6	TNFAIP6	0.1390168715158232	0.8569324892309466
22	14	ecm_degradation	ecm_remodeling	17	100	4	4	FN1,HTRA1,TIMP1,TIMP3	FN1,HTRA1,TIMP1,TIMP3	0.0018910338451440306	2.7233006982159047
22	14	fibrocartilage_matrix	fibrocartilage	16	100	0	0			1.0	-0.0
22	14	angiogenesis_hypoxia	communication	9	100	1	0	MIF		0.26039353388855496	0.5843698044025643
22	14	paracrine_communication	communication	12	100	1	0	MIF		0.3312769380627967	0.4798087965982188
22	14	progenitor_interface	progenitor_interface	8	100	3	2	GDF5,PRG4,TIMP3	PRG4,TIMP3	0.001718612309643267	2.764822081877302
22	14	generic_stress	generic_stress	14	100	0	0			1.0	-0.0
22	14	immune_contamination	contamination	13	100	0	0			1.0	-0.0
22	14	mural_contamination	contamination	10	100	0	0			1.0	-0.0
22	14	endothelial_contamination	contamination	7	100	0	0			1.0	-0.0
22	14	cycling_contamination	contamination	10	100	0	0			1.0	-0.0
22	15	senescence_core	senescence	15	100	0	0			1.0	-0.0
22	15	sasp_inflammatory	sasp	20	100	0	0			1.0	-0.0
22	15	ecm_degradation	ecm_remodeling	17	100	7	5	COL1A1,COL1A2,COL3A1,MMP13,MMP2,POSTN,TGFBI	COL1A1,COL1A2,MMP2,POSTN,TGFBI	5.039778560775718e-07	6.297588545289776
22	15	fibrocartilage_matrix	fibrocartilage	16	100	0	0			1.0	-0.0
22	15	angiogenesis_hypoxia	communication	9	100	0	0			1.0	-0.0
22	15	paracrine_communication	communication	12	100	0	0			1.0	-0.0
22	15	progenitor_interface	progenitor_interface	8	100	1	1	THY1	THY1	0.23515099238304482	0.6286531841066286
22	15	generic_stress	generic_stress	14	100	0	0			1.0	-0.0
22	15	immune_contamination	contamination	13	100	0	0			1.0	-0.0
22	15	mural_contamination	contamination	10	100	1	1	TAGLN	TAGLN	0.2848110468007849	0.5454431699804685
22	15	endothelial_contamination	contamination	7	100	0	0			1.0	-0.0
22	15	cycling_contamination	contamination	10	100	0	0			1.0	-0.0
22	16	senescence_core	senescence	15	100	1	0	SERPINE1		0.3954283587985156	0.4029321877586527
22	16	sasp_inflammatory	sasp	20	100	4	3	IL11,PTGS2,SERPINE1,TNFAIP6	IL11,PTGS2,TNFAIP6	0.003567942938810839	2.4475820997997664
22	16	ecm_degradation	ecm_remodeling	17	100	2	0	COL3A1,MMP3		0.10592506236370273	0.9750012716347
22	16	fibrocartilage_matrix	fibrocartilage	16	100	3	2	COL11A1,COL2A1,SOX9	COL11A1,COL2A1	0.01418769182159589	1.8480882536391943
22	16	angiogenesis_hypoxia	communication	9	100	0	0			1.0	-0.0
22	16	paracrine_communication	communication	12	100	6	4	BMP2,CCN1,IL11,INHBA,SPP1,TNFRSF12A	BMP2,IL11,INHBA,TNFRSF12A	8.625577339661828e-07	6.0642118264532
22	16	progenitor_interface	progenitor_interface	8	100	0	0			1.0	-0.0
22	16	generic_stress	generic_stress	14	100	1	1	HSPA5	HSPA5	0.37475217407890277	0.42625583896605546
22	16	immune_contamination	contamination	13	100	0	0			1.0	-0.0
22	16	mural_contamination	contamination	10	100	0	0			1.0	-0.0
22	16	endothelial_contamination	contamination	7	100	0	0			1.0	-0.0
22	16	cycling_contamination	contamination	10	100	0	0			1.0	-0.0
22	17	senescence_core	senescence	15	100	1	1	IGFBP7	IGFBP7	0.3954283587985156	0.4029321877586527
22	17	sasp_inflammatory	sasp	20	100	0	0			1.0	-0.0
22	17	ecm_degradation	ecm_remodeling	17	100	1	1	ADAMTS4	ADAMTS4	0.43477131809319347	0.3617391140906241
22	17	fibrocartilage_matrix	fibrocartilage	16	100	0	0			1.0	-0.0
22	17	angiogenesis_hypoxia	communication	9	100	0	0			1.0	-0.0
22	17	paracrine_communication	communication	12	100	0	0			1.0	-0.0
22	17	progenitor_interface	progenitor_interface	8	100	3	3	MCAM,SPARCL1,THY1	MCAM,SPARCL1,THY1	0.001718612309643267	2.764822081877302
22	17	generic_stress	generic_stress	14	100	0	0			1.0	-0.0
22	17	immune_contamination	contamination	13	100	0	0			1.0	-0.0
22	17	mural_contamination	contamination	10	100	10	10	ACTA2,ADGRF5,COX4I2,GJA4,MCAM,MYH11,RGS5,SYNPO2,TAGLN,TINAGL1	ACTA2,ADGRF5,COX4I2,GJA4,MCAM,MYH11,RGS5,SYNPO2,TAGLN,TINAGL1	9.519843714272747e-16	15.021370181298938
22	17	endothelial_contamination	contamination	7	100	0	0			1.0	-0.0
22	17	cycling_contamination	contamination	10	100	0	0			1.0	-0.0
22	18	senescence_core	senescence	15	100	1	1	IGFBP7	IGFBP7	0.3954283587985156	0.4029321877586527
22	18	sasp_inflammatory	sasp	20	100	0	0			1.0	-0.0
22	18	ecm_degradation	ecm_remodeling	17	100	0	0			1.0	-0.0
22	18	fibrocartilage_matrix	fibrocartilage	16	100	0	0			1.0	-0.0
22	18	angiogenesis_hypoxia	communication	9	100	0	0			1.0	-0.0
22	18	paracrine_communication	communication	12	100	0	0			1.0	-0.0
22	18	progenitor_interface	progenitor_interface	8	100	1	1	MCAM	MCAM	0.23515099238304482	0.6286531841066286
22	18	generic_stress	generic_stress	14	100	0	0			1.0	-0.0
22	18	immune_contamination	contamination	13	100	0	0			1.0	-0.0
22	18	mural_contamination	contamination	10	100	2	1	MCAM,TAGLN	MCAM	0.04063591767848533	1.3910899281542373
22	18	endothelial_contamination	contamination	7	100	0	0			1.0	-0.0
22	18	cycling_contamination	contamination	10	100	0	0			1.0	-0.0
22	19	senescence_core	senescence	15	100	0	0			1.0	-0.0
22	19	sasp_inflammatory	sasp	20	100	0	0			1.0	-0.0
22	19	ecm_degradation	ecm_remodeling	17	100	0	0			1.0	-0.0
22	19	fibrocartilage_matrix	fibrocartilage	16	100	0	0			1.0	-0.0
22	19	angiogenesis_hypoxia	communication	9	100	0	0			1.0	-0.0
22	19	paracrine_communication	communication	12	100	0	0			1.0	-0.0
22	19	progenitor_interface	progenitor_interface	8	100	1	0	MCAM		0.23515099238304482	0.6286531841066286
22	19	generic_stress	generic_stress	14	100	0	0			1.0	-0.0
22	19	immune_contamination	contamination	13	100	2	1	HLA-DQA1,HLA-DRA	HLA-DRA	0.06608603445253759	1.1798903075493172
22	19	mural_contamination	contamination	10	100	3	1	ADGRF5,MCAM,TINAGL1	ADGRF5	0.0035096309808797274	2.4547385448996337
22	19	endothelial_contamination	contamination	7	100	7	7	CLDN5,EMCN,FLT1,KDR,PECAM1,RAMP2,VWF	CLDN5,EMCN,FLT1,KDR,PECAM1,RAMP2,VWF	3.4013043043974614e-11	10.468354511316738
22	19	cycling_contamination	contamination	10	100	0	0			1.0	-0.0
22	20	senescence_core	senescence	15	100	0	0			1.0	-0.0
22	20	sasp_inflammatory	sasp	20	100	5	3	CCL3,CCL4,CXCL3,CXCL8,TNFAIP3	CCL3,CCL4,CXCL8	0.00036573164700467856	3.436837458243198
22	20	ecm_degradation	ecm_remodeling	17	100	0	0			1.0	-0.0
22	20	fibrocartilage_matrix	fibrocartilage	16	100	0	0			1.0	-0.0
22	20	angiogenesis_hypoxia	communication	9	100	0	0			1.0	-0.0
22	20	paracrine_communication	communication	12	100	0	0			1.0	-0.0
22	20	progenitor_interface	progenitor_interface	8	100	0	0			1.0	-0.0
22	20	generic_stress	generic_stress	14	100	0	0			1.0	-0.0
22	20	immune_contamination	contamination	13	100	13	12	AIF1,C1QA,C1QB,C1QC,CD14,CYBB,FOLR2,HLA-DQA1,HLA-DRA,MARCO,MS4A6A,PTPRC,TYROBP	AIF1,C1QA,C1QB,C1QC,CYBB,FOLR2,HLA-DQA1,HLA-DRA,MARCO,MS4A6A,PTPRC,TYROBP	2.4194006414951792e-20	19.616292208536308
22	20	mural_contamination	contamination	10	100	0	0			1.0	-0.0
22	20	endothelial_contamination	contamination	7	100	1	0	PECAM1		0.20905583688604873	0.6797377023445434
22	20	cycling_contamination	contamination	10	100	1	0	UBE2C		0.2848110468007849	0.5454431699804685
22	21	senescence_core	senescence	15	100	0	0			1.0	-0.0
22	21	sasp_inflammatory	sasp	20	100	2	2	CCL4,TNFAIP3	CCL4,TNFAIP3	0.1390168715158232	0.8569324892309466
22	21	ecm_degradation	ecm_remodeling	17	100	0	0			1.0	-0.0
22	21	fibrocartilage_matrix	fibrocartilage	16	100	0	0			1.0	-0.0
22	21	angiogenesis_hypoxia	communication	9	100	0	0			1.0	-0.0
22	21	paracrine_communication	communication	12	100	0	0			1.0	-0.0
22	21	progenitor_interface	progenitor_interface	8	100	0	0			1.0	-0.0
22	21	generic_stress	generic_stress	14	100	0	0			1.0	-0.0
22	21	immune_contamination	contamination	13	100	4	1	HLA-DQA1,HLA-DRA,PTPRC,TYROBP	PTPRC	0.0006288798113881723	3.2014323469846766
22	21	mural_contamination	contamination	10	100	0	0			1.0	-0.0
22	21	endothelial_contamination	contamination	7	100	0	0			1.0	-0.0
22	21	cycling_contamination	contamination	10	100	4	0	CENPF,CEP55,MKI67,TOP2A		0.00019938319617339434	3.700311446408953
22	22	senescence_core	senescence	15	100	1	0	LMNB1		0.3954283587985156	0.4029321877586527
22	22	sasp_inflammatory	sasp	20	100	0	0			1.0	-0.0
22	22	ecm_degradation	ecm_remodeling	17	100	0	0			1.0	-0.0
22	22	fibrocartilage_matrix	fibrocartilage	16	100	0	0			1.0	-0.0
22	22	angiogenesis_hypoxia	communication	9	100	0	0			1.0	-0.0
22	22	paracrine_communication	communication	12	100	1	0	TNFRSF12A		0.3312769380627967	0.4798087965982188
22	22	progenitor_interface	progenitor_interface	8	100	0	0			1.0	-0.0
22	22	generic_stress	generic_stress	14	100	0	0			1.0	-0.0
22	22	immune_contamination	contamination	13	100	2	0	HLA-DQA1,HLA-DRA		0.06608603445253759	1.1798903075493172
22	22	mural_contamination	contamination	10	100	0	0			1.0	-0.0
22	22	endothelial_contamination	contamination	7	100	0	0			1.0	-0.0
22	22	cycling_contamination	contamination	10	100	10	10	ASPM,BIRC5,CCNB2,CENPF,CEP55,MKI67,PIMREG,TOP2A,TPX2,UBE2C	ASPM,BIRC5,CCNB2,CENPF,CEP55,MKI67,PIMREG,TOP2A,TPX2,UBE2C	9.519843714272747e-16	15.021370181298938
24	1	senescence_core	senescence	15	100	0	0			1.0	-0.0
24	1	sasp_inflammatory	sasp	20	100	0	0			1.0	-0.0
24	1	ecm_degradation	ecm_remodeling	17	100	0	0			1.0	-0.0
24	1	fibrocartilage_matrix	fibrocartilage	16	100	0	0			1.0	-0.0
24	1	angiogenesis_hypoxia	communication	9	100	0	0			1.0	-0.0
24	1	paracrine_communication	communication	12	100	0	0			1.0	-0.0
24	1	progenitor_interface	progenitor_interface	8	100	0	0			1.0	-0.0
24	1	generic_stress	generic_stress	14	100	0	0			1.0	-0.0
24	1	immune_contamination	contamination	13	100	0	0			1.0	-0.0
24	1	mural_contamination	contamination	10	100	0	0			1.0	-0.0
24	1	endothelial_contamination	contamination	7	100	0	0			1.0	-0.0
24	1	cycling_contamination	contamination	10	100	0	0			1.0	-0.0
24	2	senescence_core	senescence	15	100	4	2	CDKN1A,GADD45B,GADD45G,IGFBP7	GADD45B,GADD45G	0.0011410500279847252	2.942695314038047
24	2	sasp_inflammatory	sasp	20	100	1	0	NFKBIA		0.4890811644551101	0.31061906245110604
24	2	ecm_degradation	ecm_remodeling	17	100	0	0			1.0	-0.0
24	2	fibrocartilage_matrix	fibrocartilage	16	100	8	5	CHAD,CILP,COMP,DCN,FRZB,MGP,PRELP,SCRG1	CHAD,CILP,COMP,DCN,FRZB	1.0791457984181856e-08	7.96691987582599
24	2	angiogenesis_hypoxia	communication	9	100	1	0	ADM		0.26039353388855496	0.5843698044025643
24	2	paracrine_communication	communication	12	100	0	0			1.0	-0.0
24	2	progenitor_interface	progenitor_interface	8	100	0	0			1.0	-0.0
24	2	generic_stress	generic_stress	14	100	3	1	DDIT3,IER3,JUN	IER3	0.009672696775446087	2.014452426494684
24	2	immune_contamination	contamination	13	100	0	0			1.0	-0.0
24	2	mural_contamination	contamination	10	100	0	0			1.0	-0.0
24	2	endothelial_contamination	contamination	7	100	0	0			1.0	-0.0
24	2	cycling_contamination	contamination	10	100	0	0			1.0	-0.0
24	3	senescence_core	senescence	15	100	1	0	TNFRSF10D		0.3954283587985156	0.4029321877586527
24	3	sasp_inflammatory	sasp	20	100	3	2	ICAM1,SAA1,SAA2	ICAM1,SAA1	0.02626499908109733	1.5806226100550231
24	3	ecm_degradation	ecm_remodeling	17	100	1	1	LOX	LOX	0.43477131809319347	0.3617391140906241
24	3	fibrocartilage_matrix	fibrocartilage	16	100	0	0			1.0	-0.0
24	3	angiogenesis_hypoxia	communication	9	100	4	3	ADM,ANGPTL4,BNIP3,SLC2A1	ADM,ANGPTL4,BNIP3	0.00012272363799414472	3.9110717790684646
24	3	paracrine_communication	communication	12	100	1	1	ANGPTL4	ANGPTL4	0.3312769380627967	0.4798087965982188
24	3	progenitor_interface	progenitor_interface	8	100	0	0			1.0	-0.0
24	3	generic_stress	generic_stress	14	100	8	5	DDIT4,FOS,HSPA5,MT1E,MT1M,MT1X,MT2A,TXNIP	DDIT4,MT1E,MT1M,MT1X,MT2A	2.6595794396900385e-09	8.57518703309156
24	3	immune_contamination	contamination	13	100	1	0	CD14		0.3533761800303181	0.45176272825891506
24	3	mural_contamination	contamination	10	100	0	0			1.0	-0.0
24	3	endothelial_contamination	contamination	7	100	0	0			1.0	-0.0
24	3	cycling_contamination	contamination	10	100	0	0			1.0	-0.0
24	4	senescence_core	senescence	15	100	1	1	BTG2	BTG2	0.3954283587985156	0.4029321877586527
24	4	sasp_inflammatory	sasp	20	100	0	0			1.0	-0.0
24	4	ecm_degradation	ecm_remodeling	17	100	2	2	ADAMTS5,MMP3	ADAMTS5,MMP3	0.10592506236370273	0.9750012716347
24	4	fibrocartilage_matrix	fibrocartilage	16	100	0	0			1.0	-0.0
24	4	angiogenesis_hypoxia	communication	9	100	0	0			1.0	-0.0
24	4	paracrine_communication	communication	12	100	0	0			1.0	-0.0
24	4	progenitor_interface	progenitor_interface	8	100	0	0			1.0	-0.0
24	4	generic_stress	generic_stress	14	100	5	3	DDIT4,FOS,JUN,MT1X,TXNIP	DDIT4,JUN,TXNIP	5.529551904587946e-05	4.257310060964683
24	4	immune_contamination	contamination	13	100	0	0			1.0	-0.0
24	4	mural_contamination	contamination	10	100	0	0			1.0	-0.0
24	4	endothelial_contamination	contamination	7	100	1	0	KDR		0.20905583688604873	0.6797377023445434
24	4	cycling_contamination	contamination	10	100	0	0			1.0	-0.0
24	5	senescence_core	senescence	15	100	0	0			1.0	-0.0
24	5	sasp_inflammatory	sasp	20	100	0	0			1.0	-0.0
24	5	ecm_degradation	ecm_remodeling	17	100	3	1	COL1A2,COL3A1,HTRA1	COL3A1	0.016822689959406997	1.7741045590065203
24	5	fibrocartilage_matrix	fibrocartilage	16	100	14	13	ACAN,CHAD,CILP,CILP2,COL11A1,COL2A1,COL9A2,COL9A3,COMP,DCN,FMOD,MGP,PRELP,SCRG1	ACAN,CILP,CILP2,COL11A1,COL2A1,COL9A2,COL9A3,COMP,DCN,FMOD,MGP,PRELP,SCRG1	7.912505864467558e-20	19.101685955090865
24	5	angiogenesis_hypoxia	communication	9	100	1	1	ANGPTL2	ANGPTL2	0.26039353388855496	0.5843698044025643
24	5	paracrine_communication	communication	12	100	0	0			1.0	-0.0
24	5	progenitor_interface	progenitor_interface	8	100	1	0	GDF5		0.23515099238304482	0.6286531841066286
24	5	generic_stress	generic_stress	14	100	0	0			1.0	-0.0
24	5	immune_contamination	contamination	13	100	0	0			1.0	-0.0
24	5	mural_contamination	contamination	10	100	0	0			1.0	-0.0
24	5	endothelial_contamination	contamination	7	100	0	0			1.0	-0.0
24	5	cycling_contamination	contamination	10	100	0	0			1.0	-0.0
24	6	senescence_core	senescence	15	100	1	0	BTG2		0.3954283587985156	0.4029321877586527
24	6	sasp_inflammatory	sasp	20	100	2	1	MIF,SOCS3	MIF	0.1390168715158232	0.8569324892309466
24	6	ecm_degradation	ecm_remodeling	17	100	0	0			1.0	-0.0
24	6	fibrocartilage_matrix	fibrocartilage	16	100	6	4	CHAD,CILP,COMP,DCN,FRZB,PRELP	CHAD,DCN,FRZB,PRELP	6.713623089927696e-06	5.1730430441662545
24	6	angiogenesis_hypoxia	communication	9	100	1	1	MIF	MIF	0.26039353388855496	0.5843698044025643
24	6	paracrine_communication	communication	12	100	3	3	CCN1,CCN2,MIF	CCN1,CCN2,MIF	0.006132741775973217	2.212345321246125
24	6	progenitor_interface	progenitor_interface	8	100	0	0			1.0	-0.0
24	6	generic_stress	generic_stress	14	100	2	2	MT1E,TXNIP	MT1E,TXNIP	0.07548825739871948	1.1221205999412116
24	6	immune_contamination	contamination	13	100	0	0			1.0	-0.0
24	6	mural_contamination	contamination	10	100	0	0			1.0	-0.0
24	6	endothelial_contamination	contamination	7	100	0	0			1.0	-0.0
24	6	cycling_contamination	contamination	10	100	0	0			1.0	-0.0
24	7	senescence_core	senescence	15	100	5	3	BTG2,CDKN1A,GADD45B,HMOX1,TNFRSF10D	BTG2,CDKN1A,HMOX1	8.07881542610925e-05	4.092652313930708
24	7	sasp_inflammatory	sasp	20	100	12	7	CCL2,CXCL1,CXCL2,CXCL3,CXCL8,ICAM1,IL6,NFKBIA,PTGS2,SOCS3,TNFAIP3,TNFAIP6	CXCL2,CXCL3,ICAM1,IL6,NFKBIA,PTGS2,SOCS3	8.428934945030851e-14	13.074227298058277
24	7	ecm_degradation	ecm_remodeling	17	100	1	0	ADAMTS4		0.43477131809319347	0.3617391140906241
24	7	fibrocartilage_matrix	fibrocartilage	16	100	0	0			1.0	-0.0
24	7	angiogenesis_hypoxia	communication	9	100	1	1	HMOX1	HMOX1	0.26039353388855496	0.5843698044025643
24	7	paracrine_communication	communication	12	100	3	1	BMP2,INHBA,TNFRSF12A	BMP2	0.006132741775973217	2.212345321246125
24	7	progenitor_interface	progenitor_interface	8	100	0	0			1.0	-0.0
24	7	generic_stress	generic_stress	14	100	4	4	ATF3,HMOX1,IER3,PPP1R15A	ATF3,HMOX1,IER3,PPP1R15A	0.000858313528325089	3.0663540422803486
24	7	immune_contamination	contamination	13	100	0	0			1.0	-0.0
24	7	mural_contamination	contamination	10	100	0	0			1.0	-0.0
24	7	endothelial_contamination	contamination	7	100	0	0			1.0	-0.0
24	7	cycling_contamination	contamination	10	100	0	0			1.0	-0.0
24	8	senescence_core	senescence	15	100	2	0	IGFBP5,TNFRSF10D		0.08528558800432069	1.0691243519392781
24	8	sasp_inflammatory	sasp	20	100	2	1	ICAM1,MIF	MIF	0.1390168715158232	0.8569324892309466
24	8	ecm_degradation	ecm_remodeling	17	100	0	0			1.0	-0.0
24	8	fibrocartilage_matrix	fibrocartilage	16	100	1	1	SOX9	SOX9	0.41542742069734107	0.3815048408184566
24	8	angiogenesis_hypoxia	communication	9	100	6	5	ADM,ANGPTL4,BNIP3,MIF,SLC2A1,VEGFA	ANGPTL4,BNIP3,MIF,SLC2A1,VEGFA	8.50051833556952e-08	7.070554591531095
24	8	paracrine_communication	communication	12	100	5	5	ANGPTL4,BMP2,MIF,TNFRSF12A,VEGFA	ANGPTL4,BMP2,MIF,TNFRSF12A,VEGFA	2.3058782535261737e-05	4.637163626450501
24	8	progenitor_interface	progenitor_interface	8	100	0	0			1.0	-0.0
24	8	generic_stress	generic_stress	14	100	2	2	DDIT3,HSPA5	DDIT3,HSPA5	0.07548825739871948	1.1221205999412116
24	8	immune_contamination	contamination	13	100	0	0			1.0	-0.0
24	8	mural_contamination	contamination	10	100	0	0			1.0	-0.0
24	8	endothelial_contamination	contamination	7	100	1	0	FLT1		0.20905583688604873	0.6797377023445434
24	8	cycling_contamination	contamination	10	100	0	0			1.0	-0.0
24	9	senescence_core	senescence	15	100	0	0			1.0	-0.0
24	9	sasp_inflammatory	sasp	20	100	1	0	CXCL1		0.4890811644551101	0.31061906245110604
24	9	ecm_degradation	ecm_remodeling	17	100	2	2	HTRA1,TIMP3	HTRA1,TIMP3	0.10592506236370273	0.9750012716347
24	9	fibrocartilage_matrix	fibrocartilage	16	100	0	0			1.0	-0.0
24	9	angiogenesis_hypoxia	communication	9	100	0	0			1.0	-0.0
24	9	paracrine_communication	communication	12	100	1	1	HBEGF	HBEGF	0.3312769380627967	0.4798087965982188
24	9	progenitor_interface	progenitor_interface	8	100	5	5	HBEGF,ITGBL1,PRG4,SPARCL1,TIMP3	HBEGF,ITGBL1,PRG4,SPARCL1,TIMP3	1.8119298257958483e-06	5.7418586261182485
24	9	generic_stress	generic_stress	14	100	0	0			1.0	-0.0
24	9	immune_contamination	contamination	13	100	0	0			1.0	-0.0
24	9	mural_contamination	contamination	10	100	0	0			1.0	-0.0
24	9	endothelial_contamination	contamination	7	100	0	0			1.0	-0.0
24	9	cycling_contamination	contamination	10	100	0	0			1.0	-0.0
24	10	senescence_core	senescence	15	100	0	0			1.0	-0.0
24	10	sasp_inflammatory	sasp	20	100	0	0			1.0	-0.0
24	10	ecm_degradation	ecm_remodeling	17	100	0	0			1.0	-0.0
24	10	fibrocartilage_matrix	fibrocartilage	16	100	0	0			1.0	-0.0
24	10	angiogenesis_hypoxia	communication	9	100	1	1	CXCL12	CXCL12	0.26039353388855496	0.5843698044025643
24	10	paracrine_communication	communication	12	100	2	2	CCN1,CXCL12	CCN1,CXCL12	0.057116475362200825	1.243238600566202
24	10	progenitor_interface	progenitor_interface	8	100	1	1	THY1	THY1	0.23515099238304482	0.6286531841066286
24	10	generic_stress	generic_stress	14	100	3	1	FOS,JUN,PPP1R15A	PPP1R15A	0.009672696775446087	2.014452426494684
24	10	immune_contamination	contamination	13	100	1	1	HLA-DRA	HLA-DRA	0.3533761800303181	0.45176272825891506
24	10	mural_contamination	contamination	10	100	1	0	SYNPO2		0.2848110468007849	0.5454431699804685
24	10	endothelial_contamination	contamination	7	100	0	0			1.0	-0.0
24	10	cycling_contamination	contamination	10	100	0	0			1.0	-0.0
24	11	senescence_core	senescence	15	100	1	1	GADD45A	GADD45A	0.3954283587985156	0.4029321877586527
24	11	sasp_inflammatory	sasp	20	100	0	0			1.0	-0.0
24	11	ecm_degradation	ecm_remodeling	17	100	1	0	MMP2		0.43477131809319347	0.3617391140906241
24	11	fibrocartilage_matrix	fibrocartilage	16	100	0	0			1.0	-0.0
24	11	angiogenesis_hypoxia	communication	9	100	1	0	CXCL12		0.26039353388855496	0.5843698044025643
24	11	paracrine_communication	communication	12	100	1	0	CXCL12		0.3312769380627967	0.4798087965982188
24	11	progenitor_interface	progenitor_interface	8	100	0	0			1.0	-0.0
24	11	generic_stress	generic_stress	14	100	1	1	JUN	JUN	0.37475217407890277	0.42625583896605546
24	11	immune_contamination	contamination	13	100	0	0			1.0	-0.0
24	11	mural_contamination	contamination	10	100	0	0			1.0	-0.0
24	11	endothelial_contamination	contamination	7	100	1	0	RAMP2		0.20905583688604873	0.6797377023445434
24	11	cycling_contamination	contamination	10	100	0	0			1.0	-0.0
24	12	senescence_core	senescence	15	100	0	0			1.0	-0.0
24	12	sasp_inflammatory	sasp	20	100	0	0			1.0	-0.0
24	12	ecm_degradation	ecm_remodeling	17	100	0	0			1.0	-0.0
24	12	fibrocartilage_matrix	fibrocartilage	16	100	0	0			1.0	-0.0
24	12	angiogenesis_hypoxia	communication	9	100	0	0			1.0	-0.0
24	12	paracrine_communication	communication	12	100	0	0			1.0	-0.0
24	12	progenitor_interface	progenitor_interface	8	100	2	0	SPARCL1,THY1		0.02638974840707613	1.578564750209635
24	12	generic_stress	generic_stress	14	100	0	0			1.0	-0.0
24	12	immune_contamination	contamination	13	100	0	0			1.0	-0.0
24	12	mural_contamination	contamination	10	100	0	0			1.0	-0.0
24	12	endothelial_contamination	contamination	7	100	0	0			1.0	-0.0
24	12	cycling_contamination	contamination	10	100	0	0			1.0	-0.0
24	13	senescence_core	senescence	15	100	3	3	IGFBP3,IGFBP7,SERPINE1	IGFBP3,IGFBP7,SERPINE1	0.011805608462311426	1.92791162442478
24	13	sasp_inflammatory	sasp	20	100	1	1	SERPINE1	SERPINE1	0.4890811644551101	0.31061906245110604
24	13	ecm_degradation	ecm_remodeling	17	100	5	4	COL1A1,COL1A2,COL3A1,TGFBI,TIMP1	COL1A1,COL1A2,COL3A1,TGFBI	0.00015794076795008926	3.801505754662355
24	13	fibrocartilage_matrix	fibrocartilage	16	100	1	0	FMOD		0.41542742069734107	0.3815048408184566
24	13	angiogenesis_hypoxia	communication	9	100	1	1	ANGPTL2	ANGPTL2	0.26039353388855496	0.5843698044025643
24	13	paracrine_communication	communication	12	100	2	1	CCN2,TNFRSF12A	TNFRSF12A	0.057116475362200825	1.243238600566202
24	13	progenitor_interface	progenitor_interface	8	100	0	0			1.0	-0.0
24	13	generic_stress	generic_stress	14	100	0	0			1.0	-0.0
24	13	immune_contamination	contamination	13	100	0	0			1.0	-0.0
24	13	mural_contamination	contamination	10	100	0	0			1.0	-0.0
24	13	endothelial_contamination	contamination	7	100	0	0			1.0	-0.0
24	13	cycling_contamination	contamination	10	100	0	0			1.0	-0.0
24	14	senescence_core	senescence	15	100	1	1	IGFBP5	IGFBP5	0.3954283587985156	0.4029321877586527
24	14	sasp_inflammatory	sasp	20	100	1	1	TNFAIP6	TNFAIP6	0.4890811644551101	0.31061906245110604
24	14	ecm_degradation	ecm_remodeling	17	100	4	4	FN1,HTRA1,TIMP1,TIMP3	FN1,HTRA1,TIMP1,TIMP3	0.0018910338451440306	2.7233006982159047
24	14	fibrocartilage_matrix	fibrocartilage	16	100	0	0			1.0	-0.0
24	14	angiogenesis_hypoxia	communication	9	100	0	0			1.0	-0.0
24	14	paracrine_communication	communication	12	100	0	0			1.0	-0.0
24	14	progenitor_interface	progenitor_interface	8	100	3	2	GDF5,PRG4,TIMP3	PRG4,TIMP3	0.001718612309643267	2.764822081877302
24	14	generic_stress	generic_stress	14	100	0	0			1.0	-0.0
24	14	immune_contamination	contamination	13	100	0	0			1.0	-0.0
24	14	mural_contamination	contamination	10	100	0	0			1.0	-0.0
24	14	endothelial_contamination	contamination	7	100	0	0			1.0	-0.0
24	14	cycling_contamination	contamination	10	100	0	0			1.0	-0.0
24	15	senescence_core	senescence	15	100	0	0			1.0	-0.0
24	15	sasp_inflammatory	sasp	20	100	2	1	CXCL2,IL6	IL6	0.1390168715158232	0.8569324892309466
24	15	ecm_degradation	ecm_remodeling	17	100	1	1	MMP2	MMP2	0.43477131809319347	0.3617391140906241
24	15	fibrocartilage_matrix	fibrocartilage	16	100	0	0			1.0	-0.0
24	15	angiogenesis_hypoxia	communication	9	100	1	1	CXCL12	CXCL12	0.26039353388855496	0.5843698044025643
24	15	paracrine_communication	communication	12	100	1	1	CXCL12	CXCL12	0.3312769380627967	0.4798087965982188
24	15	progenitor_interface	progenitor_interface	8	100	0	0			1.0	-0.0
24	15	generic_stress	generic_stress	14	100	0	0			1.0	-0.0
24	15	immune_contamination	contamination	13	100	0	0			1.0	-0.0
24	15	mural_contamination	contamination	10	100	0	0			1.0	-0.0
24	15	endothelial_contamination	contamination	7	100	0	0			1.0	-0.0
24	15	cycling_contamination	contamination	10	100	0	0			1.0	-0.0
24	16	senescence_core	senescence	15	100	0	0			1.0	-0.0
24	16	sasp_inflammatory	sasp	20	100	0	0			1.0	-0.0
24	16	ecm_degradation	ecm_remodeling	17	100	7	5	COL1A1,COL1A2,COL3A1,MMP13,MMP2,POSTN,TGFBI	COL1A1,COL1A2,MMP2,POSTN,TGFBI	5.039778560775718e-07	6.297588545289776
24	16	fibrocartilage_matrix	fibrocartilage	16	100	0	0			1.0	-0.0
24	16	angiogenesis_hypoxia	communication	9	100	0	0			1.0	-0.0
24	16	paracrine_communication	communication	12	100	0	0			1.0	-0.0
24	16	progenitor_interface	progenitor_interface	8	100	1	1	THY1	THY1	0.23515099238304482	0.6286531841066286
24	16	generic_stress	generic_stress	14	100	0	0			1.0	-0.0
24	16	immune_contamination	contamination	13	100	0	0			1.0	-0.0
24	16	mural_contamination	contamination	10	100	1	1	TAGLN	TAGLN	0.2848110468007849	0.5454431699804685
24	16	endothelial_contamination	contamination	7	100	0	0			1.0	-0.0
24	16	cycling_contamination	contamination	10	100	0	0			1.0	-0.0
24	17	senescence_core	senescence	15	100	1	0	SERPINE1		0.3954283587985156	0.4029321877586527
24	17	sasp_inflammatory	sasp	20	100	4	3	IL11,PTGS2,SERPINE1,TNFAIP6	IL11,PTGS2,TNFAIP6	0.003567942938810839	2.4475820997997664
24	17	ecm_degradation	ecm_remodeling	17	100	2	0	COL3A1,MMP3		0.10592506236370273	0.9750012716347
24	17	fibrocartilage_matrix	fibrocartilage	16	100	3	1	COL11A1,COL2A1,SOX9	COL2A1	0.01418769182159589	1.8480882536391943
24	17	angiogenesis_hypoxia	communication	9	100	1	0	ANGPTL4		0.26039353388855496	0.5843698044025643
24	17	paracrine_communication	communication	12	100	7	4	ANGPTL4,BMP2,CCN1,IL11,INHBA,SPP1,TNFRSF12A	BMP2,IL11,INHBA,TNFRSF12A	2.3512173889923828e-08	7.628707214994515
24	17	progenitor_interface	progenitor_interface	8	100	0	0			1.0	-0.0
24	17	generic_stress	generic_stress	14	100	1	1	HSPA5	HSPA5	0.37475217407890277	0.42625583896605546
24	17	immune_contamination	contamination	13	100	0	0			1.0	-0.0
24	17	mural_contamination	contamination	10	100	0	0			1.0	-0.0
24	17	endothelial_contamination	contamination	7	100	0	0			1.0	-0.0
24	17	cycling_contamination	contamination	10	100	0	0			1.0	-0.0
24	18	senescence_core	senescence	15	100	1	1	IGFBP7	IGFBP7	0.3954283587985156	0.4029321877586527
24	18	sasp_inflammatory	sasp	20	100	0	0			1.0	-0.0
24	18	ecm_degradation	ecm_remodeling	17	100	1	1	ADAMTS4	ADAMTS4	0.43477131809319347	0.3617391140906241
24	18	fibrocartilage_matrix	fibrocartilage	16	100	0	0			1.0	-0.0
24	18	angiogenesis_hypoxia	communication	9	100	0	0			1.0	-0.0
24	18	paracrine_communication	communication	12	100	0	0			1.0	-0.0
24	18	progenitor_interface	progenitor_interface	8	100	3	3	MCAM,SPARCL1,THY1	MCAM,SPARCL1,THY1	0.001718612309643267	2.764822081877302
24	18	generic_stress	generic_stress	14	100	0	0			1.0	-0.0
24	18	immune_contamination	contamination	13	100	0	0			1.0	-0.0
24	18	mural_contamination	contamination	10	100	10	10	ACTA2,ADGRF5,COX4I2,GJA4,MCAM,MYH11,RGS5,SYNPO2,TAGLN,TINAGL1	ACTA2,ADGRF5,COX4I2,GJA4,MCAM,MYH11,RGS5,SYNPO2,TAGLN,TINAGL1	9.519843714272747e-16	15.021370181298938
24	18	endothelial_contamination	contamination	7	100	0	0			1.0	-0.0
24	18	cycling_contamination	contamination	10	100	0	0			1.0	-0.0
24	19	senescence_core	senescence	15	100	1	1	IGFBP7	IGFBP7	0.3954283587985156	0.4029321877586527
24	19	sasp_inflammatory	sasp	20	100	0	0			1.0	-0.0
24	19	ecm_degradation	ecm_remodeling	17	100	0	0			1.0	-0.0
24	19	fibrocartilage_matrix	fibrocartilage	16	100	0	0			1.0	-0.0
24	19	angiogenesis_hypoxia	communication	9	100	0	0			1.0	-0.0
24	19	paracrine_communication	communication	12	100	0	0			1.0	-0.0
24	19	progenitor_interface	progenitor_interface	8	100	1	1	MCAM	MCAM	0.23515099238304482	0.6286531841066286
24	19	generic_stress	generic_stress	14	100	0	0			1.0	-0.0
24	19	immune_contamination	contamination	13	100	0	0			1.0	-0.0
24	19	mural_contamination	contamination	10	100	2	1	MCAM,TAGLN	MCAM	0.04063591767848533	1.3910899281542373
24	19	endothelial_contamination	contamination	7	100	0	0			1.0	-0.0
24	19	cycling_contamination	contamination	10	100	0	0			1.0	-0.0
24	20	senescence_core	senescence	15	100	0	0			1.0	-0.0
24	20	sasp_inflammatory	sasp	20	100	0	0			1.0	-0.0
24	20	ecm_degradation	ecm_remodeling	17	100	0	0			1.0	-0.0
24	20	fibrocartilage_matrix	fibrocartilage	16	100	0	0			1.0	-0.0
24	20	angiogenesis_hypoxia	communication	9	100	0	0			1.0	-0.0
24	20	paracrine_communication	communication	12	100	0	0			1.0	-0.0
24	20	progenitor_interface	progenitor_interface	8	100	2	0	MCAM,SPARCL1		0.02638974840707613	1.578564750209635
24	20	generic_stress	generic_stress	14	100	0	0			1.0	-0.0
24	20	immune_contamination	contamination	13	100	2	1	HLA-DQA1,HLA-DRA	HLA-DRA	0.06608603445253759	1.1798903075493172
24	20	mural_contamination	contamination	10	100	3	1	ADGRF5,MCAM,TINAGL1	ADGRF5	0.0035096309808797274	2.4547385448996337
24	20	endothelial_contamination	contamination	7	100	7	6	CLDN5,EMCN,FLT1,KDR,PECAM1,RAMP2,VWF	CLDN5,EMCN,KDR,PECAM1,RAMP2,VWF	3.4013043043974614e-11	10.468354511316738
24	20	cycling_contamination	contamination	10	100	0	0			1.0	-0.0
24	21	senescence_core	senescence	15	100	0	0			1.0	-0.0
24	21	sasp_inflammatory	sasp	20	100	5	3	CCL3,CCL4,CXCL3,CXCL8,TNFAIP3	CCL3,CCL4,CXCL8	0.00036573164700467856	3.436837458243198
24	21	ecm_degradation	ecm_remodeling	17	100	0	0			1.0	-0.0
24	21	fibrocartilage_matrix	fibrocartilage	16	100	0	0			1.0	-0.0
24	21	angiogenesis_hypoxia	communication	9	100	0	0			1.0	-0.0
24	21	paracrine_communication	communication	12	100	0	0			1.0	-0.0
24	21	progenitor_interface	progenitor_interface	8	100	0	0			1.0	-0.0
24	21	generic_stress	generic_stress	14	100	0	0			1.0	-0.0
24	21	immune_contamination	contamination	13	100	13	12	AIF1,C1QA,C1QB,C1QC,CD14,CYBB,FOLR2,HLA-DQA1,HLA-DRA,MARCO,MS4A6A,PTPRC,TYROBP	AIF1,C1QA,C1QB,C1QC,CYBB,FOLR2,HLA-DQA1,HLA-DRA,MARCO,MS4A6A,PTPRC,TYROBP	2.4194006414951792e-20	19.616292208536308
24	21	mural_contamination	contamination	10	100	0	0			1.0	-0.0
24	21	endothelial_contamination	contamination	7	100	1	0	PECAM1		0.20905583688604873	0.6797377023445434
24	21	cycling_contamination	contamination	10	100	1	0	UBE2C		0.2848110468007849	0.5454431699804685
24	22	senescence_core	senescence	15	100	0	0			1.0	-0.0
24	22	sasp_inflammatory	sasp	20	100	2	2	CCL4,TNFAIP3	CCL4,TNFAIP3	0.1390168715158232	0.8569324892309466
24	22	ecm_degradation	ecm_remodeling	17	100	0	0			1.0	-0.0
24	22	fibrocartilage_matrix	fibrocartilage	16	100	0	0			1.0	-0.0
24	22	angiogenesis_hypoxia	communication	9	100	0	0			1.0	-0.0
24	22	paracrine_communication	communication	12	100	0	0			1.0	-0.0
24	22	progenitor_interface	progenitor_interface	8	100	0	0			1.0	-0.0
24	22	generic_stress	generic_stress	14	100	0	0			1.0	-0.0
24	22	immune_contamination	contamination	13	100	4	1	HLA-DQA1,HLA-DRA,PTPRC,TYROBP	PTPRC	0.0006288798113881723	3.2014323469846766
24	22	mural_contamination	contamination	10	100	0	0			1.0	-0.0
24	22	endothelial_contamination	contamination	7	100	0	0			1.0	-0.0
24	22	cycling_contamination	contamination	10	100	4	0	CENPF,CEP55,MKI67,TOP2A		0.00019938319617339434	3.700311446408953
24	23	senescence_core	senescence	15	100	2	0	CDKN2A,LMNB1		0.08528558800432069	1.0691243519392781
24	23	sasp_inflammatory	sasp	20	100	0	0			1.0	-0.0
24	23	ecm_degradation	ecm_remodeling	17	100	1	0	ADAMTS4		0.43477131809319347	0.3617391140906241
24	23	fibrocartilage_matrix	fibrocartilage	16	100	0	0			1.0	-0.0
24	23	angiogenesis_hypoxia	communication	9	100	0	0			1.0	-0.0
24	23	paracrine_communication	communication	12	100	1	1	TNFRSF12A	TNFRSF12A	0.3312769380627967	0.4798087965982188
24	23	progenitor_interface	progenitor_interface	8	100	0	0			1.0	-0.0
24	23	generic_stress	generic_stress	14	100	0	0			1.0	-0.0
24	23	immune_contamination	contamination	13	100	2	0	HLA-DQA1,HLA-DRA		0.06608603445253759	1.1798903075493172
24	23	mural_contamination	contamination	10	100	0	0			1.0	-0.0
24	23	endothelial_contamination	contamination	7	100	0	0			1.0	-0.0
24	23	cycling_contamination	contamination	10	100	10	10	ASPM,BIRC5,CCNB2,CENPF,CEP55,MKI67,PIMREG,TOP2A,TPX2,UBE2C	ASPM,BIRC5,CCNB2,CENPF,CEP55,MKI67,PIMREG,TOP2A,TPX2,UBE2C	9.519843714272747e-16	15.021370181298938
24	24	senescence_core	senescence	15	100	0	0			1.0	-0.0
24	24	sasp_inflammatory	sasp	20	100	0	0			1.0	-0.0
24	24	ecm_degradation	ecm_remodeling	17	100	0	0			1.0	-0.0
24	24	fibrocartilage_matrix	fibrocartilage	16	100	0	0			1.0	-0.0
24	24	angiogenesis_hypoxia	communication	9	100	0	0			1.0	-0.0
24	24	paracrine_communication	communication	12	100	0	0			1.0	-0.0
24	24	progenitor_interface	progenitor_interface	8	100	0	0			1.0	-0.0
24	24	generic_stress	generic_stress	14	100	0	0			1.0	-0.0
24	24	immune_contamination	contamination	13	100	0	0			1.0	-0.0
24	24	mural_contamination	contamination	10	100	0	0			1.0	-0.0
24	24	endothelial_contamination	contamination	7	100	0	0			1.0	-0.0
24	24	cycling_contamination	contamination	10	100	4	3	CCNB2,CENPF,MKI67,TOP2A	CCNB2,CENPF,MKI67	0.00019938319617339434	3.700311446408953
26	1	senescence_core	senescence	15	100	0	0			1.0	-0.0
26	1	sasp_inflammatory	sasp	20	100	0	0			1.0	-0.0
26	1	ecm_degradation	ecm_remodeling	17	100	1	0	FN1		0.43477131809319347	0.3617391140906241
26	1	fibrocartilage_matrix	fibrocartilage	16	100	0	0			1.0	-0.0
26	1	angiogenesis_hypoxia	communication	9	100	0	0			1.0	-0.0
26	1	paracrine_communication	communication	12	100	0	0			1.0	-0.0
26	1	progenitor_interface	progenitor_interface	8	100	0	0			1.0	-0.0
26	1	generic_stress	generic_stress	14	100	0	0			1.0	-0.0
26	1	immune_contamination	contamination	13	100	0	0			1.0	-0.0
26	1	mural_contamination	contamination	10	100	0	0			1.0	-0.0
26	1	endothelial_contamination	contamination	7	100	0	0			1.0	-0.0
26	1	cycling_contamination	contamination	10	100	0	0			1.0	-0.0
26	2	senescence_core	senescence	15	100	1	0	TNFRSF10D		0.3954283587985156	0.4029321877586527
26	2	sasp_inflammatory	sasp	20	100	3	2	ICAM1,SAA1,SAA2	ICAM1,SAA1	0.02626499908109733	1.5806226100550231
26	2	ecm_degradation	ecm_remodeling	17	100	1	1	LOX	LOX	0.43477131809319347	0.3617391140906241
26	2	fibrocartilage_matrix	fibrocartilage	16	100	0	0			1.0	-0.0
26	2	angiogenesis_hypoxia	communication	9	100	4	3	ADM,ANGPTL4,BNIP3,SLC2A1	ADM,ANGPTL4,BNIP3	0.00012272363799414472	3.9110717790684646
26	2	paracrine_communication	communication	12	100	1	1	ANGPTL4	ANGPTL4	0.3312769380627967	0.4798087965982188
26	2	progenitor_interface	progenitor_interface	8	100	0	0			1.0	-0.0
26	2	generic_stress	generic_stress	14	100	6	5	DDIT4,FOS,MT1E,MT1M,MT1X,MT2A	DDIT4,MT1E,MT1M,MT1X,MT2A	2.6565781849684616e-06	5.5756773979734415
26	2	immune_contamination	contamination	13	100	1	0	CD14		0.3533761800303181	0.45176272825891506
26	2	mural_contamination	contamination	10	100	0	0			1.0	-0.0
26	2	endothelial_contamination	contamination	7	100	0	0			1.0	-0.0
26	2	cycling_contamination	contamination	10	100	0	0			1.0	-0.0
26	3	senescence_core	senescence	15	100	2	1	GADD45B,GADD45G	GADD45B	0.08528558800432069	1.0691243519392781
26	3	sasp_inflammatory	sasp	20	100	0	0			1.0	-0.0
26	3	ecm_degradation	ecm_remodeling	17	100	0	0			1.0	-0.0
26	3	fibrocartilage_matrix	fibrocartilage	16	100	11	9	ACAN,CHAD,CILP,CILP2,COMP,DCN,FMOD,FRZB,MGP,PRELP,SCRG1	CHAD,CILP,CILP2,COMP,DCN,FMOD,FRZB,PRELP,SCRG1	1.0780961153161022e-13	12.967342518842573
26	3	angiogenesis_hypoxia	communication	9	100	0	0			1.0	-0.0
26	3	paracrine_communication	communication	12	100	0	0			1.0	-0.0
26	3	progenitor_interface	progenitor_interface	8	100	1	0	GDF5		0.23515099238304482	0.6286531841066286
26	3	generic_stress	generic_stress	14	100	2	0	FOS,IER3		0.07548825739871948	1.1221205999412116
26	3	immune_contamination	contamination	13	100	0	0			1.0	-0.0
26	3	mural_contamination	contamination	10	100	0	0			1.0	-0.0
26	3	endothelial_contamination	contamination	7	100	0	0			1.0	-0.0
26	3	cycling_contamination	contamination	10	100	0	0			1.0	-0.0
26	4	senescence_core	senescence	15	100	3	2	GADD45A,GADD45B,GADD45G	GADD45B,GADD45G	0.011805608462311426	1.92791162442478
26	4	sasp_inflammatory	sasp	20	100	1	1	NFKBIA	NFKBIA	0.4890811644551101	0.31061906245110604
26	4	ecm_degradation	ecm_remodeling	17	100	0	0			1.0	-0.0
26	4	fibrocartilage_matrix	fibrocartilage	16	100	1	0	MGP		0.41542742069734107	0.3815048408184566
26	4	angiogenesis_hypoxia	communication	9	100	1	0	ADM		0.26039353388855496	0.5843698044025643
26	4	paracrine_communication	communication	12	100	0	0			1.0	-0.0
26	4	progenitor_interface	progenitor_interface	8	100	0	0			1.0	-0.0
26	4	generic_stress	generic_stress	14	100	3	2	DDIT3,IER3,JUN	DDIT3,IER3	0.009672696775446087	2.014452426494684
26	4	immune_contamination	contamination	13	100	0	0			1.0	-0.0
26	4	mural_contamination	contamination	10	100	0	0			1.0	-0.0
26	4	endothelial_contamination	contamination	7	100	0	0			1.0	-0.0
26	4	cycling_contamination	contamination	10	100	0	0			1.0	-0.0
26	5	senescence_core	senescence	15	100	1	1	BTG2	BTG2	0.3954283587985156	0.4029321877586527
26	5	sasp_inflammatory	sasp	20	100	0	0			1.0	-0.0
26	5	ecm_degradation	ecm_remodeling	17	100	2	2	ADAMTS5,MMP3	ADAMTS5,MMP3	0.10592506236370273	0.9750012716347
26	5	fibrocartilage_matrix	fibrocartilage	16	100	0	0			1.0	-0.0
26	5	angiogenesis_hypoxia	communication	9	100	0	0			1.0	-0.0
26	5	paracrine_communication	communication	12	100	0	0			1.0	-0.0
26	5	progenitor_interface	progenitor_interface	8	100	0	0			1.0	-0.0
26	5	generic_stress	generic_stress	14	100	5	2	DDIT4,FOS,JUN,MT1X,TXNIP	DDIT4,JUN	5.529551904587946e-05	4.257310060964683
26	5	immune_contamination	contamination	13	100	0	0			1.0	-0.0
26	5	mural_contamination	contamination	10	100	0	0			1.0	-0.0
26	5	endothelial_contamination	contamination	7	100	0	0			1.0	-0.0
26	5	cycling_contamination	contamination	10	100	0	0			1.0	-0.0
26	6	senescence_core	senescence	15	100	0	0			1.0	-0.0
26	6	sasp_inflammatory	sasp	20	100	0	0			1.0	-0.0
26	6	ecm_degradation	ecm_remodeling	17	100	3	2	COL1A2,COL3A1,HTRA1	COL3A1,HTRA1	0.016822689959406997	1.7741045590065203
26	6	fibrocartilage_matrix	fibrocartilage	16	100	13	13	ACAN,CILP,CILP2,COL11A1,COL2A1,COL9A2,COL9A3,COMP,DCN,FMOD,MGP,PRELP,SCRG1	ACAN,CILP,CILP2,COL11A1,COL2A1,COL9A2,COL9A3,COMP,DCN,FMOD,MGP,PRELP,SCRG1	1.2491711750116472e-17	16.90337804579776
26	6	angiogenesis_hypoxia	communication	9	100	1	1	ANGPTL2	ANGPTL2	0.26039353388855496	0.5843698044025643
26	6	paracrine_communication	communication	12	100	0	0			1.0	-0.0
26	6	progenitor_interface	progenitor_interface	8	100	1	0	GDF5		0.23515099238304482	0.6286531841066286
26	6	generic_stress	generic_stress	14	100	0	0			1.0	-0.0
26	6	immune_contamination	contamination	13	100	0	0			1.0	-0.0
26	6	mural_contamination	contamination	10	100	0	0			1.0	-0.0
26	6	endothelial_contamination	contamination	7	100	0	0			1.0	-0.0
26	6	cycling_contamination	contamination	10	100	0	0			1.0	-0.0
26	7	senescence_core	senescence	15	100	5	4	BTG2,CDKN1A,GADD45B,HMOX1,TNFRSF10D	BTG2,CDKN1A,HMOX1,TNFRSF10D	8.07881542610925e-05	4.092652313930708
26	7	sasp_inflammatory	sasp	20	100	12	7	CCL2,CXCL1,CXCL2,CXCL3,CXCL8,ICAM1,IL6,NFKBIA,PTGS2,SOCS3,TNFAIP3,TNFAIP6	CXCL2,CXCL3,ICAM1,IL6,NFKBIA,PTGS2,SOCS3	8.428934945030851e-14	13.074227298058277
26	7	ecm_degradation	ecm_remodeling	17	100	1	0	ADAMTS4		0.43477131809319347	0.3617391140906241
26	7	fibrocartilage_matrix	fibrocartilage	16	100	0	0			1.0	-0.0
26	7	angiogenesis_hypoxia	communication	9	100	1	1	HMOX1	HMOX1	0.26039353388855496	0.5843698044025643
26	7	paracrine_communication	communication	12	100	3	1	BMP2,INHBA,TNFRSF12A	BMP2	0.006132741775973217	2.212345321246125
26	7	progenitor_interface	progenitor_interface	8	100	0	0			1.0	-0.0
26	7	generic_stress	generic_stress	14	100	4	4	ATF3,HMOX1,IER3,PPP1R15A	ATF3,HMOX1,IER3,PPP1R15A	0.000858313528325089	3.0663540422803486
26	7	immune_contamination	contamination	13	100	0	0			1.0	-0.0
26	7	mural_contamination	contamination	10	100	0	0			1.0	-0.0
26	7	endothelial_contamination	contamination	7	100	0	0			1.0	-0.0
26	7	cycling_contamination	contamination	10	100	0	0			1.0	-0.0
26	8	senescence_core	senescence	15	100	2	1	IGFBP5,TNFRSF10D	IGFBP5	0.08528558800432069	1.0691243519392781
26	8	sasp_inflammatory	sasp	20	100	2	1	ICAM1,MIF	MIF	0.1390168715158232	0.8569324892309466
26	8	ecm_degradation	ecm_remodeling	17	100	1	0	HTRA1		0.43477131809319347	0.3617391140906241
26	8	fibrocartilage_matrix	fibrocartilage	16	100	1	1	SOX9	SOX9	0.41542742069734107	0.3815048408184566
26	8	angiogenesis_hypoxia	communication	9	100	5	5	ANGPTL4,BNIP3,MIF,SLC2A1,VEGFA	ANGPTL4,BNIP3,MIF,SLC2A1,VEGFA	3.97058562884604e-06	5.40114543363508
26	8	paracrine_communication	communication	12	100	5	5	ANGPTL4,BMP2,MIF,TNFRSF12A,VEGFA	ANGPTL4,BMP2,MIF,TNFRSF12A,VEGFA	2.3058782535261737e-05	4.637163626450501
26	8	progenitor_interface	progenitor_interface	8	100	0	0			1.0	-0.0
26	8	generic_stress	generic_stress	14	100	2	2	DDIT3,HSPA5	DDIT3,HSPA5	0.07548825739871948	1.1221205999412116
26	8	immune_contamination	contamination	13	100	0	0			1.0	-0.0
26	8	mural_contamination	contamination	10	100	0	0			1.0	-0.0
26	8	endothelial_contamination	contamination	7	100	1	0	FLT1		0.20905583688604873	0.6797377023445434
26	8	cycling_contamination	contamination	10	100	0	0			1.0	-0.0
26	9	senescence_core	senescence	15	100	2	0	BTG2,CDKN1A		0.08528558800432069	1.0691243519392781
26	9	sasp_inflammatory	sasp	20	100	2	2	MIF,SOCS3	MIF,SOCS3	0.1390168715158232	0.8569324892309466
26	9	ecm_degradation	ecm_remodeling	17	100	1	0	MMP3		0.43477131809319347	0.3617391140906241
26	9	fibrocartilage_matrix	fibrocartilage	16	100	4	1	CHAD,COL9A2,COL9A3,FRZB	CHAD	0.0014832472387454557	2.8287864514845102
26	9	angiogenesis_hypoxia	communication	9	100	1	1	MIF	MIF	0.26039353388855496	0.5843698044025643
26	9	paracrine_communication	communication	12	100	3	3	CCN1,CCN2,MIF	CCN1,CCN2,MIF	0.006132741775973217	2.212345321246125
26	9	progenitor_interface	progenitor_interface	8	100	0	0			1.0	-0.0
26	9	generic_stress	generic_stress	14	100	5	3	DDIT4,MT1E,MT1X,MT2A,TXNIP	DDIT4,MT1E,TXNIP	5.529551904587946e-05	4.257310060964683
26	9	immune_contamination	contamination	13	100	0	0			1.0	-0.0
26	9	mural_contamination	contamination	10	100	0	0			1.0	-0.0
26	9	endothelial_contamination	contamination	7	100	1	0	CLDN5		0.20905583688604873	0.6797377023445434
26	9	cycling_contamination	contamination	10	100	0	0			1.0	-0.0
26	10	senescence_core	senescence	15	100	0	0			1.0	-0.0
26	10	sasp_inflammatory	sasp	20	100	0	0			1.0	-0.0
26	10	ecm_degradation	ecm_remodeling	17	100	0	0			1.0	-0.0
26	10	fibrocartilage_matrix	fibrocartilage	16	100	0	0			1.0	-0.0
26	10	angiogenesis_hypoxia	communication	9	100	1	1	CXCL12	CXCL12	0.26039353388855496	0.5843698044025643
26	10	paracrine_communication	communication	12	100	2	2	CCN1,CXCL12	CCN1,CXCL12	0.057116475362200825	1.243238600566202
26	10	progenitor_interface	progenitor_interface	8	100	1	1	THY1	THY1	0.23515099238304482	0.6286531841066286
26	10	generic_stress	generic_stress	14	100	3	1	FOS,JUN,PPP1R15A	PPP1R15A	0.009672696775446087	2.014452426494684
26	10	immune_contamination	contamination	13	100	1	1	HLA-DRA	HLA-DRA	0.3533761800303181	0.45176272825891506
26	10	mural_contamination	contamination	10	100	1	0	SYNPO2		0.2848110468007849	0.5454431699804685
26	10	endothelial_contamination	contamination	7	100	0	0			1.0	-0.0
26	10	cycling_contamination	contamination	10	100	0	0			1.0	-0.0
26	11	senescence_core	senescence	15	100	0	0			1.0	-0.0
26	11	sasp_inflammatory	sasp	20	100	1	0	CXCL1		0.4890811644551101	0.31061906245110604
26	11	ecm_degradation	ecm_remodeling	17	100	2	2	HTRA1,TIMP3	HTRA1,TIMP3	0.10592506236370273	0.9750012716347
26	11	fibrocartilage_matrix	fibrocartilage	16	100	0	0			1.0	-0.0
26	11	angiogenesis_hypoxia	communication	9	100	0	0			1.0	-0.0
26	11	paracrine_communication	communication	12	100	1	1	HBEGF	HBEGF	0.3312769380627967	0.4798087965982188
26	11	progenitor_interface	progenitor_interface	8	100	5	5	HBEGF,ITGBL1,PRG4,SPARCL1,TIMP3	HBEGF,ITGBL1,PRG4,SPARCL1,TIMP3	1.8119298257958483e-06	5.7418586261182485
26	11	generic_stress	generic_stress	14	100	0	0			1.0	-0.0
26	11	immune_contamination	contamination	13	100	0	0			1.0	-0.0
26	11	mural_contamination	contamination	10	100	0	0			1.0	-0.0
26	11	endothelial_contamination	contamination	7	100	0	0			1.0	-0.0
26	11	cycling_contamination	contamination	10	100	0	0			1.0	-0.0
26	12	senescence_core	senescence	15	100	1	0	HMOX1		0.3954283587985156	0.4029321877586527
26	12	sasp_inflammatory	sasp	20	100	2	1	MIF,VCAM1	MIF	0.1390168715158232	0.8569324892309466
26	12	ecm_degradation	ecm_remodeling	17	100	1	0	TGFBI		0.43477131809319347	0.3617391140906241
26	12	fibrocartilage_matrix	fibrocartilage	16	100	6	5	CILP,COMP,DCN,FMOD,PRELP,SCRG1	CILP,DCN,FMOD,PRELP,SCRG1	6.713623089927696e-06	5.1730430441662545
26	12	angiogenesis_hypoxia	communication	9	100	3	1	ANGPTL2,HMOX1,MIF	MIF	0.0025165566454678286	2.599193289571539
26	12	paracrine_communication	communication	12	100	3	3	CCN1,CCN2,MIF	CCN1,CCN2,MIF	0.006132741775973217	2.212345321246125
26	12	progenitor_interface	progenitor_interface	8	100	0	0			1.0	-0.0
26	12	generic_stress	generic_stress	14	100	1	0	HMOX1		0.37475217407890277	0.42625583896605546
26	12	immune_contamination	contamination	13	100	0	0			1.0	-0.0
26	12	mural_contamination	contamination	10	100	0	0			1.0	-0.0
26	12	endothelial_contamination	contamination	7	100	0	0			1.0	-0.0
26	12	cycling_contamination	contamination	10	100	0	0			1.0	-0.0
26	13	senescence_core	senescence	15	100	1	1	GADD45A	GADD45A	0.3954283587985156	0.4029321877586527
26	13	sasp_inflammatory	sasp	20	100	0	0			1.0	-0.0
26	13	ecm_degradation	ecm_remodeling	17	100	1	0	MMP2		0.43477131809319347	0.3617391140906241
26	13	fibrocartilage_matrix	fibrocartilage	16	100	0	0			1.0	-0.0
26	13	angiogenesis_hypoxia	communication	9	100	1	0	CXCL12		0.26039353388855496	0.5843698044025643
26	13	paracrine_communication	communication	12	100	1	0	CXCL12		0.3312769380627967	0.4798087965982188
26	13	progenitor_interface	progenitor_interface	8	100	0	0			1.0	-0.0
26	13	generic_stress	generic_stress	14	100	2	1	FOS,JUN	JUN	0.07548825739871948	1.1221205999412116
26	13	immune_contamination	contamination	13	100	0	0			1.0	-0.0
26	13	mural_contamination	contamination	10	100	0	0			1.0	-0.0
26	13	endothelial_contamination	contamination	7	100	1	0	RAMP2		0.20905583688604873	0.6797377023445434
26	13	cycling_contamination	contamination	10	100	0	0			1.0	-0.0
26	14	senescence_core	senescence	15	100	0	0			1.0	-0.0
26	14	sasp_inflammatory	sasp	20	100	0	0			1.0	-0.0
26	14	ecm_degradation	ecm_remodeling	17	100	0	0			1.0	-0.0
26	14	fibrocartilage_matrix	fibrocartilage	16	100	0	0			1.0	-0.0
26	14	angiogenesis_hypoxia	communication	9	100	0	0			1.0	-0.0
26	14	paracrine_communication	communication	12	100	0	0			1.0	-0.0
26	14	progenitor_interface	progenitor_interface	8	100	2	0	SPARCL1,THY1		0.02638974840707613	1.578564750209635
26	14	generic_stress	generic_stress	14	100	0	0			1.0	-0.0
26	14	immune_contamination	contamination	13	100	0	0			1.0	-0.0
26	14	mural_contamination	contamination	10	100	0	0			1.0	-0.0
26	14	endothelial_contamination	contamination	7	100	1	0	RAMP2		0.20905583688604873	0.6797377023445434
26	14	cycling_contamination	contamination	10	100	0	0			1.0	-0.0
26	15	senescence_core	senescence	15	100	3	3	IGFBP3,IGFBP7,SERPINE1	IGFBP3,IGFBP7,SERPINE1	0.011805608462311426	1.92791162442478
26	15	sasp_inflammatory	sasp	20	100	1	1	SERPINE1	SERPINE1	0.4890811644551101	0.31061906245110604
26	15	ecm_degradation	ecm_remodeling	17	100	6	4	COL1A1,COL1A2,COL3A1,POSTN,TGFBI,TIMP1	COL1A1,COL1A2,COL3A1,TGFBI	1.0100702308391408e-05	4.995648428390129
26	15	fibrocartilage_matrix	fibrocartilage	16	100	0	0			1.0	-0.0
26	15	angiogenesis_hypoxia	communication	9	100	1	0	ANGPTL2		0.26039353388855496	0.5843698044025643
26	15	paracrine_communication	communication	12	100	1	1	TNFRSF12A	TNFRSF12A	0.3312769380627967	0.4798087965982188
26	15	progenitor_interface	progenitor_interface	8	100	0	0			1.0	-0.0
26	15	generic_stress	generic_stress	14	100	0	0			1.0	-0.0
26	15	immune_contamination	contamination	13	100	0	0			1.0	-0.0
26	15	mural_contamination	contamination	10	100	0	0			1.0	-0.0
26	15	endothelial_contamination	contamination	7	100	0	0			1.0	-0.0
26	15	cycling_contamination	contamination	10	100	0	0			1.0	-0.0
26	16	senescence_core	senescence	15	100	1	1	IGFBP5	IGFBP5	0.3954283587985156	0.4029321877586527
26	16	sasp_inflammatory	sasp	20	100	1	1	TNFAIP6	TNFAIP6	0.4890811644551101	0.31061906245110604
26	16	ecm_degradation	ecm_remodeling	17	100	4	3	FN1,HTRA1,TIMP1,TIMP3	FN1,HTRA1,TIMP3	0.0018910338451440306	2.7233006982159047
26	16	fibrocartilage_matrix	fibrocartilage	16	100	0	0			1.0	-0.0
26	16	angiogenesis_hypoxia	communication	9	100	0	0			1.0	-0.0
26	16	paracrine_communication	communication	12	100	0	0			1.0	-0.0
26	16	progenitor_interface	progenitor_interface	8	100	3	2	GDF5,PRG4,TIMP3	PRG4,TIMP3	0.001718612309643267	2.764822081877302
26	16	generic_stress	generic_stress	14	100	0	0			1.0	-0.0
26	16	immune_contamination	contamination	13	100	0	0			1.0	-0.0
26	16	mural_contamination	contamination	10	100	0	0			1.0	-0.0
26	16	endothelial_contamination	contamination	7	100	0	0			1.0	-0.0
26	16	cycling_contamination	contamination	10	100	0	0			1.0	-0.0
26	17	senescence_core	senescence	15	100	0	0			1.0	-0.0
26	17	sasp_inflammatory	sasp	20	100	2	1	CXCL2,IL6	IL6	0.1390168715158232	0.8569324892309466
26	17	ecm_degradation	ecm_remodeling	17	100	1	1	MMP2	MMP2	0.43477131809319347	0.3617391140906241
26	17	fibrocartilage_matrix	fibrocartilage	16	100	0	0			1.0	-0.0
26	17	angiogenesis_hypoxia	communication	9	100	1	1	CXCL12	CXCL12	0.26039353388855496	0.5843698044025643
26	17	paracrine_communication	communication	12	100	1	1	CXCL12	CXCL12	0.3312769380627967	0.4798087965982188
26	17	progenitor_interface	progenitor_interface	8	100	0	0			1.0	-0.0
26	17	generic_stress	generic_stress	14	100	0	0			1.0	-0.0
26	17	immune_contamination	contamination	13	100	0	0			1.0	-0.0
26	17	mural_contamination	contamination	10	100	0	0			1.0	-0.0
26	17	endothelial_contamination	contamination	7	100	0	0			1.0	-0.0
26	17	cycling_contamination	contamination	10	100	0	0			1.0	-0.0
26	18	senescence_core	senescence	15	100	0	0			1.0	-0.0
26	18	sasp_inflammatory	sasp	20	100	0	0			1.0	-0.0
26	18	ecm_degradation	ecm_remodeling	17	100	6	4	COL1A1,COL1A2,MMP13,MMP2,POSTN,TGFBI	COL1A1,COL1A2,MMP2,POSTN	1.0100702308391408e-05	4.995648428390129
26	18	fibrocartilage_matrix	fibrocartilage	16	100	0	0			1.0	-0.0
26	18	angiogenesis_hypoxia	communication	9	100	0	0			1.0	-0.0
26	18	paracrine_communication	communication	12	100	0	0			1.0	-0.0
26	18	progenitor_interface	progenitor_interface	8	100	1	1	THY1	THY1	0.23515099238304482	0.6286531841066286
26	18	generic_stress	generic_stress	14	100	0	0			1.0	-0.0
26	18	immune_contamination	contamination	13	100	0	0			1.0	-0.0
26	18	mural_contamination	contamination	10	100	1	1	TAGLN	TAGLN	0.2848110468007849	0.5454431699804685
26	18	endothelial_contamination	contamination	7	100	0	0			1.0	-0.0
26	18	cycling_contamination	contamination	10	100	0	0			1.0	-0.0
26	19	senescence_core	senescence	15	100	1	0	SERPINE1		0.3954283587985156	0.4029321877586527
26	19	sasp_inflammatory	sasp	20	100	4	3	IL11,PTGS2,SERPINE1,TNFAIP6	IL11,PTGS2,TNFAIP6	0.003567942938810839	2.4475820997997664
26	19	ecm_degradation	ecm_remodeling	17	100	1	0	MMP3		0.43477131809319347	0.3617391140906241
26	19	fibrocartilage_matrix	fibrocartilage	16	100	3	1	COL11A1,COL2A1,SOX9	COL2A1	0.01418769182159589	1.8480882536391943
26	19	angiogenesis_hypoxia	communication	9	100	1	0	ANGPTL4		0.26039353388855496	0.5843698044025643
26	19	paracrine_communication	communication	12	100	7	4	ANGPTL4,BMP2,CCN1,IL11,INHBA,SPP1,TNFRSF12A	BMP2,IL11,INHBA,TNFRSF12A	2.3512173889923828e-08	7.628707214994515
26	19	progenitor_interface	progenitor_interface	8	100	0	0			1.0	-0.0
26	19	generic_stress	generic_stress	14	100	1	1	HSPA5	HSPA5	0.37475217407890277	0.42625583896605546
26	19	immune_contamination	contamination	13	100	0	0			1.0	-0.0
26	19	mural_contamination	contamination	10	100	0	0			1.0	-0.0
26	19	endothelial_contamination	contamination	7	100	0	0			1.0	-0.0
26	19	cycling_contamination	contamination	10	100	0	0			1.0	-0.0
26	20	senescence_core	senescence	15	100	1	1	IGFBP7	IGFBP7	0.3954283587985156	0.4029321877586527
26	20	sasp_inflammatory	sasp	20	100	0	0			1.0	-0.0
26	20	ecm_degradation	ecm_remodeling	17	100	1	1	ADAMTS4	ADAMTS4	0.43477131809319347	0.3617391140906241
26	20	fibrocartilage_matrix	fibrocartilage	16	100	0	0			1.0	-0.0
26	20	angiogenesis_hypoxia	communication	9	100	0	0			1.0	-0.0
26	20	paracrine_communication	communication	12	100	0	0			1.0	-0.0
26	20	progenitor_interface	progenitor_interface	8	100	3	3	MCAM,SPARCL1,THY1	MCAM,SPARCL1,THY1	0.001718612309643267	2.764822081877302
26	20	generic_stress	generic_stress	14	100	0	0			1.0	-0.0
26	20	immune_contamination	contamination	13	100	0	0			1.0	-0.0
26	20	mural_contamination	contamination	10	100	10	10	ACTA2,ADGRF5,COX4I2,GJA4,MCAM,MYH11,RGS5,SYNPO2,TAGLN,TINAGL1	ACTA2,ADGRF5,COX4I2,GJA4,MCAM,MYH11,RGS5,SYNPO2,TAGLN,TINAGL1	9.519843714272747e-16	15.021370181298938
26	20	endothelial_contamination	contamination	7	100	0	0			1.0	-0.0
26	20	cycling_contamination	contamination	10	100	0	0			1.0	-0.0
26	21	senescence_core	senescence	15	100	1	1	IGFBP7	IGFBP7	0.3954283587985156	0.4029321877586527
26	21	sasp_inflammatory	sasp	20	100	0	0			1.0	-0.0
26	21	ecm_degradation	ecm_remodeling	17	100	0	0			1.0	-0.0
26	21	fibrocartilage_matrix	fibrocartilage	16	100	0	0			1.0	-0.0
26	21	angiogenesis_hypoxia	communication	9	100	0	0			1.0	-0.0
26	21	paracrine_communication	communication	12	100	0	0			1.0	-0.0
26	21	progenitor_interface	progenitor_interface	8	100	1	1	MCAM	MCAM	0.23515099238304482	0.6286531841066286
26	21	generic_stress	generic_stress	14	100	0	0			1.0	-0.0
26	21	immune_contamination	contamination	13	100	0	0			1.0	-0.0
26	21	mural_contamination	contamination	10	100	2	1	MCAM,TAGLN	MCAM	0.04063591767848533	1.3910899281542373
26	21	endothelial_contamination	contamination	7	100	0	0			1.0	-0.0
26	21	cycling_contamination	contamination	10	100	0	0			1.0	-0.0
26	22	senescence_core	senescence	15	100	0	0			1.0	-0.0
26	22	sasp_inflammatory	sasp	20	100	0	0			1.0	-0.0
26	22	ecm_degradation	ecm_remodeling	17	100	0	0			1.0	-0.0
26	22	fibrocartilage_matrix	fibrocartilage	16	100	0	0			1.0	-0.0
26	22	angiogenesis_hypoxia	communication	9	100	0	0			1.0	-0.0
26	22	paracrine_communication	communication	12	100	0	0			1.0	-0.0
26	22	progenitor_interface	progenitor_interface	8	100	2	0	MCAM,SPARCL1		0.02638974840707613	1.578564750209635
26	22	generic_stress	generic_stress	14	100	0	0			1.0	-0.0
26	22	immune_contamination	contamination	13	100	2	1	HLA-DQA1,HLA-DRA	HLA-DRA	0.06608603445253759	1.1798903075493172
26	22	mural_contamination	contamination	10	100	3	1	ADGRF5,MCAM,TINAGL1	ADGRF5	0.0035096309808797274	2.4547385448996337
26	22	endothelial_contamination	contamination	7	100	7	7	CLDN5,EMCN,FLT1,KDR,PECAM1,RAMP2,VWF	CLDN5,EMCN,FLT1,KDR,PECAM1,RAMP2,VWF	3.4013043043974614e-11	10.468354511316738
26	22	cycling_contamination	contamination	10	100	0	0			1.0	-0.0
26	23	senescence_core	senescence	15	100	0	0			1.0	-0.0
26	23	sasp_inflammatory	sasp	20	100	5	3	CCL3,CCL4,CXCL3,CXCL8,TNFAIP3	CCL3,CCL4,CXCL8	0.00036573164700467856	3.436837458243198
26	23	ecm_degradation	ecm_remodeling	17	100	0	0			1.0	-0.0
26	23	fibrocartilage_matrix	fibrocartilage	16	100	0	0			1.0	-0.0
26	23	angiogenesis_hypoxia	communication	9	100	0	0			1.0	-0.0
26	23	paracrine_communication	communication	12	100	0	0			1.0	-0.0
26	23	progenitor_interface	progenitor_interface	8	100	0	0			1.0	-0.0
26	23	generic_stress	generic_stress	14	100	0	0			1.0	-0.0
26	23	immune_contamination	contamination	13	100	13	12	AIF1,C1QA,C1QB,C1QC,CD14,CYBB,FOLR2,HLA-DQA1,HLA-DRA,MARCO,MS4A6A,PTPRC,TYROBP	AIF1,C1QA,C1QB,C1QC,CYBB,FOLR2,HLA-DQA1,HLA-DRA,MARCO,MS4A6A,PTPRC,TYROBP	2.4194006414951792e-20	19.616292208536308
26	23	mural_contamination	contamination	10	100	0	0			1.0	-0.0
26	23	endothelial_contamination	contamination	7	100	1	0	PECAM1		0.20905583688604873	0.6797377023445434
26	23	cycling_contamination	contamination	10	100	1	0	UBE2C		0.2848110468007849	0.5454431699804685
26	24	senescence_core	senescence	15	100	0	0			1.0	-0.0
26	24	sasp_inflammatory	sasp	20	100	2	2	CCL4,TNFAIP3	CCL4,TNFAIP3	0.1390168715158232	0.8569324892309466
26	24	ecm_degradation	ecm_remodeling	17	100	0	0			1.0	-0.0
26	24	fibrocartilage_matrix	fibrocartilage	16	100	0	0			1.0	-0.0
26	24	angiogenesis_hypoxia	communication	9	100	0	0			1.0	-0.0
26	24	paracrine_communication	communication	12	100	0	0			1.0	-0.0
26	24	progenitor_interface	progenitor_interface	8	100	0	0			1.0	-0.0
26	24	generic_stress	generic_stress	14	100	0	0			1.0	-0.0
26	24	immune_contamination	contamination	13	100	4	1	HLA-DQA1,HLA-DRA,PTPRC,TYROBP	PTPRC	0.0006288798113881723	3.2014323469846766
26	24	mural_contamination	contamination	10	100	0	0			1.0	-0.0
26	24	endothelial_contamination	contamination	7	100	0	0			1.0	-0.0
26	24	cycling_contamination	contamination	10	100	4	0	CENPF,CEP55,MKI67,TOP2A		0.00019938319617339434	3.700311446408953
26	25	senescence_core	senescence	15	100	1	1	LMNB1	LMNB1	0.3954283587985156	0.4029321877586527
26	25	sasp_inflammatory	sasp	20	100	0	0			1.0	-0.0
26	25	ecm_degradation	ecm_remodeling	17	100	1	0	ADAMTS4		0.43477131809319347	0.3617391140906241
26	25	fibrocartilage_matrix	fibrocartilage	16	100	0	0			1.0	-0.0
26	25	angiogenesis_hypoxia	communication	9	100	0	0			1.0	-0.0
26	25	paracrine_communication	communication	12	100	1	0	TNFRSF12A		0.3312769380627967	0.4798087965982188
26	25	progenitor_interface	progenitor_interface	8	100	0	0			1.0	-0.0
26	25	generic_stress	generic_stress	14	100	0	0			1.0	-0.0
26	25	immune_contamination	contamination	13	100	2	0	HLA-DQA1,HLA-DRA		0.06608603445253759	1.1798903075493172
26	25	mural_contamination	contamination	10	100	0	0			1.0	-0.0
26	25	endothelial_contamination	contamination	7	100	0	0			1.0	-0.0
26	25	cycling_contamination	contamination	10	100	10	10	ASPM,BIRC5,CCNB2,CENPF,CEP55,MKI67,PIMREG,TOP2A,TPX2,UBE2C	ASPM,BIRC5,CCNB2,CENPF,CEP55,MKI67,PIMREG,TOP2A,TPX2,UBE2C	9.519843714272747e-16	15.021370181298938
26	26	senescence_core	senescence	15	100	0	0			1.0	-0.0
26	26	sasp_inflammatory	sasp	20	100	0	0			1.0	-0.0
26	26	ecm_degradation	ecm_remodeling	17	100	0	0			1.0	-0.0
26	26	fibrocartilage_matrix	fibrocartilage	16	100	0	0			1.0	-0.0
26	26	angiogenesis_hypoxia	communication	9	100	0	0			1.0	-0.0
26	26	paracrine_communication	communication	12	100	0	0			1.0	-0.0
26	26	progenitor_interface	progenitor_interface	8	100	0	0			1.0	-0.0
26	26	generic_stress	generic_stress	14	100	0	0			1.0	-0.0
26	26	immune_contamination	contamination	13	100	0	0			1.0	-0.0
26	26	mural_contamination	contamination	10	100	0	0			1.0	-0.0
26	26	endothelial_contamination	contamination	7	100	0	0			1.0	-0.0
26	26	cycling_contamination	contamination	10	100	4	3	CCNB2,CENPF,MKI67,TOP2A	CCNB2,CENPF,MKI67	0.00019938319617339434	3.700311446408953
28	1	senescence_core	senescence	15	100	0	0			1.0	-0.0
28	1	sasp_inflammatory	sasp	20	100	0	0			1.0	-0.0
28	1	ecm_degradation	ecm_remodeling	17	100	1	0	FN1		0.43477131809319347	0.3617391140906241
28	1	fibrocartilage_matrix	fibrocartilage	16	100	0	0			1.0	-0.0
28	1	angiogenesis_hypoxia	communication	9	100	0	0			1.0	-0.0
28	1	paracrine_communication	communication	12	100	0	0			1.0	-0.0
28	1	progenitor_interface	progenitor_interface	8	100	0	0			1.0	-0.0
28	1	generic_stress	generic_stress	14	100	0	0			1.0	-0.0
28	1	immune_contamination	contamination	13	100	0	0			1.0	-0.0
28	1	mural_contamination	contamination	10	100	0	0			1.0	-0.0
28	1	endothelial_contamination	contamination	7	100	0	0			1.0	-0.0
28	1	cycling_contamination	contamination	10	100	0	0			1.0	-0.0
28	2	senescence_core	senescence	15	100	2	1	GADD45B,GADD45G	GADD45B	0.08528558800432069	1.0691243519392781
28	2	sasp_inflammatory	sasp	20	100	0	0			1.0	-0.0
28	2	ecm_degradation	ecm_remodeling	17	100	0	0			1.0	-0.0
28	2	fibrocartilage_matrix	fibrocartilage	16	100	11	9	ACAN,CHAD,CILP,CILP2,COMP,DCN,FMOD,FRZB,MGP,PRELP,SCRG1	CHAD,CILP,CILP2,COMP,DCN,FMOD,FRZB,PRELP,SCRG1	1.0780961153161022e-13	12.967342518842573
28	2	angiogenesis_hypoxia	communication	9	100	1	0	ADM		0.26039353388855496	0.5843698044025643
28	2	paracrine_communication	communication	12	100	0	0			1.0	-0.0
28	2	progenitor_interface	progenitor_interface	8	100	1	0	GDF5		0.23515099238304482	0.6286531841066286
28	2	generic_stress	generic_stress	14	100	2	0	FOS,IER3		0.07548825739871948	1.1221205999412116
28	2	immune_contamination	contamination	13	100	0	0			1.0	-0.0
28	2	mural_contamination	contamination	10	100	0	0			1.0	-0.0
28	2	endothelial_contamination	contamination	7	100	0	0			1.0	-0.0
28	2	cycling_contamination	contamination	10	100	0	0			1.0	-0.0
28	3	senescence_core	senescence	15	100	1	0	TNFRSF10D		0.3954283587985156	0.4029321877586527
28	3	sasp_inflammatory	sasp	20	100	3	2	ICAM1,SAA1,SAA2	ICAM1,SAA1	0.02626499908109733	1.5806226100550231
28	3	ecm_degradation	ecm_remodeling	17	100	1	1	LOX	LOX	0.43477131809319347	0.3617391140906241
28	3	fibrocartilage_matrix	fibrocartilage	16	100	0	0			1.0	-0.0
28	3	angiogenesis_hypoxia	communication	9	100	4	3	ADM,ANGPTL4,BNIP3,SLC2A1	ADM,ANGPTL4,BNIP3	0.00012272363799414472	3.9110717790684646
28	3	paracrine_communication	communication	12	100	1	1	ANGPTL4	ANGPTL4	0.3312769380627967	0.4798087965982188
28	3	progenitor_interface	progenitor_interface	8	100	0	0			1.0	-0.0
28	3	generic_stress	generic_stress	14	100	6	5	DDIT4,FOS,MT1E,MT1M,MT1X,MT2A	DDIT4,MT1E,MT1M,MT1X,MT2A	2.6565781849684616e-06	5.5756773979734415
28	3	immune_contamination	contamination	13	100	1	0	CD14		0.3533761800303181	0.45176272825891506
28	3	mural_contamination	contamination	10	100	0	0			1.0	-0.0
28	3	endothelial_contamination	contamination	7	100	0	0			1.0	-0.0
28	3	cycling_contamination	contamination	10	100	0	0			1.0	-0.0
28	4	senescence_core	senescence	15	100	1	1	BTG2	BTG2	0.3954283587985156	0.4029321877586527
28	4	sasp_inflammatory	sasp	20	100	0	0			1.0	-0.0
28	4	ecm_degradation	ecm_remodeling	17	100	2	2	ADAMTS5,MMP3	ADAMTS5,MMP3	0.10592506236370273	0.9750012716347
28	4	fibrocartilage_matrix	fibrocartilage	16	100	0	0			1.0	-0.0
28	4	angiogenesis_hypoxia	communication	9	100	0	0			1.0	-0.0
28	4	paracrine_communication	communication	12	100	0	0			1.0	-0.0
28	4	progenitor_interface	progenitor_interface	8	100	0	0			1.0	-0.0
28	4	generic_stress	generic_stress	14	100	4	2	DDIT4,FOS,JUN,TXNIP	DDIT4,JUN	0.000858313528325089	3.0663540422803486
28	4	immune_contamination	contamination	13	100	0	0			1.0	-0.0
28	4	mural_contamination	contamination	10	100	0	0			1.0	-0.0
28	4	endothelial_contamination	contamination	7	100	1	0	KDR		0.20905583688604873	0.6797377023445434
28	4	cycling_contamination	contamination	10	100	0	0			1.0	-0.0
28	5	senescence_core	senescence	15	100	3	2	GADD45B,GADD45G,IGFBP7	GADD45B,GADD45G	0.011805608462311426	1.92791162442478
28	5	sasp_inflammatory	sasp	20	100	1	1	NFKBIA	NFKBIA	0.4890811644551101	0.31061906245110604
28	5	ecm_degradation	ecm_remodeling	17	100	1	0	TIMP1		0.43477131809319347	0.3617391140906241
28	5	fibrocartilage_matrix	fibrocartilage	16	100	1	0	MGP		0.41542742069734107	0.3815048408184566
28	5	angiogenesis_hypoxia	communication	9	100	0	0			1.0	-0.0
28	5	paracrine_communication	communication	12	100	0	0			1.0	-0.0
28	5	progenitor_interface	progenitor_interface	8	100	0	0			1.0	-0.0
28	5	generic_stress	generic_stress	14	100	3	1	DDIT3,IER3,JUN	IER3	0.009672696775446087	2.014452426494684
28	5	immune_contamination	contamination	13	100	0	0			1.0	-0.0
28	5	mural_contamination	contamination	10	100	0	0			1.0	-0.0
28	5	endothelial_contamination	contamination	7	100	0	0			1.0	-0.0
28	5	cycling_contamination	contamination	10	100	0	0			1.0	-0.0
28	6	senescence_core	senescence	15	100	0	0			1.0	-0.0
28	6	sasp_inflammatory	sasp	20	100	0	0			1.0	-0.0
28	6	ecm_degradation	ecm_remodeling	17	100	3	2	COL1A2,COL3A1,HTRA1	COL3A1,HTRA1	0.016822689959406997	1.7741045590065203
28	6	fibrocartilage_matrix	fibrocartilage	16	100	13	12	ACAN,CILP,CILP2,COL11A1,COL2A1,COL9A2,COL9A3,COMP,DCN,FMOD,MGP,PRELP,SCRG1	ACAN,CILP,CILP2,COL11A1,COL2A1,COL9A2,COL9A3,COMP,FMOD,MGP,PRELP,SCRG1	1.2491711750116472e-17	16.90337804579776
28	6	angiogenesis_hypoxia	communication	9	100	1	1	ANGPTL2	ANGPTL2	0.26039353388855496	0.5843698044025643
28	6	paracrine_communication	communication	12	100	0	0			1.0	-0.0
28	6	progenitor_interface	progenitor_interface	8	100	1	0	GDF5		0.23515099238304482	0.6286531841066286
28	6	generic_stress	generic_stress	14	100	0	0			1.0	-0.0
28	6	immune_contamination	contamination	13	100	0	0			1.0	-0.0
28	6	mural_contamination	contamination	10	100	0	0			1.0	-0.0
28	6	endothelial_contamination	contamination	7	100	0	0			1.0	-0.0
28	6	cycling_contamination	contamination	10	100	0	0			1.0	-0.0
28	7	senescence_core	senescence	15	100	5	4	BTG2,CDKN1A,GADD45B,HMOX1,TNFRSF10D	BTG2,CDKN1A,HMOX1,TNFRSF10D	8.07881542610925e-05	4.092652313930708
28	7	sasp_inflammatory	sasp	20	100	12	7	CCL2,CXCL1,CXCL2,CXCL3,CXCL8,ICAM1,IL6,NFKBIA,PTGS2,SOCS3,TNFAIP3,TNFAIP6	CXCL2,CXCL3,ICAM1,IL6,NFKBIA,PTGS2,SOCS3	8.428934945030851e-14	13.074227298058277
28	7	ecm_degradation	ecm_remodeling	17	100	1	0	ADAMTS4		0.43477131809319347	0.3617391140906241
28	7	fibrocartilage_matrix	fibrocartilage	16	100	0	0			1.0	-0.0
28	7	angiogenesis_hypoxia	communication	9	100	1	1	HMOX1	HMOX1	0.26039353388855496	0.5843698044025643
28	7	paracrine_communication	communication	12	100	3	1	BMP2,INHBA,TNFRSF12A	BMP2	0.006132741775973217	2.212345321246125
28	7	progenitor_interface	progenitor_interface	8	100	0	0			1.0	-0.0
28	7	generic_stress	generic_stress	14	100	4	4	ATF3,HMOX1,IER3,PPP1R15A	ATF3,HMOX1,IER3,PPP1R15A	0.000858313528325089	3.0663540422803486
28	7	immune_contamination	contamination	13	100	0	0			1.0	-0.0
28	7	mural_contamination	contamination	10	100	0	0			1.0	-0.0
28	7	endothelial_contamination	contamination	7	100	0	0			1.0	-0.0
28	7	cycling_contamination	contamination	10	100	0	0			1.0	-0.0
28	8	senescence_core	senescence	15	100	2	1	IGFBP5,TNFRSF10D	IGFBP5	0.08528558800432069	1.0691243519392781
28	8	sasp_inflammatory	sasp	20	100	2	1	ICAM1,MIF	MIF	0.1390168715158232	0.8569324892309466
28	8	ecm_degradation	ecm_remodeling	17	100	1	0	HTRA1		0.43477131809319347	0.3617391140906241
28	8	fibrocartilage_matrix	fibrocartilage	16	100	2	1	COL2A1,SOX9	SOX9	0.09544243031613857	1.0202585104583135
28	8	angiogenesis_hypoxia	communication	9	100	5	5	ANGPTL4,BNIP3,MIF,SLC2A1,VEGFA	ANGPTL4,BNIP3,MIF,SLC2A1,VEGFA	3.97058562884604e-06	5.40114543363508
28	8	paracrine_communication	communication	12	100	5	5	ANGPTL4,BMP2,MIF,TNFRSF12A,VEGFA	ANGPTL4,BMP2,MIF,TNFRSF12A,VEGFA	2.3058782535261737e-05	4.637163626450501
28	8	progenitor_interface	progenitor_interface	8	100	0	0			1.0	-0.0
28	8	generic_stress	generic_stress	14	100	2	2	DDIT3,HSPA5	DDIT3,HSPA5	0.07548825739871948	1.1221205999412116
28	8	immune_contamination	contamination	13	100	0	0			1.0	-0.0
28	8	mural_contamination	contamination	10	100	0	0			1.0	-0.0
28	8	endothelial_contamination	contamination	7	100	1	0	FLT1		0.20905583688604873	0.6797377023445434
28	8	cycling_contamination	contamination	10	100	0	0			1.0	-0.0
28	9	senescence_core	senescence	15	100	2	0	BTG2,CDKN1A		0.08528558800432069	1.0691243519392781
28	9	sasp_inflammatory	sasp	20	100	2	2	MIF,SOCS3	MIF,SOCS3	0.1390168715158232	0.8569324892309466
28	9	ecm_degradation	ecm_remodeling	17	100	1	0	MMP3		0.43477131809319347	0.3617391140906241
28	9	fibrocartilage_matrix	fibrocartilage	16	100	4	1	CHAD,COL9A2,COL9A3,FRZB	CHAD	0.0014832472387454557	2.8287864514845102
28	9	angiogenesis_hypoxia	communication	9	100	1	1	MIF	MIF	0.26039353388855496	0.5843698044025643
28	9	paracrine_communication	communication	12	100	3	3	CCN1,CCN2,MIF	CCN1,CCN2,MIF	0.006132741775973217	2.212345321246125
28	9	progenitor_interface	progenitor_interface	8	100	0	0			1.0	-0.0
28	9	generic_stress	generic_stress	14	100	5	3	DDIT4,MT1E,MT1X,MT2A,TXNIP	DDIT4,MT1E,TXNIP	5.529551904587946e-05	4.257310060964683
28	9	immune_contamination	contamination	13	100	0	0			1.0	-0.0
28	9	mural_contamination	contamination	10	100	0	0			1.0	-0.0
28	9	endothelial_contamination	contamination	7	100	1	0	CLDN5		0.20905583688604873	0.6797377023445434
28	9	cycling_contamination	contamination	10	100	0	0			1.0	-0.0
28	10	senescence_core	senescence	15	100	0	0			1.0	-0.0
28	10	sasp_inflammatory	sasp	20	100	0	0			1.0	-0.0
28	10	ecm_degradation	ecm_remodeling	17	100	0	0			1.0	-0.0
28	10	fibrocartilage_matrix	fibrocartilage	16	100	0	0			1.0	-0.0
28	10	angiogenesis_hypoxia	communication	9	100	1	1	CXCL12	CXCL12	0.26039353388855496	0.5843698044025643
28	10	paracrine_communication	communication	12	100	2	2	CCN1,CXCL12	CCN1,CXCL12	0.057116475362200825	1.243238600566202
28	10	progenitor_interface	progenitor_interface	8	100	1	1	THY1	THY1	0.23515099238304482	0.6286531841066286
28	10	generic_stress	generic_stress	14	100	3	1	FOS,JUN,PPP1R15A	PPP1R15A	0.009672696775446087	2.014452426494684
28	10	immune_contamination	contamination	13	100	1	1	HLA-DRA	HLA-DRA	0.3533761800303181	0.45176272825891506
28	10	mural_contamination	contamination	10	100	1	0	SYNPO2		0.2848110468007849	0.5454431699804685
28	10	endothelial_contamination	contamination	7	100	0	0			1.0	-0.0
28	10	cycling_contamination	contamination	10	100	0	0			1.0	-0.0
28	11	senescence_core	senescence	15	100	2	0	HMOX1,SERPINE1		0.08528558800432069	1.0691243519392781
28	11	sasp_inflammatory	sasp	20	100	2	1	MIF,SERPINE1	MIF	0.1390168715158232	0.8569324892309466
28	11	ecm_degradation	ecm_remodeling	17	100	1	0	TGFBI		0.43477131809319347	0.3617391140906241
28	11	fibrocartilage_matrix	fibrocartilage	16	100	6	5	CILP,COMP,DCN,FMOD,PRELP,SCRG1	CILP,DCN,FMOD,PRELP,SCRG1	6.713623089927696e-06	5.1730430441662545
28	11	angiogenesis_hypoxia	communication	9	100	3	1	ANGPTL2,HMOX1,MIF	MIF	0.0025165566454678286	2.599193289571539
28	11	paracrine_communication	communication	12	100	3	3	CCN1,CCN2,MIF	CCN1,CCN2,MIF	0.006132741775973217	2.212345321246125
28	11	progenitor_interface	progenitor_interface	8	100	0	0			1.0	-0.0
28	11	generic_stress	generic_stress	14	100	1	0	HMOX1		0.37475217407890277	0.42625583896605546
28	11	immune_contamination	contamination	13	100	0	0			1.0	-0.0
28	11	mural_contamination	contamination	10	100	0	0			1.0	-0.0
28	11	endothelial_contamination	contamination	7	100	0	0			1.0	-0.0
28	11	cycling_contamination	contamination	10	100	0	0			1.0	-0.0
28	12	senescence_core	senescence	15	100	0	0			1.0	-0.0
28	12	sasp_inflammatory	sasp	20	100	0	0			1.0	-0.0
28	12	ecm_degradation	ecm_remodeling	17	100	0	0			1.0	-0.0
28	12	fibrocartilage_matrix	fibrocartilage	16	100	0	0			1.0	-0.0
28	12	angiogenesis_hypoxia	communication	9	100	0	0			1.0	-0.0
28	12	paracrine_communication	communication	12	100	0	0			1.0	-0.0
28	12	progenitor_interface	progenitor_interface	8	100	2	0	SPARCL1,THY1		0.02638974840707613	1.578564750209635
28	12	generic_stress	generic_stress	14	100	0	0			1.0	-0.0
28	12	immune_contamination	contamination	13	100	0	0			1.0	-0.0
28	12	mural_contamination	contamination	10	100	0	0			1.0	-0.0
28	12	endothelial_contamination	contamination	7	100	1	0	RAMP2		0.20905583688604873	0.6797377023445434
28	12	cycling_contamination	contamination	10	100	0	0			1.0	-0.0
28	13	senescence_core	senescence	15	100	2	1	GADD45A,IGFBP7	GADD45A	0.08528558800432069	1.0691243519392781
28	13	sasp_inflammatory	sasp	20	100	0	0			1.0	-0.0
28	13	ecm_degradation	ecm_remodeling	17	100	1	0	MMP2		0.43477131809319347	0.3617391140906241
28	13	fibrocartilage_matrix	fibrocartilage	16	100	0	0			1.0	-0.0
28	13	angiogenesis_hypoxia	communication	9	100	1	0	CXCL12		0.26039353388855496	0.5843698044025643
28	13	paracrine_communication	communication	12	100	1	0	CXCL12		0.3312769380627967	0.4798087965982188
28	13	progenitor_interface	progenitor_interface	8	100	0	0			1.0	-0.0
28	13	generic_stress	generic_stress	14	100	2	1	FOS,JUN	JUN	0.07548825739871948	1.1221205999412116
28	13	immune_contamination	contamination	13	100	0	0			1.0	-0.0
28	13	mural_contamination	contamination	10	100	0	0			1.0	-0.0
28	13	endothelial_contamination	contamination	7	100	0	0			1.0	-0.0
28	13	cycling_contamination	contamination	10	100	0	0			1.0	-0.0
28	14	senescence_core	senescence	15	100	0	0			1.0	-0.0
28	14	sasp_inflammatory	sasp	20	100	3	1	CXCL1,CXCL8,VCAM1	CXCL1	0.02626499908109733	1.5806226100550231
28	14	ecm_degradation	ecm_remodeling	17	100	2	2	HTRA1,TIMP3	HTRA1,TIMP3	0.10592506236370273	0.9750012716347
28	14	fibrocartilage_matrix	fibrocartilage	16	100	0	0			1.0	-0.0
28	14	angiogenesis_hypoxia	communication	9	100	0	0			1.0	-0.0
28	14	paracrine_communication	communication	12	100	1	1	HBEGF	HBEGF	0.3312769380627967	0.4798087965982188
28	14	progenitor_interface	progenitor_interface	8	100	5	5	HBEGF,ITGBL1,PRG4,SPARCL1,TIMP3	HBEGF,ITGBL1,PRG4,SPARCL1,TIMP3	1.8119298257958483e-06	5.7418586261182485
28	14	generic_stress	generic_stress	14	100	0	0			1.0	-0.0
28	14	immune_contamination	contamination	13	100	0	0			1.0	-0.0
28	14	mural_contamination	contamination	10	100	0	0			1.0	-0.0
28	14	endothelial_contamination	contamination	7	100	0	0			1.0	-0.0
28	14	cycling_contamination	contamination	10	100	0	0			1.0	-0.0
28	15	senescence_core	senescence	15	100	3	3	IGFBP3,IGFBP7,SERPINE1	IGFBP3,IGFBP7,SERPINE1	0.011805608462311426	1.92791162442478
28	15	sasp_inflammatory	sasp	20	100	1	1	SERPINE1	SERPINE1	0.4890811644551101	0.31061906245110604
28	15	ecm_degradation	ecm_remodeling	17	100	6	4	COL1A1,COL1A2,COL3A1,POSTN,TGFBI,TIMP1	COL1A1,COL1A2,COL3A1,TGFBI	1.0100702308391408e-05	4.995648428390129
28	15	fibrocartilage_matrix	fibrocartilage	16	100	0	0			1.0	-0.0
28	15	angiogenesis_hypoxia	communication	9	100	1	0	ANGPTL2		0.26039353388855496	0.5843698044025643
28	15	paracrine_communication	communication	12	100	1	1	TNFRSF12A	TNFRSF12A	0.3312769380627967	0.4798087965982188
28	15	progenitor_interface	progenitor_interface	8	100	0	0			1.0	-0.0
28	15	generic_stress	generic_stress	14	100	0	0			1.0	-0.0
28	15	immune_contamination	contamination	13	100	0	0			1.0	-0.0
28	15	mural_contamination	contamination	10	100	0	0			1.0	-0.0
28	15	endothelial_contamination	contamination	7	100	0	0			1.0	-0.0
28	15	cycling_contamination	contamination	10	100	0	0			1.0	-0.0
28	16	senescence_core	senescence	15	100	1	1	IGFBP5	IGFBP5	0.3954283587985156	0.4029321877586527
28	16	sasp_inflammatory	sasp	20	100	1	1	TNFAIP6	TNFAIP6	0.4890811644551101	0.31061906245110604
28	16	ecm_degradation	ecm_remodeling	17	100	4	3	FN1,HTRA1,TIMP1,TIMP3	FN1,HTRA1,TIMP3	0.0018910338451440306	2.7233006982159047
28	16	fibrocartilage_matrix	fibrocartilage	16	100	0	0			1.0	-0.0
28	16	angiogenesis_hypoxia	communication	9	100	0	0			1.0	-0.0
28	16	paracrine_communication	communication	12	100	0	0			1.0	-0.0
28	16	progenitor_interface	progenitor_interface	8	100	3	3	GDF5,PRG4,TIMP3	GDF5,PRG4,TIMP3	0.001718612309643267	2.764822081877302
28	16	generic_stress	generic_stress	14	100	0	0			1.0	-0.0
28	16	immune_contamination	contamination	13	100	0	0			1.0	-0.0
28	16	mural_contamination	contamination	10	100	0	0			1.0	-0.0
28	16	endothelial_contamination	contamination	7	100	1	0	CLDN5		0.20905583688604873	0.6797377023445434
28	16	cycling_contamination	contamination	10	100	0	0			1.0	-0.0
28	17	senescence_core	senescence	15	100	1	1	GADD45A	GADD45A	0.3954283587985156	0.4029321877586527
28	17	sasp_inflammatory	sasp	20	100	0	0			1.0	-0.0
28	17	ecm_degradation	ecm_remodeling	17	100	1	0	ADAMTS5		0.43477131809319347	0.3617391140906241
28	17	fibrocartilage_matrix	fibrocartilage	16	100	0	0			1.0	-0.0
28	17	angiogenesis_hypoxia	communication	9	100	1	1	ADM	ADM	0.26039353388855496	0.5843698044025643
28	17	paracrine_communication	communication	12	100	1	1	HBEGF	HBEGF	0.3312769380627967	0.4798087965982188
28	17	progenitor_interface	progenitor_interface	8	100	3	3	HBEGF,ITGBL1,PRG4	HBEGF,ITGBL1,PRG4	0.001718612309643267	2.764822081877302
28	17	generic_stress	generic_stress	14	100	2	0	DDIT3,TXNIP		0.07548825739871948	1.1221205999412116
28	17	immune_contamination	contamination	13	100	0	0			1.0	-0.0
28	17	mural_contamination	contamination	10	100	0	0			1.0	-0.0
28	17	endothelial_contamination	contamination	7	100	1	1	RAMP2	RAMP2	0.20905583688604873	0.6797377023445434
28	17	cycling_contamination	contamination	10	100	0	0			1.0	-0.0
28	18	senescence_core	senescence	15	100	0	0			1.0	-0.0
28	18	sasp_inflammatory	sasp	20	100	2	1	CXCL2,IL6	IL6	0.1390168715158232	0.8569324892309466
28	18	ecm_degradation	ecm_remodeling	17	100	1	1	MMP2	MMP2	0.43477131809319347	0.3617391140906241
28	18	fibrocartilage_matrix	fibrocartilage	16	100	0	0			1.0	-0.0
28	18	angiogenesis_hypoxia	communication	9	100	1	1	CXCL12	CXCL12	0.26039353388855496	0.5843698044025643
28	18	paracrine_communication	communication	12	100	1	1	CXCL12	CXCL12	0.3312769380627967	0.4798087965982188
28	18	progenitor_interface	progenitor_interface	8	100	0	0			1.0	-0.0
28	18	generic_stress	generic_stress	14	100	0	0			1.0	-0.0
28	18	immune_contamination	contamination	13	100	0	0			1.0	-0.0
28	18	mural_contamination	contamination	10	100	0	0			1.0	-0.0
28	18	endothelial_contamination	contamination	7	100	0	0			1.0	-0.0
28	18	cycling_contamination	contamination	10	100	0	0			1.0	-0.0
28	19	senescence_core	senescence	15	100	0	0			1.0	-0.0
28	19	sasp_inflammatory	sasp	20	100	0	0			1.0	-0.0
28	19	ecm_degradation	ecm_remodeling	17	100	6	4	COL1A1,COL1A2,MMP13,MMP2,POSTN,TGFBI	COL1A1,COL1A2,MMP2,POSTN	1.0100702308391408e-05	4.995648428390129
28	19	fibrocartilage_matrix	fibrocartilage	16	100	0	0			1.0	-0.0
28	19	angiogenesis_hypoxia	communication	9	100	0	0			1.0	-0.0
28	19	paracrine_communication	communication	12	100	0	0			1.0	-0.0
28	19	progenitor_interface	progenitor_interface	8	100	1	1	THY1	THY1	0.23515099238304482	0.6286531841066286
28	19	generic_stress	generic_stress	14	100	0	0			1.0	-0.0
28	19	immune_contamination	contamination	13	100	0	0			1.0	-0.0
28	19	mural_contamination	contamination	10	100	1	1	TAGLN	TAGLN	0.2848110468007849	0.5454431699804685
28	19	endothelial_contamination	contamination	7	100	0	0			1.0	-0.0
28	19	cycling_contamination	contamination	10	100	0	0			1.0	-0.0
28	20	senescence_core	senescence	15	100	1	0	SERPINE1		0.3954283587985156	0.4029321877586527
28	20	sasp_inflammatory	sasp	20	100	4	3	IL11,PTGS2,SERPINE1,TNFAIP6	IL11,PTGS2,TNFAIP6	0.003567942938810839	2.4475820997997664
28	20	ecm_degradation	ecm_remodeling	17	100	1	0	MMP3		0.43477131809319347	0.3617391140906241
28	20	fibrocartilage_matrix	fibrocartilage	16	100	3	1	COL11A1,COL2A1,SOX9	COL2A1	0.01418769182159589	1.8480882536391943
28	20	angiogenesis_hypoxia	communication	9	100	1	0	ANGPTL4		0.26039353388855496	0.5843698044025643
28	20	paracrine_communication	communication	12	100	7	4	ANGPTL4,BMP2,CCN1,IL11,INHBA,SPP1,TNFRSF12A	BMP2,IL11,INHBA,TNFRSF12A	2.3512173889923828e-08	7.628707214994515
28	20	progenitor_interface	progenitor_interface	8	100	0	0			1.0	-0.0
28	20	generic_stress	generic_stress	14	100	1	1	HSPA5	HSPA5	0.37475217407890277	0.42625583896605546
28	20	immune_contamination	contamination	13	100	0	0			1.0	-0.0
28	20	mural_contamination	contamination	10	100	0	0			1.0	-0.0
28	20	endothelial_contamination	contamination	7	100	0	0			1.0	-0.0
28	20	cycling_contamination	contamination	10	100	0	0			1.0	-0.0
28	21	senescence_core	senescence	15	100	1	1	IGFBP7	IGFBP7	0.3954283587985156	0.4029321877586527
28	21	sasp_inflammatory	sasp	20	100	1	0	TNFAIP3		0.4890811644551101	0.31061906245110604
28	21	ecm_degradation	ecm_remodeling	17	100	1	1	ADAMTS4	ADAMTS4	0.43477131809319347	0.3617391140906241
28	21	fibrocartilage_matrix	fibrocartilage	16	100	0	0			1.0	-0.0
28	21	angiogenesis_hypoxia	communication	9	100	0	0			1.0	-0.0
28	21	paracrine_communication	communication	12	100	0	0			1.0	-0.0
28	21	progenitor_interface	progenitor_interface	8	100	3	2	MCAM,SPARCL1,THY1	MCAM,THY1	0.001718612309643267	2.764822081877302
28	21	generic_stress	generic_stress	14	100	0	0			1.0	-0.0
28	21	immune_contamination	contamination	13	100	0	0			1.0	-0.0
28	21	mural_contamination	contamination	10	100	10	10	ACTA2,ADGRF5,COX4I2,GJA4,MCAM,MYH11,RGS5,SYNPO2,TAGLN,TINAGL1	ACTA2,ADGRF5,COX4I2,GJA4,MCAM,MYH11,RGS5,SYNPO2,TAGLN,TINAGL1	9.519843714272747e-16	15.021370181298938
28	21	endothelial_contamination	contamination	7	100	0	0			1.0	-0.0
28	21	cycling_contamination	contamination	10	100	0	0			1.0	-0.0
28	22	senescence_core	senescence	15	100	1	1	IGFBP7	IGFBP7	0.3954283587985156	0.4029321877586527
28	22	sasp_inflammatory	sasp	20	100	0	0			1.0	-0.0
28	22	ecm_degradation	ecm_remodeling	17	100	0	0			1.0	-0.0
28	22	fibrocartilage_matrix	fibrocartilage	16	100	0	0			1.0	-0.0
28	22	angiogenesis_hypoxia	communication	9	100	0	0			1.0	-0.0
28	22	paracrine_communication	communication	12	100	0	0			1.0	-0.0
28	22	progenitor_interface	progenitor_interface	8	100	1	1	MCAM	MCAM	0.23515099238304482	0.6286531841066286
28	22	generic_stress	generic_stress	14	100	0	0			1.0	-0.0
28	22	immune_contamination	contamination	13	100	0	0			1.0	-0.0
28	22	mural_contamination	contamination	10	100	2	1	MCAM,TAGLN	MCAM	0.04063591767848533	1.3910899281542373
28	22	endothelial_contamination	contamination	7	100	0	0			1.0	-0.0
28	22	cycling_contamination	contamination	10	100	0	0			1.0	-0.0
28	23	senescence_core	senescence	15	100	0	0			1.0	-0.0
28	23	sasp_inflammatory	sasp	20	100	0	0			1.0	-0.0
28	23	ecm_degradation	ecm_remodeling	17	100	0	0			1.0	-0.0
28	23	fibrocartilage_matrix	fibrocartilage	16	100	0	0			1.0	-0.0
28	23	angiogenesis_hypoxia	communication	9	100	0	0			1.0	-0.0
28	23	paracrine_communication	communication	12	100	0	0			1.0	-0.0
28	23	progenitor_interface	progenitor_interface	8	100	2	0	MCAM,SPARCL1		0.02638974840707613	1.578564750209635
28	23	generic_stress	generic_stress	14	100	0	0			1.0	-0.0
28	23	immune_contamination	contamination	13	100	2	1	HLA-DQA1,HLA-DRA	HLA-DRA	0.06608603445253759	1.1798903075493172
28	23	mural_contamination	contamination	10	100	3	1	ADGRF5,MCAM,TINAGL1	ADGRF5	0.0035096309808797274	2.4547385448996337
28	23	endothelial_contamination	contamination	7	100	7	6	CLDN5,EMCN,FLT1,KDR,PECAM1,RAMP2,VWF	CLDN5,EMCN,KDR,PECAM1,RAMP2,VWF	3.4013043043974614e-11	10.468354511316738
28	23	cycling_contamination	contamination	10	100	0	0			1.0	-0.0
28	24	senescence_core	senescence	15	100	0	0			1.0	-0.0
28	24	sasp_inflammatory	sasp	20	100	5	2	CCL3,CCL4,CXCL3,CXCL8,TNFAIP3	CCL3,CXCL8	0.00036573164700467856	3.436837458243198
28	24	ecm_degradation	ecm_remodeling	17	100	1	0	TGFBI		0.43477131809319347	0.3617391140906241
28	24	fibrocartilage_matrix	fibrocartilage	16	100	0	0			1.0	-0.0
28	24	angiogenesis_hypoxia	communication	9	100	0	0			1.0	-0.0
28	24	paracrine_communication	communication	12	100	0	0			1.0	-0.0
28	24	progenitor_interface	progenitor_interface	8	100	0	0			1.0	-0.0
28	24	generic_stress	generic_stress	14	100	0	0			1.0	-0.0
28	24	immune_contamination	contamination	13	100	13	12	AIF1,C1QA,C1QB,C1QC,CD14,CYBB,FOLR2,HLA-DQA1,HLA-DRA,MARCO,MS4A6A,PTPRC,TYROBP	AIF1,C1QA,C1QB,C1QC,CYBB,FOLR2,HLA-DQA1,HLA-DRA,MARCO,MS4A6A,PTPRC,TYROBP	2.4194006414951792e-20	19.616292208536308
28	24	mural_contamination	contamination	10	100	0	0			1.0	-0.0
28	24	endothelial_contamination	contamination	7	100	1	0	PECAM1		0.20905583688604873	0.6797377023445434
28	24	cycling_contamination	contamination	10	100	1	0	UBE2C		0.2848110468007849	0.5454431699804685
28	25	senescence_core	senescence	15	100	1	1	LMNB1	LMNB1	0.3954283587985156	0.4029321877586527
28	25	sasp_inflammatory	sasp	20	100	0	0			1.0	-0.0
28	25	ecm_degradation	ecm_remodeling	17	100	1	0	ADAMTS4		0.43477131809319347	0.3617391140906241
28	25	fibrocartilage_matrix	fibrocartilage	16	100	0	0			1.0	-0.0
28	25	angiogenesis_hypoxia	communication	9	100	0	0			1.0	-0.0
28	25	paracrine_communication	communication	12	100	1	0	TNFRSF12A		0.3312769380627967	0.4798087965982188
28	25	progenitor_interface	progenitor_interface	8	100	0	0			1.0	-0.0
28	25	generic_stress	generic_stress	14	100	0	0			1.0	-0.0
28	25	immune_contamination	contamination	13	100	2	0	HLA-DQA1,HLA-DRA		0.06608603445253759	1.1798903075493172
28	25	mural_contamination	contamination	10	100	0	0			1.0	-0.0
28	25	endothelial_contamination	contamination	7	100	0	0			1.0	-0.0
28	25	cycling_contamination	contamination	10	100	10	10	ASPM,BIRC5,CCNB2,CENPF,CEP55,MKI67,PIMREG,TOP2A,TPX2,UBE2C	ASPM,BIRC5,CCNB2,CENPF,CEP55,MKI67,PIMREG,TOP2A,TPX2,UBE2C	9.519843714272747e-16	15.021370181298938
28	26	senescence_core	senescence	15	100	1	0	LMNB1		0.3954283587985156	0.4029321877586527
28	26	sasp_inflammatory	sasp	20	100	2	2	CCL4,TNFAIP3	CCL4,TNFAIP3	0.1390168715158232	0.8569324892309466
28	26	ecm_degradation	ecm_remodeling	17	100	0	0			1.0	-0.0
28	26	fibrocartilage_matrix	fibrocartilage	16	100	0	0			1.0	-0.0
28	26	angiogenesis_hypoxia	communication	9	100	0	0			1.0	-0.0
28	26	paracrine_communication	communication	12	100	0	0			1.0	-0.0
28	26	progenitor_interface	progenitor_interface	8	100	0	0			1.0	-0.0
28	26	generic_stress	generic_stress	14	100	0	0			1.0	-0.0
28	26	immune_contamination	contamination	13	100	3	1	HLA-DQA1,HLA-DRA,PTPRC	PTPRC	0.007783900365348736	2.1088027317140345
28	26	mural_contamination	contamination	10	100	0	0			1.0	-0.0
28	26	endothelial_contamination	contamination	7	100	0	0			1.0	-0.0
28	26	cycling_contamination	contamination	10	100	5	0	ASPM,CENPF,CEP55,MKI67,TOP2A		7.73430072527016e-06	5.111578945685981
28	27	senescence_core	senescence	15	100	0	0			1.0	-0.0
28	27	sasp_inflammatory	sasp	20	100	4	3	CCL3,CCL4,CXCL3,TNFAIP3	CCL3,CCL4,TNFAIP3	0.003567942938810839	2.4475820997997664
28	27	ecm_degradation	ecm_remodeling	17	100	0	0			1.0	-0.0
28	27	fibrocartilage_matrix	fibrocartilage	16	100	0	0			1.0	-0.0
28	27	angiogenesis_hypoxia	communication	9	100	0	0			1.0	-0.0
28	27	paracrine_communication	communication	12	100	0	0			1.0	-0.0
28	27	progenitor_interface	progenitor_interface	8	100	0	0			1.0	-0.0
28	27	generic_stress	generic_stress	14	100	0	0			1.0	-0.0
28	27	immune_contamination	contamination	13	100	4	3	HLA-DQA1,HLA-DRA,MS4A6A,TYROBP	HLA-DQA1,HLA-DRA,TYROBP	0.0006288798113881723	3.2014323469846766
28	27	mural_contamination	contamination	10	100	0	0			1.0	-0.0
28	27	endothelial_contamination	contamination	7	100	0	0			1.0	-0.0
28	27	cycling_contamination	contamination	10	100	0	0			1.0	-0.0
28	28	senescence_core	senescence	15	100	0	0			1.0	-0.0
28	28	sasp_inflammatory	sasp	20	100	0	0			1.0	-0.0
28	28	ecm_degradation	ecm_remodeling	17	100	0	0			1.0	-0.0
28	28	fibrocartilage_matrix	fibrocartilage	16	100	0	0			1.0	-0.0
28	28	angiogenesis_hypoxia	communication	9	100	0	0			1.0	-0.0
28	28	paracrine_communication	communication	12	100	0	0			1.0	-0.0
28	28	progenitor_interface	progenitor_interface	8	100	0	0			1.0	-0.0
28	28	generic_stress	generic_stress	14	100	0	0			1.0	-0.0
28	28	immune_contamination	contamination	13	100	0	0			1.0	-0.0
28	28	mural_contamination	contamination	10	100	0	0			1.0	-0.0
28	28	endothelial_contamination	contamination	7	100	0	0			1.0	-0.0
28	28	cycling_contamination	contamination	10	100	5	3	CCNB2,CENPF,MKI67,TOP2A,TPX2	CCNB2,CENPF,MKI67	7.73430072527016e-06	5.111578945685981
30	1	senescence_core	senescence	15	100	0	0			1.0	-0.0
30	1	sasp_inflammatory	sasp	20	100	0	0			1.0	-0.0
30	1	ecm_degradation	ecm_remodeling	17	100	1	0	FN1		0.43477131809319347	0.3617391140906241
30	1	fibrocartilage_matrix	fibrocartilage	16	100	0	0			1.0	-0.0
30	1	angiogenesis_hypoxia	communication	9	100	0	0			1.0	-0.0
30	1	paracrine_communication	communication	12	100	0	0			1.0	-0.0
30	1	progenitor_interface	progenitor_interface	8	100	0	0			1.0	-0.0
30	1	generic_stress	generic_stress	14	100	0	0			1.0	-0.0
30	1	immune_contamination	contamination	13	100	0	0			1.0	-0.0
30	1	mural_contamination	contamination	10	100	0	0			1.0	-0.0
30	1	endothelial_contamination	contamination	7	100	0	0			1.0	-0.0
30	1	cycling_contamination	contamination	10	100	0	0			1.0	-0.0
30	2	senescence_core	senescence	15	100	3	0	GADD45B,GADD45G,IGFBP7		0.011805608462311426	1.92791162442478
30	2	sasp_inflammatory	sasp	20	100	0	0			1.0	-0.0
30	2	ecm_degradation	ecm_remodeling	17	100	0	0			1.0	-0.0
30	2	fibrocartilage_matrix	fibrocartilage	16	100	9	9	CHAD,CILP,CILP2,COMP,DCN,FMOD,FRZB,PRELP,SCRG1	CHAD,CILP,CILP2,COMP,DCN,FMOD,FRZB,PRELP,SCRG1	2.9921187026726345e-10	9.524021181230998
30	2	angiogenesis_hypoxia	communication	9	100	0	0			1.0	-0.0
30	2	paracrine_communication	communication	12	100	0	0			1.0	-0.0
30	2	progenitor_interface	progenitor_interface	8	100	1	0	GDF5		0.23515099238304482	0.6286531841066286
30	2	generic_stress	generic_stress	14	100	1	0	IER3		0.37475217407890277	0.42625583896605546
30	2	immune_contamination	contamination	13	100	0	0			1.0	-0.0
30	2	mural_contamination	contamination	10	100	0	0			1.0	-0.0
30	2	endothelial_contamination	contamination	7	100	0	0			1.0	-0.0
30	2	cycling_contamination	contamination	10	100	0	0			1.0	-0.0
30	3	senescence_core	senescence	15	100	0	0			1.0	-0.0
30	3	sasp_inflammatory	sasp	20	100	3	2	ICAM1,SAA1,SAA2	ICAM1,SAA1	0.02626499908109733	1.5806226100550231
30	3	ecm_degradation	ecm_remodeling	17	100	1	1	LOX	LOX	0.43477131809319347	0.3617391140906241
30	3	fibrocartilage_matrix	fibrocartilage	16	100	0	0			1.0	-0.0
30	3	angiogenesis_hypoxia	communication	9	100	4	3	ADM,ANGPTL4,BNIP3,SLC2A1	ADM,ANGPTL4,BNIP3	0.00012272363799414472	3.9110717790684646
30	3	paracrine_communication	communication	12	100	1	1	ANGPTL4	ANGPTL4	0.3312769380627967	0.4798087965982188
30	3	progenitor_interface	progenitor_interface	8	100	0	0			1.0	-0.0
30	3	generic_stress	generic_stress	14	100	6	5	DDIT4,MT1E,MT1M,MT1X,MT2A,TXNIP	DDIT4,MT1E,MT1M,MT1X,MT2A	2.6565781849684616e-06	5.5756773979734415
30	3	immune_contamination	contamination	13	100	1	0	CD14		0.3533761800303181	0.45176272825891506
30	3	mural_contamination	contamination	10	100	0	0			1.0	-0.0
30	3	endothelial_contamination	contamination	7	100	0	0			1.0	-0.0
30	3	cycling_contamination	contamination	10	100	0	0			1.0	-0.0
30	4	senescence_core	senescence	15	100	4	3	CDKN1A,GADD45B,GADD45G,TNFRSF10D	GADD45B,GADD45G,TNFRSF10D	0.0011410500279847252	2.942695314038047
30	4	sasp_inflammatory	sasp	20	100	3	2	NFKBIA,PTGS2,SOCS3	NFKBIA,SOCS3	0.02626499908109733	1.5806226100550231
30	4	ecm_degradation	ecm_remodeling	17	100	0	0			1.0	-0.0
30	4	fibrocartilage_matrix	fibrocartilage	16	100	3	3	DCN,MGP,SCRG1	DCN,MGP,SCRG1	0.01418769182159589	1.8480882536391943
30	4	angiogenesis_hypoxia	communication	9	100	2	1	ADM,ANGPTL2	ADM	0.033210660338964235	1.4787224890894424
30	4	paracrine_communication	communication	12	100	0	0			1.0	-0.0
30	4	progenitor_interface	progenitor_interface	8	100	0	0			1.0	-0.0
30	4	generic_stress	generic_stress	14	100	5	3	ATF3,DDIT3,FOS,IER3,JUN	FOS,IER3,JUN	5.529551904587946e-05	4.257310060964683
30	4	immune_contamination	contamination	13	100	1	0	CD14		0.3533761800303181	0.45176272825891506
30	4	mural_contamination	contamination	10	100	0	0			1.0	-0.0
30	4	endothelial_contamination	contamination	7	100	0	0			1.0	-0.0
30	4	cycling_contamination	contamination	10	100	0	0			1.0	-0.0
30	5	senescence_core	senescence	15	100	1	1	BTG2	BTG2	0.3954283587985156	0.4029321877586527
30	5	sasp_inflammatory	sasp	20	100	0	0			1.0	-0.0
30	5	ecm_degradation	ecm_remodeling	17	100	2	2	ADAMTS5,MMP3	ADAMTS5,MMP3	0.10592506236370273	0.9750012716347
30	5	fibrocartilage_matrix	fibrocartilage	16	100	0	0			1.0	-0.0
30	5	angiogenesis_hypoxia	communication	9	100	0	0			1.0	-0.0
30	5	paracrine_communication	communication	12	100	0	0			1.0	-0.0
30	5	progenitor_interface	progenitor_interface	8	100	0	0			1.0	-0.0
30	5	generic_stress	generic_stress	14	100	4	2	DDIT4,FOS,JUN,TXNIP	DDIT4,JUN	0.000858313528325089	3.0663540422803486
30	5	immune_contamination	contamination	13	100	0	0			1.0	-0.0
30	5	mural_contamination	contamination	10	100	0	0			1.0	-0.0
30	5	endothelial_contamination	contamination	7	100	1	0	KDR		0.20905583688604873	0.6797377023445434
30	5	cycling_contamination	contamination	10	100	0	0			1.0	-0.0
30	6	senescence_core	senescence	15	100	0	0			1.0	-0.0
30	6	sasp_inflammatory	sasp	20	100	0	0			1.0	-0.0
30	6	ecm_degradation	ecm_remodeling	17	100	4	1	COL1A2,COL3A1,FN1,HTRA1	COL3A1	0.0018910338451440306	2.7233006982159047
30	6	fibrocartilage_matrix	fibrocartilage	16	100	14	12	ACAN,CHAD,CILP,CILP2,COL11A1,COL2A1,COL9A2,COL9A3,COMP,DCN,FMOD,MGP,PRELP,SCRG1	ACAN,CILP,CILP2,COL11A1,COL2A1,COL9A2,COL9A3,COMP,FMOD,MGP,PRELP,SCRG1	7.912505864467558e-20	19.101685955090865
30	6	angiogenesis_hypoxia	communication	9	100	1	1	ANGPTL2	ANGPTL2	0.26039353388855496	0.5843698044025643
30	6	paracrine_communication	communication	12	100	0	0			1.0	-0.0
30	6	progenitor_interface	progenitor_interface	8	100	1	0	GDF5		0.23515099238304482	0.6286531841066286
30	6	generic_stress	generic_stress	14	100	0	0			1.0	-0.0
30	6	immune_contamination	contamination	13	100	0	0			1.0	-0.0
30	6	mural_contamination	contamination	10	100	0	0			1.0	-0.0
30	6	endothelial_contamination	contamination	7	100	0	0			1.0	-0.0
30	6	cycling_contamination	contamination	10	100	0	0			1.0	-0.0
30	7	senescence_core	senescence	15	100	3	0	BTG2,CDKN1A,GADD45B		0.011805608462311426	1.92791162442478
30	7	sasp_inflammatory	sasp	20	100	2	2	MIF,SOCS3	MIF,SOCS3	0.1390168715158232	0.8569324892309466
30	7	ecm_degradation	ecm_remodeling	17	100	1	0	MMP3		0.43477131809319347	0.3617391140906241
30	7	fibrocartilage_matrix	fibrocartilage	16	100	4	1	CHAD,COL9A2,COL9A3,FRZB	CHAD	0.0014832472387454557	2.8287864514845102
30	7	angiogenesis_hypoxia	communication	9	100	1	1	MIF	MIF	0.26039353388855496	0.5843698044025643
30	7	paracrine_communication	communication	12	100	3	3	CCN1,CCN2,MIF	CCN1,CCN2,MIF	0.006132741775973217	2.212345321246125
30	7	progenitor_interface	progenitor_interface	8	100	0	0			1.0	-0.0
30	7	generic_stress	generic_stress	14	100	6	3	DDIT4,FOS,MT1E,MT1X,MT2A,TXNIP	DDIT4,MT1E,TXNIP	2.6565781849684616e-06	5.5756773979734415
30	7	immune_contamination	contamination	13	100	0	0			1.0	-0.0
30	7	mural_contamination	contamination	10	100	0	0			1.0	-0.0
30	7	endothelial_contamination	contamination	7	100	1	0	CLDN5		0.20905583688604873	0.6797377023445434
30	7	cycling_contamination	contamination	10	100	0	0			1.0	-0.0
30	8	senescence_core	senescence	15	100	2	1	IGFBP5,TNFRSF10D	IGFBP5	0.08528558800432069	1.0691243519392781
30	8	sasp_inflammatory	sasp	20	100	2	1	ICAM1,MIF	MIF	0.1390168715158232	0.8569324892309466
30	8	ecm_degradation	ecm_remodeling	17	100	1	0	HTRA1		0.43477131809319347	0.3617391140906241
30	8	fibrocartilage_matrix	fibrocartilage	16	100	1	1	SOX9	SOX9	0.41542742069734107	0.3815048408184566
30	8	angiogenesis_hypoxia	communication	9	100	5	5	ANGPTL4,BNIP3,MIF,SLC2A1,VEGFA	ANGPTL4,BNIP3,MIF,SLC2A1,VEGFA	3.97058562884604e-06	5.40114543363508
30	8	paracrine_communication	communication	12	100	5	5	ANGPTL4,BMP2,MIF,TNFRSF12A,VEGFA	ANGPTL4,BMP2,MIF,TNFRSF12A,VEGFA	2.3058782535261737e-05	4.637163626450501
30	8	progenitor_interface	progenitor_interface	8	100	0	0			1.0	-0.0
30	8	generic_stress	generic_stress	14	100	2	2	DDIT3,HSPA5	DDIT3,HSPA5	0.07548825739871948	1.1221205999412116
30	8	immune_contamination	contamination	13	100	0	0			1.0	-0.0
30	8	mural_contamination	contamination	10	100	0	0			1.0	-0.0
30	8	endothelial_contamination	contamination	7	100	1	0	FLT1		0.20905583688604873	0.6797377023445434
30	8	cycling_contamination	contamination	10	100	0	0			1.0	-0.0
30	9	senescence_core	senescence	15	100	5	3	BTG2,CDKN1A,GADD45B,HMOX1,TNFRSF10D	BTG2,CDKN1A,HMOX1	8.07881542610925e-05	4.092652313930708
30	9	sasp_inflammatory	sasp	20	100	12	7	CCL2,CXCL1,CXCL2,CXCL3,CXCL8,ICAM1,IL6,NFKBIA,PTGS2,SOCS3,TNFAIP3,TNFAIP6	CXCL2,CXCL3,ICAM1,IL6,NFKBIA,PTGS2,SOCS3	8.428934945030851e-14	13.074227298058277
30	9	ecm_degradation	ecm_remodeling	17	100	1	0	ADAMTS4		0.43477131809319347	0.3617391140906241
30	9	fibrocartilage_matrix	fibrocartilage	16	100	0	0			1.0	-0.0
30	9	angiogenesis_hypoxia	communication	9	100	1	1	HMOX1	HMOX1	0.26039353388855496	0.5843698044025643
30	9	paracrine_communication	communication	12	100	3	1	BMP2,INHBA,TNFRSF12A	BMP2	0.006132741775973217	2.212345321246125
30	9	progenitor_interface	progenitor_interface	8	100	0	0			1.0	-0.0
30	9	generic_stress	generic_stress	14	100	4	4	ATF3,HMOX1,IER3,PPP1R15A	ATF3,HMOX1,IER3,PPP1R15A	0.000858313528325089	3.0663540422803486
30	9	immune_contamination	contamination	13	100	0	0			1.0	-0.0
30	9	mural_contamination	contamination	10	100	0	0			1.0	-0.0
30	9	endothelial_contamination	contamination	7	100	0	0			1.0	-0.0
30	9	cycling_contamination	contamination	10	100	0	0			1.0	-0.0
30	10	senescence_core	senescence	15	100	0	0			1.0	-0.0
30	10	sasp_inflammatory	sasp	20	100	1	0	NFKBIA		0.4890811644551101	0.31061906245110604
30	10	ecm_degradation	ecm_remodeling	17	100	1	0	TIMP1		0.43477131809319347	0.3617391140906241
30	10	fibrocartilage_matrix	fibrocartilage	16	100	0	0			1.0	-0.0
30	10	angiogenesis_hypoxia	communication	9	100	0	0			1.0	-0.0
30	10	paracrine_communication	communication	12	100	0	0			1.0	-0.0
30	10	progenitor_interface	progenitor_interface	8	100	0	0			1.0	-0.0
30	10	generic_stress	generic_stress	14	100	1	0	DDIT3		0.37475217407890277	0.42625583896605546
30	10	immune_contamination	contamination	13	100	0	0			1.0	-0.0
30	10	mural_contamination	contamination	10	100	0	0			1.0	-0.0
30	10	endothelial_contamination	contamination	7	100	0	0			1.0	-0.0
30	10	cycling_contamination	contamination	10	100	0	0			1.0	-0.0
30	11	senescence_core	senescence	15	100	3	3	IGFBP3,IGFBP7,SERPINE1	IGFBP3,IGFBP7,SERPINE1	0.011805608462311426	1.92791162442478
30	11	sasp_inflammatory	sasp	20	100	1	1	SERPINE1	SERPINE1	0.4890811644551101	0.31061906245110604
30	11	ecm_degradation	ecm_remodeling	17	100	5	4	COL1A1,COL1A2,COL3A1,TGFBI,TIMP1	COL1A1,COL1A2,COL3A1,TGFBI	0.00015794076795008926	3.801505754662355
30	11	fibrocartilage_matrix	fibrocartilage	16	100	0	0			1.0	-0.0
30	11	angiogenesis_hypoxia	communication	9	100	1	0	ANGPTL2		0.26039353388855496	0.5843698044025643
30	11	paracrine_communication	communication	12	100	1	1	TNFRSF12A	TNFRSF12A	0.3312769380627967	0.4798087965982188
30	11	progenitor_interface	progenitor_interface	8	100	1	0	THY1		0.23515099238304482	0.6286531841066286
30	11	generic_stress	generic_stress	14	100	0	0			1.0	-0.0
30	11	immune_contamination	contamination	13	100	0	0			1.0	-0.0
30	11	mural_contamination	contamination	10	100	0	0			1.0	-0.0
30	11	endothelial_contamination	contamination	7	100	0	0			1.0	-0.0
30	11	cycling_contamination	contamination	10	100	0	0			1.0	-0.0
30	12	senescence_core	senescence	15	100	0	0			1.0	-0.0
30	12	sasp_inflammatory	sasp	20	100	0	0			1.0	-0.0
30	12	ecm_degradation	ecm_remodeling	17	100	0	0			1.0	-0.0
30	12	fibrocartilage_matrix	fibrocartilage	16	100	0	0			1.0	-0.0
30	12	angiogenesis_hypoxia	communication	9	100	0	0			1.0	-0.0
30	12	paracrine_communication	communication	12	100	0	0			1.0	-0.0
30	12	progenitor_interface	progenitor_interface	8	100	1	0	SPARCL1		0.23515099238304482	0.6286531841066286
30	12	generic_stress	generic_stress	14	100	0	0			1.0	-0.0
30	12	immune_contamination	contamination	13	100	0	0			1.0	-0.0
30	12	mural_contamination	contamination	10	100	0	0			1.0	-0.0
30	12	endothelial_contamination	contamination	7	100	1	0	RAMP2		0.20905583688604873	0.6797377023445434
30	12	cycling_contamination	contamination	10	100	0	0			1.0	-0.0
30	13	senescence_core	senescence	15	100	2	0	HMOX1,IGFBP7		0.08528558800432069	1.0691243519392781
30	13	sasp_inflammatory	sasp	20	100	1	1	MIF	MIF	0.4890811644551101	0.31061906245110604
30	13	ecm_degradation	ecm_remodeling	17	100	1	0	FN1		0.43477131809319347	0.3617391140906241
30	13	fibrocartilage_matrix	fibrocartilage	16	100	6	4	CILP,COMP,DCN,FMOD,PRELP,SCRG1	CILP,DCN,FMOD,PRELP	6.713623089927696e-06	5.1730430441662545
30	13	angiogenesis_hypoxia	communication	9	100	3	1	ANGPTL2,HMOX1,MIF	MIF	0.0025165566454678286	2.599193289571539
30	13	paracrine_communication	communication	12	100	3	3	CCN1,CCN2,MIF	CCN1,CCN2,MIF	0.006132741775973217	2.212345321246125
30	13	progenitor_interface	progenitor_interface	8	100	0	0			1.0	-0.0
30	13	generic_stress	generic_stress	14	100	1	0	HMOX1		0.37475217407890277	0.42625583896605546
30	13	immune_contamination	contamination	13	100	0	0			1.0	-0.0
30	13	mural_contamination	contamination	10	100	0	0			1.0	-0.0
30	13	endothelial_contamination	contamination	7	100	0	0			1.0	-0.0
30	13	cycling_contamination	contamination	10	100	0	0			1.0	-0.0
30	14	senescence_core	senescence	15	100	0	0			1.0	-0.0
30	14	sasp_inflammatory	sasp	20	100	3	1	CXCL1,CXCL8,VCAM1	CXCL1	0.02626499908109733	1.5806226100550231
30	14	ecm_degradation	ecm_remodeling	17	100	2	2	HTRA1,TIMP3	HTRA1,TIMP3	0.10592506236370273	0.9750012716347
30	14	fibrocartilage_matrix	fibrocartilage	16	100	0	0			1.0	-0.0
30	14	angiogenesis_hypoxia	communication	9	100	0	0			1.0	-0.0
30	14	paracrine_communication	communication	12	100	1	1	HBEGF	HBEGF	0.3312769380627967	0.4798087965982188
30	14	progenitor_interface	progenitor_interface	8	100	5	5	HBEGF,ITGBL1,PRG4,SPARCL1,TIMP3	HBEGF,ITGBL1,PRG4,SPARCL1,TIMP3	1.8119298257958483e-06	5.7418586261182485
30	14	generic_stress	generic_stress	14	100	0	0			1.0	-0.0
30	14	immune_contamination	contamination	13	100	0	0			1.0	-0.0
30	14	mural_contamination	contamination	10	100	0	0			1.0	-0.0
30	14	endothelial_contamination	contamination	7	100	0	0			1.0	-0.0
30	14	cycling_contamination	contamination	10	100	0	0			1.0	-0.0
30	15	senescence_core	senescence	15	100	1	1	IGFBP5	IGFBP5	0.3954283587985156	0.4029321877586527
30	15	sasp_inflammatory	sasp	20	100	1	1	TNFAIP6	TNFAIP6	0.4890811644551101	0.31061906245110604
30	15	ecm_degradation	ecm_remodeling	17	100	4	3	FN1,HTRA1,TIMP1,TIMP3	FN1,HTRA1,TIMP3	0.0018910338451440306	2.7233006982159047
30	15	fibrocartilage_matrix	fibrocartilage	16	100	0	0			1.0	-0.0
30	15	angiogenesis_hypoxia	communication	9	100	0	0			1.0	-0.0
30	15	paracrine_communication	communication	12	100	0	0			1.0	-0.0
30	15	progenitor_interface	progenitor_interface	8	100	3	3	GDF5,PRG4,TIMP3	GDF5,PRG4,TIMP3	0.001718612309643267	2.764822081877302
30	15	generic_stress	generic_stress	14	100	0	0			1.0	-0.0
30	15	immune_contamination	contamination	13	100	0	0			1.0	-0.0
30	15	mural_contamination	contamination	10	100	0	0			1.0	-0.0
30	15	endothelial_contamination	contamination	7	100	1	0	CLDN5		0.20905583688604873	0.6797377023445434
30	15	cycling_contamination	contamination	10	100	0	0			1.0	-0.0
30	16	senescence_core	senescence	15	100	1	1	GADD45A	GADD45A	0.3954283587985156	0.4029321877586527
30	16	sasp_inflammatory	sasp	20	100	0	0			1.0	-0.0
30	16	ecm_degradation	ecm_remodeling	17	100	1	1	MMP2	MMP2	0.43477131809319347	0.3617391140906241
30	16	fibrocartilage_matrix	fibrocartilage	16	100	0	0			1.0	-0.0
30	16	angiogenesis_hypoxia	communication	9	100	1	1	CXCL12	CXCL12	0.26039353388855496	0.5843698044025643
30	16	paracrine_communication	communication	12	100	1	1	CXCL12	CXCL12	0.3312769380627967	0.4798087965982188
30	16	progenitor_interface	progenitor_interface	8	100	0	0			1.0	-0.0
30	16	generic_stress	generic_stress	14	100	3	1	ATF3,FOS,JUN	JUN	0.009672696775446087	2.014452426494684
30	16	immune_contamination	contamination	13	100	0	0			1.0	-0.0
30	16	mural_contamination	contamination	10	100	0	0			1.0	-0.0
30	16	endothelial_contamination	contamination	7	100	1	0	RAMP2		0.20905583688604873	0.6797377023445434
30	16	cycling_contamination	contamination	10	100	0	0			1.0	-0.0
30	17	senescence_core	senescence	15	100	0	0			1.0	-0.0
30	17	sasp_inflammatory	sasp	20	100	2	0	NFKBIA,TNFAIP3		0.1390168715158232	0.8569324892309466
30	17	ecm_degradation	ecm_remodeling	17	100	0	0			1.0	-0.0
30	17	fibrocartilage_matrix	fibrocartilage	16	100	0	0			1.0	-0.0
30	17	angiogenesis_hypoxia	communication	9	100	0	0			1.0	-0.0
30	17	paracrine_communication	communication	12	100	1	1	CCN1	CCN1	0.3312769380627967	0.4798087965982188
30	17	progenitor_interface	progenitor_interface	8	100	1	1	THY1	THY1	0.23515099238304482	0.6286531841066286
30	17	generic_stress	generic_stress	14	100	5	5	ATF3,DDIT3,FOS,JUN,PPP1R15A	ATF3,DDIT3,FOS,JUN,PPP1R15A	5.529551904587946e-05	4.257310060964683
30	17	immune_contamination	contamination	13	100	0	0			1.0	-0.0
30	17	mural_contamination	contamination	10	100	0	0			1.0	-0.0
30	17	endothelial_contamination	contamination	7	100	0	0			1.0	-0.0
30	17	cycling_contamination	contamination	10	100	0	0			1.0	-0.0
30	18	senescence_core	senescence	15	100	2	1	GADD45A,GADD45B	GADD45A	0.08528558800432069	1.0691243519392781
30	18	sasp_inflammatory	sasp	20	100	0	0			1.0	-0.0
30	18	ecm_degradation	ecm_remodeling	17	100	1	0	ADAMTS5		0.43477131809319347	0.3617391140906241
30	18	fibrocartilage_matrix	fibrocartilage	16	100	0	0			1.0	-0.0
30	18	angiogenesis_hypoxia	communication	9	100	1	1	ADM	ADM	0.26039353388855496	0.5843698044025643
30	18	paracrine_communication	communication	12	100	1	1	HBEGF	HBEGF	0.3312769380627967	0.4798087965982188
30	18	progenitor_interface	progenitor_interface	8	100	3	3	HBEGF,ITGBL1,PRG4	HBEGF,ITGBL1,PRG4	0.001718612309643267	2.764822081877302
30	18	generic_stress	generic_stress	14	100	3	0	DDIT3,HSPA5,TXNIP		0.009672696775446087	2.014452426494684
30	18	immune_contamination	contamination	13	100	0	0			1.0	-0.0
30	18	mural_contamination	contamination	10	100	0	0			1.0	-0.0
30	18	endothelial_contamination	contamination	7	100	1	1	RAMP2	RAMP2	0.20905583688604873	0.6797377023445434
30	18	cycling_contamination	contamination	10	100	0	0			1.0	-0.0
30	19	senescence_core	senescence	15	100	0	0			1.0	-0.0
30	19	sasp_inflammatory	sasp	20	100	2	0	CCL2,VCAM1		0.1390168715158232	0.8569324892309466
30	19	ecm_degradation	ecm_remodeling	17	100	0	0			1.0	-0.0
30	19	fibrocartilage_matrix	fibrocartilage	16	100	0	0			1.0	-0.0
30	19	angiogenesis_hypoxia	communication	9	100	1	1	CXCL12	CXCL12	0.26039353388855496	0.5843698044025643
30	19	paracrine_communication	communication	12	100	1	1	CXCL12	CXCL12	0.3312769380627967	0.4798087965982188
30	19	progenitor_interface	progenitor_interface	8	100	0	0			1.0	-0.0
30	19	generic_stress	generic_stress	14	100	0	0			1.0	-0.0
30	19	immune_contamination	contamination	13	100	1	1	HLA-DRA	HLA-DRA	0.3533761800303181	0.45176272825891506
30	19	mural_contamination	contamination	10	100	1	0	SYNPO2		0.2848110468007849	0.5454431699804685
30	19	endothelial_contamination	contamination	7	100	0	0			1.0	-0.0
30	19	cycling_contamination	contamination	10	100	0	0			1.0	-0.0
30	20	senescence_core	senescence	15	100	0	0			1.0	-0.0
30	20	sasp_inflammatory	sasp	20	100	2	1	CXCL2,IL6	IL6	0.1390168715158232	0.8569324892309466
30	20	ecm_degradation	ecm_remodeling	17	100	1	1	MMP2	MMP2	0.43477131809319347	0.3617391140906241
30	20	fibrocartilage_matrix	fibrocartilage	16	100	0	0			1.0	-0.0
30	20	angiogenesis_hypoxia	communication	9	100	1	1	CXCL12	CXCL12	0.26039353388855496	0.5843698044025643
30	20	paracrine_communication	communication	12	100	1	1	CXCL12	CXCL12	0.3312769380627967	0.4798087965982188
30	20	progenitor_interface	progenitor_interface	8	100	0	0			1.0	-0.0
30	20	generic_stress	generic_stress	14	100	0	0			1.0	-0.0
30	20	immune_contamination	contamination	13	100	0	0			1.0	-0.0
30	20	mural_contamination	contamination	10	100	0	0			1.0	-0.0
30	20	endothelial_contamination	contamination	7	100	0	0			1.0	-0.0
30	20	cycling_contamination	contamination	10	100	0	0			1.0	-0.0
30	21	senescence_core	senescence	15	100	0	0			1.0	-0.0
30	21	sasp_inflammatory	sasp	20	100	0	0			1.0	-0.0
30	21	ecm_degradation	ecm_remodeling	17	100	7	4	COL1A1,COL1A2,COL3A1,MMP13,MMP2,POSTN,TGFBI	COL1A1,COL1A2,MMP2,POSTN	5.039778560775718e-07	6.297588545289776
30	21	fibrocartilage_matrix	fibrocartilage	16	100	0	0			1.0	-0.0
30	21	angiogenesis_hypoxia	communication	9	100	0	0			1.0	-0.0
30	21	paracrine_communication	communication	12	100	0	0			1.0	-0.0
30	21	progenitor_interface	progenitor_interface	8	100	1	1	THY1	THY1	0.23515099238304482	0.6286531841066286
30	21	generic_stress	generic_stress	14	100	0	0			1.0	-0.0
30	21	immune_contamination	contamination	13	100	0	0			1.0	-0.0
30	21	mural_contamination	contamination	10	100	1	1	TAGLN	TAGLN	0.2848110468007849	0.5454431699804685
30	21	endothelial_contamination	contamination	7	100	0	0			1.0	-0.0
30	21	cycling_contamination	contamination	10	100	0	0			1.0	-0.0
30	22	senescence_core	senescence	15	100	1	1	IGFBP7	IGFBP7	0.3954283587985156	0.4029321877586527
30	22	sasp_inflammatory	sasp	20	100	0	0			1.0	-0.0
30	22	ecm_degradation	ecm_remodeling	17	100	0	0			1.0	-0.0
30	22	fibrocartilage_matrix	fibrocartilage	16	100	0	0			1.0	-0.0
30	22	angiogenesis_hypoxia	communication	9	100	0	0			1.0	-0.0
30	22	paracrine_communication	communication	12	100	0	0			1.0	-0.0
30	22	progenitor_interface	progenitor_interface	8	100	2	2	SPARCL1,THY1	SPARCL1,THY1	0.02638974840707613	1.578564750209635
30	22	generic_stress	generic_stress	14	100	0	0			1.0	-0.0
30	22	immune_contamination	contamination	13	100	0	0			1.0	-0.0
30	22	mural_contamination	contamination	10	100	1	1	TAGLN	TAGLN	0.2848110468007849	0.5454431699804685
30	22	endothelial_contamination	contamination	7	100	0	0			1.0	-0.0
30	22	cycling_contamination	contamination	10	100	0	0			1.0	-0.0
30	23	senescence_core	senescence	15	100	1	0	SERPINE1		0.3954283587985156	0.4029321877586527
30	23	sasp_inflammatory	sasp	20	100	4	3	IL11,PTGS2,SERPINE1,TNFAIP6	IL11,PTGS2,TNFAIP6	0.003567942938810839	2.4475820997997664
30	23	ecm_degradation	ecm_remodeling	17	100	1	0	MMP3		0.43477131809319347	0.3617391140906241
30	23	fibrocartilage_matrix	fibrocartilage	16	100	3	1	COL11A1,COL2A1,SOX9	COL2A1	0.01418769182159589	1.8480882536391943
30	23	angiogenesis_hypoxia	communication	9	100	1	0	ANGPTL4		0.26039353388855496	0.5843698044025643
30	23	paracrine_communication	communication	12	100	7	5	ANGPTL4,BMP2,CCN1,IL11,INHBA,SPP1,TNFRSF12A	BMP2,CCN1,IL11,INHBA,TNFRSF12A	2.3512173889923828e-08	7.628707214994515
30	23	progenitor_interface	progenitor_interface	8	100	0	0			1.0	-0.0
30	23	generic_stress	generic_stress	14	100	2	1	HSPA5,IER3	HSPA5	0.07548825739871948	1.1221205999412116
30	23	immune_contamination	contamination	13	100	0	0			1.0	-0.0
30	23	mural_contamination	contamination	10	100	0	0			1.0	-0.0
30	23	endothelial_contamination	contamination	7	100	0	0			1.0	-0.0
30	23	cycling_contamination	contamination	10	100	0	0			1.0	-0.0
30	24	senescence_core	senescence	15	100	1	1	IGFBP7	IGFBP7	0.3954283587985156	0.4029321877586527
30	24	sasp_inflammatory	sasp	20	100	1	0	TNFAIP3		0.4890811644551101	0.31061906245110604
30	24	ecm_degradation	ecm_remodeling	17	100	1	1	ADAMTS4	ADAMTS4	0.43477131809319347	0.3617391140906241
30	24	fibrocartilage_matrix	fibrocartilage	16	100	0	0			1.0	-0.0
30	24	angiogenesis_hypoxia	communication	9	100	0	0			1.0	-0.0
30	24	paracrine_communication	communication	12	100	0	0			1.0	-0.0
30	24	progenitor_interface	progenitor_interface	8	100	3	1	MCAM,SPARCL1,THY1	MCAM	0.001718612309643267	2.764822081877302
30	24	generic_stress	generic_stress	14	100	0	0			1.0	-0.0
30	24	immune_contamination	contamination	13	100	0	0			1.0	-0.0
30	24	mural_contamination	contamination	10	100	10	10	ACTA2,ADGRF5,COX4I2,GJA4,MCAM,MYH11,RGS5,SYNPO2,TAGLN,TINAGL1	ACTA2,ADGRF5,COX4I2,GJA4,MCAM,MYH11,RGS5,SYNPO2,TAGLN,TINAGL1	9.519843714272747e-16	15.021370181298938
30	24	endothelial_contamination	contamination	7	100	0	0			1.0	-0.0
30	24	cycling_contamination	contamination	10	100	0	0			1.0	-0.0
30	25	senescence_core	senescence	15	100	0	0			1.0	-0.0
30	25	sasp_inflammatory	sasp	20	100	0	0			1.0	-0.0
30	25	ecm_degradation	ecm_remodeling	17	100	0	0			1.0	-0.0
30	25	fibrocartilage_matrix	fibrocartilage	16	100	0	0			1.0	-0.0
30	25	angiogenesis_hypoxia	communication	9	100	0	0			1.0	-0.0
30	25	paracrine_communication	communication	12	100	0	0			1.0	-0.0
30	25	progenitor_interface	progenitor_interface	8	100	1	1	MCAM	MCAM	0.23515099238304482	0.6286531841066286
30	25	generic_stress	generic_stress	14	100	0	0			1.0	-0.0
30	25	immune_contamination	contamination	13	100	1	0	HLA-DRA		0.3533761800303181	0.45176272825891506
30	25	mural_contamination	contamination	10	100	1	1	MCAM	MCAM	0.2848110468007849	0.5454431699804685
30	25	endothelial_contamination	contamination	7	100	0	0			1.0	-0.0
30	25	cycling_contamination	contamination	10	100	0	0			1.0	-0.0
30	26	senescence_core	senescence	15	100	0	0			1.0	-0.0
30	26	sasp_inflammatory	sasp	20	100	0	0			1.0	-0.0
30	26	ecm_degradation	ecm_remodeling	17	100	0	0			1.0	-0.0
30	26	fibrocartilage_matrix	fibrocartilage	16	100	0	0			1.0	-0.0
30	26	angiogenesis_hypoxia	communication	9	100	0	0			1.0	-0.0
30	26	paracrine_communication	communication	12	100	0	0			1.0	-0.0
30	26	progenitor_interface	progenitor_interface	8	100	2	0	MCAM,SPARCL1		0.02638974840707613	1.578564750209635
30	26	generic_stress	generic_stress	14	100	0	0			1.0	-0.0
30	26	immune_contamination	contamination	13	100	2	1	HLA-DQA1,HLA-DRA	HLA-DRA	0.06608603445253759	1.1798903075493172
30	26	mural_contamination	contamination	10	100	3	1	ADGRF5,MCAM,TINAGL1	ADGRF5	0.0035096309808797274	2.4547385448996337
30	26	endothelial_contamination	contamination	7	100	7	7	CLDN5,EMCN,FLT1,KDR,PECAM1,RAMP2,VWF	CLDN5,EMCN,FLT1,KDR,PECAM1,RAMP2,VWF	3.4013043043974614e-11	10.468354511316738
30	26	cycling_contamination	contamination	10	100	0	0			1.0	-0.0
30	27	senescence_core	senescence	15	100	0	0			1.0	-0.0
30	27	sasp_inflammatory	sasp	20	100	5	3	CCL3,CCL4,CXCL3,CXCL8,TNFAIP3	CCL3,CCL4,CXCL8	0.00036573164700467856	3.436837458243198
30	27	ecm_degradation	ecm_remodeling	17	100	0	0			1.0	-0.0
30	27	fibrocartilage_matrix	fibrocartilage	16	100	0	0			1.0	-0.0
30	27	angiogenesis_hypoxia	communication	9	100	0	0			1.0	-0.0
30	27	paracrine_communication	communication	12	100	0	0			1.0	-0.0
30	27	progenitor_interface	progenitor_interface	8	100	0	0			1.0	-0.0
30	27	generic_stress	generic_stress	14	100	0	0			1.0	-0.0
30	27	immune_contamination	contamination	13	100	13	12	AIF1,C1QA,C1QB,C1QC,CD14,CYBB,FOLR2,HLA-DQA1,HLA-DRA,MARCO,MS4A6A,PTPRC,TYROBP	AIF1,C1QA,C1QB,C1QC,CYBB,FOLR2,HLA-DQA1,HLA-DRA,MARCO,MS4A6A,PTPRC,TYROBP	2.4194006414951792e-20	19.616292208536308
30	27	mural_contamination	contamination	10	100	0	0			1.0	-0.0
30	27	endothelial_contamination	contamination	7	100	1	0	PECAM1		0.20905583688604873	0.6797377023445434
30	27	cycling_contamination	contamination	10	100	1	0	UBE2C		0.2848110468007849	0.5454431699804685
30	28	senescence_core	senescence	15	100	0	0			1.0	-0.0
30	28	sasp_inflammatory	sasp	20	100	2	2	CCL4,TNFAIP3	CCL4,TNFAIP3	0.1390168715158232	0.8569324892309466
30	28	ecm_degradation	ecm_remodeling	17	100	0	0			1.0	-0.0
30	28	fibrocartilage_matrix	fibrocartilage	16	100	0	0			1.0	-0.0
30	28	angiogenesis_hypoxia	communication	9	100	0	0			1.0	-0.0
30	28	paracrine_communication	communication	12	100	0	0			1.0	-0.0
30	28	progenitor_interface	progenitor_interface	8	100	0	0			1.0	-0.0
30	28	generic_stress	generic_stress	14	100	0	0			1.0	-0.0
30	28	immune_contamination	contamination	13	100	4	1	HLA-DQA1,HLA-DRA,PTPRC,TYROBP	PTPRC	0.0006288798113881723	3.2014323469846766
30	28	mural_contamination	contamination	10	100	0	0			1.0	-0.0
30	28	endothelial_contamination	contamination	7	100	0	0			1.0	-0.0
30	28	cycling_contamination	contamination	10	100	4	0	CENPF,CEP55,MKI67,TOP2A		0.00019938319617339434	3.700311446408953
30	29	senescence_core	senescence	15	100	1	1	LMNB1	LMNB1	0.3954283587985156	0.4029321877586527
30	29	sasp_inflammatory	sasp	20	100	0	0			1.0	-0.0
30	29	ecm_degradation	ecm_remodeling	17	100	1	0	ADAMTS4		0.43477131809319347	0.3617391140906241
30	29	fibrocartilage_matrix	fibrocartilage	16	100	0	0			1.0	-0.0
30	29	angiogenesis_hypoxia	communication	9	100	0	0			1.0	-0.0
30	29	paracrine_communication	communication	12	100	1	0	TNFRSF12A		0.3312769380627967	0.4798087965982188
30	29	progenitor_interface	progenitor_interface	8	100	0	0			1.0	-0.0
30	29	generic_stress	generic_stress	14	100	0	0			1.0	-0.0
30	29	immune_contamination	contamination	13	100	2	0	HLA-DQA1,HLA-DRA		0.06608603445253759	1.1798903075493172
30	29	mural_contamination	contamination	10	100	0	0			1.0	-0.0
30	29	endothelial_contamination	contamination	7	100	0	0			1.0	-0.0
30	29	cycling_contamination	contamination	10	100	10	10	ASPM,BIRC5,CCNB2,CENPF,CEP55,MKI67,PIMREG,TOP2A,TPX2,UBE2C	ASPM,BIRC5,CCNB2,CENPF,CEP55,MKI67,PIMREG,TOP2A,TPX2,UBE2C	9.519843714272747e-16	15.021370181298938
30	30	senescence_core	senescence	15	100	0	0			1.0	-0.0
30	30	sasp_inflammatory	sasp	20	100	0	0			1.0	-0.0
30	30	ecm_degradation	ecm_remodeling	17	100	0	0			1.0	-0.0
30	30	fibrocartilage_matrix	fibrocartilage	16	100	0	0			1.0	-0.0
30	30	angiogenesis_hypoxia	communication	9	100	0	0			1.0	-0.0
30	30	paracrine_communication	communication	12	100	0	0			1.0	-0.0
30	30	progenitor_interface	progenitor_interface	8	100	0	0			1.0	-0.0
30	30	generic_stress	generic_stress	14	100	0	0			1.0	-0.0
30	30	immune_contamination	contamination	13	100	0	0			1.0	-0.0
30	30	mural_contamination	contamination	10	100	0	0			1.0	-0.0
30	30	endothelial_contamination	contamination	7	100	0	0			1.0	-0.0
30	30	cycling_contamination	contamination	10	100	5	4	CCNB2,CENPF,MKI67,TOP2A,TPX2	CCNB2,CENPF,MKI67,TOP2A	7.73430072527016e-06	5.111578945685981
