fibro_leiden	signature	gene	present	matched_var_name	mean_expression	fraction_expressing
0	inner_zone_chondrocyte_like	ACAN	True	ACAN	0.6536379456520081	0.45039837525386656
1	inner_zone_chondrocyte_like	ACAN	True	ACAN	0.0816936269402504	0.09694110485466444
2	inner_zone_chondrocyte_like	ACAN	True	ACAN	1.075301170349121	0.7517035775127768
3	inner_zone_chondrocyte_like	ACAN	True	ACAN	0.012151144444942474	0.012670256572695597
4	inner_zone_chondrocyte_like	ACAN	True	ACAN	0.2214115560054779	0.16982647814910026
5	inner_zone_chondrocyte_like	ACAN	True	ACAN	0.03379664197564125	0.03992015968063872
6	inner_zone_chondrocyte_like	ACAN	True	ACAN	0.06883788853883743	0.0723153320918684
7	inner_zone_chondrocyte_like	ACAN	True	ACAN	0.07741686701774597	0.08050943825335456
8	inner_zone_chondrocyte_like	ACAN	True	ACAN	0.15502336621284485	0.14183381088825214
9	inner_zone_chondrocyte_like	ACAN	True	ACAN	1.1799185276031494	0.8736842105263158
10	inner_zone_chondrocyte_like	ACAN	True	ACAN	0.8191560506820679	0.606542341791501
11	inner_zone_chondrocyte_like	ACAN	True	ACAN	0.056409988552331924	0.06753429475905734
12	inner_zone_chondrocyte_like	ACAN	True	ACAN	0.5091336369514465	0.4032880629020729
13	inner_zone_chondrocyte_like	ACAN	True	ACAN	0.987022340297699	0.7034131031777168
14	inner_zone_chondrocyte_like	ACAN	True	ACAN	1.0539969205856323	0.7103202846975089
15	inner_zone_chondrocyte_like	ACAN	True	ACAN	0.08010558784008026	0.08697696285848613
16	inner_zone_chondrocyte_like	ACAN	True	ACAN	1.2561182975769043	0.722057496454815
17	inner_zone_chondrocyte_like	ACAN	True	ACAN	0.9389822483062744	0.6371974522292994
18	inner_zone_chondrocyte_like	ACAN	True	ACAN	1.438174843788147	0.8477896636164454
0	inner_zone_chondrocyte_like	COL2A1	True	COL2A1	0.13387469947338104	0.14560224964849242
1	inner_zone_chondrocyte_like	COL2A1	True	COL2A1	0.021405942738056183	0.03241515751027241
2	inner_zone_chondrocyte_like	COL2A1	True	COL2A1	0.14507068693637848	0.21422487223168654
3	inner_zone_chondrocyte_like	COL2A1	True	COL2A1	0.00277096894569695	0.005701615457713019
4	inner_zone_chondrocyte_like	COL2A1	True	COL2A1	0.022275282070040703	0.024903598971722365
5	inner_zone_chondrocyte_like	COL2A1	True	COL2A1	0.0030443479772657156	0.005988023952095809
6	inner_zone_chondrocyte_like	COL2A1	True	COL2A1	0.006935654673725367	0.013656114214773432
7	inner_zone_chondrocyte_like	COL2A1	True	COL2A1	0.02229330874979496	0.024562201501023426
8	inner_zone_chondrocyte_like	COL2A1	True	COL2A1	0.057766515761613846	0.04871060171919771
9	inner_zone_chondrocyte_like	COL2A1	True	COL2A1	0.6020407676696777	0.5705263157894737
10	inner_zone_chondrocyte_like	COL2A1	True	COL2A1	0.5953841805458069	0.37954753897890553
11	inner_zone_chondrocyte_like	COL2A1	True	COL2A1	0.036186348646879196	0.04607808652831516
12	inner_zone_chondrocyte_like	COL2A1	True	COL2A1	0.0854073092341423	0.09578270192994996
13	inner_zone_chondrocyte_like	COL2A1	True	COL2A1	0.6981052756309509	0.4556688897606905
14	inner_zone_chondrocyte_like	COL2A1	True	COL2A1	0.8294855952262878	0.4820284697508897
15	inner_zone_chondrocyte_like	COL2A1	True	COL2A1	0.05398274213075638	0.0686412787964269
16	inner_zone_chondrocyte_like	COL2A1	True	COL2A1	0.4014660120010376	0.26363284775041895
17	inner_zone_chondrocyte_like	COL2A1	True	COL2A1	0.1961873173713684	0.15898089171974522
18	inner_zone_chondrocyte_like	COL2A1	True	COL2A1	1.6013810634613037	0.7506121922928213
0	inner_zone_chondrocyte_like	COL9A1	True	COL9A1	0.00016102584777399898	0.0001562255897516013
1	inner_zone_chondrocyte_like	COL9A1	True	COL9A1	0.00010954574827337638	0.00015218383807639628
2	inner_zone_chondrocyte_like	COL9A1	True	COL9A1	0.00011499387619551271	0.00042589437819420784
3	inner_zone_chondrocyte_like	COL9A1	True	COL9A1	0.0	0.0
4	inner_zone_chondrocyte_like	COL9A1	True	COL9A1	0.0	0.0
5	inner_zone_chondrocyte_like	COL9A1	True	COL9A1	9.621321805752814e-05	0.0003992015968063872
6	inner_zone_chondrocyte_like	COL9A1	True	COL9A1	0.0	0.0
7	inner_zone_chondrocyte_like	COL9A1	True	COL9A1	0.00022636524226982147	0.00022742779167614282
8	inner_zone_chondrocyte_like	COL9A1	True	COL9A1	0.0	0.0
9	inner_zone_chondrocyte_like	COL9A1	True	COL9A1	0.0	0.0
10	inner_zone_chondrocyte_like	COL9A1	True	COL9A1	0.00022830463421996683	0.0006114338122898196
11	inner_zone_chondrocyte_like	COL9A1	True	COL9A1	0.0	0.0
12	inner_zone_chondrocyte_like	COL9A1	True	COL9A1	0.0002367634151596576	0.0002859185132237312
13	inner_zone_chondrocyte_like	COL9A1	True	COL9A1	8.651633834233508e-05	0.00019615535504119262
14	inner_zone_chondrocyte_like	COL9A1	True	COL9A1	0.0006444272585213184	0.0008896797153024911
15	inner_zone_chondrocyte_like	COL9A1	True	COL9A1	0.0	0.0
16	inner_zone_chondrocyte_like	COL9A1	True	COL9A1	0.0009457846754230559	0.0009024107257960552
17	inner_zone_chondrocyte_like	COL9A1	True	COL9A1	0.0	0.0
18	inner_zone_chondrocyte_like	COL9A1	True	COL9A1	0.001352203544229269	0.0024487691712849593
0	inner_zone_chondrocyte_like	COL11A1	True	COL11A1	0.06713826209306717	0.08967348851741916
1	inner_zone_chondrocyte_like	COL11A1	True	COL11A1	0.028022952377796173	0.042307106985238166
2	inner_zone_chondrocyte_like	COL11A1	True	COL11A1	0.14767341315746307	0.2393526405451448
3	inner_zone_chondrocyte_like	COL11A1	True	COL11A1	0.026820996776223183	0.03325942350332594
4	inner_zone_chondrocyte_like	COL11A1	True	COL11A1	0.09397891163825989	0.08997429305912596
5	inner_zone_chondrocyte_like	COL11A1	True	COL11A1	0.023103591054677963	0.024351297405189622
6	inner_zone_chondrocyte_like	COL11A1	True	COL11A1	0.030122024938464165	0.0446927374301676
7	inner_zone_chondrocyte_like	COL11A1	True	COL11A1	0.03881216421723366	0.04912440300204685
8	inner_zone_chondrocyte_like	COL11A1	True	COL11A1	0.05162324383854866	0.0550552599263201
9	inner_zone_chondrocyte_like	COL11A1	True	COL11A1	0.32749781012535095	0.391578947368421
10	inner_zone_chondrocyte_like	COL11A1	True	COL11A1	0.2976834177970886	0.29471109752369307
11	inner_zone_chondrocyte_like	COL11A1	True	COL11A1	0.025047624483704567	0.042912416461484346
12	inner_zone_chondrocyte_like	COL11A1	True	COL11A1	0.07261050492525101	0.08177269478198713
13	inner_zone_chondrocyte_like	COL11A1	True	COL11A1	0.2143719494342804	0.2367595135347195
14	inner_zone_chondrocyte_like	COL11A1	True	COL11A1	0.3729410469532013	0.38416370106761566
15	inner_zone_chondrocyte_like	COL11A1	True	COL11A1	0.03237704187631607	0.047014574518100614
16	inner_zone_chondrocyte_like	COL11A1	True	COL11A1	0.3398388922214508	0.2769111770014181
17	inner_zone_chondrocyte_like	COL11A1	True	COL11A1	0.27034279704093933	0.2226751592356688
18	inner_zone_chondrocyte_like	COL11A1	True	COL11A1	0.6727036833763123	0.5927310220389226
0	inner_zone_chondrocyte_like	SOX9	True	SOX9	0.75423264503479	0.6084986720824871
1	inner_zone_chondrocyte_like	SOX9	True	SOX9	0.47330719232559204	0.4602039263430224
2	inner_zone_chondrocyte_like	SOX9	True	SOX9	0.9325212240219116	0.7555366269165247
3	inner_zone_chondrocyte_like	SOX9	True	SOX9	0.25371432304382324	0.26924295216978145
4	inner_zone_chondrocyte_like	SOX9	True	SOX9	0.5867920517921448	0.4444087403598972
5	inner_zone_chondrocyte_like	SOX9	True	SOX9	0.2517789602279663	0.2403193612774451
6	inner_zone_chondrocyte_like	SOX9	True	SOX9	0.41035446524620056	0.40782122905027934
7	inner_zone_chondrocyte_like	SOX9	True	SOX9	0.37497907876968384	0.37343643393222653
8	inner_zone_chondrocyte_like	SOX9	True	SOX9	0.28607675433158875	0.2756856324191568
9	inner_zone_chondrocyte_like	SOX9	True	SOX9	0.7404067516326904	0.6947368421052632
10	inner_zone_chondrocyte_like	SOX9	True	SOX9	0.7388632297515869	0.5888107612350963
11	inner_zone_chondrocyte_like	SOX9	True	SOX9	0.23368500173091888	0.27857896588111153
12	inner_zone_chondrocyte_like	SOX9	True	SOX9	0.7430339455604553	0.5884203002144389
13	inner_zone_chondrocyte_like	SOX9	True	SOX9	0.6996236443519592	0.6127893291486858
14	inner_zone_chondrocyte_like	SOX9	True	SOX9	1.2296984195709229	0.7943060498220641
15	inner_zone_chondrocyte_like	SOX9	True	SOX9	0.20798830687999725	0.2529384109073813
16	inner_zone_chondrocyte_like	SOX9	True	SOX9	0.6897748112678528	0.4989042155472476
17	inner_zone_chondrocyte_like	SOX9	True	SOX9	0.5614479780197144	0.4856050955414013
18	inner_zone_chondrocyte_like	SOX9	True	SOX9	0.7479621171951294	0.6661940971774714
0	inner_zone_chondrocyte_like	CHAD	True	CHAD	0.38156288862228394	0.3274488361193563
1	inner_zone_chondrocyte_like	CHAD	True	CHAD	0.4304535984992981	0.3501750114137879
2	inner_zone_chondrocyte_like	CHAD	True	CHAD	1.013352870941162	0.6575809199318569
3	inner_zone_chondrocyte_like	CHAD	True	CHAD	0.0103229945525527	0.013620525815647768
4	inner_zone_chondrocyte_like	CHAD	True	CHAD	0.06893903017044067	0.06330334190231363
5	inner_zone_chondrocyte_like	CHAD	True	CHAD	0.008715805597603321	0.012375249500998005
6	inner_zone_chondrocyte_like	CHAD	True	CHAD	0.2340700924396515	0.17970204841713222
7	inner_zone_chondrocyte_like	CHAD	True	CHAD	0.06480978429317474	0.06186035933591085
8	inner_zone_chondrocyte_like	CHAD	True	CHAD	0.044885024428367615	0.04789193614408514
9	inner_zone_chondrocyte_like	CHAD	True	CHAD	0.5495051741600037	0.5494736842105263
10	inner_zone_chondrocyte_like	CHAD	True	CHAD	0.6707517504692078	0.4787526750229288
11	inner_zone_chondrocyte_like	CHAD	True	CHAD	0.05232904851436615	0.06823777699613084
12	inner_zone_chondrocyte_like	CHAD	True	CHAD	0.8219371438026428	0.5735525375268049
13	inner_zone_chondrocyte_like	CHAD	True	CHAD	1.1974729299545288	0.7353864260494312
14	inner_zone_chondrocyte_like	CHAD	True	CHAD	1.0008642673492432	0.6279359430604983
15	inner_zone_chondrocyte_like	CHAD	True	CHAD	0.03322625905275345	0.04231311706629055
16	inner_zone_chondrocyte_like	CHAD	True	CHAD	0.6256909370422363	0.42310171458037904
17	inner_zone_chondrocyte_like	CHAD	True	CHAD	0.22378766536712646	0.18445859872611464
18	inner_zone_chondrocyte_like	CHAD	True	CHAD	0.8039442896842957	0.6293336770202346
0	inner_zone_chondrocyte_like	MATN3	True	MATN3	0.0009430792415514588	0.0012498047180128104
1	inner_zone_chondrocyte_like	MATN3	True	MATN3	0.00042931860662065446	0.0007609191903819814
2	inner_zone_chondrocyte_like	MATN3	True	MATN3	0.0007197386585175991	0.002129471890971039
3	inner_zone_chondrocyte_like	MATN3	True	MATN3	0.00991975050419569	0.014254038644282548
4	inner_zone_chondrocyte_like	MATN3	True	MATN3	0.00061218993505463	0.0006426735218508997
5	inner_zone_chondrocyte_like	MATN3	True	MATN3	0.002824824070557952	0.003592814371257485
6	inner_zone_chondrocyte_like	MATN3	True	MATN3	0.004864360671490431	0.0074487895716946
7	inner_zone_chondrocyte_like	MATN3	True	MATN3	0.0071821389719843864	0.011143961792130999
8	inner_zone_chondrocyte_like	MATN3	True	MATN3	0.012157661840319633	0.015349979533360623
9	inner_zone_chondrocyte_like	MATN3	True	MATN3	0.007845522835850716	0.01263157894736842
10	inner_zone_chondrocyte_like	MATN3	True	MATN3	0.006610500160604715	0.008865790278202385
11	inner_zone_chondrocyte_like	MATN3	True	MATN3	0.0009811163181439042	0.002110446711220542
12	inner_zone_chondrocyte_like	MATN3	True	MATN3	0.0016773492097854614	0.0024303073624017154
13	inner_zone_chondrocyte_like	MATN3	True	MATN3	0.000408187392167747	0.0007846214201647705
14	inner_zone_chondrocyte_like	MATN3	True	MATN3	0.002238950226455927	0.004092526690391459
15	inner_zone_chondrocyte_like	MATN3	True	MATN3	0.0026759032625705004	0.004701457451810061
16	inner_zone_chondrocyte_like	MATN3	True	MATN3	0.004278980661183596	0.004769885264922006
17	inner_zone_chondrocyte_like	MATN3	True	MATN3	0.0071585713885724545	0.011719745222929937
18	inner_zone_chondrocyte_like	MATN3	True	MATN3	0.013475748710334301	0.019203505606392578
0	inner_zone_chondrocyte_like	CILP2	True	CILP2	0.5008599758148193	0.4519606311513826
1	inner_zone_chondrocyte_like	CILP2	True	CILP2	0.5915842652320862	0.5117942474509207
2	inner_zone_chondrocyte_like	CILP2	True	CILP2	0.5694347023963928	0.5775127768313458
3	inner_zone_chondrocyte_like	CILP2	True	CILP2	0.05527499318122864	0.0598669623059867
4	inner_zone_chondrocyte_like	CILP2	True	CILP2	0.2643287479877472	0.22589974293059126
5	inner_zone_chondrocyte_like	CILP2	True	CILP2	0.045736975967884064	0.0530938123752495
6	inner_zone_chondrocyte_like	CILP2	True	CILP2	0.24079979956150055	0.24022346368715083
7	inner_zone_chondrocyte_like	CILP2	True	CILP2	0.13111639022827148	0.11530589037980442
8	inner_zone_chondrocyte_like	CILP2	True	CILP2	0.13117724657058716	0.11440851412198116
9	inner_zone_chondrocyte_like	CILP2	True	CILP2	0.9480168223381042	0.7768421052631579
10	inner_zone_chondrocyte_like	CILP2	True	CILP2	1.1148014068603516	0.7172118618159584
11	inner_zone_chondrocyte_like	CILP2	True	CILP2	0.0969197079539299	0.10446711220541681
12	inner_zone_chondrocyte_like	CILP2	True	CILP2	1.0359605550765991	0.677626876340243
13	inner_zone_chondrocyte_like	CILP2	True	CILP2	1.4131227731704712	0.8315025500196155
14	inner_zone_chondrocyte_like	CILP2	True	CILP2	1.4354339838027954	0.8067615658362989
15	inner_zone_chondrocyte_like	CILP2	True	CILP2	0.13680399954319	0.15843911612599906
16	inner_zone_chondrocyte_like	CILP2	True	CILP2	0.8849325776100159	0.5522753641871858
17	inner_zone_chondrocyte_like	CILP2	True	CILP2	0.9066414833068848	0.5505732484076433
18	inner_zone_chondrocyte_like	CILP2	True	CILP2	1.9959286451339722	0.9173862611161232
0	outer_zone_fibrous_like	COL1A1	True	COL1A1	0.05825762450695038	0.07405092954225902
1	outer_zone_fibrous_like	COL1A1	True	COL1A1	0.39697331190109253	0.39111246385633847
2	outer_zone_fibrous_like	COL1A1	True	COL1A1	0.025494223460555077	0.04088586030664395
3	outer_zone_fibrous_like	COL1A1	True	COL1A1	0.8782130479812622	0.6395312005068102
4	outer_zone_fibrous_like	COL1A1	True	COL1A1	0.08424331992864609	0.07294344473007712
5	outer_zone_fibrous_like	COL1A1	True	COL1A1	0.24468070268630981	0.2087824351297405
6	outer_zone_fibrous_like	COL1A1	True	COL1A1	0.6257894039154053	0.5630043451272502
7	outer_zone_fibrous_like	COL1A1	True	COL1A1	2.0948808193206787	0.9279053900386627
8	outer_zone_fibrous_like	COL1A1	True	COL1A1	2.1668787002563477	0.9115841178878428
9	outer_zone_fibrous_like	COL1A1	True	COL1A1	2.4791982173919678	0.9873684210526316
10	outer_zone_fibrous_like	COL1A1	True	COL1A1	0.9432442784309387	0.561143381228982
11	outer_zone_fibrous_like	COL1A1	True	COL1A1	0.714682400226593	0.5381639113612381
12	outer_zone_fibrous_like	COL1A1	True	COL1A1	0.7567872405052185	0.5611150822015726
13	outer_zone_fibrous_like	COL1A1	True	COL1A1	0.39772674441337585	0.323852491173009
14	outer_zone_fibrous_like	COL1A1	True	COL1A1	0.39789071679115295	0.2830960854092527
15	outer_zone_fibrous_like	COL1A1	True	COL1A1	0.9510800242424011	0.6205923836389281
16	outer_zone_fibrous_like	COL1A1	True	COL1A1	1.0282195806503296	0.5765115379657084
17	outer_zone_fibrous_like	COL1A1	True	COL1A1	2.997257947921753	0.8856050955414013
18	outer_zone_fibrous_like	COL1A1	True	COL1A1	0.6732243895530701	0.445804871761825
0	outer_zone_fibrous_like	COL1A2	True	COL1A2	0.4800472855567932	0.4536791126386502
1	outer_zone_fibrous_like	COL1A2	True	COL1A2	1.0127297639846802	0.7423527621366611
2	outer_zone_fibrous_like	COL1A2	True	COL1A2	0.28074145317077637	0.379045996592845
3	outer_zone_fibrous_like	COL1A2	True	COL1A2	1.8197581768035889	0.8973709217611656
4	outer_zone_fibrous_like	COL1A2	True	COL1A2	0.26386842131614685	0.22702442159383032
5	outer_zone_fibrous_like	COL1A2	True	COL1A2	0.3528088927268982	0.31097804391217565
6	outer_zone_fibrous_like	COL1A2	True	COL1A2	1.0248262882232666	0.750465549348231
7	outer_zone_fibrous_like	COL1A2	True	COL1A2	2.9366257190704346	0.9890834659995451
8	outer_zone_fibrous_like	COL1A2	True	COL1A2	3.0320022106170654	0.9746213671715105
9	outer_zone_fibrous_like	COL1A2	True	COL1A2	3.0996007919311523	1.0
10	outer_zone_fibrous_like	COL1A2	True	COL1A2	2.2502553462982178	0.9365637419749312
11	outer_zone_fibrous_like	COL1A2	True	COL1A2	2.130539894104004	0.9599015124868097
12	outer_zone_fibrous_like	COL1A2	True	COL1A2	1.387535572052002	0.8164403145103646
13	outer_zone_fibrous_like	COL1A2	True	COL1A2	1.542523980140686	0.8481757551981169
14	outer_zone_fibrous_like	COL1A2	True	COL1A2	1.829483985900879	0.8747330960854093
15	outer_zone_fibrous_like	COL1A2	True	COL1A2	2.4553275108337402	0.9840150446638458
16	outer_zone_fibrous_like	COL1A2	True	COL1A2	2.149796962738037	0.8963516823514245
17	outer_zone_fibrous_like	COL1A2	True	COL1A2	3.650331974029541	0.9717197452229299
18	outer_zone_fibrous_like	COL1A2	True	COL1A2	2.4869985580444336	0.961979636551102
0	outer_zone_fibrous_like	COL3A1	True	COL3A1	0.40933987498283386	0.3699421965317919
1	outer_zone_fibrous_like	COL3A1	True	COL3A1	0.4009614884853363	0.40830923755897125
2	outer_zone_fibrous_like	COL3A1	True	COL3A1	0.3093125820159912	0.37350936967632026
3	outer_zone_fibrous_like	COL3A1	True	COL3A1	0.8648443222045898	0.6265441875197972
4	outer_zone_fibrous_like	COL3A1	True	COL3A1	0.0818103477358818	0.0714974293059126
5	outer_zone_fibrous_like	COL3A1	True	COL3A1	0.15426695346832275	0.1528942115768463
6	outer_zone_fibrous_like	COL3A1	True	COL3A1	0.8777369856834412	0.6440099317194289
7	outer_zone_fibrous_like	COL3A1	True	COL3A1	2.9628493785858154	0.9752103707073004
8	outer_zone_fibrous_like	COL3A1	True	COL3A1	2.7000322341918945	0.948014735980352
9	outer_zone_fibrous_like	COL3A1	True	COL3A1	3.2828776836395264	1.0
10	outer_zone_fibrous_like	COL3A1	True	COL3A1	2.713747978210449	0.9432895139101193
11	outer_zone_fibrous_like	COL3A1	True	COL3A1	1.482108235359192	0.8086528315160042
12	outer_zone_fibrous_like	COL3A1	True	COL3A1	1.4213743209838867	0.7865618298784847
13	outer_zone_fibrous_like	COL3A1	True	COL3A1	1.8110629320144653	0.8826990976853668
14	outer_zone_fibrous_like	COL3A1	True	COL3A1	2.382922410964966	0.9099644128113878
15	outer_zone_fibrous_like	COL3A1	True	COL3A1	1.7567178010940552	0.8707099200752233
16	outer_zone_fibrous_like	COL3A1	True	COL3A1	2.3430731296539307	0.9073095268789481
17	outer_zone_fibrous_like	COL3A1	True	COL3A1	3.9930269718170166	0.9668789808917198
18	outer_zone_fibrous_like	COL3A1	True	COL3A1	2.841041088104248	0.9652017012501611
0	outer_zone_fibrous_like	COL5A1	True	COL5A1	0.1547444462776184	0.19746914544602406
1	outer_zone_fibrous_like	COL5A1	True	COL5A1	0.11591152846813202	0.16877187642672348
2	outer_zone_fibrous_like	COL5A1	True	COL5A1	0.11980368196964264	0.20400340715502555
3	outer_zone_fibrous_like	COL5A1	True	COL5A1	0.11877751350402832	0.15172632245802978
4	outer_zone_fibrous_like	COL5A1	True	COL5A1	0.055907201021909714	0.05430591259640103
5	outer_zone_fibrous_like	COL5A1	True	COL5A1	0.04410509765148163	0.05429141716566866
6	outer_zone_fibrous_like	COL5A1	True	COL5A1	0.11764715611934662	0.15921787709497207
7	outer_zone_fibrous_like	COL5A1	True	COL5A1	0.4173063337802887	0.43575164885148965
8	outer_zone_fibrous_like	COL5A1	True	COL5A1	0.5049532651901245	0.44678673761768317
9	outer_zone_fibrous_like	COL5A1	True	COL5A1	1.0573298931121826	0.8273684210526315
10	outer_zone_fibrous_like	COL5A1	True	COL5A1	0.7730159163475037	0.627331091409355
11	outer_zone_fibrous_like	COL5A1	True	COL5A1	0.2284001260995865	0.27435807245867044
12	outer_zone_fibrous_like	COL5A1	True	COL5A1	0.3351558446884155	0.35139385275196566
13	outer_zone_fibrous_like	COL5A1	True	COL5A1	0.36295321583747864	0.3860337387210671
14	outer_zone_fibrous_like	COL5A1	True	COL5A1	0.7971646785736084	0.6437722419928825
15	outer_zone_fibrous_like	COL5A1	True	COL5A1	0.3139301538467407	0.3554301833568406
16	outer_zone_fibrous_like	COL5A1	True	COL5A1	0.761726438999176	0.5209488204202656
17	outer_zone_fibrous_like	COL5A1	True	COL5A1	1.4694714546203613	0.8168152866242038
18	outer_zone_fibrous_like	COL5A1	True	COL5A1	0.9619361162185669	0.7374661683206599
0	outer_zone_fibrous_like	COL5A2	True	COL5A2	0.10340722650289536	0.13544758631463832
1	outer_zone_fibrous_like	COL5A2	True	COL5A2	0.1805049180984497	0.23329782377111552
2	outer_zone_fibrous_like	COL5A2	True	COL5A2	0.15584592521190643	0.2393526405451448
3	outer_zone_fibrous_like	COL5A2	True	COL5A2	0.26992520689964294	0.2980677858726639
4	outer_zone_fibrous_like	COL5A2	True	COL5A2	0.042526308447122574	0.03984575835475578
5	outer_zone_fibrous_like	COL5A2	True	COL5A2	0.0944746732711792	0.10459081836327346
6	outer_zone_fibrous_like	COL5A2	True	COL5A2	0.3840784430503845	0.4174425822470515
7	outer_zone_fibrous_like	COL5A2	True	COL5A2	0.934269368648529	0.7359563338639982
8	outer_zone_fibrous_like	COL5A2	True	COL5A2	0.8209848403930664	0.6234138354482194
9	outer_zone_fibrous_like	COL5A2	True	COL5A2	1.2228672504425049	0.8821052631578947
10	outer_zone_fibrous_like	COL5A2	True	COL5A2	1.2775073051452637	0.7982268419443596
11	outer_zone_fibrous_like	COL5A2	True	COL5A2	0.7421914339065552	0.6647907140344707
12	outer_zone_fibrous_like	COL5A2	True	COL5A2	0.43244487047195435	0.4024303073624017
13	outer_zone_fibrous_like	COL5A2	True	COL5A2	0.8357719779014587	0.6567281286779129
14	outer_zone_fibrous_like	COL5A2	True	COL5A2	0.9177548289299011	0.6813167259786477
15	outer_zone_fibrous_like	COL5A2	True	COL5A2	0.8513094186782837	0.7103902209685002
16	outer_zone_fibrous_like	COL5A2	True	COL5A2	0.9393631815910339	0.6019079541059688
17	outer_zone_fibrous_like	COL5A2	True	COL5A2	1.9418033361434937	0.8777070063694268
18	outer_zone_fibrous_like	COL5A2	True	COL5A2	1.2650001049041748	0.8256218584869184
0	outer_zone_fibrous_like	DCN	True	DCN	4.587254524230957	0.9990626464614903
1	outer_zone_fibrous_like	DCN	True	DCN	4.9950432777404785	0.9998478161619236
2	outer_zone_fibrous_like	DCN	True	DCN	4.564331531524658	0.9982964224872232
3	outer_zone_fibrous_like	DCN	True	DCN	4.457997798919678	0.9977827050997783
4	outer_zone_fibrous_like	DCN	True	DCN	4.553311824798584	0.9982326478149101
5	outer_zone_fibrous_like	DCN	True	DCN	3.72278094291687	0.9884231536926148
6	outer_zone_fibrous_like	DCN	True	DCN	4.539035320281982	0.999689633767846
7	outer_zone_fibrous_like	DCN	True	DCN	4.4708404541015625	0.9997725722083238
8	outer_zone_fibrous_like	DCN	True	DCN	4.50982141494751	0.9997953336062219
9	outer_zone_fibrous_like	DCN	True	DCN	5.062560558319092	1.0
10	outer_zone_fibrous_like	DCN	True	DCN	5.392570495605469	0.9998471415469276
11	outer_zone_fibrous_like	DCN	True	DCN	2.9699621200561523	0.9778403095321843
12	outer_zone_fibrous_like	DCN	True	DCN	5.188063621520996	1.0
13	outer_zone_fibrous_like	DCN	True	DCN	5.155952453613281	0.9998038446449589
14	outer_zone_fibrous_like	DCN	True	DCN	4.925993919372559	0.999644128113879
15	outer_zone_fibrous_like	DCN	True	DCN	3.142439365386963	0.9882463563704749
16	outer_zone_fibrous_like	DCN	True	DCN	5.148186683654785	0.9997421683640583
17	outer_zone_fibrous_like	DCN	True	DCN	4.18356990814209	0.9971974522292993
18	outer_zone_fibrous_like	DCN	True	DCN	5.240764141082764	1.0
0	outer_zone_fibrous_like	LUM	True	LUM	2.1408863067626953	0.8756444305577253
1	outer_zone_fibrous_like	LUM	True	LUM	2.6032276153564453	0.9560188707959215
2	outer_zone_fibrous_like	LUM	True	LUM	1.3942469358444214	0.8496592844974447
3	outer_zone_fibrous_like	LUM	True	LUM	2.732173204421997	0.9702248970541654
4	outer_zone_fibrous_like	LUM	True	LUM	1.0833344459533691	0.6270886889460154
5	outer_zone_fibrous_like	LUM	True	LUM	1.2356301546096802	0.6610778443113773
6	outer_zone_fibrous_like	LUM	True	LUM	2.463031768798828	0.9587212911235258
7	outer_zone_fibrous_like	LUM	True	LUM	3.6167144775390625	0.998408005458267
8	outer_zone_fibrous_like	LUM	True	LUM	3.77360463142395	0.9963160049119935
9	outer_zone_fibrous_like	LUM	True	LUM	4.466955661773682	1.0
10	outer_zone_fibrous_like	LUM	True	LUM	4.292255401611328	0.9987771323754203
11	outer_zone_fibrous_like	LUM	True	LUM	2.8885672092437744	0.9834681674287724
12	outer_zone_fibrous_like	LUM	True	LUM	3.0558295249938965	0.9686919228020014
13	outer_zone_fibrous_like	LUM	True	LUM	3.5290439128875732	0.9960768928991761
14	outer_zone_fibrous_like	LUM	True	LUM	2.3754591941833496	0.9494661921708185
15	outer_zone_fibrous_like	LUM	True	LUM	3.483916997909546	0.9849553361542078
16	outer_zone_fibrous_like	LUM	True	LUM	4.042006015777588	0.9940698723733402
17	outer_zone_fibrous_like	LUM	True	LUM	3.863797187805176	0.9959235668789809
18	outer_zone_fibrous_like	LUM	True	LUM	4.118607521057129	0.998582291532414
0	outer_zone_fibrous_like	TNMD	True	TNMD	0.0	0.0
1	outer_zone_fibrous_like	TNMD	True	TNMD	0.006465539801865816	0.005174250494597474
2	outer_zone_fibrous_like	TNMD	True	TNMD	0.0006073361728340387	0.0008517887563884157
3	outer_zone_fibrous_like	TNMD	True	TNMD	0.026639986783266068	0.015837820715869498
4	outer_zone_fibrous_like	TNMD	True	TNMD	0.0015841835411265492	0.0011246786632390746
5	outer_zone_fibrous_like	TNMD	True	TNMD	0.010765248909592628	0.006387225548902195
6	outer_zone_fibrous_like	TNMD	True	TNMD	0.02711961604654789	0.02079453755431409
7	outer_zone_fibrous_like	TNMD	True	TNMD	0.029636753723025322	0.017966795542415284
8	outer_zone_fibrous_like	TNMD	True	TNMD	0.01268428098410368	0.010233319688907082
9	outer_zone_fibrous_like	TNMD	True	TNMD	0.0013763454044237733	0.002105263157894737
10	outer_zone_fibrous_like	TNMD	True	TNMD	0.0008317522006109357	0.0007642922653622745
11	outer_zone_fibrous_like	TNMD	True	TNMD	0.00017117991228587925	0.00035174111853675694
12	outer_zone_fibrous_like	TNMD	True	TNMD	0.016050949692726135	0.010578984989278055
13	outer_zone_fibrous_like	TNMD	True	TNMD	0.0007532219169661403	0.0011769321302471558
14	outer_zone_fibrous_like	TNMD	True	TNMD	0.000527496449649334	0.0005338078291814947
15	outer_zone_fibrous_like	TNMD	True	TNMD	0.002299155807122588	0.0023507287259050304
16	outer_zone_fibrous_like	TNMD	True	TNMD	0.0016714644152671099	0.0012891581797086502
17	outer_zone_fibrous_like	TNMD	True	TNMD	0.007519219070672989	0.003821656050955414
18	outer_zone_fibrous_like	TNMD	True	TNMD	0.0009110372047871351	0.0010310607036989304
0	outer_zone_fibrous_like	POSTN	True	POSTN	0.0	0.0
1	outer_zone_fibrous_like	POSTN	True	POSTN	0.000513816368766129	0.00030436767615279255
2	outer_zone_fibrous_like	POSTN	True	POSTN	0.0	0.0
3	outer_zone_fibrous_like	POSTN	True	POSTN	0.005435815081000328	0.0028508077288565093
4	outer_zone_fibrous_like	POSTN	True	POSTN	0.0027932459488511086	0.002249357326478149
5	outer_zone_fibrous_like	POSTN	True	POSTN	0.003982333466410637	0.0031936127744510976
6	outer_zone_fibrous_like	POSTN	True	POSTN	0.005488683469593525	0.0040347610180012415
7	outer_zone_fibrous_like	POSTN	True	POSTN	0.02507861889898777	0.017057084375710713
8	outer_zone_fibrous_like	POSTN	True	POSTN	0.12485858052968979	0.07756856324191568
9	outer_zone_fibrous_like	POSTN	True	POSTN	1.0057835578918457	0.6378947368421053
10	outer_zone_fibrous_like	POSTN	True	POSTN	0.03141549974679947	0.02216447569550596
11	outer_zone_fibrous_like	POSTN	True	POSTN	0.011579911224544048	0.009848751319029195
12	outer_zone_fibrous_like	POSTN	True	POSTN	0.0014914842322468758	0.001858470335954253
13	outer_zone_fibrous_like	POSTN	True	POSTN	0.0030618992168456316	0.003530796390741467
14	outer_zone_fibrous_like	POSTN	True	POSTN	0.014134379103779793	0.0099644128113879
15	outer_zone_fibrous_like	POSTN	True	POSTN	0.06424885988235474	0.04231311706629055
16	outer_zone_fibrous_like	POSTN	True	POSTN	0.10684693604707718	0.08637359804047956
17	outer_zone_fibrous_like	POSTN	True	POSTN	0.8724882006645203	0.3184713375796178
18	outer_zone_fibrous_like	POSTN	True	POSTN	0.03513821214437485	0.037504833097048586
0	fibrochondrocyte_matrix	COMP	True	COMP	4.107970714569092	0.9850023433838463
1	fibrochondrocyte_matrix	COMP	True	COMP	4.348123550415039	0.9917820727438746
2	fibrochondrocyte_matrix	COMP	True	COMP	4.0892438888549805	0.9825383304940375
3	fibrochondrocyte_matrix	COMP	True	COMP	1.6474647521972656	0.720620842572062
4	fibrochondrocyte_matrix	COMP	True	COMP	4.048007011413574	0.9901992287917738
5	fibrochondrocyte_matrix	COMP	True	COMP	2.1749002933502197	0.7836327345309381
6	fibrochondrocyte_matrix	COMP	True	COMP	2.5928146839141846	0.8286778398510242
7	fibrochondrocyte_matrix	COMP	True	COMP	2.142108201980591	0.8389811234932909
8	fibrochondrocyte_matrix	COMP	True	COMP	2.392024517059326	0.9205894392140811
9	fibrochondrocyte_matrix	COMP	True	COMP	4.301589012145996	1.0
10	fibrochondrocyte_matrix	COMP	True	COMP	4.745731830596924	0.9987771323754203
11	fibrochondrocyte_matrix	COMP	True	COMP	0.9499165415763855	0.48892015476609213
12	fibrochondrocyte_matrix	COMP	True	COMP	4.8310089111328125	0.9955682630450322
13	fibrochondrocyte_matrix	COMP	True	COMP	4.963178634643555	0.9982346018046293
14	fibrochondrocyte_matrix	COMP	True	COMP	4.517585754394531	0.9966192170818505
15	fibrochondrocyte_matrix	COMP	True	COMP	1.5556588172912598	0.8274565115185708
16	fibrochondrocyte_matrix	COMP	True	COMP	4.49403715133667	0.9988397576382622
17	fibrochondrocyte_matrix	COMP	True	COMP	4.145725727081299	0.9928662420382166
18	fibrochondrocyte_matrix	COMP	True	COMP	5.203043460845947	0.9997422348240753
0	fibrochondrocyte_matrix	CILP	True	CILP	1.55088472366333	0.7787845649117325
1	fibrochondrocyte_matrix	CILP	True	CILP	1.7137633562088013	0.8385329478009436
2	fibrochondrocyte_matrix	CILP	True	CILP	1.8355464935302734	0.8603066439522998
3	fibrochondrocyte_matrix	CILP	True	CILP	0.36996376514434814	0.29521697814380743
4	fibrochondrocyte_matrix	CILP	True	CILP	0.7792300581932068	0.4741323907455013
5	fibrochondrocyte_matrix	CILP	True	CILP	0.23222315311431885	0.17724550898203592
6	fibrochondrocyte_matrix	CILP	True	CILP	0.76136314868927	0.489447548106766
7	fibrochondrocyte_matrix	CILP	True	CILP	0.674463152885437	0.41983170343415965
8	fibrochondrocyte_matrix	CILP	True	CILP	0.7308343648910522	0.5135079819893573
9	fibrochondrocyte_matrix	CILP	True	CILP	2.706181526184082	0.9852631578947368
10	fibrochondrocyte_matrix	CILP	True	CILP	3.6053667068481445	0.9842555793335371
11	fibrochondrocyte_matrix	CILP	True	CILP	0.4642193615436554	0.26908195568061904
12	fibrochondrocyte_matrix	CILP	True	CILP	3.000349521636963	0.9501072194424589
13	fibrochondrocyte_matrix	CILP	True	CILP	3.2457895278930664	0.9835229501765398
14	fibrochondrocyte_matrix	CILP	True	CILP	3.2144062519073486	0.9750889679715302
15	fibrochondrocyte_matrix	CILP	True	CILP	0.7251383066177368	0.4800188058298072
16	fibrochondrocyte_matrix	CILP	True	CILP	2.6523053646087646	0.9062782003351811
17	fibrochondrocyte_matrix	CILP	True	CILP	2.017097234725952	0.8435668789808917
18	fibrochondrocyte_matrix	CILP	True	CILP	3.4747257232666016	0.9842763242685914
0	fibrochondrocyte_matrix	FMOD	True	FMOD	2.1745216846466064	0.9615685049211061
1	fibrochondrocyte_matrix	FMOD	True	FMOD	1.4861160516738892	0.8747527012631259
2	fibrochondrocyte_matrix	FMOD	True	FMOD	1.5374295711517334	0.9288756388415673
3	fibrochondrocyte_matrix	FMOD	True	FMOD	0.8090477585792542	0.5796642382008236
4	fibrochondrocyte_matrix	FMOD	True	FMOD	0.9365214109420776	0.640745501285347
5	fibrochondrocyte_matrix	FMOD	True	FMOD	0.6539677381515503	0.47704590818363274
6	fibrochondrocyte_matrix	FMOD	True	FMOD	0.6774656772613525	0.5657976412166357
7	fibrochondrocyte_matrix	FMOD	True	FMOD	1.053063988685608	0.7163975437798499
8	fibrochondrocyte_matrix	FMOD	True	FMOD	1.099493384361267	0.728407695456406
9	fibrochondrocyte_matrix	FMOD	True	FMOD	2.7557828426361084	0.9957894736842106
10	fibrochondrocyte_matrix	FMOD	True	FMOD	3.078829050064087	0.9912870681748701
11	fibrochondrocyte_matrix	FMOD	True	FMOD	0.8415548205375671	0.6000703482237073
12	fibrochondrocyte_matrix	FMOD	True	FMOD	2.348740816116333	0.9715511079342387
13	fibrochondrocyte_matrix	FMOD	True	FMOD	2.679722309112549	0.9905845429580228
14	fibrochondrocyte_matrix	FMOD	True	FMOD	2.612567663192749	0.9809608540925266
15	fibrochondrocyte_matrix	FMOD	True	FMOD	1.1631070375442505	0.7216737188528444
16	fibrochondrocyte_matrix	FMOD	True	FMOD	2.7804598808288574	0.9727987624081474
17	fibrochondrocyte_matrix	FMOD	True	FMOD	2.6084532737731934	0.96
18	fibrochondrocyte_matrix	FMOD	True	FMOD	3.464378595352173	0.9987111741203764
0	fibrochondrocyte_matrix	BGN	True	BGN	2.678006887435913	0.980003124511795
1	fibrochondrocyte_matrix	BGN	True	BGN	1.8302074670791626	0.9062547557449399
2	fibrochondrocyte_matrix	BGN	True	BGN	2.352454662322998	0.9880749574105622
3	fibrochondrocyte_matrix	BGN	True	BGN	0.9643306732177734	0.6312955337345582
4	fibrochondrocyte_matrix	BGN	True	BGN	1.1019996404647827	0.6871786632390745
5	fibrochondrocyte_matrix	BGN	True	BGN	0.45456066727638245	0.36127744510978044
6	fibrochondrocyte_matrix	BGN	True	BGN	1.2977477312088013	0.7877094972067039
7	fibrochondrocyte_matrix	BGN	True	BGN	2.350499153137207	0.9749829429156243
8	fibrochondrocyte_matrix	BGN	True	BGN	2.2463085651397705	0.9324600900532133
9	fibrochondrocyte_matrix	BGN	True	BGN	3.1220662593841553	1.0
10	fibrochondrocyte_matrix	BGN	True	BGN	2.9325196743011475	0.9892999082849282
11	fibrochondrocyte_matrix	BGN	True	BGN	1.418075442314148	0.7643334505803728
12	fibrochondrocyte_matrix	BGN	True	BGN	2.4343531131744385	0.9536812008577555
13	fibrochondrocyte_matrix	BGN	True	BGN	2.9609782695770264	0.9956845821890937
14	fibrochondrocyte_matrix	BGN	True	BGN	3.13529109954834	0.994306049822064
15	fibrochondrocyte_matrix	BGN	True	BGN	1.6720001697540283	0.8015984955336154
16	fibrochondrocyte_matrix	BGN	True	BGN	2.9973807334899902	0.9816939538481372
17	fibrochondrocyte_matrix	BGN	True	BGN	3.268665075302124	0.9915923566878981
18	fibrochondrocyte_matrix	BGN	True	BGN	3.3689746856689453	0.9966490527129784
0	fibrochondrocyte_matrix	PRELP	True	PRELP	3.4527294635772705	0.9921887205124199
1	fibrochondrocyte_matrix	PRELP	True	PRELP	3.493130922317505	0.9971085070765485
2	fibrochondrocyte_matrix	PRELP	True	PRELP	3.1688232421875	0.9603918228279387
3	fibrochondrocyte_matrix	PRELP	True	PRELP	1.7988370656967163	0.7982261640798226
4	fibrochondrocyte_matrix	PRELP	True	PRELP	2.37155818939209	0.9260925449871465
5	fibrochondrocyte_matrix	PRELP	True	PRELP	1.800123929977417	0.7712574850299401
6	fibrochondrocyte_matrix	PRELP	True	PRELP	2.3489348888397217	0.9158907510862818
7	fibrochondrocyte_matrix	PRELP	True	PRELP	1.6112185716629028	0.8596770525358198
8	fibrochondrocyte_matrix	PRELP	True	PRELP	1.5903435945510864	0.8510028653295129
9	fibrochondrocyte_matrix	PRELP	True	PRELP	3.36810564994812	1.0
10	fibrochondrocyte_matrix	PRELP	True	PRELP	3.890673875808716	0.9963313971262611
11	fibrochondrocyte_matrix	PRELP	True	PRELP	1.4604250192642212	0.7724234963067182
12	fibrochondrocyte_matrix	PRELP	True	PRELP	3.6405489444732666	0.996711937097927
13	fibrochondrocyte_matrix	PRELP	True	PRELP	3.6479249000549316	0.9970576696743821
14	fibrochondrocyte_matrix	PRELP	True	PRELP	3.380356788635254	0.9857651245551602
15	fibrochondrocyte_matrix	PRELP	True	PRELP	1.6472848653793335	0.7837329572167372
16	fibrochondrocyte_matrix	PRELP	True	PRELP	3.3396642208099365	0.9878819131107387
17	fibrochondrocyte_matrix	PRELP	True	PRELP	2.771611213684082	0.9551592356687898
18	fibrochondrocyte_matrix	PRELP	True	PRELP	4.095576286315918	0.9996133522361129
0	fibrochondrocyte_matrix	FRZB	True	FRZB	0.6140395402908325	0.5171067020778003
1	fibrochondrocyte_matrix	FRZB	True	FRZB	0.8907312750816345	0.6630649824988586
2	fibrochondrocyte_matrix	FRZB	True	FRZB	1.1831148862838745	0.7410562180579217
3	fibrochondrocyte_matrix	FRZB	True	FRZB	0.14411064982414246	0.13272093759898637
4	fibrochondrocyte_matrix	FRZB	True	FRZB	0.7298583984375	0.4844151670951157
5	fibrochondrocyte_matrix	FRZB	True	FRZB	0.13476692140102386	0.12135728542914172
6	fibrochondrocyte_matrix	FRZB	True	FRZB	0.3376407325267792	0.28677839851024206
7	fibrochondrocyte_matrix	FRZB	True	FRZB	0.12349218130111694	0.11758016829656584
8	fibrochondrocyte_matrix	FRZB	True	FRZB	0.10130024701356888	0.09414654113794516
9	fibrochondrocyte_matrix	FRZB	True	FRZB	0.40457797050476074	0.44
10	fibrochondrocyte_matrix	FRZB	True	FRZB	0.7038056254386902	0.48624273922347905
11	fibrochondrocyte_matrix	FRZB	True	FRZB	0.0880664512515068	0.10059795990151249
12	fibrochondrocyte_matrix	FRZB	True	FRZB	1.4576826095581055	0.7759828448892065
13	fibrochondrocyte_matrix	FRZB	True	FRZB	1.5280647277832031	0.8158101216163202
14	fibrochondrocyte_matrix	FRZB	True	FRZB	0.917617678642273	0.6037366548042704
15	fibrochondrocyte_matrix	FRZB	True	FRZB	0.07125381380319595	0.07757404795486601
16	fibrochondrocyte_matrix	FRZB	True	FRZB	0.48128512501716614	0.3253835245584633
17	fibrochondrocyte_matrix	FRZB	True	FRZB	0.143254354596138	0.1335031847133758
18	fibrochondrocyte_matrix	FRZB	True	FRZB	0.9998441934585571	0.6163165356360356
0	fibrochondrocyte_matrix	PCOLCE2	True	PCOLCE2	1.8588439226150513	0.9218872051241993
1	fibrochondrocyte_matrix	PCOLCE2	True	PCOLCE2	2.552506446838379	0.9841728808400548
2	fibrochondrocyte_matrix	PCOLCE2	True	PCOLCE2	2.24725341796875	0.9459114139693356
3	fibrochondrocyte_matrix	PCOLCE2	True	PCOLCE2	1.5923517942428589	0.8020272410516313
4	fibrochondrocyte_matrix	PCOLCE2	True	PCOLCE2	1.4001185894012451	0.7713688946015425
5	fibrochondrocyte_matrix	PCOLCE2	True	PCOLCE2	1.0235505104064941	0.6139720558882236
6	fibrochondrocyte_matrix	PCOLCE2	True	PCOLCE2	1.7204046249389648	0.8392302917442582
7	fibrochondrocyte_matrix	PCOLCE2	True	PCOLCE2	1.1060863733291626	0.6474869229019786
8	fibrochondrocyte_matrix	PCOLCE2	True	PCOLCE2	1.057068109512329	0.6033565288579615
9	fibrochondrocyte_matrix	PCOLCE2	True	PCOLCE2	1.9658434391021729	0.9768421052631578
10	fibrochondrocyte_matrix	PCOLCE2	True	PCOLCE2	2.379594326019287	0.9570467746866401
11	fibrochondrocyte_matrix	PCOLCE2	True	PCOLCE2	1.4883348941802979	0.887091100949701
12	fibrochondrocyte_matrix	PCOLCE2	True	PCOLCE2	2.873753070831299	0.9812723373838456
13	fibrochondrocyte_matrix	PCOLCE2	True	PCOLCE2	2.8014283180236816	0.9852883483719106
14	fibrochondrocyte_matrix	PCOLCE2	True	PCOLCE2	2.2050371170043945	0.9393238434163701
15	fibrochondrocyte_matrix	PCOLCE2	True	PCOLCE2	1.6888593435287476	0.8965679360601787
16	fibrochondrocyte_matrix	PCOLCE2	True	PCOLCE2	1.7457566261291504	0.8465901766146706
17	fibrochondrocyte_matrix	PCOLCE2	True	PCOLCE2	1.381296992301941	0.76
18	fibrochondrocyte_matrix	PCOLCE2	True	PCOLCE2	2.613585948944092	0.9853073849722902
0	fibrochondrocyte_matrix	CHAD	True	CHAD	0.38156288862228394	0.3274488361193563
1	fibrochondrocyte_matrix	CHAD	True	CHAD	0.4304535984992981	0.3501750114137879
2	fibrochondrocyte_matrix	CHAD	True	CHAD	1.013352870941162	0.6575809199318569
3	fibrochondrocyte_matrix	CHAD	True	CHAD	0.0103229945525527	0.013620525815647768
4	fibrochondrocyte_matrix	CHAD	True	CHAD	0.06893903017044067	0.06330334190231363
5	fibrochondrocyte_matrix	CHAD	True	CHAD	0.008715805597603321	0.012375249500998005
6	fibrochondrocyte_matrix	CHAD	True	CHAD	0.2340700924396515	0.17970204841713222
7	fibrochondrocyte_matrix	CHAD	True	CHAD	0.06480978429317474	0.06186035933591085
8	fibrochondrocyte_matrix	CHAD	True	CHAD	0.044885024428367615	0.04789193614408514
9	fibrochondrocyte_matrix	CHAD	True	CHAD	0.5495051741600037	0.5494736842105263
10	fibrochondrocyte_matrix	CHAD	True	CHAD	0.6707517504692078	0.4787526750229288
11	fibrochondrocyte_matrix	CHAD	True	CHAD	0.05232904851436615	0.06823777699613084
12	fibrochondrocyte_matrix	CHAD	True	CHAD	0.8219371438026428	0.5735525375268049
13	fibrochondrocyte_matrix	CHAD	True	CHAD	1.1974729299545288	0.7353864260494312
14	fibrochondrocyte_matrix	CHAD	True	CHAD	1.0008642673492432	0.6279359430604983
15	fibrochondrocyte_matrix	CHAD	True	CHAD	0.03322625905275345	0.04231311706629055
16	fibrochondrocyte_matrix	CHAD	True	CHAD	0.6256909370422363	0.42310171458037904
17	fibrochondrocyte_matrix	CHAD	True	CHAD	0.22378766536712646	0.18445859872611464
18	fibrochondrocyte_matrix	CHAD	True	CHAD	0.8039442896842957	0.6293336770202346
0	progenitor_prg4_gdf5	PRG4	True	PRG4	0.37303006649017334	0.23230745196063116
1	progenitor_prg4_gdf5	PRG4	True	PRG4	0.9363100528717041	0.5244255060112616
2	progenitor_prg4_gdf5	PRG4	True	PRG4	0.4605989456176758	0.2934412265758092
3	progenitor_prg4_gdf5	PRG4	True	PRG4	1.9790860414505005	0.548305353183402
4	progenitor_prg4_gdf5	PRG4	True	PRG4	0.8595218062400818	0.4606362467866324
5	progenitor_prg4_gdf5	PRG4	True	PRG4	2.155857801437378	0.612375249500998
6	progenitor_prg4_gdf5	PRG4	True	PRG4	1.8167599439620972	0.6750465549348231
7	progenitor_prg4_gdf5	PRG4	True	PRG4	1.6464074850082397	0.6752331134864681
8	progenitor_prg4_gdf5	PRG4	True	PRG4	1.090001106262207	0.5161686451084732
9	progenitor_prg4_gdf5	PRG4	True	PRG4	1.9801889657974243	0.8989473684210526
10	progenitor_prg4_gdf5	PRG4	True	PRG4	1.0661216974258423	0.4108835218587588
11	progenitor_prg4_gdf5	PRG4	True	PRG4	5.3154215812683105	0.9897995075624341
12	progenitor_prg4_gdf5	PRG4	True	PRG4	1.0768344402313232	0.4550393137955683
13	progenitor_prg4_gdf5	PRG4	True	PRG4	1.0401147603988647	0.4678305217732444
14	progenitor_prg4_gdf5	PRG4	True	PRG4	1.4927293062210083	0.551067615658363
15	progenitor_prg4_gdf5	PRG4	True	PRG4	5.0226826667785645	0.9793135872120358
16	progenitor_prg4_gdf5	PRG4	True	PRG4	0.612400233745575	0.40440892097460357
17	progenitor_prg4_gdf5	PRG4	True	PRG4	0.9634057283401489	0.5202547770700637
18	progenitor_prg4_gdf5	PRG4	True	PRG4	1.2955186367034912	0.5092151050393092
0	progenitor_prg4_gdf5	GDF5	True	GDF5	0.025240447372198105	0.03421340415560069
1	progenitor_prg4_gdf5	GDF5	True	GDF5	0.012762974947690964	0.020240450464160707
2	progenitor_prg4_gdf5	GDF5	True	GDF5	0.010040178894996643	0.019591141396933562
3	progenitor_prg4_gdf5	GDF5	True	GDF5	0.0025174759794026613	0.005384859043395629
4	progenitor_prg4_gdf5	GDF5	True	GDF5	0.004951275419443846	0.005462724935732648
5	progenitor_prg4_gdf5	GDF5	True	GDF5	0.002748651895672083	0.0031936127744510976
6	progenitor_prg4_gdf5	GDF5	True	GDF5	0.004348627291619778	0.0074487895716946
7	progenitor_prg4_gdf5	GDF5	True	GDF5	0.005111022386699915	0.007505117125312713
8	progenitor_prg4_gdf5	GDF5	True	GDF5	0.006989452987909317	0.009209987720016374
9	progenitor_prg4_gdf5	GDF5	True	GDF5	0.036266256123781204	0.05263157894736842
10	progenitor_prg4_gdf5	GDF5	True	GDF5	0.058797456324100494	0.07826352797309691
11	progenitor_prg4_gdf5	GDF5	True	GDF5	0.08882264047861099	0.11994372142103411
12	progenitor_prg4_gdf5	GDF5	True	GDF5	0.08030399680137634	0.10135811293781272
13	progenitor_prg4_gdf5	GDF5	True	GDF5	0.09296407550573349	0.11278932914868577
14	progenitor_prg4_gdf5	GDF5	True	GDF5	0.07632080465555191	0.11565836298932385
15	progenitor_prg4_gdf5	GDF5	True	GDF5	0.09436297416687012	0.12458862247296662
16	progenitor_prg4_gdf5	GDF5	True	GDF5	0.0432114414870739	0.04060848266082248
17	progenitor_prg4_gdf5	GDF5	True	GDF5	0.02991659753024578	0.03668789808917197
18	progenitor_prg4_gdf5	GDF5	True	GDF5	0.1775210052728653	0.22232246423508184
0	progenitor_prg4_gdf5	THY1	True	THY1	0.00429926672950387	0.005155444461802844
1	progenitor_prg4_gdf5	THY1	True	THY1	0.018710557371377945	0.021457921168771876
2	progenitor_prg4_gdf5	THY1	True	THY1	0.0031671817414462566	0.006388415672913117
3	progenitor_prg4_gdf5	THY1	True	THY1	0.13424170017242432	0.13462147608489072
4	progenitor_prg4_gdf5	THY1	True	THY1	0.0025059967301785946	0.002410025706940874
5	progenitor_prg4_gdf5	THY1	True	THY1	0.0291547030210495	0.028343313373253493
6	progenitor_prg4_gdf5	THY1	True	THY1	0.10482214391231537	0.11638733705772812
7	progenitor_prg4_gdf5	THY1	True	THY1	1.3505496978759766	0.7778030475324085
8	progenitor_prg4_gdf5	THY1	True	THY1	1.1594294309616089	0.6694637740483013
9	progenitor_prg4_gdf5	THY1	True	THY1	0.7832080125808716	0.6989473684210527
10	progenitor_prg4_gdf5	THY1	True	THY1	0.4439871609210968	0.39315194130235404
11	progenitor_prg4_gdf5	THY1	True	THY1	0.3895896077156067	0.3320436158986986
12	progenitor_prg4_gdf5	THY1	True	THY1	0.12097710371017456	0.10250178699070765
13	progenitor_prg4_gdf5	THY1	True	THY1	0.06144171953201294	0.0690466849744998
14	progenitor_prg4_gdf5	THY1	True	THY1	0.230208620429039	0.251067615658363
15	progenitor_prg4_gdf5	THY1	True	THY1	0.4090772867202759	0.3436765397273155
16	progenitor_prg4_gdf5	THY1	True	THY1	0.167984738945961	0.1552146448369215
17	progenitor_prg4_gdf5	THY1	True	THY1	1.1112217903137207	0.6817834394904458
18	progenitor_prg4_gdf5	THY1	True	THY1	0.440175324678421	0.4107488078360613
0	progenitor_prg4_gdf5	ENG	True	ENG	0.0521526038646698	0.07295735041399781
1	progenitor_prg4_gdf5	ENG	True	ENG	0.09435653686523438	0.13909602800182622
2	progenitor_prg4_gdf5	ENG	True	ENG	0.05391982942819595	0.1030664395229983
3	progenitor_prg4_gdf5	ENG	True	ENG	0.26075151562690735	0.3088375039594552
4	progenitor_prg4_gdf5	ENG	True	ENG	0.03635744750499725	0.03759640102827763
5	progenitor_prg4_gdf5	ENG	True	ENG	0.14136424660682678	0.14930139720558883
6	progenitor_prg4_gdf5	ENG	True	ENG	0.09570728987455368	0.13283674736188703
7	progenitor_prg4_gdf5	ENG	True	ENG	0.29365456104278564	0.3404594041391858
8	progenitor_prg4_gdf5	ENG	True	ENG	0.31970393657684326	0.33115022513303316
9	progenitor_prg4_gdf5	ENG	True	ENG	0.42253193259239197	0.47578947368421054
10	progenitor_prg4_gdf5	ENG	True	ENG	0.12884671986103058	0.1786915316416998
11	progenitor_prg4_gdf5	ENG	True	ENG	0.27558866143226624	0.36405205768554344
12	progenitor_prg4_gdf5	ENG	True	ENG	0.07811421155929565	0.09706933523945675
13	progenitor_prg4_gdf5	ENG	True	ENG	0.0802140161395073	0.10533542565712044
14	progenitor_prg4_gdf5	ENG	True	ENG	0.10848619043827057	0.15747330960854092
15	progenitor_prg4_gdf5	ENG	True	ENG	0.45648592710494995	0.5303244005641748
16	progenitor_prg4_gdf5	ENG	True	ENG	0.20505540072917938	0.1978857805852778
17	progenitor_prg4_gdf5	ENG	True	ENG	0.38447314500808716	0.40662420382165604
18	progenitor_prg4_gdf5	ENG	True	ENG	0.1650426834821701	0.24255703054517336
0	progenitor_prg4_gdf5	MCAM	True	MCAM	0.0009218390914611518	0.0014060303077644118
1	progenitor_prg4_gdf5	MCAM	True	MCAM	0.002382062841206789	0.003348044437680718
2	progenitor_prg4_gdf5	MCAM	True	MCAM	0.006638900376856327	0.010221465076660987
3	progenitor_prg4_gdf5	MCAM	True	MCAM	0.022821322083473206	0.027557808045612923
4	progenitor_prg4_gdf5	MCAM	True	MCAM	0.012180938385426998	0.010282776349614395
5	progenitor_prg4_gdf5	MCAM	True	MCAM	0.020565085113048553	0.02315369261477046
6	progenitor_prg4_gdf5	MCAM	True	MCAM	0.007781201042234898	0.010862818125387958
7	progenitor_prg4_gdf5	MCAM	True	MCAM	0.01577736809849739	0.017284512167386856
8	progenitor_prg4_gdf5	MCAM	True	MCAM	0.015343783423304558	0.016987310683585756
9	progenitor_prg4_gdf5	MCAM	True	MCAM	0.057345520704984665	0.07789473684210527
10	progenitor_prg4_gdf5	MCAM	True	MCAM	0.00974845141172409	0.013604402323448487
11	progenitor_prg4_gdf5	MCAM	True	MCAM	0.09735053032636642	0.12944073162152656
12	progenitor_prg4_gdf5	MCAM	True	MCAM	0.007850205525755882	0.009149392423159399
13	progenitor_prg4_gdf5	MCAM	True	MCAM	0.01026990171521902	0.011769321302471557
14	progenitor_prg4_gdf5	MCAM	True	MCAM	0.020556427538394928	0.029715302491103202
15	progenitor_prg4_gdf5	MCAM	True	MCAM	0.03799984231591225	0.0611189468735308
16	progenitor_prg4_gdf5	MCAM	True	MCAM	0.005601455923169851	0.006316875080572386
17	progenitor_prg4_gdf5	MCAM	True	MCAM	0.0075856042094528675	0.009936305732484076
18	progenitor_prg4_gdf5	MCAM	True	MCAM	0.013182779774069786	0.023972161361000128
0	progenitor_prg4_gdf5	NT5E	True	NT5E	0.24148599803447723	0.26777066083424467
1	progenitor_prg4_gdf5	NT5E	True	NT5E	0.2827509641647339	0.3481966215187947
2	progenitor_prg4_gdf5	NT5E	True	NT5E	0.2837304174900055	0.346252129471891
3	progenitor_prg4_gdf5	NT5E	True	NT5E	0.3035053610801697	0.3367120684193855
4	progenitor_prg4_gdf5	NT5E	True	NT5E	0.07352431118488312	0.07519280205655526
5	progenitor_prg4_gdf5	NT5E	True	NT5E	0.23078589141368866	0.23033932135728544
6	progenitor_prg4_gdf5	NT5E	True	NT5E	0.24579361081123352	0.31502172563625075
7	progenitor_prg4_gdf5	NT5E	True	NT5E	0.5161945223808289	0.5194450761883103
8	progenitor_prg4_gdf5	NT5E	True	NT5E	0.4769259989261627	0.4543593941874744
9	progenitor_prg4_gdf5	NT5E	True	NT5E	0.6370276808738708	0.6568421052631579
10	progenitor_prg4_gdf5	NT5E	True	NT5E	0.6827033758163452	0.5907979211250383
11	progenitor_prg4_gdf5	NT5E	True	NT5E	0.4693807065486908	0.5364052057685543
12	progenitor_prg4_gdf5	NT5E	True	NT5E	0.3203463554382324	0.35396711937097924
13	progenitor_prg4_gdf5	NT5E	True	NT5E	0.3386489450931549	0.3785798352295018
14	progenitor_prg4_gdf5	NT5E	True	NT5E	0.3892306089401245	0.4494661921708185
15	progenitor_prg4_gdf5	NT5E	True	NT5E	0.5215914845466614	0.5773389750822755
16	progenitor_prg4_gdf5	NT5E	True	NT5E	0.4723391830921173	0.3991233724377981
17	progenitor_prg4_gdf5	NT5E	True	NT5E	0.6560108065605164	0.5808917197452229
18	progenitor_prg4_gdf5	NT5E	True	NT5E	0.6650162935256958	0.6339734501868798
0	progenitor_prg4_gdf5	ITGA5	True	ITGA5	0.6254076361656189	0.5867833151070145
1	progenitor_prg4_gdf5	ITGA5	True	ITGA5	0.514092743396759	0.5264038959062548
2	progenitor_prg4_gdf5	ITGA5	True	ITGA5	0.4618341028690338	0.5715502555366269
3	progenitor_prg4_gdf5	ITGA5	True	ITGA5	0.2949867844581604	0.3215077605321508
4	progenitor_prg4_gdf5	ITGA5	True	ITGA5	0.28314170241355896	0.25723007712082263
5	progenitor_prg4_gdf5	ITGA5	True	ITGA5	0.2966897487640381	0.28023952095808385
6	progenitor_prg4_gdf5	ITGA5	True	ITGA5	0.3297499418258667	0.3687150837988827
7	progenitor_prg4_gdf5	ITGA5	True	ITGA5	0.2063017636537552	0.23879918125994998
8	progenitor_prg4_gdf5	ITGA5	True	ITGA5	0.19272480905056	0.21612771182971757
9	progenitor_prg4_gdf5	ITGA5	True	ITGA5	0.3387950658798218	0.42947368421052634
10	progenitor_prg4_gdf5	ITGA5	True	ITGA5	0.34236493706703186	0.3917762152247019
11	progenitor_prg4_gdf5	ITGA5	True	ITGA5	0.2308407723903656	0.2961660218079494
12	progenitor_prg4_gdf5	ITGA5	True	ITGA5	0.341471403837204	0.37183702644746247
13	progenitor_prg4_gdf5	ITGA5	True	ITGA5	0.40300872921943665	0.4386033738721067
14	progenitor_prg4_gdf5	ITGA5	True	ITGA5	0.4014750123023987	0.4615658362989324
15	progenitor_prg4_gdf5	ITGA5	True	ITGA5	0.32298344373703003	0.3996238834038552
16	progenitor_prg4_gdf5	ITGA5	True	ITGA5	0.2582835853099823	0.24339306432899316
17	progenitor_prg4_gdf5	ITGA5	True	ITGA5	0.4786882996559143	0.46878980891719746
18	progenitor_prg4_gdf5	ITGA5	True	ITGA5	0.374183714389801	0.4586931305580616
0	progenitor_prg4_gdf5	ITGB1	True	ITGB1	0.4827270805835724	0.5133572879237619
1	progenitor_prg4_gdf5	ITGB1	True	ITGB1	0.5652252435684204	0.5811900776137574
2	progenitor_prg4_gdf5	ITGB1	True	ITGB1	0.9404136538505554	0.8126064735945485
3	progenitor_prg4_gdf5	ITGB1	True	ITGB1	0.749584436416626	0.679125752296484
4	progenitor_prg4_gdf5	ITGB1	True	ITGB1	0.38371485471725464	0.3441516709511568
5	progenitor_prg4_gdf5	ITGB1	True	ITGB1	0.6895434856414795	0.5500998003992016
6	progenitor_prg4_gdf5	ITGB1	True	ITGB1	1.116688847541809	0.835195530726257
7	progenitor_prg4_gdf5	ITGB1	True	ITGB1	1.4624552726745605	0.9181259949965885
8	progenitor_prg4_gdf5	ITGB1	True	ITGB1	1.4450912475585938	0.8798608268522309
9	progenitor_prg4_gdf5	ITGB1	True	ITGB1	1.2678560018539429	0.8821052631578947
10	progenitor_prg4_gdf5	ITGB1	True	ITGB1	1.2688188552856445	0.8318557016202996
11	progenitor_prg4_gdf5	ITGB1	True	ITGB1	1.3122098445892334	0.8972915933872669
12	progenitor_prg4_gdf5	ITGB1	True	ITGB1	0.805228054523468	0.6789135096497498
13	progenitor_prg4_gdf5	ITGB1	True	ITGB1	0.6886196136474609	0.6286779129070224
14	progenitor_prg4_gdf5	ITGB1	True	ITGB1	0.9864235520362854	0.7718861209964413
15	progenitor_prg4_gdf5	ITGB1	True	ITGB1	1.2694090604782104	0.9003291020216267
16	progenitor_prg4_gdf5	ITGB1	True	ITGB1	1.0500209331512451	0.6846719092432642
17	progenitor_prg4_gdf5	ITGB1	True	ITGB1	1.8168665170669556	0.9136305732484077
18	progenitor_prg4_gdf5	ITGB1	True	ITGB1	1.0711326599121094	0.8256218584869184
0	catabolic_hypertrophic	COL10A1	True	COL10A1	9.213946759700775e-05	0.0001562255897516013
1	catabolic_hypertrophic	COL10A1	True	COL10A1	0.00019819443696178496	0.00030436767615279255
2	catabolic_hypertrophic	COL10A1	True	COL10A1	0.0	0.0
3	catabolic_hypertrophic	COL10A1	True	COL10A1	0.0010180816752836108	0.0015837820715869496
4	catabolic_hypertrophic	COL10A1	True	COL10A1	0.0	0.0
5	catabolic_hypertrophic	COL10A1	True	COL10A1	0.0	0.0
6	catabolic_hypertrophic	COL10A1	True	COL10A1	0.0006476457929238677	0.000931098696461825
7	catabolic_hypertrophic	COL10A1	True	COL10A1	0.008085152134299278	0.010916534000454855
8	catabolic_hypertrophic	COL10A1	True	COL10A1	0.01937703788280487	0.019647973802701595
9	catabolic_hypertrophic	COL10A1	True	COL10A1	0.004272100515663624	0.004210526315789474
10	catabolic_hypertrophic	COL10A1	True	COL10A1	0.0011265468783676624	0.001528584530724549
11	catabolic_hypertrophic	COL10A1	True	COL10A1	9.858841076493263e-05	0.00035174111853675694
12	catabolic_hypertrophic	COL10A1	True	COL10A1	0.0003296796348877251	0.00042887776983559683
13	catabolic_hypertrophic	COL10A1	True	COL10A1	0.0001121916648116894	0.00019615535504119262
14	catabolic_hypertrophic	COL10A1	True	COL10A1	0.0007812730618752539	0.0005338078291814947
15	catabolic_hypertrophic	COL10A1	True	COL10A1	0.00032163842115551233	0.0009402914903620122
16	catabolic_hypertrophic	COL10A1	True	COL10A1	0.001069571590051055	0.00103132654376692
17	catabolic_hypertrophic	COL10A1	True	COL10A1	0.004478657618165016	0.007388535031847133
18	catabolic_hypertrophic	COL10A1	True	COL10A1	0.0009572041453793645	0.0010310607036989304
0	catabolic_hypertrophic	MMP13	True	MMP13	0.0	0.0
1	catabolic_hypertrophic	MMP13	True	MMP13	0.0	0.0
2	catabolic_hypertrophic	MMP13	True	MMP13	9.612114808987826e-05	0.00042589437819420784
3	catabolic_hypertrophic	MMP13	True	MMP13	0.0010399594902992249	0.0015837820715869496
4	catabolic_hypertrophic	MMP13	True	MMP13	0.00031910676625557244	0.00032133676092544985
5	catabolic_hypertrophic	MMP13	True	MMP13	0.001052277977578342	0.0015968063872255488
6	catabolic_hypertrophic	MMP13	True	MMP13	0.0	0.0
7	catabolic_hypertrophic	MMP13	True	MMP13	0.0005467997980304062	0.00045485558335228563
8	catabolic_hypertrophic	MMP13	True	MMP13	0.0007274478557519615	0.0006139991813344249
9	catabolic_hypertrophic	MMP13	True	MMP13	0.017227860167622566	0.01263157894736842
10	catabolic_hypertrophic	MMP13	True	MMP13	0.0003608853730838746	0.0001528584530724549
11	catabolic_hypertrophic	MMP13	True	MMP13	0.0021462298464030027	0.0045726345409778405
12	catabolic_hypertrophic	MMP13	True	MMP13	0.0	0.0
13	catabolic_hypertrophic	MMP13	True	MMP13	0.00018269356223754585	0.00019615535504119262
14	catabolic_hypertrophic	MMP13	True	MMP13	0.0035264582838863134	0.0026690391459074734
15	catabolic_hypertrophic	MMP13	True	MMP13	0.006236516870558262	0.007992477668077104
16	catabolic_hypertrophic	MMP13	True	MMP13	0.002012207405641675	0.0014180739976795153
17	catabolic_hypertrophic	MMP13	True	MMP13	0.02304835617542267	0.01554140127388535
18	catabolic_hypertrophic	MMP13	True	MMP13	0.00036603654734790325	0.0005155303518494652
0	catabolic_hypertrophic	MMP3	True	MMP3	1.4245291948318481	0.5692860490548352
1	catabolic_hypertrophic	MMP3	True	MMP3	2.269932270050049	0.6898493380003043
2	catabolic_hypertrophic	MMP3	True	MMP3	2.311387777328491	0.82793867120954
3	catabolic_hypertrophic	MMP3	True	MMP3	0.28190848231315613	0.24421919543870763
4	catabolic_hypertrophic	MMP3	True	MMP3	2.7479169368743896	0.8211760925449871
5	catabolic_hypertrophic	MMP3	True	MMP3	1.1014426946640015	0.5173652694610779
6	catabolic_hypertrophic	MMP3	True	MMP3	1.430293083190918	0.4903786468032278
7	catabolic_hypertrophic	MMP3	True	MMP3	0.09159272164106369	0.07277689333636571
8	catabolic_hypertrophic	MMP3	True	MMP3	0.07894095033407211	0.070814572247237
9	catabolic_hypertrophic	MMP3	True	MMP3	1.200068712234497	0.8126315789473684
10	catabolic_hypertrophic	MMP3	True	MMP3	0.5364152789115906	0.31397126261082237
11	catabolic_hypertrophic	MMP3	True	MMP3	0.30843132734298706	0.20436158986985578
12	catabolic_hypertrophic	MMP3	True	MMP3	1.4441903829574585	0.6301644031451037
13	catabolic_hypertrophic	MMP3	True	MMP3	0.9765259027481079	0.5237347979599843
14	catabolic_hypertrophic	MMP3	True	MMP3	1.2825871706008911	0.548932384341637
15	catabolic_hypertrophic	MMP3	True	MMP3	0.32100728154182434	0.17865538316878232
16	catabolic_hypertrophic	MMP3	True	MMP3	0.8753339052200317	0.4494005414464355
17	catabolic_hypertrophic	MMP3	True	MMP3	0.2272091507911682	0.16127388535031847
18	catabolic_hypertrophic	MMP3	True	MMP3	0.5070714354515076	0.3521072303131847
0	catabolic_hypertrophic	ADAMTS5	True	ADAMTS5	0.12641513347625732	0.1431026402124668
1	catabolic_hypertrophic	ADAMTS5	True	ADAMTS5	0.6751799583435059	0.49079287779637804
2	catabolic_hypertrophic	ADAMTS5	True	ADAMTS5	0.11381043493747711	0.16524701873935263
3	catabolic_hypertrophic	ADAMTS5	True	ADAMTS5	0.7471626400947571	0.5527399429838454
4	catabolic_hypertrophic	ADAMTS5	True	ADAMTS5	0.08919847756624222	0.08274421593830335
5	catabolic_hypertrophic	ADAMTS5	True	ADAMTS5	0.4274578392505646	0.32335329341317365
6	catabolic_hypertrophic	ADAMTS5	True	ADAMTS5	0.6577646732330322	0.516139044072005
7	catabolic_hypertrophic	ADAMTS5	True	ADAMTS5	0.26049375534057617	0.2688196497612008
8	catabolic_hypertrophic	ADAMTS5	True	ADAMTS5	0.15929700434207916	0.1686451084731887
9	catabolic_hypertrophic	ADAMTS5	True	ADAMTS5	0.26743847131729126	0.33263157894736844
10	catabolic_hypertrophic	ADAMTS5	True	ADAMTS5	0.21060651540756226	0.23265056557627636
11	catabolic_hypertrophic	ADAMTS5	True	ADAMTS5	0.5363073348999023	0.5036932817446359
12	catabolic_hypertrophic	ADAMTS5	True	ADAMTS5	0.12911856174468994	0.1451036454610436
13	catabolic_hypertrophic	ADAMTS5	True	ADAMTS5	0.04555749148130417	0.062377402903099254
14	catabolic_hypertrophic	ADAMTS5	True	ADAMTS5	0.1773047000169754	0.2094306049822064
15	catabolic_hypertrophic	ADAMTS5	True	ADAMTS5	0.4443301558494568	0.461683121767748
16	catabolic_hypertrophic	ADAMTS5	True	ADAMTS5	0.17444564402103424	0.15856645610416398
17	catabolic_hypertrophic	ADAMTS5	True	ADAMTS5	0.1774083822965622	0.19719745222929935
18	catabolic_hypertrophic	ADAMTS5	True	ADAMTS5	0.1555202305316925	0.20208789792499032
0	catabolic_hypertrophic	RUNX2	True	RUNX2	0.007614649832248688	0.011560693641618497
1	catabolic_hypertrophic	RUNX2	True	RUNX2	0.015985360369086266	0.02343631106376503
2	catabolic_hypertrophic	RUNX2	True	RUNX2	0.019929081201553345	0.03705281090289608
3	catabolic_hypertrophic	RUNX2	True	RUNX2	0.027228107675909996	0.031675641431738996
4	catabolic_hypertrophic	RUNX2	True	RUNX2	0.011844092980027199	0.01108611825192802
5	catabolic_hypertrophic	RUNX2	True	RUNX2	0.01554898638278246	0.01716566866267465
6	catabolic_hypertrophic	RUNX2	True	RUNX2	0.02719949744641781	0.038175046554934824
7	catabolic_hypertrophic	RUNX2	True	RUNX2	0.04562029242515564	0.0600409370025017
8	catabolic_hypertrophic	RUNX2	True	RUNX2	0.08276023715734482	0.09639787146950471
9	catabolic_hypertrophic	RUNX2	True	RUNX2	0.04757186770439148	0.06947368421052631
10	catabolic_hypertrophic	RUNX2	True	RUNX2	0.013599838130176067	0.01650871293182513
11	catabolic_hypertrophic	RUNX2	True	RUNX2	0.011528154835104942	0.019345761519521634
12	catabolic_hypertrophic	RUNX2	True	RUNX2	0.006733444053679705	0.008577555396711936
13	catabolic_hypertrophic	RUNX2	True	RUNX2	0.007474665064364672	0.010200078462142017
14	catabolic_hypertrophic	RUNX2	True	RUNX2	0.013865558430552483	0.01725978647686833
15	catabolic_hypertrophic	RUNX2	True	RUNX2	0.02125701494514942	0.03432063939821345
16	catabolic_hypertrophic	RUNX2	True	RUNX2	0.01398073136806488	0.013407245068969963
17	catabolic_hypertrophic	RUNX2	True	RUNX2	0.038336511701345444	0.05273885350318471
18	catabolic_hypertrophic	RUNX2	True	RUNX2	0.00598303135484457	0.007861837865704343
0	catabolic_hypertrophic	ALPL	True	ALPL	0.0	0.0
1	catabolic_hypertrophic	ALPL	True	ALPL	0.0	0.0
2	catabolic_hypertrophic	ALPL	True	ALPL	0.0	0.0
3	catabolic_hypertrophic	ALPL	True	ALPL	0.003129316959530115	0.005068102629078239
4	catabolic_hypertrophic	ALPL	True	ALPL	0.0	0.0
5	catabolic_hypertrophic	ALPL	True	ALPL	0.0007413345156237483	0.0007984031936127744
6	catabolic_hypertrophic	ALPL	True	ALPL	0.0005583632737398148	0.000931098696461825
7	catabolic_hypertrophic	ALPL	True	ALPL	0.009426387958228588	0.01046167841710257
8	catabolic_hypertrophic	ALPL	True	ALPL	0.014145133085548878	0.015963978714695046
9	catabolic_hypertrophic	ALPL	True	ALPL	0.010437322780489922	0.01263157894736842
10	catabolic_hypertrophic	ALPL	True	ALPL	0.00031128909904509783	0.0004585753592173647
11	catabolic_hypertrophic	ALPL	True	ALPL	0.0002727090031839907	0.0007034822370735139
12	catabolic_hypertrophic	ALPL	True	ALPL	0.00023375972523353994	0.0002859185132237312
13	catabolic_hypertrophic	ALPL	True	ALPL	0.00018698559142649174	0.00019615535504119262
14	catabolic_hypertrophic	ALPL	True	ALPL	0.00019428081577643752	0.00017793594306049823
15	catabolic_hypertrophic	ALPL	True	ALPL	0.0021369026508182287	0.0028208744710860366
16	catabolic_hypertrophic	ALPL	True	ALPL	0.00047409755643457174	0.0006445790898543251
17	catabolic_hypertrophic	ALPL	True	ALPL	0.00596796628087759	0.009681528662420382
18	catabolic_hypertrophic	ALPL	True	ALPL	0.00020268069056328386	0.00038664776388709887
0	catabolic_hypertrophic	IBSP	True	IBSP	0.0007294236565940082	0.0007811279487580066
1	catabolic_hypertrophic	IBSP	True	IBSP	0.0	0.0
2	catabolic_hypertrophic	IBSP	True	IBSP	0.001004938967525959	0.0008517887563884157
3	catabolic_hypertrophic	IBSP	True	IBSP	0.0	0.0
4	catabolic_hypertrophic	IBSP	True	IBSP	0.0008079790859483182	0.0006426735218508997
5	catabolic_hypertrophic	IBSP	True	IBSP	0.0012369591277092695	0.0003992015968063872
6	catabolic_hypertrophic	IBSP	True	IBSP	0.0	0.0
7	catabolic_hypertrophic	IBSP	True	IBSP	0.00037138222251087427	0.00045485558335228563
8	catabolic_hypertrophic	IBSP	True	IBSP	0.001601638738065958	0.0006139991813344249
9	catabolic_hypertrophic	IBSP	True	IBSP	0.017458263784646988	0.018947368421052633
10	catabolic_hypertrophic	IBSP	True	IBSP	0.0	0.0
11	catabolic_hypertrophic	IBSP	True	IBSP	0.0	0.0
12	catabolic_hypertrophic	IBSP	True	IBSP	0.0004095069889444858	0.0002859185132237312
13	catabolic_hypertrophic	IBSP	True	IBSP	0.0	0.0
14	catabolic_hypertrophic	IBSP	True	IBSP	0.0	0.0
15	catabolic_hypertrophic	IBSP	True	IBSP	0.0007869412656873465	0.0004701457451810061
16	catabolic_hypertrophic	IBSP	True	IBSP	0.002140957862138748	0.0007734949078251901
17	catabolic_hypertrophic	IBSP	True	IBSP	0.0025043622590601444	0.002038216560509554
18	catabolic_hypertrophic	IBSP	True	IBSP	0.0010865643853321671	0.00038664776388709887
0	catabolic_hypertrophic	SPP1	True	SPP1	0.0003883540048263967	0.0007811279487580066
1	catabolic_hypertrophic	SPP1	True	SPP1	0.0001747665082802996	0.00030436767615279255
2	catabolic_hypertrophic	SPP1	True	SPP1	0.0006724083796143532	0.0012776831345826234
3	catabolic_hypertrophic	SPP1	True	SPP1	0.0018971608951687813	0.0031675641431738993
4	catabolic_hypertrophic	SPP1	True	SPP1	0.004280023742467165	0.003213367609254499
5	catabolic_hypertrophic	SPP1	True	SPP1	0.0031398970168083906	0.003592814371257485
6	catabolic_hypertrophic	SPP1	True	SPP1	0.0	0.0
7	catabolic_hypertrophic	SPP1	True	SPP1	0.0034034030977636576	0.0040937002501705705
8	catabolic_hypertrophic	SPP1	True	SPP1	0.010311969555914402	0.010847318870241505
9	catabolic_hypertrophic	SPP1	True	SPP1	0.21667058765888214	0.16631578947368422
10	catabolic_hypertrophic	SPP1	True	SPP1	0.012481222860515118	0.010547233261999389
11	catabolic_hypertrophic	SPP1	True	SPP1	0.005191569682210684	0.007738304607808653
12	catabolic_hypertrophic	SPP1	True	SPP1	0.0014386980328708887	0.0015725518227305219
13	catabolic_hypertrophic	SPP1	True	SPP1	0.0028479460161179304	0.0029423303256178894
14	catabolic_hypertrophic	SPP1	True	SPP1	0.0044327955693006516	0.0056939501779359435
15	catabolic_hypertrophic	SPP1	True	SPP1	0.027508530765771866	0.031969910672308414
16	catabolic_hypertrophic	SPP1	True	SPP1	0.017252927646040916	0.015727729792445532
17	catabolic_hypertrophic	SPP1	True	SPP1	0.02318444475531578	0.022929936305732482
18	catabolic_hypertrophic	SPP1	True	SPP1	0.03896012529730797	0.030931821110967907
0	inflammatory_stress	CCL2	True	CCL2	0.03815055638551712	0.04202468364318075
1	inflammatory_stress	CCL2	True	CCL2	0.18104588985443115	0.13635671891645107
2	inflammatory_stress	CCL2	True	CCL2	0.13142256438732147	0.1196763202725724
3	inflammatory_stress	CCL2	True	CCL2	0.8319711089134216	0.4019638897687678
4	inflammatory_stress	CCL2	True	CCL2	0.023912036791443825	0.021208226221079693
5	inflammatory_stress	CCL2	True	CCL2	0.13397684693336487	0.09820359281437126
6	inflammatory_stress	CCL2	True	CCL2	0.329037606716156	0.21415270018621974
7	inflammatory_stress	CCL2	True	CCL2	0.879534125328064	0.48214691835342277
8	inflammatory_stress	CCL2	True	CCL2	0.7453572154045105	0.434916086778551
9	inflammatory_stress	CCL2	True	CCL2	0.9700784087181091	0.7031578947368421
10	inflammatory_stress	CCL2	True	CCL2	0.2174992561340332	0.1670742892081932
11	inflammatory_stress	CCL2	True	CCL2	0.2976624667644501	0.21878297572986283
12	inflammatory_stress	CCL2	True	CCL2	0.17680557072162628	0.15496783416726234
13	inflammatory_stress	CCL2	True	CCL2	0.2657908797264099	0.22557865829737153
14	inflammatory_stress	CCL2	True	CCL2	0.398494154214859	0.2693950177935943
15	inflammatory_stress	CCL2	True	CCL2	0.2590492367744446	0.21250587682181477
16	inflammatory_stress	CCL2	True	CCL2	0.30593419075012207	0.20871470929483046
17	inflammatory_stress	CCL2	True	CCL2	0.2913166880607605	0.24203821656050956
18	inflammatory_stress	CCL2	True	CCL2	0.07244552671909332	0.08416032993942518
0	inflammatory_stress	CCL3	True	CCL3	0.0016366252675652504	0.0017184814872676145
1	inflammatory_stress	CCL3	True	CCL3	0.001172074698843062	0.0015218383807639629
2	inflammatory_stress	CCL3	True	CCL3	0.0003905953199137002	0.0008517887563884157
3	inflammatory_stress	CCL3	True	CCL3	0.010954457335174084	0.010452961672473868
4	inflammatory_stress	CCL3	True	CCL3	0.0017342045903205872	0.0009640102827763496
5	inflammatory_stress	CCL3	True	CCL3	0.003958773333579302	0.004391217564870259
6	inflammatory_stress	CCL3	True	CCL3	0.003686382668092847	0.0040347610180012415
7	inflammatory_stress	CCL3	True	CCL3	0.019348150119185448	0.016602228792358426
8	inflammatory_stress	CCL3	True	CCL3	0.01966145634651184	0.02005730659025788
9	inflammatory_stress	CCL3	True	CCL3	0.4279882609844208	0.32210526315789473
10	inflammatory_stress	CCL3	True	CCL3	0.004482282791286707	0.005197187404463467
11	inflammatory_stress	CCL3	True	CCL3	0.004502611234784126	0.004924375659514597
12	inflammatory_stress	CCL3	True	CCL3	0.000618315243627876	0.0005718370264474624
13	inflammatory_stress	CCL3	True	CCL3	0.0004859469772782177	0.0005884660651235779
14	inflammatory_stress	CCL3	True	CCL3	0.000638980942312628	0.0008896797153024911
15	inflammatory_stress	CCL3	True	CCL3	0.009744677692651749	0.014104372355430184
16	inflammatory_stress	CCL3	True	CCL3	0.03148089349269867	0.03106871213097847
17	inflammatory_stress	CCL3	True	CCL3	0.010390015318989754	0.014267515923566879
18	inflammatory_stress	CCL3	True	CCL3	0.004774332512170076	0.006444129398118314
0	inflammatory_stress	CXCL8	True	CXCL8	0.006378223188221455	0.0076550538978284646
1	inflammatory_stress	CXCL8	True	CXCL8	0.006353698670864105	0.008065743418049004
2	inflammatory_stress	CXCL8	True	CXCL8	0.005010856781154871	0.0068143100511073255
3	inflammatory_stress	CXCL8	True	CXCL8	0.013381745666265488	0.013303769401330377
4	inflammatory_stress	CXCL8	True	CXCL8	0.0037296819500625134	0.002731362467866324
5	inflammatory_stress	CXCL8	True	CXCL8	0.016449879854917526	0.013173652694610778
6	inflammatory_stress	CXCL8	True	CXCL8	0.024822428822517395	0.01675977653631285
7	inflammatory_stress	CXCL8	True	CXCL8	0.02837233804166317	0.026154196042756424
8	inflammatory_stress	CXCL8	True	CXCL8	0.033032018691301346	0.03151862464183381
9	inflammatory_stress	CXCL8	True	CXCL8	0.5294821858406067	0.4357894736842105
10	inflammatory_stress	CXCL8	True	CXCL8	0.02513911947607994	0.031641699785998165
11	inflammatory_stress	CXCL8	True	CXCL8	0.2512314021587372	0.14491734083714386
12	inflammatory_stress	CXCL8	True	CXCL8	0.0019560710061341524	0.0020014295925661185
13	inflammatory_stress	CXCL8	True	CXCL8	0.006201331038028002	0.006865437426441742
14	inflammatory_stress	CXCL8	True	CXCL8	0.016002541407942772	0.015124555160142349
15	inflammatory_stress	CXCL8	True	CXCL8	0.10603847354650497	0.08979783732957217
16	inflammatory_stress	CXCL8	True	CXCL8	0.06411734223365784	0.060203686992393965
17	inflammatory_stress	CXCL8	True	CXCL8	0.026536142453551292	0.03337579617834395
18	inflammatory_stress	CXCL8	True	CXCL8	0.014100003987550735	0.018559092666580745
0	inflammatory_stress	IL6	True	IL6	0.024393728002905846	0.028901734104046242
1	inflammatory_stress	IL6	True	IL6	0.06259570270776749	0.0736569776289758
2	inflammatory_stress	IL6	True	IL6	0.028246257454156876	0.042163543441226574
3	inflammatory_stress	IL6	True	IL6	0.13701578974723816	0.13145391194171682
4	inflammatory_stress	IL6	True	IL6	0.023167597129940987	0.022011568123393315
5	inflammatory_stress	IL6	True	IL6	0.04796092212200165	0.0499001996007984
6	inflammatory_stress	IL6	True	IL6	0.20844650268554688	0.2063935443823712
7	inflammatory_stress	IL6	True	IL6	0.1772628128528595	0.12872413008869685
8	inflammatory_stress	IL6	True	IL6	0.1557866483926773	0.13016782644289807
9	inflammatory_stress	IL6	True	IL6	0.08347863703966141	0.1031578947368421
10	inflammatory_stress	IL6	True	IL6	0.03396088629961014	0.027820238459186793
11	inflammatory_stress	IL6	True	IL6	0.05430500581860542	0.06753429475905734
12	inflammatory_stress	IL6	True	IL6	0.014636092819273472	0.020014295925661188
13	inflammatory_stress	IL6	True	IL6	0.013973020948469639	0.01941938014907807
14	inflammatory_stress	IL6	True	IL6	0.02243240550160408	0.025266903914590747
15	inflammatory_stress	IL6	True	IL6	0.052374936640262604	0.06723084156088388
16	inflammatory_stress	IL6	True	IL6	0.017103254795074463	0.015727729792445532
17	inflammatory_stress	IL6	True	IL6	0.01737244799733162	0.01910828025477707
18	inflammatory_stress	IL6	True	IL6	0.003868703730404377	0.005670833870344116
0	inflammatory_stress	PTGS2	True	PTGS2	0.4424963891506195	0.4408686142790189
1	inflammatory_stress	PTGS2	True	PTGS2	0.4242880940437317	0.4198752092527774
2	inflammatory_stress	PTGS2	True	PTGS2	0.4820362329483032	0.5323679727427598
3	inflammatory_stress	PTGS2	True	PTGS2	0.37718358635902405	0.3715552739942984
4	inflammatory_stress	PTGS2	True	PTGS2	0.27367496490478516	0.25498071979434445
5	inflammatory_stress	PTGS2	True	PTGS2	0.21897722780704498	0.21477045908183634
6	inflammatory_stress	PTGS2	True	PTGS2	0.448638379573822	0.4419615145872129
7	inflammatory_stress	PTGS2	True	PTGS2	0.43689829111099243	0.3636570388901524
8	inflammatory_stress	PTGS2	True	PTGS2	0.1710207611322403	0.1588211215718379
9	inflammatory_stress	PTGS2	True	PTGS2	0.3632587492465973	0.42736842105263156
10	inflammatory_stress	PTGS2	True	PTGS2	0.3316172957420349	0.32665851421583614
11	inflammatory_stress	PTGS2	True	PTGS2	0.16576187312602997	0.19556806190643686
12	inflammatory_stress	PTGS2	True	PTGS2	0.31120625138282776	0.3346676197283774
13	inflammatory_stress	PTGS2	True	PTGS2	0.3299157917499542	0.3640643389564535
14	inflammatory_stress	PTGS2	True	PTGS2	0.749267578125	0.6055160142348754
15	inflammatory_stress	PTGS2	True	PTGS2	0.081194669008255	0.11283497884344147
16	inflammatory_stress	PTGS2	True	PTGS2	0.36079084873199463	0.30282325641356195
17	inflammatory_stress	PTGS2	True	PTGS2	0.20063355565071106	0.20636942675159237
18	inflammatory_stress	PTGS2	True	PTGS2	0.2887730300426483	0.3280061863642222
0	inflammatory_stress	NFKBIA	True	NFKBIA	1.6688638925552368	0.8675206998906421
1	inflammatory_stress	NFKBIA	True	NFKBIA	1.7599341869354248	0.88175315781464
2	inflammatory_stress	NFKBIA	True	NFKBIA	1.6731348037719727	0.9020442930153322
3	inflammatory_stress	NFKBIA	True	NFKBIA	1.645087480545044	0.844789356984479
4	inflammatory_stress	NFKBIA	True	NFKBIA	1.0247834920883179	0.6139138817480719
5	inflammatory_stress	NFKBIA	True	NFKBIA	1.2793512344360352	0.6854291417165669
6	inflammatory_stress	NFKBIA	True	NFKBIA	1.8940473794937134	0.8891992551210428
7	inflammatory_stress	NFKBIA	True	NFKBIA	2.2047224044799805	0.9151694337047988
8	inflammatory_stress	NFKBIA	True	NFKBIA	1.4928476810455322	0.7910356119525174
9	inflammatory_stress	NFKBIA	True	NFKBIA	2.1523923873901367	0.9831578947368421
10	inflammatory_stress	NFKBIA	True	NFKBIA	1.6868165731430054	0.8369000305716906
11	inflammatory_stress	NFKBIA	True	NFKBIA	1.8358957767486572	0.8775940907492086
12	inflammatory_stress	NFKBIA	True	NFKBIA	1.7344356775283813	0.8521801286633309
13	inflammatory_stress	NFKBIA	True	NFKBIA	2.1288366317749023	0.8985876814437034
14	inflammatory_stress	NFKBIA	True	NFKBIA	1.6608978509902954	0.8277580071174377
15	inflammatory_stress	NFKBIA	True	NFKBIA	1.776071548461914	0.8909261871180065
16	inflammatory_stress	NFKBIA	True	NFKBIA	1.6469122171401978	0.7782647930901122
17	inflammatory_stress	NFKBIA	True	NFKBIA	1.664693832397461	0.8443312101910828
18	inflammatory_stress	NFKBIA	True	NFKBIA	1.8016608953475952	0.9038535893800748
0	inflammatory_stress	JUN	True	JUN	2.372835874557495	0.9375097640993595
1	inflammatory_stress	JUN	True	JUN	2.6383683681488037	0.9388220970932887
2	inflammatory_stress	JUN	True	JUN	1.7350783348083496	0.9011925042589438
3	inflammatory_stress	JUN	True	JUN	3.2182154655456543	0.9794108330693696
4	inflammatory_stress	JUN	True	JUN	1.6532576084136963	0.8088046272493573
5	inflammatory_stress	JUN	True	JUN	2.3671047687530518	0.9145708582834331
6	inflammatory_stress	JUN	True	JUN	2.752995729446411	0.9671011793916822
7	inflammatory_stress	JUN	True	JUN	2.731971502304077	0.9629292699567887
8	inflammatory_stress	JUN	True	JUN	2.2503578662872314	0.8882521489971347
9	inflammatory_stress	JUN	True	JUN	1.7132755517959595	0.9473684210526315
10	inflammatory_stress	JUN	True	JUN	1.3260924816131592	0.740599205136044
11	inflammatory_stress	JUN	True	JUN	1.8452054262161255	0.8775940907492086
12	inflammatory_stress	JUN	True	JUN	2.4764068126678467	0.949964260185847
13	inflammatory_stress	JUN	True	JUN	1.8314592838287354	0.9019223224794037
14	inflammatory_stress	JUN	True	JUN	1.6395097970962524	0.8466192170818505
15	inflammatory_stress	JUN	True	JUN	1.6945006847381592	0.8754113775270334
16	inflammatory_stress	JUN	True	JUN	1.6109340190887451	0.7903828799793735
17	inflammatory_stress	JUN	True	JUN	1.635769248008728	0.859108280254777
18	inflammatory_stress	JUN	True	JUN	1.6042932271957397	0.8645444000515531
0	inflammatory_stress	FOS	True	FOS	3.056910753250122	0.9453210435869396
1	inflammatory_stress	FOS	True	FOS	3.0296924114227295	0.9281692284279409
2	inflammatory_stress	FOS	True	FOS	2.875685930252075	0.9399488926746167
3	inflammatory_stress	FOS	True	FOS	3.4728946685791016	0.9673740893253089
4	inflammatory_stress	FOS	True	FOS	2.5666120052337646	0.8639138817480719
5	inflammatory_stress	FOS	True	FOS	2.593989849090576	0.9089820359281438
6	inflammatory_stress	FOS	True	FOS	3.144533634185791	0.952203600248293
7	inflammatory_stress	FOS	True	FOS	3.1177845001220703	0.9376847850807368
8	inflammatory_stress	FOS	True	FOS	2.429689407348633	0.8767908309455588
9	inflammatory_stress	FOS	True	FOS	2.969343662261963	1.0
10	inflammatory_stress	FOS	True	FOS	2.3296217918395996	0.8694588810761235
11	inflammatory_stress	FOS	True	FOS	2.4325897693634033	0.885684136475554
12	inflammatory_stress	FOS	True	FOS	2.566707134246826	0.9163688348820586
13	inflammatory_stress	FOS	True	FOS	2.2573130130767822	0.8952530404080031
14	inflammatory_stress	FOS	True	FOS	2.320643663406372	0.8943060498220641
15	inflammatory_stress	FOS	True	FOS	2.319756031036377	0.919605077574048
16	inflammatory_stress	FOS	True	FOS	2.7826309204101562	0.9319324481113833
17	inflammatory_stress	FOS	True	FOS	2.109969139099121	0.8950318471337579
18	inflammatory_stress	FOS	True	FOS	2.7787609100341797	0.9566954504446449
0	inflammatory_stress	IER3	True	IER3	1.61533784866333	0.7519137634744572
1	inflammatory_stress	IER3	True	IER3	1.483607292175293	0.6711307259169076
2	inflammatory_stress	IER3	True	IER3	1.7675716876983643	0.8326235093696763
3	inflammatory_stress	IER3	True	IER3	1.5533100366592407	0.7174532784288882
4	inflammatory_stress	IER3	True	IER3	1.305273175239563	0.6585796915167095
5	inflammatory_stress	IER3	True	IER3	1.7262769937515259	0.7493013972055889
6	inflammatory_stress	IER3	True	IER3	1.9926899671554565	0.8255741775294848
7	inflammatory_stress	IER3	True	IER3	1.9938385486602783	0.8428473959517853
8	inflammatory_stress	IER3	True	IER3	1.8448375463485718	0.7245190339746214
9	inflammatory_stress	IER3	True	IER3	2.327221393585205	0.9852631578947368
10	inflammatory_stress	IER3	True	IER3	1.3250694274902344	0.6601956588199327
11	inflammatory_stress	IER3	True	IER3	1.4092538356781006	0.6953921913471685
12	inflammatory_stress	IER3	True	IER3	2.6517410278320312	0.8833452466047177
13	inflammatory_stress	IER3	True	IER3	2.4675073623657227	0.8774029030992546
14	inflammatory_stress	IER3	True	IER3	2.132286787033081	0.8697508896797153
15	inflammatory_stress	IER3	True	IER3	1.8517429828643799	0.8048895157498824
16	inflammatory_stress	IER3	True	IER3	1.9216690063476562	0.7874178161660436
17	inflammatory_stress	IER3	True	IER3	1.8470871448516846	0.836687898089172
18	inflammatory_stress	IER3	True	IER3	2.037111759185791	0.8801391931949993
0	inflammatory_stress	SOD2	True	SOD2	2.9466476440429688	0.9596937978440868
1	inflammatory_stress	SOD2	True	SOD2	2.4916701316833496	0.9502358849490185
2	inflammatory_stress	SOD2	True	SOD2	2.9208273887634277	0.9740204429301533
3	inflammatory_stress	SOD2	True	SOD2	1.8448091745376587	0.9081406398479569
4	inflammatory_stress	SOD2	True	SOD2	3.2292938232421875	0.976060411311054
5	inflammatory_stress	SOD2	True	SOD2	2.3673691749572754	0.9213572854291417
6	inflammatory_stress	SOD2	True	SOD2	2.586449384689331	0.9726877715704532
7	inflammatory_stress	SOD2	True	SOD2	1.922399640083313	0.8969752103707073
8	inflammatory_stress	SOD2	True	SOD2	1.1835075616836548	0.7175603765861646
9	inflammatory_stress	SOD2	True	SOD2	1.9748990535736084	0.9642105263157895
10	inflammatory_stress	SOD2	True	SOD2	1.6978315114974976	0.8090797921125038
11	inflammatory_stress	SOD2	True	SOD2	1.791326880455017	0.8635244460077383
12	inflammatory_stress	SOD2	True	SOD2	1.1311967372894287	0.735096497498213
13	inflammatory_stress	SOD2	True	SOD2	1.1877530813217163	0.7548058061985092
14	inflammatory_stress	SOD2	True	SOD2	2.1508538722991943	0.8862989323843417
15	inflammatory_stress	SOD2	True	SOD2	1.2924177646636963	0.8171133051245886
16	inflammatory_stress	SOD2	True	SOD2	1.6739473342895508	0.7749129818228697
17	inflammatory_stress	SOD2	True	SOD2	1.0100152492523193	0.6828025477707006
18	inflammatory_stress	SOD2	True	SOD2	1.0499850511550903	0.7266400309318211
0	senescence_cell_cycle_arrest	CDKN1A	True	CDKN1A	0.9249000549316406	0.693172941727855
1	senescence_cell_cycle_arrest	CDKN1A	True	CDKN1A	1.0625019073486328	0.6659564754223102
2	senescence_cell_cycle_arrest	CDKN1A	True	CDKN1A	1.3265360593795776	0.8385860306643952
3	senescence_cell_cycle_arrest	CDKN1A	True	CDKN1A	0.9904686808586121	0.6762749445676275
4	senescence_cell_cycle_arrest	CDKN1A	True	CDKN1A	0.8956303596496582	0.5983290488431876
5	senescence_cell_cycle_arrest	CDKN1A	True	CDKN1A	1.0223790407180786	0.6167664670658682
6	senescence_cell_cycle_arrest	CDKN1A	True	CDKN1A	1.3446359634399414	0.8010552451893234
7	senescence_cell_cycle_arrest	CDKN1A	True	CDKN1A	0.9417431950569153	0.6222424380259267
8	senescence_cell_cycle_arrest	CDKN1A	True	CDKN1A	0.5020805597305298	0.40053213262382314
9	senescence_cell_cycle_arrest	CDKN1A	True	CDKN1A	0.6446255445480347	0.6463157894736842
10	senescence_cell_cycle_arrest	CDKN1A	True	CDKN1A	0.8483922481536865	0.5750535004585754
11	senescence_cell_cycle_arrest	CDKN1A	True	CDKN1A	0.8127894997596741	0.5965529370383398
12	senescence_cell_cycle_arrest	CDKN1A	True	CDKN1A	0.8858875036239624	0.6310221586847748
13	senescence_cell_cycle_arrest	CDKN1A	True	CDKN1A	1.2331960201263428	0.7487249901922323
14	senescence_cell_cycle_arrest	CDKN1A	True	CDKN1A	1.4639434814453125	0.8300711743772242
15	senescence_cell_cycle_arrest	CDKN1A	True	CDKN1A	0.6205341219902039	0.5557122708039492
16	senescence_cell_cycle_arrest	CDKN1A	True	CDKN1A	0.5727384686470032	0.4205233982209617
17	senescence_cell_cycle_arrest	CDKN1A	True	CDKN1A	0.5196998119354248	0.4614012738853503
18	senescence_cell_cycle_arrest	CDKN1A	True	CDKN1A	0.8257704973220825	0.6642608583580358
0	senescence_cell_cycle_arrest	CDKN2A	True	CDKN2A	0.004352867603302002	0.006717700359318857
1	senescence_cell_cycle_arrest	CDKN2A	True	CDKN2A	0.004361843690276146	0.006391721199208644
2	senescence_cell_cycle_arrest	CDKN2A	True	CDKN2A	0.004859365988522768	0.011073253833049404
3	senescence_cell_cycle_arrest	CDKN2A	True	CDKN2A	0.0011719688773155212	0.0012670256572695597
4	senescence_cell_cycle_arrest	CDKN2A	True	CDKN2A	0.007178178522735834	0.006587403598971722
5	senescence_cell_cycle_arrest	CDKN2A	True	CDKN2A	0.003957050386816263	0.004790419161676647
6	senescence_cell_cycle_arrest	CDKN2A	True	CDKN2A	0.0038136702496558428	0.00558659217877095
7	senescence_cell_cycle_arrest	CDKN2A	True	CDKN2A	0.007050416897982359	0.00886968387536957
8	senescence_cell_cycle_arrest	CDKN2A	True	CDKN2A	0.011275938712060452	0.011870650839132215
9	senescence_cell_cycle_arrest	CDKN2A	True	CDKN2A	0.03932143375277519	0.056842105263157895
10	senescence_cell_cycle_arrest	CDKN2A	True	CDKN2A	0.021218009293079376	0.027820238459186793
11	senescence_cell_cycle_arrest	CDKN2A	True	CDKN2A	0.006351168267428875	0.010903974674639466
12	senescence_cell_cycle_arrest	CDKN2A	True	CDKN2A	0.004960047546774149	0.006576125804145818
13	senescence_cell_cycle_arrest	CDKN2A	True	CDKN2A	0.004265268333256245	0.006669282071400549
14	senescence_cell_cycle_arrest	CDKN2A	True	CDKN2A	0.005397570785135031	0.0071174377224199285
15	senescence_cell_cycle_arrest	CDKN2A	True	CDKN2A	0.016537180170416832	0.027268453220498354
16	senescence_cell_cycle_arrest	CDKN2A	True	CDKN2A	0.024487679824233055	0.02488075286837695
17	senescence_cell_cycle_arrest	CDKN2A	True	CDKN2A	0.08435323089361191	0.10343949044585987
18	senescence_cell_cycle_arrest	CDKN2A	True	CDKN2A	0.016434838995337486	0.025905400180435623
0	senescence_cell_cycle_arrest	CDKN2B	True	CDKN2B	0.027438916265964508	0.041868458053429154
1	senescence_cell_cycle_arrest	CDKN2B	True	CDKN2B	0.024252889677882195	0.03956779789986303
2	senescence_cell_cycle_arrest	CDKN2B	True	CDKN2B	0.03823307901620865	0.07708688245315162
3	senescence_cell_cycle_arrest	CDKN2B	True	CDKN2B	0.013781777583062649	0.017421602787456445
4	senescence_cell_cycle_arrest	CDKN2B	True	CDKN2B	0.025047652423381805	0.027152956298200515
5	senescence_cell_cycle_arrest	CDKN2B	True	CDKN2B	0.02156359702348709	0.022754491017964073
6	senescence_cell_cycle_arrest	CDKN2B	True	CDKN2B	0.03256192058324814	0.04220980757293606
7	senescence_cell_cycle_arrest	CDKN2B	True	CDKN2B	0.026901183649897575	0.03593359108483057
8	senescence_cell_cycle_arrest	CDKN2B	True	CDKN2B	0.030223345384001732	0.03765861645517806
9	senescence_cell_cycle_arrest	CDKN2B	True	CDKN2B	0.029120035469532013	0.04631578947368421
10	senescence_cell_cycle_arrest	CDKN2B	True	CDKN2B	0.04074399918317795	0.05976765515132987
11	senescence_cell_cycle_arrest	CDKN2B	True	CDKN2B	0.02258175238966942	0.041857193105874074
12	senescence_cell_cycle_arrest	CDKN2B	True	CDKN2B	0.05144120752811432	0.06847748391708364
13	senescence_cell_cycle_arrest	CDKN2B	True	CDKN2B	0.0205030869692564	0.030404080031384857
14	senescence_cell_cycle_arrest	CDKN2B	True	CDKN2B	0.028114372864365578	0.051067615658362986
15	senescence_cell_cycle_arrest	CDKN2B	True	CDKN2B	0.02791164070367813	0.04842501175364363
16	senescence_cell_cycle_arrest	CDKN2B	True	CDKN2B	0.04097165912389755	0.04292896738429805
17	senescence_cell_cycle_arrest	CDKN2B	True	CDKN2B	0.061622269451618195	0.08356687898089173
18	senescence_cell_cycle_arrest	CDKN2B	True	CDKN2B	0.03220275789499283	0.048717618249774455
0	senescence_cell_cycle_arrest	GADD45A	True	GADD45A	0.6681574583053589	0.5992813622871427
1	senescence_cell_cycle_arrest	GADD45A	True	GADD45A	0.8271499872207642	0.6399330391112464
2	senescence_cell_cycle_arrest	GADD45A	True	GADD45A	0.7971620559692383	0.7461669505962522
3	senescence_cell_cycle_arrest	GADD45A	True	GADD45A	1.4722588062286377	0.7773202407348749
4	senescence_cell_cycle_arrest	GADD45A	True	GADD45A	0.9176689386367798	0.5980077120822622
5	senescence_cell_cycle_arrest	GADD45A	True	GADD45A	1.3817687034606934	0.6558882235528942
6	senescence_cell_cycle_arrest	GADD45A	True	GADD45A	1.598508596420288	0.8358162631905649
7	senescence_cell_cycle_arrest	GADD45A	True	GADD45A	1.084621548652649	0.7234478053218103
8	senescence_cell_cycle_arrest	GADD45A	True	GADD45A	0.6736629605293274	0.5325419566107246
9	senescence_cell_cycle_arrest	GADD45A	True	GADD45A	0.5468159317970276	0.5831578947368421
10	senescence_cell_cycle_arrest	GADD45A	True	GADD45A	0.535498857498169	0.510088657902782
11	senescence_cell_cycle_arrest	GADD45A	True	GADD45A	0.5742843747138977	0.5487161449173409
12	senescence_cell_cycle_arrest	GADD45A	True	GADD45A	0.8287783861160278	0.6584703359542531
13	senescence_cell_cycle_arrest	GADD45A	True	GADD45A	0.9607480764389038	0.7430364848960377
14	senescence_cell_cycle_arrest	GADD45A	True	GADD45A	0.9530890583992004	0.7540925266903915
15	senescence_cell_cycle_arrest	GADD45A	True	GADD45A	0.6367140412330627	0.5858015984955336
16	senescence_cell_cycle_arrest	GADD45A	True	GADD45A	0.44163015484809875	0.3712775557560913
17	senescence_cell_cycle_arrest	GADD45A	True	GADD45A	0.5142685770988464	0.4771974522292994
18	senescence_cell_cycle_arrest	GADD45A	True	GADD45A	0.4664761424064636	0.5244232504188684
0	senescence_cell_cycle_arrest	GADD45B	True	GADD45B	2.3090343475341797	0.9231370098422121
1	senescence_cell_cycle_arrest	GADD45B	True	GADD45B	2.378594398498535	0.8714046568254451
2	senescence_cell_cycle_arrest	GADD45B	True	GADD45B	2.3289825916290283	0.9246166950596252
3	senescence_cell_cycle_arrest	GADD45B	True	GADD45B	2.754672050476074	0.923661704149509
4	senescence_cell_cycle_arrest	GADD45B	True	GADD45B	2.081613779067993	0.8645565552699229
5	senescence_cell_cycle_arrest	GADD45B	True	GADD45B	2.780691623687744	0.9297405189620759
6	senescence_cell_cycle_arrest	GADD45B	True	GADD45B	2.817258358001709	0.9593420235878336
7	senescence_cell_cycle_arrest	GADD45B	True	GADD45B	2.277529001235962	0.9217648396634068
8	senescence_cell_cycle_arrest	GADD45B	True	GADD45B	2.212782382965088	0.8610315186246418
9	senescence_cell_cycle_arrest	GADD45B	True	GADD45B	2.6392669677734375	0.9936842105263158
10	senescence_cell_cycle_arrest	GADD45B	True	GADD45B	1.8766990900039673	0.8312442678080098
11	senescence_cell_cycle_arrest	GADD45B	True	GADD45B	1.682574987411499	0.7787548364403799
12	senescence_cell_cycle_arrest	GADD45B	True	GADD45B	2.940579652786255	0.9345246604717655
13	senescence_cell_cycle_arrest	GADD45B	True	GADD45B	2.8567752838134766	0.9690074539034915
14	senescence_cell_cycle_arrest	GADD45B	True	GADD45B	2.218539237976074	0.9081850533807829
15	senescence_cell_cycle_arrest	GADD45B	True	GADD45B	1.9815118312835693	0.8551951104842501
16	senescence_cell_cycle_arrest	GADD45B	True	GADD45B	2.3283770084381104	0.8654118860384169
17	senescence_cell_cycle_arrest	GADD45B	True	GADD45B	1.8690909147262573	0.870828025477707
18	senescence_cell_cycle_arrest	GADD45B	True	GADD45B	2.2977938652038574	0.9269235726253383
0	senescence_cell_cycle_arrest	SERPINE1	True	SERPINE1	0.4186788499355316	0.3971254491485705
1	senescence_cell_cycle_arrest	SERPINE1	True	SERPINE1	0.21316812932491302	0.25125551666413026
2	senescence_cell_cycle_arrest	SERPINE1	True	SERPINE1	0.7820519804954529	0.6452299829642248
3	senescence_cell_cycle_arrest	SERPINE1	True	SERPINE1	0.08502604067325592	0.0975609756097561
4	senescence_cell_cycle_arrest	SERPINE1	True	SERPINE1	0.20453260838985443	0.18444730077120822
5	senescence_cell_cycle_arrest	SERPINE1	True	SERPINE1	0.20518535375595093	0.16447105788423153
6	senescence_cell_cycle_arrest	SERPINE1	True	SERPINE1	0.3100230097770691	0.2911235257603973
7	senescence_cell_cycle_arrest	SERPINE1	True	SERPINE1	0.4461759924888611	0.3859449624744144
8	senescence_cell_cycle_arrest	SERPINE1	True	SERPINE1	0.2713210880756378	0.24744167007777323
9	senescence_cell_cycle_arrest	SERPINE1	True	SERPINE1	0.8240000605583191	0.7031578947368421
10	senescence_cell_cycle_arrest	SERPINE1	True	SERPINE1	0.9854727983474731	0.664322837052889
11	senescence_cell_cycle_arrest	SERPINE1	True	SERPINE1	0.18619148433208466	0.22757650369328175
12	senescence_cell_cycle_arrest	SERPINE1	True	SERPINE1	0.5295095443725586	0.47619728377412435
13	senescence_cell_cycle_arrest	SERPINE1	True	SERPINE1	0.5724897384643555	0.5105923891722244
14	senescence_cell_cycle_arrest	SERPINE1	True	SERPINE1	0.7580575346946716	0.5701067615658363
15	senescence_cell_cycle_arrest	SERPINE1	True	SERPINE1	0.2639276385307312	0.2764456981664316
16	senescence_cell_cycle_arrest	SERPINE1	True	SERPINE1	0.659597635269165	0.4544282583472992
17	senescence_cell_cycle_arrest	SERPINE1	True	SERPINE1	1.1754416227340698	0.6937579617834395
18	senescence_cell_cycle_arrest	SERPINE1	True	SERPINE1	0.9013248682022095	0.6598788503673154
0	senescence_cell_cycle_arrest	GLB1	True	GLB1	0.09526973962783813	0.13607248867364474
1	senescence_cell_cycle_arrest	GLB1	True	GLB1	0.11982548981904984	0.17759853903515446
2	senescence_cell_cycle_arrest	GLB1	True	GLB1	0.04808790981769562	0.09667802385008518
3	senescence_cell_cycle_arrest	GLB1	True	GLB1	0.17520573735237122	0.2229965156794425
4	senescence_cell_cycle_arrest	GLB1	True	GLB1	0.013075959868729115	0.014460154241645245
5	senescence_cell_cycle_arrest	GLB1	True	GLB1	0.04420294985175133	0.05229540918163673
6	senescence_cell_cycle_arrest	GLB1	True	GLB1	0.08697879314422607	0.12538795779019243
7	senescence_cell_cycle_arrest	GLB1	True	GLB1	0.10613009333610535	0.1439617921309984
8	senescence_cell_cycle_arrest	GLB1	True	GLB1	0.1251051276922226	0.15206713057715923
9	senescence_cell_cycle_arrest	GLB1	True	GLB1	0.09561377018690109	0.14105263157894737
10	senescence_cell_cycle_arrest	GLB1	True	GLB1	0.09282556921243668	0.13604402323448486
11	senescence_cell_cycle_arrest	GLB1	True	GLB1	0.09597403556108475	0.15089693985226874
12	senescence_cell_cycle_arrest	GLB1	True	GLB1	0.07723250985145569	0.10450321658327377
13	senescence_cell_cycle_arrest	GLB1	True	GLB1	0.050915222615003586	0.07277363672028246
14	senescence_cell_cycle_arrest	GLB1	True	GLB1	0.04873264208436012	0.08683274021352314
15	senescence_cell_cycle_arrest	GLB1	True	GLB1	0.12401966750621796	0.19746121297602257
16	senescence_cell_cycle_arrest	GLB1	True	GLB1	0.06208853796124458	0.07013020497615058
17	senescence_cell_cycle_arrest	GLB1	True	GLB1	0.1251048594713211	0.17121019108280255
18	senescence_cell_cycle_arrest	GLB1	True	GLB1	0.11410684138536453	0.18971516948060316
0	senescence_cell_cycle_arrest	LMNB1	True	LMNB1	0.02255191281437874	0.033900952976097486
1	senescence_cell_cycle_arrest	LMNB1	True	LMNB1	0.028403179720044136	0.043068026175620146
2	senescence_cell_cycle_arrest	LMNB1	True	LMNB1	0.04968886077404022	0.09028960817717206
3	senescence_cell_cycle_arrest	LMNB1	True	LMNB1	0.011261286213994026	0.014887551472917327
4	senescence_cell_cycle_arrest	LMNB1	True	LMNB1	0.02454490214586258	0.025867609254498714
5	senescence_cell_cycle_arrest	LMNB1	True	LMNB1	0.0189325250685215	0.019560878243512974
6	senescence_cell_cycle_arrest	LMNB1	True	LMNB1	0.02196068875491619	0.0335195530726257
7	senescence_cell_cycle_arrest	LMNB1	True	LMNB1	0.0077851698733866215	0.012281100750511713
8	senescence_cell_cycle_arrest	LMNB1	True	LMNB1	0.010260655544698238	0.012279983626688497
9	senescence_cell_cycle_arrest	LMNB1	True	LMNB1	0.017525948584079742	0.029473684210526315
10	senescence_cell_cycle_arrest	LMNB1	True	LMNB1	0.011209670454263687	0.01589727911953531
11	senescence_cell_cycle_arrest	LMNB1	True	LMNB1	0.005324061494320631	0.009145269081955681
12	senescence_cell_cycle_arrest	LMNB1	True	LMNB1	0.01284508965909481	0.018727662616154397
13	senescence_cell_cycle_arrest	LMNB1	True	LMNB1	0.025669893249869347	0.0400156924284033
14	senescence_cell_cycle_arrest	LMNB1	True	LMNB1	0.03381553292274475	0.054270462633451956
15	senescence_cell_cycle_arrest	LMNB1	True	LMNB1	0.014635470695793629	0.024447578749412318
16	senescence_cell_cycle_arrest	LMNB1	True	LMNB1	0.014961915090680122	0.016114477246358127
17	senescence_cell_cycle_arrest	LMNB1	True	LMNB1	0.013897904194891453	0.021146496815286624
18	senescence_cell_cycle_arrest	LMNB1	True	LMNB1	0.009165456518530846	0.015337027967521588
0	sasp_matrix_remodeling	MMP1	True	MMP1	0.0006314778001978993	0.0007811279487580066
1	sasp_matrix_remodeling	MMP1	True	MMP1	0.0027111885137856007	0.0035002282757571144
2	sasp_matrix_remodeling	MMP1	True	MMP1	0.010377297177910805	0.010647359454855196
3	sasp_matrix_remodeling	MMP1	True	MMP1	0.00666128471493721	0.005068102629078239
4	sasp_matrix_remodeling	MMP1	True	MMP1	0.0006741227116435766	0.0008033419023136247
5	sasp_matrix_remodeling	MMP1	True	MMP1	0.004428241401910782	0.0027944111776447107
6	sasp_matrix_remodeling	MMP1	True	MMP1	0.006357175763696432	0.008690254500310366
7	sasp_matrix_remodeling	MMP1	True	MMP1	0.0020670441444963217	0.0029565612917898565
8	sasp_matrix_remodeling	MMP1	True	MMP1	0.003411968005821109	0.0036839950880065493
9	sasp_matrix_remodeling	MMP1	True	MMP1	0.005128104239702225	0.008421052631578947
10	sasp_matrix_remodeling	MMP1	True	MMP1	0.0015819522086530924	0.0022928767960868237
11	sasp_matrix_remodeling	MMP1	True	MMP1	0.085525281727314	0.06472036581076328
12	sasp_matrix_remodeling	MMP1	True	MMP1	0.0019732543732970953	0.002144388849177984
13	sasp_matrix_remodeling	MMP1	True	MMP1	0.0017503381241112947	0.001569242840329541
14	sasp_matrix_remodeling	MMP1	True	MMP1	0.010109043680131435	0.008540925266903915
15	sasp_matrix_remodeling	MMP1	True	MMP1	0.06680983304977417	0.043253408556652564
16	sasp_matrix_remodeling	MMP1	True	MMP1	0.0037307555321604013	0.003351811267242491
17	sasp_matrix_remodeling	MMP1	True	MMP1	0.0019718508701771498	0.0022929936305732482
18	sasp_matrix_remodeling	MMP1	True	MMP1	0.0016839518211781979	0.002577651759247326
0	sasp_matrix_remodeling	MMP3	True	MMP3	1.4245291948318481	0.5692860490548352
1	sasp_matrix_remodeling	MMP3	True	MMP3	2.269932270050049	0.6898493380003043
2	sasp_matrix_remodeling	MMP3	True	MMP3	2.311387777328491	0.82793867120954
3	sasp_matrix_remodeling	MMP3	True	MMP3	0.28190848231315613	0.24421919543870763
4	sasp_matrix_remodeling	MMP3	True	MMP3	2.7479169368743896	0.8211760925449871
5	sasp_matrix_remodeling	MMP3	True	MMP3	1.1014426946640015	0.5173652694610779
6	sasp_matrix_remodeling	MMP3	True	MMP3	1.430293083190918	0.4903786468032278
7	sasp_matrix_remodeling	MMP3	True	MMP3	0.09159272164106369	0.07277689333636571
8	sasp_matrix_remodeling	MMP3	True	MMP3	0.07894095033407211	0.070814572247237
9	sasp_matrix_remodeling	MMP3	True	MMP3	1.200068712234497	0.8126315789473684
10	sasp_matrix_remodeling	MMP3	True	MMP3	0.5364152789115906	0.31397126261082237
11	sasp_matrix_remodeling	MMP3	True	MMP3	0.30843132734298706	0.20436158986985578
12	sasp_matrix_remodeling	MMP3	True	MMP3	1.4441903829574585	0.6301644031451037
13	sasp_matrix_remodeling	MMP3	True	MMP3	0.9765259027481079	0.5237347979599843
14	sasp_matrix_remodeling	MMP3	True	MMP3	1.2825871706008911	0.548932384341637
15	sasp_matrix_remodeling	MMP3	True	MMP3	0.32100728154182434	0.17865538316878232
16	sasp_matrix_remodeling	MMP3	True	MMP3	0.8753339052200317	0.4494005414464355
17	sasp_matrix_remodeling	MMP3	True	MMP3	0.2272091507911682	0.16127388535031847
18	sasp_matrix_remodeling	MMP3	True	MMP3	0.5070714354515076	0.3521072303131847
0	sasp_matrix_remodeling	MMP9	True	MMP9	8.261373295681551e-05	0.0001562255897516013
1	sasp_matrix_remodeling	MMP9	True	MMP9	0.0004537575296126306	0.0006087353523055851
2	sasp_matrix_remodeling	MMP9	True	MMP9	0.00038326455978676677	0.0008517887563884157
3	sasp_matrix_remodeling	MMP9	True	MMP9	0.000981121906079352	0.0012670256572695597
4	sasp_matrix_remodeling	MMP9	True	MMP9	0.0	0.0
5	sasp_matrix_remodeling	MMP9	True	MMP9	0.00031304737785831094	0.0003992015968063872
6	sasp_matrix_remodeling	MMP9	True	MMP9	0.00026950114988721907	0.00031036623215394165
7	sasp_matrix_remodeling	MMP9	True	MMP9	0.0007536659832112491	0.0011371389583807142
8	sasp_matrix_remodeling	MMP9	True	MMP9	0.0018050642684102058	0.0022513303315595578
9	sasp_matrix_remodeling	MMP9	True	MMP9	0.02556627430021763	0.02736842105263158
10	sasp_matrix_remodeling	MMP9	True	MMP9	0.00043123908108100295	0.0009171507184347294
11	sasp_matrix_remodeling	MMP9	True	MMP9	0.0	0.0
12	sasp_matrix_remodeling	MMP9	True	MMP9	0.00024087289057206362	0.0002859185132237312
13	sasp_matrix_remodeling	MMP9	True	MMP9	0.0002808703575283289	0.00039231071008238524
14	sasp_matrix_remodeling	MMP9	True	MMP9	2.4855335141182877e-05	0.00017793594306049823
15	sasp_matrix_remodeling	MMP9	True	MMP9	0.0019849257078021765	0.0028208744710860366
16	sasp_matrix_remodeling	MMP9	True	MMP9	0.0042393822222948074	0.0038674745391259506
17	sasp_matrix_remodeling	MMP9	True	MMP9	0.008801426738500595	0.008917197452229299
18	sasp_matrix_remodeling	MMP9	True	MMP9	0.001141685526818037	0.0020621214073978608
0	sasp_matrix_remodeling	MMP13	True	MMP13	0.0	0.0
1	sasp_matrix_remodeling	MMP13	True	MMP13	0.0	0.0
2	sasp_matrix_remodeling	MMP13	True	MMP13	9.612114808987826e-05	0.00042589437819420784
3	sasp_matrix_remodeling	MMP13	True	MMP13	0.0010399594902992249	0.0015837820715869496
4	sasp_matrix_remodeling	MMP13	True	MMP13	0.00031910676625557244	0.00032133676092544985
5	sasp_matrix_remodeling	MMP13	True	MMP13	0.001052277977578342	0.0015968063872255488
6	sasp_matrix_remodeling	MMP13	True	MMP13	0.0	0.0
7	sasp_matrix_remodeling	MMP13	True	MMP13	0.0005467997980304062	0.00045485558335228563
8	sasp_matrix_remodeling	MMP13	True	MMP13	0.0007274478557519615	0.0006139991813344249
9	sasp_matrix_remodeling	MMP13	True	MMP13	0.017227860167622566	0.01263157894736842
10	sasp_matrix_remodeling	MMP13	True	MMP13	0.0003608853730838746	0.0001528584530724549
11	sasp_matrix_remodeling	MMP13	True	MMP13	0.0021462298464030027	0.0045726345409778405
12	sasp_matrix_remodeling	MMP13	True	MMP13	0.0	0.0
13	sasp_matrix_remodeling	MMP13	True	MMP13	0.00018269356223754585	0.00019615535504119262
14	sasp_matrix_remodeling	MMP13	True	MMP13	0.0035264582838863134	0.0026690391459074734
15	sasp_matrix_remodeling	MMP13	True	MMP13	0.006236516870558262	0.007992477668077104
16	sasp_matrix_remodeling	MMP13	True	MMP13	0.002012207405641675	0.0014180739976795153
17	sasp_matrix_remodeling	MMP13	True	MMP13	0.02304835617542267	0.01554140127388535
18	sasp_matrix_remodeling	MMP13	True	MMP13	0.00036603654734790325	0.0005155303518494652
0	sasp_matrix_remodeling	CXCL1	True	CXCL1	0.0006876358529552817	0.0007811279487580066
1	sasp_matrix_remodeling	CXCL1	True	CXCL1	0.0012569547398015857	0.001674022218840359
2	sasp_matrix_remodeling	CXCL1	True	CXCL1	0.002478045178577304	0.002981260647359455
3	sasp_matrix_remodeling	CXCL1	True	CXCL1	0.039466023445129395	0.031042128603104215
4	sasp_matrix_remodeling	CXCL1	True	CXCL1	0.00021371434559114277	0.00016066838046272492
5	sasp_matrix_remodeling	CXCL1	True	CXCL1	0.021692447364330292	0.02315369261477046
6	sasp_matrix_remodeling	CXCL1	True	CXCL1	0.028050770983099937	0.02265673494723774
7	sasp_matrix_remodeling	CXCL1	True	CXCL1	0.06330768018960953	0.05481009779395042
8	sasp_matrix_remodeling	CXCL1	True	CXCL1	0.04314802587032318	0.03397462136717151
9	sasp_matrix_remodeling	CXCL1	True	CXCL1	0.12678611278533936	0.13473684210526315
10	sasp_matrix_remodeling	CXCL1	True	CXCL1	0.002901228377595544	0.0032100275145215532
11	sasp_matrix_remodeling	CXCL1	True	CXCL1	0.4626683294773102	0.24621878297572986
12	sasp_matrix_remodeling	CXCL1	True	CXCL1	0.0014104822184890509	0.0014295925661186562
13	sasp_matrix_remodeling	CXCL1	True	CXCL1	0.0008095397497527301	0.0011769321302471558
14	sasp_matrix_remodeling	CXCL1	True	CXCL1	0.0030874377116560936	0.003202846975088968
15	sasp_matrix_remodeling	CXCL1	True	CXCL1	0.277647465467453	0.19417019275975553
16	sasp_matrix_remodeling	CXCL1	True	CXCL1	0.0142323337495327	0.013793992522882558
17	sasp_matrix_remodeling	CXCL1	True	CXCL1	0.008633316494524479	0.009936305732484076
18	sasp_matrix_remodeling	CXCL1	True	CXCL1	0.0038719698786735535	0.005670833870344116
0	sasp_matrix_remodeling	CXCL2	True	CXCL2	0.02623034454882145	0.029526636463052647
1	sasp_matrix_remodeling	CXCL2	True	CXCL2	0.06629592180252075	0.07091766854360067
2	sasp_matrix_remodeling	CXCL2	True	CXCL2	0.02422429248690605	0.02555366269165247
3	sasp_matrix_remodeling	CXCL2	True	CXCL2	0.21731029450893402	0.17231548938866012
4	sasp_matrix_remodeling	CXCL2	True	CXCL2	0.021878326311707497	0.021368894601542416
5	sasp_matrix_remodeling	CXCL2	True	CXCL2	0.08487548679113388	0.07864271457085828
6	sasp_matrix_remodeling	CXCL2	True	CXCL2	0.265472948551178	0.21601489757914338
7	sasp_matrix_remodeling	CXCL2	True	CXCL2	0.3587346374988556	0.26745508301114396
8	sasp_matrix_remodeling	CXCL2	True	CXCL2	0.21865278482437134	0.1479738027015964
9	sasp_matrix_remodeling	CXCL2	True	CXCL2	0.6162075996398926	0.4926315789473684
10	sasp_matrix_remodeling	CXCL2	True	CXCL2	0.042508356273174286	0.03668602873738918
11	sasp_matrix_remodeling	CXCL2	True	CXCL2	0.22223250567913055	0.19169890960253252
12	sasp_matrix_remodeling	CXCL2	True	CXCL2	0.02071898803114891	0.02516082916368835
13	sasp_matrix_remodeling	CXCL2	True	CXCL2	0.02685428038239479	0.03275794429187917
14	sasp_matrix_remodeling	CXCL2	True	CXCL2	0.05062596872448921	0.0501779359430605
15	sasp_matrix_remodeling	CXCL2	True	CXCL2	0.08978545665740967	0.09543958627174425
16	sasp_matrix_remodeling	CXCL2	True	CXCL2	0.07644164562225342	0.06664947789093721
17	sasp_matrix_remodeling	CXCL2	True	CXCL2	0.042569153010845184	0.04178343949044586
18	sasp_matrix_remodeling	CXCL2	True	CXCL2	0.011485613882541656	0.01559479314344632
0	sasp_matrix_remodeling	CXCL8	True	CXCL8	0.006378223188221455	0.0076550538978284646
1	sasp_matrix_remodeling	CXCL8	True	CXCL8	0.006353698670864105	0.008065743418049004
2	sasp_matrix_remodeling	CXCL8	True	CXCL8	0.005010856781154871	0.0068143100511073255
3	sasp_matrix_remodeling	CXCL8	True	CXCL8	0.013381745666265488	0.013303769401330377
4	sasp_matrix_remodeling	CXCL8	True	CXCL8	0.0037296819500625134	0.002731362467866324
5	sasp_matrix_remodeling	CXCL8	True	CXCL8	0.016449879854917526	0.013173652694610778
6	sasp_matrix_remodeling	CXCL8	True	CXCL8	0.024822428822517395	0.01675977653631285
7	sasp_matrix_remodeling	CXCL8	True	CXCL8	0.02837233804166317	0.026154196042756424
8	sasp_matrix_remodeling	CXCL8	True	CXCL8	0.033032018691301346	0.03151862464183381
9	sasp_matrix_remodeling	CXCL8	True	CXCL8	0.5294821858406067	0.4357894736842105
10	sasp_matrix_remodeling	CXCL8	True	CXCL8	0.02513911947607994	0.031641699785998165
11	sasp_matrix_remodeling	CXCL8	True	CXCL8	0.2512314021587372	0.14491734083714386
12	sasp_matrix_remodeling	CXCL8	True	CXCL8	0.0019560710061341524	0.0020014295925661185
13	sasp_matrix_remodeling	CXCL8	True	CXCL8	0.006201331038028002	0.006865437426441742
14	sasp_matrix_remodeling	CXCL8	True	CXCL8	0.016002541407942772	0.015124555160142349
15	sasp_matrix_remodeling	CXCL8	True	CXCL8	0.10603847354650497	0.08979783732957217
16	sasp_matrix_remodeling	CXCL8	True	CXCL8	0.06411734223365784	0.060203686992393965
17	sasp_matrix_remodeling	CXCL8	True	CXCL8	0.026536142453551292	0.03337579617834395
18	sasp_matrix_remodeling	CXCL8	True	CXCL8	0.014100003987550735	0.018559092666580745
0	sasp_matrix_remodeling	IL6	True	IL6	0.024393728002905846	0.028901734104046242
1	sasp_matrix_remodeling	IL6	True	IL6	0.06259570270776749	0.0736569776289758
2	sasp_matrix_remodeling	IL6	True	IL6	0.028246257454156876	0.042163543441226574
3	sasp_matrix_remodeling	IL6	True	IL6	0.13701578974723816	0.13145391194171682
4	sasp_matrix_remodeling	IL6	True	IL6	0.023167597129940987	0.022011568123393315
5	sasp_matrix_remodeling	IL6	True	IL6	0.04796092212200165	0.0499001996007984
6	sasp_matrix_remodeling	IL6	True	IL6	0.20844650268554688	0.2063935443823712
7	sasp_matrix_remodeling	IL6	True	IL6	0.1772628128528595	0.12872413008869685
8	sasp_matrix_remodeling	IL6	True	IL6	0.1557866483926773	0.13016782644289807
9	sasp_matrix_remodeling	IL6	True	IL6	0.08347863703966141	0.1031578947368421
10	sasp_matrix_remodeling	IL6	True	IL6	0.03396088629961014	0.027820238459186793
11	sasp_matrix_remodeling	IL6	True	IL6	0.05430500581860542	0.06753429475905734
12	sasp_matrix_remodeling	IL6	True	IL6	0.014636092819273472	0.020014295925661188
13	sasp_matrix_remodeling	IL6	True	IL6	0.013973020948469639	0.01941938014907807
14	sasp_matrix_remodeling	IL6	True	IL6	0.02243240550160408	0.025266903914590747
15	sasp_matrix_remodeling	IL6	True	IL6	0.052374936640262604	0.06723084156088388
16	sasp_matrix_remodeling	IL6	True	IL6	0.017103254795074463	0.015727729792445532
17	sasp_matrix_remodeling	IL6	True	IL6	0.01737244799733162	0.01910828025477707
18	sasp_matrix_remodeling	IL6	True	IL6	0.003868703730404377	0.005670833870344116
0	sasp_matrix_remodeling	SERPINE1	True	SERPINE1	0.4186788499355316	0.3971254491485705
1	sasp_matrix_remodeling	SERPINE1	True	SERPINE1	0.21316812932491302	0.25125551666413026
2	sasp_matrix_remodeling	SERPINE1	True	SERPINE1	0.7820519804954529	0.6452299829642248
3	sasp_matrix_remodeling	SERPINE1	True	SERPINE1	0.08502604067325592	0.0975609756097561
4	sasp_matrix_remodeling	SERPINE1	True	SERPINE1	0.20453260838985443	0.18444730077120822
5	sasp_matrix_remodeling	SERPINE1	True	SERPINE1	0.20518535375595093	0.16447105788423153
6	sasp_matrix_remodeling	SERPINE1	True	SERPINE1	0.3100230097770691	0.2911235257603973
7	sasp_matrix_remodeling	SERPINE1	True	SERPINE1	0.4461759924888611	0.3859449624744144
8	sasp_matrix_remodeling	SERPINE1	True	SERPINE1	0.2713210880756378	0.24744167007777323
9	sasp_matrix_remodeling	SERPINE1	True	SERPINE1	0.8240000605583191	0.7031578947368421
10	sasp_matrix_remodeling	SERPINE1	True	SERPINE1	0.9854727983474731	0.664322837052889
11	sasp_matrix_remodeling	SERPINE1	True	SERPINE1	0.18619148433208466	0.22757650369328175
12	sasp_matrix_remodeling	SERPINE1	True	SERPINE1	0.5295095443725586	0.47619728377412435
13	sasp_matrix_remodeling	SERPINE1	True	SERPINE1	0.5724897384643555	0.5105923891722244
14	sasp_matrix_remodeling	SERPINE1	True	SERPINE1	0.7580575346946716	0.5701067615658363
15	sasp_matrix_remodeling	SERPINE1	True	SERPINE1	0.2639276385307312	0.2764456981664316
16	sasp_matrix_remodeling	SERPINE1	True	SERPINE1	0.659597635269165	0.4544282583472992
17	sasp_matrix_remodeling	SERPINE1	True	SERPINE1	1.1754416227340698	0.6937579617834395
18	sasp_matrix_remodeling	SERPINE1	True	SERPINE1	0.9013248682022095	0.6598788503673154
0	sasp_matrix_remodeling	TIMP1	True	TIMP1	1.719114899635315	0.9409467270738947
1	sasp_matrix_remodeling	TIMP1	True	TIMP1	1.8812750577926636	0.9586059960432202
2	sasp_matrix_remodeling	TIMP1	True	TIMP1	1.5858590602874756	0.9459114139693356
3	sasp_matrix_remodeling	TIMP1	True	TIMP1	2.177834987640381	0.9578713968957872
4	sasp_matrix_remodeling	TIMP1	True	TIMP1	1.1130143404006958	0.7287917737789203
5	sasp_matrix_remodeling	TIMP1	True	TIMP1	1.9096519947052002	0.8762475049900199
6	sasp_matrix_remodeling	TIMP1	True	TIMP1	1.7926151752471924	0.9264432029795159
7	sasp_matrix_remodeling	TIMP1	True	TIMP1	2.6605255603790283	0.9893108937912213
8	sasp_matrix_remodeling	TIMP1	True	TIMP1	2.620366096496582	0.9725747032337291
9	sasp_matrix_remodeling	TIMP1	True	TIMP1	3.1905620098114014	0.9978947368421053
10	sasp_matrix_remodeling	TIMP1	True	TIMP1	2.4317567348480225	0.9715683277285234
11	sasp_matrix_remodeling	TIMP1	True	TIMP1	2.775327682495117	0.975378121702427
12	sasp_matrix_remodeling	TIMP1	True	TIMP1	2.0706679821014404	0.9529664045746962
13	sasp_matrix_remodeling	TIMP1	True	TIMP1	2.1799163818359375	0.9711651628089447
14	sasp_matrix_remodeling	TIMP1	True	TIMP1	1.6926392316818237	0.9227758007117438
15	sasp_matrix_remodeling	TIMP1	True	TIMP1	2.9629123210906982	0.9924776680771039
16	sasp_matrix_remodeling	TIMP1	True	TIMP1	2.3720579147338867	0.9312878690215289
17	sasp_matrix_remodeling	TIMP1	True	TIMP1	2.602461099624634	0.9709554140127389
18	sasp_matrix_remodeling	TIMP1	True	TIMP1	2.480628728866577	0.9818275550973063
0	angiogenic_interface	VEGFA	True	VEGFA	1.404764175415039	0.811123261990314
1	angiogenic_interface	VEGFA	True	VEGFA	0.41615402698516846	0.40830923755897125
2	angiogenic_interface	VEGFA	True	VEGFA	1.338561773300171	0.803236797274276
3	angiogenic_interface	VEGFA	True	VEGFA	0.3887483477592468	0.36553690212226797
4	angiogenic_interface	VEGFA	True	VEGFA	0.8770202994346619	0.5756748071979434
5	angiogenic_interface	VEGFA	True	VEGFA	0.9280056953430176	0.5572854291417165
6	angiogenic_interface	VEGFA	True	VEGFA	0.5792669057846069	0.5074487895716946
7	angiogenic_interface	VEGFA	True	VEGFA	0.6091629862785339	0.5224016374801
8	angiogenic_interface	VEGFA	True	VEGFA	0.331154465675354	0.3168235775685632
9	angiogenic_interface	VEGFA	True	VEGFA	1.040518045425415	0.8105263157894737
10	angiogenic_interface	VEGFA	True	VEGFA	1.0594009160995483	0.7248547844695812
11	angiogenic_interface	VEGFA	True	VEGFA	0.7026558518409729	0.5624340485402743
12	angiogenic_interface	VEGFA	True	VEGFA	0.87080317735672	0.6218727662616155
13	angiogenic_interface	VEGFA	True	VEGFA	1.5138607025146484	0.8448411141624166
14	angiogenic_interface	VEGFA	True	VEGFA	2.7771003246307373	0.9653024911032029
15	angiogenic_interface	VEGFA	True	VEGFA	0.28104719519615173	0.32816173013634226
16	angiogenic_interface	VEGFA	True	VEGFA	1.2368502616882324	0.6935671006832539
17	angiogenic_interface	VEGFA	True	VEGFA	1.0699701309204102	0.6960509554140127
18	angiogenic_interface	VEGFA	True	VEGFA	1.198607087135315	0.8044851140610904
0	angiogenic_interface	ANGPTL4	True	ANGPTL4	2.1207191944122314	0.8178409623496329
1	angiogenic_interface	ANGPTL4	True	ANGPTL4	0.5044485330581665	0.40298280322629737
2	angiogenic_interface	ANGPTL4	True	ANGPTL4	1.6280498504638672	0.6758943781942078
3	angiogenic_interface	ANGPTL4	True	ANGPTL4	0.6931575536727905	0.4912891986062718
4	angiogenic_interface	ANGPTL4	True	ANGPTL4	0.9219231605529785	0.46674164524421596
5	angiogenic_interface	ANGPTL4	True	ANGPTL4	1.0603879690170288	0.587624750499002
6	angiogenic_interface	ANGPTL4	True	ANGPTL4	0.44312044978141785	0.40440720049658596
7	angiogenic_interface	ANGPTL4	True	ANGPTL4	0.5645142197608948	0.4680463952695019
8	angiogenic_interface	ANGPTL4	True	ANGPTL4	0.47410255670547485	0.4029881293491609
9	angiogenic_interface	ANGPTL4	True	ANGPTL4	1.5309571027755737	0.9157894736842105
10	angiogenic_interface	ANGPTL4	True	ANGPTL4	0.6335016489028931	0.48975848364414554
11	angiogenic_interface	ANGPTL4	True	ANGPTL4	0.7584384083747864	0.5733380232149138
12	angiogenic_interface	ANGPTL4	True	ANGPTL4	0.7964885830879211	0.5312365975696927
13	angiogenic_interface	ANGPTL4	True	ANGPTL4	1.1742218732833862	0.691447626520204
14	angiogenic_interface	ANGPTL4	True	ANGPTL4	2.221040964126587	0.8526690391459075
15	angiogenic_interface	ANGPTL4	True	ANGPTL4	0.9179612994194031	0.6831217677480019
16	angiogenic_interface	ANGPTL4	True	ANGPTL4	0.9853571057319641	0.5286837694985175
17	angiogenic_interface	ANGPTL4	True	ANGPTL4	1.0440977811813354	0.6326114649681529
18	angiogenic_interface	ANGPTL4	True	ANGPTL4	1.0761101245880127	0.6897796107745844
0	angiogenic_interface	POSTN	True	POSTN	0.0	0.0
1	angiogenic_interface	POSTN	True	POSTN	0.000513816368766129	0.00030436767615279255
2	angiogenic_interface	POSTN	True	POSTN	0.0	0.0
3	angiogenic_interface	POSTN	True	POSTN	0.005435815081000328	0.0028508077288565093
4	angiogenic_interface	POSTN	True	POSTN	0.0027932459488511086	0.002249357326478149
5	angiogenic_interface	POSTN	True	POSTN	0.003982333466410637	0.0031936127744510976
6	angiogenic_interface	POSTN	True	POSTN	0.005488683469593525	0.0040347610180012415
7	angiogenic_interface	POSTN	True	POSTN	0.02507861889898777	0.017057084375710713
8	angiogenic_interface	POSTN	True	POSTN	0.12485858052968979	0.07756856324191568
9	angiogenic_interface	POSTN	True	POSTN	1.0057835578918457	0.6378947368421053
10	angiogenic_interface	POSTN	True	POSTN	0.03141549974679947	0.02216447569550596
11	angiogenic_interface	POSTN	True	POSTN	0.011579911224544048	0.009848751319029195
12	angiogenic_interface	POSTN	True	POSTN	0.0014914842322468758	0.001858470335954253
13	angiogenic_interface	POSTN	True	POSTN	0.0030618992168456316	0.003530796390741467
14	angiogenic_interface	POSTN	True	POSTN	0.014134379103779793	0.0099644128113879
15	angiogenic_interface	POSTN	True	POSTN	0.06424885988235474	0.04231311706629055
16	angiogenic_interface	POSTN	True	POSTN	0.10684693604707718	0.08637359804047956
17	angiogenic_interface	POSTN	True	POSTN	0.8724882006645203	0.3184713375796178
18	angiogenic_interface	POSTN	True	POSTN	0.03513821214437485	0.037504833097048586
0	angiogenic_interface	SPP1	True	SPP1	0.0003883540048263967	0.0007811279487580066
1	angiogenic_interface	SPP1	True	SPP1	0.0001747665082802996	0.00030436767615279255
2	angiogenic_interface	SPP1	True	SPP1	0.0006724083796143532	0.0012776831345826234
3	angiogenic_interface	SPP1	True	SPP1	0.0018971608951687813	0.0031675641431738993
4	angiogenic_interface	SPP1	True	SPP1	0.004280023742467165	0.003213367609254499
5	angiogenic_interface	SPP1	True	SPP1	0.0031398970168083906	0.003592814371257485
6	angiogenic_interface	SPP1	True	SPP1	0.0	0.0
7	angiogenic_interface	SPP1	True	SPP1	0.0034034030977636576	0.0040937002501705705
8	angiogenic_interface	SPP1	True	SPP1	0.010311969555914402	0.010847318870241505
9	angiogenic_interface	SPP1	True	SPP1	0.21667058765888214	0.16631578947368422
10	angiogenic_interface	SPP1	True	SPP1	0.012481222860515118	0.010547233261999389
11	angiogenic_interface	SPP1	True	SPP1	0.005191569682210684	0.007738304607808653
12	angiogenic_interface	SPP1	True	SPP1	0.0014386980328708887	0.0015725518227305219
13	angiogenic_interface	SPP1	True	SPP1	0.0028479460161179304	0.0029423303256178894
14	angiogenic_interface	SPP1	True	SPP1	0.0044327955693006516	0.0056939501779359435
15	angiogenic_interface	SPP1	True	SPP1	0.027508530765771866	0.031969910672308414
16	angiogenic_interface	SPP1	True	SPP1	0.017252927646040916	0.015727729792445532
17	angiogenic_interface	SPP1	True	SPP1	0.02318444475531578	0.022929936305732482
18	angiogenic_interface	SPP1	True	SPP1	0.03896012529730797	0.030931821110967907
0	angiogenic_interface	MIF	True	MIF	1.3329081535339355	0.8751757537884706
1	angiogenic_interface	MIF	True	MIF	0.8245665431022644	0.6851316390199361
2	angiogenic_interface	MIF	True	MIF	2.4186127185821533	0.977427597955707
3	angiogenic_interface	MIF	True	MIF	0.46891316771507263	0.4843205574912892
4	angiogenic_interface	MIF	True	MIF	1.1683578491210938	0.7340938303341902
5	angiogenic_interface	MIF	True	MIF	0.8244372606277466	0.6007984031936128
6	angiogenic_interface	MIF	True	MIF	1.4573131799697876	0.8904407200496586
7	angiogenic_interface	MIF	True	MIF	1.6371628046035767	0.923584261996816
8	angiogenic_interface	MIF	True	MIF	0.6362264752388	0.5417519443307409
9	angiogenic_interface	MIF	True	MIF	0.833609938621521	0.7305263157894737
10	angiogenic_interface	MIF	True	MIF	2.479567050933838	0.969122592479364
11	angiogenic_interface	MIF	True	MIF	1.6626218557357788	0.9004572634540978
12	angiogenic_interface	MIF	True	MIF	0.969178318977356	0.7355253752680486
13	angiogenic_interface	MIF	True	MIF	1.3553597927093506	0.8832875637504903
14	angiogenic_interface	MIF	True	MIF	2.709947109222412	0.9638790035587189
15	angiogenic_interface	MIF	True	MIF	0.7647964954376221	0.7033380347907852
16	angiogenic_interface	MIF	True	MIF	0.8643752336502075	0.6163465257187057
17	angiogenic_interface	MIF	True	MIF	1.164535641670227	0.7829299363057325
18	angiogenic_interface	MIF	True	MIF	1.44049870967865	0.9083644799587576
0	angiogenic_interface	CXCL12	True	CXCL12	0.010528397746384144	0.01546633338540853
1	angiogenic_interface	CXCL12	True	CXCL12	0.08435837179422379	0.07274387460051743
2	angiogenic_interface	CXCL12	True	CXCL12	0.005425645038485527	0.008943781942078365
3	angiogenic_interface	CXCL12	True	CXCL12	1.6355148553848267	0.6848273677541971
4	angiogenic_interface	CXCL12	True	CXCL12	0.03473276644945145	0.029723650385604112
5	angiogenic_interface	CXCL12	True	CXCL12	0.8154487609863281	0.42674650698602795
6	angiogenic_interface	CXCL12	True	CXCL12	0.711510181427002	0.4335816263190565
7	angiogenic_interface	CXCL12	True	CXCL12	1.6963094472885132	0.7928132817830339
8	angiogenic_interface	CXCL12	True	CXCL12	1.8945280313491821	0.8211215718379042
9	angiogenic_interface	CXCL12	True	CXCL12	1.0685079097747803	0.7326315789473684
10	angiogenic_interface	CXCL12	True	CXCL12	0.03476138412952423	0.037450321002751454
11	angiogenic_interface	CXCL12	True	CXCL12	0.3268835246562958	0.24446007738304606
12	angiogenic_interface	CXCL12	True	CXCL12	0.10765556246042252	0.09449606862044317
13	angiogenic_interface	CXCL12	True	CXCL12	0.016192404553294182	0.02000784621420165
14	angiogenic_interface	CXCL12	True	CXCL12	0.017695827409625053	0.019395017793594305
15	angiogenic_interface	CXCL12	True	CXCL12	0.28372156620025635	0.22708039492242596
16	angiogenic_interface	CXCL12	True	CXCL12	0.07017012685537338	0.06239525589789867
17	angiogenic_interface	CXCL12	True	CXCL12	0.15030688047409058	0.14471337579617835
18	angiogenic_interface	CXCL12	True	CXCL12	0.014011969789862633	0.01778579713880655
0	angiogenic_interface	CCN1	True	CCN1	0.0	0.0
1	angiogenic_interface	CCN1	True	CCN1	0.00037835611146874726	0.00030436767615279255
2	angiogenic_interface	CCN1	True	CCN1	0.8215537667274475	0.6605621805792163
3	angiogenic_interface	CCN1	True	CCN1	0.00022952747531235218	0.0003167564143173899
4	angiogenic_interface	CCN1	True	CCN1	0.002322562737390399	0.0014460154241645244
5	angiogenic_interface	CCN1	True	CCN1	0.004586581606417894	0.0027944111776447107
6	angiogenic_interface	CCN1	True	CCN1	1.4749715328216553	0.8212290502793296
7	angiogenic_interface	CCN1	True	CCN1	1.6680912971496582	0.8382988401182625
8	angiogenic_interface	CCN1	True	CCN1	0.05674673244357109	0.034383954154727794
9	angiogenic_interface	CCN1	True	CCN1	0.0	0.0
10	angiogenic_interface	CCN1	True	CCN1	1.4044837951660156	0.789972485478447
11	angiogenic_interface	CCN1	True	CCN1	0.9224807620048523	0.6426310235666549
12	angiogenic_interface	CCN1	True	CCN1	0.0047969454899430275	0.0028591851322373124
13	angiogenic_interface	CCN1	True	CCN1	0.0028726421296596527	0.001961553550411926
14	angiogenic_interface	CCN1	True	CCN1	0.873436450958252	0.6526690391459075
15	angiogenic_interface	CCN1	True	CCN1	0.0012059812434017658	0.0009402914903620122
16	angiogenic_interface	CCN1	True	CCN1	0.00048569415230304003	0.00038674745391259507
17	angiogenic_interface	CCN1	True	CCN1	0.02245679497718811	0.01554140127388535
18	angiogenic_interface	CCN1	True	CCN1	0.002546305302530527	0.0015465910555483955
0	angiogenic_interface	CCN2	True	CCN2	0.0	0.0
1	angiogenic_interface	CCN2	True	CCN2	0.0011683870106935501	0.0007609191903819814
2	angiogenic_interface	CCN2	True	CCN2	2.0541789531707764	0.780664395229983
3	angiogenic_interface	CCN2	True	CCN2	0.0006495676934719086	0.0006335128286347799
4	angiogenic_interface	CCN2	True	CCN2	0.003214967902749777	0.0016066838046272494
5	angiogenic_interface	CCN2	True	CCN2	0.002703646896407008	0.0023952095808383233
6	angiogenic_interface	CCN2	True	CCN2	1.3969520330429077	0.7423960273122284
7	angiogenic_interface	CCN2	True	CCN2	2.3259525299072266	0.9351830793722993
8	angiogenic_interface	CCN2	True	CCN2	0.11662746220827103	0.05566925910765452
9	angiogenic_interface	CCN2	True	CCN2	0.0	0.0
10	angiogenic_interface	CCN2	True	CCN2	3.3995206356048584	0.9758483644145521
11	angiogenic_interface	CCN2	True	CCN2	2.0231266021728516	0.9106577558916638
12	angiogenic_interface	CCN2	True	CCN2	0.010107530280947685	0.004717655468191566
13	angiogenic_interface	CCN2	True	CCN2	0.002814491279423237	0.0017653981953707335
14	angiogenic_interface	CCN2	True	CCN2	1.1709450483322144	0.7030249110320285
15	angiogenic_interface	CCN2	True	CCN2	0.0051087262108922005	0.0023507287259050304
16	angiogenic_interface	CCN2	True	CCN2	0.0022727069444954395	0.0009024107257960552
17	angiogenic_interface	CCN2	True	CCN2	0.04275895282626152	0.017834394904458598
18	angiogenic_interface	CCN2	True	CCN2	0.002967311767861247	0.001417708467586029
0	mitochondrial_stress	SOD2	True	SOD2	2.9466476440429688	0.9596937978440868
1	mitochondrial_stress	SOD2	True	SOD2	2.4916701316833496	0.9502358849490185
2	mitochondrial_stress	SOD2	True	SOD2	2.9208273887634277	0.9740204429301533
3	mitochondrial_stress	SOD2	True	SOD2	1.8448091745376587	0.9081406398479569
4	mitochondrial_stress	SOD2	True	SOD2	3.2292938232421875	0.976060411311054
5	mitochondrial_stress	SOD2	True	SOD2	2.3673691749572754	0.9213572854291417
6	mitochondrial_stress	SOD2	True	SOD2	2.586449384689331	0.9726877715704532
7	mitochondrial_stress	SOD2	True	SOD2	1.922399640083313	0.8969752103707073
8	mitochondrial_stress	SOD2	True	SOD2	1.1835075616836548	0.7175603765861646
9	mitochondrial_stress	SOD2	True	SOD2	1.9748990535736084	0.9642105263157895
10	mitochondrial_stress	SOD2	True	SOD2	1.6978315114974976	0.8090797921125038
11	mitochondrial_stress	SOD2	True	SOD2	1.791326880455017	0.8635244460077383
12	mitochondrial_stress	SOD2	True	SOD2	1.1311967372894287	0.735096497498213
13	mitochondrial_stress	SOD2	True	SOD2	1.1877530813217163	0.7548058061985092
14	mitochondrial_stress	SOD2	True	SOD2	2.1508538722991943	0.8862989323843417
15	mitochondrial_stress	SOD2	True	SOD2	1.2924177646636963	0.8171133051245886
16	mitochondrial_stress	SOD2	True	SOD2	1.6739473342895508	0.7749129818228697
17	mitochondrial_stress	SOD2	True	SOD2	1.0100152492523193	0.6828025477707006
18	mitochondrial_stress	SOD2	True	SOD2	1.0499850511550903	0.7266400309318211
0	mitochondrial_stress	GPX3	True	GPX3	4.3482770919799805	0.9964068114357132
1	mitochondrial_stress	GPX3	True	GPX3	4.669840335845947	0.9995434484857708
2	mitochondrial_stress	GPX3	True	GPX3	3.3967666625976562	0.9872231686541738
3	mitochondrial_stress	GPX3	True	GPX3	4.277398109436035	0.9984162179284131
4	mitochondrial_stress	GPX3	True	GPX3	3.7000503540039062	0.9961439588688946
5	mitochondrial_stress	GPX3	True	GPX3	3.244931697845459	0.9848303393213573
6	mitochondrial_stress	GPX3	True	GPX3	3.053943395614624	0.9745499689633768
7	mitochondrial_stress	GPX3	True	GPX3	0.8400202393531799	0.6245167159426882
8	mitochondrial_stress	GPX3	True	GPX3	0.7900668382644653	0.5554645927138764
9	mitochondrial_stress	GPX3	True	GPX3	1.6399762630462646	0.9557894736842105
10	mitochondrial_stress	GPX3	True	GPX3	1.673768162727356	0.8957505350045858
11	mitochondrial_stress	GPX3	True	GPX3	1.3429421186447144	0.8617657404150545
12	mitochondrial_stress	GPX3	True	GPX3	2.3267648220062256	0.9481057898498928
13	mitochondrial_stress	GPX3	True	GPX3	1.999976634979248	0.9458611220086308
14	mitochondrial_stress	GPX3	True	GPX3	1.7050265073776245	0.902135231316726
15	mitochondrial_stress	GPX3	True	GPX3	1.447058081626892	0.8669487541137753
16	mitochondrial_stress	GPX3	True	GPX3	1.5715913772583008	0.806110609771819
17	mitochondrial_stress	GPX3	True	GPX3	1.1496250629425049	0.7571974522292994
18	mitochondrial_stress	GPX3	True	GPX3	1.865279197692871	0.9498646732826395
0	mitochondrial_stress	TXNIP	True	TXNIP	2.3726205825805664	0.9489142321512264
1	mitochondrial_stress	TXNIP	True	TXNIP	2.786137819290161	0.9832597778115965
2	mitochondrial_stress	TXNIP	True	TXNIP	2.6008801460266113	0.9540034071550255
3	mitochondrial_stress	TXNIP	True	TXNIP	2.6210124492645264	0.9733924611973392
4	mitochondrial_stress	TXNIP	True	TXNIP	2.7636096477508545	0.9297879177377892
5	mitochondrial_stress	TXNIP	True	TXNIP	2.417222738265991	0.9201596806387226
6	mitochondrial_stress	TXNIP	True	TXNIP	2.7037620544433594	0.9652389819987586
7	mitochondrial_stress	TXNIP	True	TXNIP	1.125381588935852	0.7368660450307027
8	mitochondrial_stress	TXNIP	True	TXNIP	1.4288311004638672	0.8117069177241097
9	mitochondrial_stress	TXNIP	True	TXNIP	1.1961184740066528	0.8821052631578947
10	mitochondrial_stress	TXNIP	True	TXNIP	1.4786545038223267	0.8402629165392846
11	mitochondrial_stress	TXNIP	True	TXNIP	1.842719554901123	0.9176925782623989
12	mitochondrial_stress	TXNIP	True	TXNIP	1.7625081539154053	0.8643316654753396
13	mitochondrial_stress	TXNIP	True	TXNIP	1.8171188831329346	0.8995684582189094
14	mitochondrial_stress	TXNIP	True	TXNIP	1.3890326023101807	0.8097864768683274
15	mitochondrial_stress	TXNIP	True	TXNIP	1.455018162727356	0.8636577338975082
16	mitochondrial_stress	TXNIP	True	TXNIP	1.3077304363250732	0.7655021271109965
17	mitochondrial_stress	TXNIP	True	TXNIP	0.8583565950393677	0.6463694267515924
18	mitochondrial_stress	TXNIP	True	TXNIP	0.9310836791992188	0.7529320788761439
0	mitochondrial_stress	HSPA1A	True	HSPA1A	1.96913480758667	0.8717387908139353
1	mitochondrial_stress	HSPA1A	True	HSPA1A	2.1638975143432617	0.8570993760462638
2	mitochondrial_stress	HSPA1A	True	HSPA1A	0.9302640557289124	0.770442930153322
3	mitochondrial_stress	HSPA1A	True	HSPA1A	2.340078830718994	0.8859676908457397
4	mitochondrial_stress	HSPA1A	True	HSPA1A	1.3043773174285889	0.6871786632390745
5	mitochondrial_stress	HSPA1A	True	HSPA1A	1.196191430091858	0.6686626746506986
6	mitochondrial_stress	HSPA1A	True	HSPA1A	1.7160500288009644	0.8386095592799503
7	mitochondrial_stress	HSPA1A	True	HSPA1A	2.6099748611450195	0.9301796679554242
8	mitochondrial_stress	HSPA1A	True	HSPA1A	1.7654259204864502	0.8321735571019239
9	mitochondrial_stress	HSPA1A	True	HSPA1A	2.112004041671753	0.9747368421052631
10	mitochondrial_stress	HSPA1A	True	HSPA1A	1.2135671377182007	0.7433506572913482
11	mitochondrial_stress	HSPA1A	True	HSPA1A	1.6563645601272583	0.8177981005979599
12	mitochondrial_stress	HSPA1A	True	HSPA1A	1.75851309299469	0.851036454610436
13	mitochondrial_stress	HSPA1A	True	HSPA1A	1.6440067291259766	0.8638681836014123
14	mitochondrial_stress	HSPA1A	True	HSPA1A	1.5035299062728882	0.8
15	mitochondrial_stress	HSPA1A	True	HSPA1A	1.4872764348983765	0.8514339445228021
16	mitochondrial_stress	HSPA1A	True	HSPA1A	1.4348421096801758	0.7635683898414335
17	mitochondrial_stress	HSPA1A	True	HSPA1A	1.1580296754837036	0.7630573248407644
18	mitochondrial_stress	HSPA1A	True	HSPA1A	1.0144991874694824	0.7748421188297461
0	mitochondrial_stress	HSPA1B	True	HSPA1B	1.2479954957962036	0.7653491641930948
1	mitochondrial_stress	HSPA1B	True	HSPA1B	1.411733865737915	0.7845076852838229
2	mitochondrial_stress	HSPA1B	True	HSPA1B	0.5865600109100342	0.6426746166950597
3	mitochondrial_stress	HSPA1B	True	HSPA1B	1.3867063522338867	0.8070953436807096
4	mitochondrial_stress	HSPA1B	True	HSPA1B	0.5920233130455017	0.44328406169665807
5	mitochondrial_stress	HSPA1B	True	HSPA1B	0.5247699618339539	0.4283433133732535
6	mitochondrial_stress	HSPA1B	True	HSPA1B	1.1806416511535645	0.7914338919925512
7	mitochondrial_stress	HSPA1B	True	HSPA1B	1.6779776811599731	0.8287468728678644
8	mitochondrial_stress	HSPA1B	True	HSPA1B	0.9039716720581055	0.6086778550961932
9	mitochondrial_stress	HSPA1B	True	HSPA1B	1.1946111917495728	0.8694736842105263
10	mitochondrial_stress	HSPA1B	True	HSPA1B	0.7237683534622192	0.5808621216753287
11	mitochondrial_stress	HSPA1B	True	HSPA1B	0.9311246275901794	0.6953921913471685
12	mitochondrial_stress	HSPA1B	True	HSPA1B	0.7557161450386047	0.6241601143674053
13	mitochondrial_stress	HSPA1B	True	HSPA1B	0.6316230893135071	0.5796390741467242
14	mitochondrial_stress	HSPA1B	True	HSPA1B	0.910897433757782	0.6665480427046263
15	mitochondrial_stress	HSPA1B	True	HSPA1B	0.8542056083679199	0.6643159379407616
16	mitochondrial_stress	HSPA1B	True	HSPA1B	0.8166833519935608	0.5622018821709424
17	mitochondrial_stress	HSPA1B	True	HSPA1B	0.5864983201026917	0.5095541401273885
18	mitochondrial_stress	HSPA1B	True	HSPA1B	0.5032159686088562	0.5184946513725995
0	mitochondrial_stress	DNAJB1	True	DNAJB1	0.9352879524230957	0.6764568036244337
1	mitochondrial_stress	DNAJB1	True	DNAJB1	1.2327615022659302	0.7265256429767158
2	mitochondrial_stress	DNAJB1	True	DNAJB1	1.303924322128296	0.8624361158432708
3	mitochondrial_stress	DNAJB1	True	DNAJB1	1.4501012563705444	0.7811213177066836
4	mitochondrial_stress	DNAJB1	True	DNAJB1	0.8208346962928772	0.5592866323907455
5	mitochondrial_stress	DNAJB1	True	DNAJB1	0.7646833658218384	0.5453093812375249
6	mitochondrial_stress	DNAJB1	True	DNAJB1	1.620233416557312	0.8649906890130353
7	mitochondrial_stress	DNAJB1	True	DNAJB1	2.228605270385742	0.9106208778712759
8	mitochondrial_stress	DNAJB1	True	DNAJB1	1.1034468412399292	0.6762177650429799
9	mitochondrial_stress	DNAJB1	True	DNAJB1	1.205926775932312	0.8694736842105263
10	mitochondrial_stress	DNAJB1	True	DNAJB1	1.1775827407836914	0.7279119535310302
11	mitochondrial_stress	DNAJB1	True	DNAJB1	1.4265422821044922	0.7724234963067182
12	mitochondrial_stress	DNAJB1	True	DNAJB1	1.145086646080017	0.7483917083631165
13	mitochondrial_stress	DNAJB1	True	DNAJB1	1.1117430925369263	0.7681443703413103
14	mitochondrial_stress	DNAJB1	True	DNAJB1	1.5704843997955322	0.8482206405693951
15	mitochondrial_stress	DNAJB1	True	DNAJB1	0.9752833843231201	0.7324870709920075
16	mitochondrial_stress	DNAJB1	True	DNAJB1	0.8925097584724426	0.5923681835761248
17	mitochondrial_stress	DNAJB1	True	DNAJB1	0.8256611824035645	0.6667515923566879
18	mitochondrial_stress	DNAJB1	True	DNAJB1	0.9990947842597961	0.775873179533445
0	mitochondrial_stress	ATF3	True	ATF3	0.740196168422699	0.572879237619122
1	mitochondrial_stress	ATF3	True	ATF3	1.0931048393249512	0.6513468269669761
2	mitochondrial_stress	ATF3	True	ATF3	0.9246491193771362	0.7223168654173765
3	mitochondrial_stress	ATF3	True	ATF3	1.3277630805969238	0.7735191637630662
4	mitochondrial_stress	ATF3	True	ATF3	0.611054539680481	0.4591902313624679
5	mitochondrial_stress	ATF3	True	ATF3	0.8751402497291565	0.5972055888223553
6	mitochondrial_stress	ATF3	True	ATF3	1.6502833366394043	0.8547486033519553
7	mitochondrial_stress	ATF3	True	ATF3	1.4152334928512573	0.7768933363657039
8	mitochondrial_stress	ATF3	True	ATF3	0.6699620485305786	0.47912402783462954
9	mitochondrial_stress	ATF3	True	ATF3	0.5474893450737	0.5684210526315789
10	mitochondrial_stress	ATF3	True	ATF3	0.5718943476676941	0.4741669214307551
11	mitochondrial_stress	ATF3	True	ATF3	1.031345248222351	0.6658459373900809
12	mitochondrial_stress	ATF3	True	ATF3	0.8993765115737915	0.6541815582558971
13	mitochondrial_stress	ATF3	True	ATF3	0.696056604385376	0.5969007453903492
14	mitochondrial_stress	ATF3	True	ATF3	0.9710471034049988	0.7120996441281139
15	mitochondrial_stress	ATF3	True	ATF3	0.681761622428894	0.5646450399623884
16	mitochondrial_stress	ATF3	True	ATF3	0.5202301740646362	0.395384813716643
17	mitochondrial_stress	ATF3	True	ATF3	0.434434175491333	0.4035668789808917
18	mitochondrial_stress	ATF3	True	ATF3	0.48744717240333557	0.49516690295141125
0	mitochondrial_stress	DDIT3	True	DDIT3	0.761531412601471	0.6352132479300109
1	mitochondrial_stress	DDIT3	True	DDIT3	0.6842479109764099	0.5776898493380003
2	mitochondrial_stress	DDIT3	True	DDIT3	0.899865448474884	0.7627768313458262
3	mitochondrial_stress	DDIT3	True	DDIT3	0.9747785925865173	0.7234716503009186
4	mitochondrial_stress	DDIT3	True	DDIT3	0.8080496191978455	0.5845115681233933
5	mitochondrial_stress	DDIT3	True	DDIT3	1.0513229370117188	0.6586826347305389
6	mitochondrial_stress	DDIT3	True	DDIT3	0.8559618592262268	0.6744258224705152
7	mitochondrial_stress	DDIT3	True	DDIT3	0.9464547634124756	0.6702297020695929
8	mitochondrial_stress	DDIT3	True	DDIT3	0.606540858745575	0.5133033155955792
9	mitochondrial_stress	DDIT3	True	DDIT3	0.5328519344329834	0.5831578947368421
10	mitochondrial_stress	DDIT3	True	DDIT3	0.5355135202407837	0.5007642922653622
11	mitochondrial_stress	DDIT3	True	DDIT3	1.081290364265442	0.7284558564896236
12	mitochondrial_stress	DDIT3	True	DDIT3	1.0851176977157593	0.7370979270907791
13	mitochondrial_stress	DDIT3	True	DDIT3	0.7811096906661987	0.6359356610435465
14	mitochondrial_stress	DDIT3	True	DDIT3	0.9543217420578003	0.7252669039145907
15	mitochondrial_stress	DDIT3	True	DDIT3	0.5128443241119385	0.5448989186647861
16	mitochondrial_stress	DDIT3	True	DDIT3	0.4629221558570862	0.36960165012247004
17	mitochondrial_stress	DDIT3	True	DDIT3	0.4051957428455353	0.41503184713375796
18	mitochondrial_stress	DDIT3	True	DDIT3	0.4706198573112488	0.5102461657430081
0	cell_cycle	MKI67	True	MKI67	7.519360951846465e-05	0.0001562255897516013
1	cell_cycle	MKI67	True	MKI67	8.320308552356437e-05	0.00015218383807639628
2	cell_cycle	MKI67	True	MKI67	0.00031761304126121104	0.00042589437819420784
3	cell_cycle	MKI67	True	MKI67	0.00016410676471423358	0.0003167564143173899
4	cell_cycle	MKI67	True	MKI67	6.511330866487697e-05	0.00016066838046272492
5	cell_cycle	MKI67	True	MKI67	0.0003035920381080359	0.0003992015968063872
6	cell_cycle	MKI67	True	MKI67	0.0002012166369240731	0.00031036623215394165
7	cell_cycle	MKI67	True	MKI67	0.00028183392714709044	0.00045485558335228563
8	cell_cycle	MKI67	True	MKI67	0.0008595471153967083	0.001023331968890708
9	cell_cycle	MKI67	True	MKI67	0.0	0.0
10	cell_cycle	MKI67	True	MKI67	0.000998556730337441	0.0010700091715071843
11	cell_cycle	MKI67	True	MKI67	0.0005353220622055233	0.001055223355610271
12	cell_cycle	MKI67	True	MKI67	8.116979006445035e-05	0.0001429592566118656
13	cell_cycle	MKI67	True	MKI67	0.00020181920262984931	0.00019615535504119262
14	cell_cycle	MKI67	True	MKI67	8.443777187494561e-05	0.00017793594306049823
15	cell_cycle	MKI67	True	MKI67	0.0011642944300547242	0.0014104372355430183
16	cell_cycle	MKI67	True	MKI67	0.0008793899905867875	0.0007734949078251901
17	cell_cycle	MKI67	True	MKI67	0.020551519468426704	0.015796178343949044
18	cell_cycle	MKI67	True	MKI67	7.573061157017946e-05	0.0002577651759247326
0	cell_cycle	TOP2A	True	TOP2A	0.0018879524432122707	0.0021871582565224186
1	cell_cycle	TOP2A	True	TOP2A	0.0009151602280326188	0.0015218383807639629
2	cell_cycle	TOP2A	True	TOP2A	0.0019275526283308864	0.002981260647359455
3	cell_cycle	TOP2A	True	TOP2A	0.002467101439833641	0.0031675641431738993
4	cell_cycle	TOP2A	True	TOP2A	0.002101774327456951	0.0019280205655526992
5	cell_cycle	TOP2A	True	TOP2A	0.0034687300212681293	0.003992015968063872
6	cell_cycle	TOP2A	True	TOP2A	0.002602014923468232	0.004345127250155183
7	cell_cycle	TOP2A	True	TOP2A	0.004950931761413813	0.007050261541960427
8	cell_cycle	TOP2A	True	TOP2A	0.010198033414781094	0.012689316414244782
9	cell_cycle	TOP2A	True	TOP2A	0.002952762646600604	0.002105263157894737
10	cell_cycle	TOP2A	True	TOP2A	0.0027292948216199875	0.003974319779883827
11	cell_cycle	TOP2A	True	TOP2A	0.0032868003472685814	0.005627857896588111
12	cell_cycle	TOP2A	True	TOP2A	0.001476580509915948	0.0015725518227305219
13	cell_cycle	TOP2A	True	TOP2A	0.0011858693324029446	0.0013730874852883484
14	cell_cycle	TOP2A	True	TOP2A	0.0010320113506168127	0.001601423487544484
15	cell_cycle	TOP2A	True	TOP2A	0.004105739761143923	0.007522331922896097
16	cell_cycle	TOP2A	True	TOP2A	0.004368776921182871	0.004898801082892871
17	cell_cycle	TOP2A	True	TOP2A	0.0241838451474905	0.019872611464968153
18	cell_cycle	TOP2A	True	TOP2A	0.0014710136456415057	0.002835416935172058
0	cell_cycle	UBE2C	True	UBE2C	0.0008091198978945613	0.0010935791282612093
1	cell_cycle	UBE2C	True	UBE2C	0.0010610193712636828	0.0018262060569167555
2	cell_cycle	UBE2C	True	UBE2C	0.003830151865258813	0.006388415672913117
3	cell_cycle	UBE2C	True	UBE2C	0.001526780310086906	0.0019005384859043396
4	cell_cycle	UBE2C	True	UBE2C	0.00039302720688283443	0.0004820051413881748
5	cell_cycle	UBE2C	True	UBE2C	0.0008554277592338622	0.0015968063872255488
6	cell_cycle	UBE2C	True	UBE2C	0.0006001740111969411	0.000931098696461825
7	cell_cycle	UBE2C	True	UBE2C	0.0013181031681597233	0.0015919945417329998
8	cell_cycle	UBE2C	True	UBE2C	0.0024236529134213924	0.003274662300450266
9	cell_cycle	UBE2C	True	UBE2C	0.0018985733622685075	0.004210526315789474
10	cell_cycle	UBE2C	True	UBE2C	0.001762696891091764	0.003362885967594008
11	cell_cycle	UBE2C	True	UBE2C	0.00048377629718743265	0.0017587055926837848
12	cell_cycle	UBE2C	True	UBE2C	0.002129405504092574	0.0034310221586847747
13	cell_cycle	UBE2C	True	UBE2C	0.001516620279289782	0.0025500196155355042
14	cell_cycle	UBE2C	True	UBE2C	0.0015844382578507066	0.002491103202846975
15	cell_cycle	UBE2C	True	UBE2C	0.0031125620007514954	0.005641748942172073
16	cell_cycle	UBE2C	True	UBE2C	0.0028531202115118504	0.0036096429031842207
17	cell_cycle	UBE2C	True	UBE2C	0.018096912652254105	0.01732484076433121
18	cell_cycle	UBE2C	True	UBE2C	0.0014454619958996773	0.003222064699059157
0	cell_cycle	CENPF	True	CENPF	0.005417256150394678	0.007811279487580066
1	cell_cycle	CENPF	True	CENPF	0.006537143141031265	0.01065286866534774
2	cell_cycle	CENPF	True	CENPF	0.007407934870570898	0.014906303236797274
3	cell_cycle	CENPF	True	CENPF	0.005877132061868906	0.0066518847006651885
4	cell_cycle	CENPF	True	CENPF	0.005684794392436743	0.005302056555269923
5	cell_cycle	CENPF	True	CENPF	0.003829517401754856	0.004790419161676647
6	cell_cycle	CENPF	True	CENPF	0.010919674299657345	0.014587212911235258
7	cell_cycle	CENPF	True	CENPF	0.010967887938022614	0.015692517625653855
8	cell_cycle	CENPF	True	CENPF	0.017556097358465195	0.019647973802701595
9	cell_cycle	CENPF	True	CENPF	0.01759464107453823	0.023157894736842106
10	cell_cycle	CENPF	True	CENPF	0.007463582791388035	0.010394374808926934
11	cell_cycle	CENPF	True	CENPF	0.009630473330616951	0.015124868097080548
12	cell_cycle	CENPF	True	CENPF	0.004772517364472151	0.006862044317369549
13	cell_cycle	CENPF	True	CENPF	0.004594048019498587	0.006865437426441742
14	cell_cycle	CENPF	True	CENPF	0.005181192886084318	0.009074733096085408
15	cell_cycle	CENPF	True	CENPF	0.01368643343448639	0.018335684062059238
16	cell_cycle	CENPF	True	CENPF	0.009027199819684029	0.008379528168106226
17	cell_cycle	CENPF	True	CENPF	0.044402025640010834	0.03643312101910828
18	cell_cycle	CENPF	True	CENPF	0.004342630039900541	0.0067018945740430465
0	cell_cycle	TYMS	True	TYMS	0.04999607056379318	0.06498984533666614
1	cell_cycle	TYMS	True	TYMS	0.021078292280435562	0.032262973672196014
2	cell_cycle	TYMS	True	TYMS	0.020503561943769455	0.042163543441226574
3	cell_cycle	TYMS	True	TYMS	0.008661702275276184	0.011403230915426037
4	cell_cycle	TYMS	True	TYMS	0.017408674582839012	0.018316195372750643
5	cell_cycle	TYMS	True	TYMS	0.006181209813803434	0.005189620758483034
6	cell_cycle	TYMS	True	TYMS	0.00561696058139205	0.009000620732464307
7	cell_cycle	TYMS	True	TYMS	0.006338815204799175	0.00886968387536957
8	cell_cycle	TYMS	True	TYMS	0.012460386380553246	0.01514531313958248
9	cell_cycle	TYMS	True	TYMS	0.024184828624129295	0.03368421052631579
10	cell_cycle	TYMS	True	TYMS	0.016043467447161674	0.023845918679302965
11	cell_cycle	TYMS	True	TYMS	0.007597975432872772	0.01371790362293352
12	cell_cycle	TYMS	True	TYMS	0.012988325208425522	0.018727662616154397
13	cell_cycle	TYMS	True	TYMS	0.014940462075173855	0.020400156924284034
14	cell_cycle	TYMS	True	TYMS	0.024138454347848892	0.04234875444839858
15	cell_cycle	TYMS	True	TYMS	0.008105766028165817	0.012693935119887164
16	cell_cycle	TYMS	True	TYMS	0.01433380227535963	0.014954234884620343
17	cell_cycle	TYMS	True	TYMS	0.052958182990550995	0.061910828025477704
18	cell_cycle	TYMS	True	TYMS	0.01889401115477085	0.030287408171156077
0	cell_cycle	HMGB2	True	HMGB2	0.4279857575893402	0.453366661459147
1	cell_cycle	HMGB2	True	HMGB2	0.5393164157867432	0.5498402069700198
2	cell_cycle	HMGB2	True	HMGB2	0.6725560426712036	0.6980408858603067
3	cell_cycle	HMGB2	True	HMGB2	0.4810228943824768	0.47925245486221096
4	cell_cycle	HMGB2	True	HMGB2	0.9513652324676514	0.6537596401028277
5	cell_cycle	HMGB2	True	HMGB2	0.7577728629112244	0.5740518962075848
6	cell_cycle	HMGB2	True	HMGB2	0.8327080607414246	0.7209807572936064
7	cell_cycle	HMGB2	True	HMGB2	0.5680776834487915	0.5453718444393905
8	cell_cycle	HMGB2	True	HMGB2	0.39691928029060364	0.38968481375358166
9	cell_cycle	HMGB2	True	HMGB2	0.41300222277641296	0.49473684210526314
10	cell_cycle	HMGB2	True	HMGB2	0.38228026032447815	0.4122592479364109
11	cell_cycle	HMGB2	True	HMGB2	0.6995988488197327	0.6398170946183609
12	cell_cycle	HMGB2	True	HMGB2	0.6531776189804077	0.5969978556111508
13	cell_cycle	HMGB2	True	HMGB2	0.7491363883018494	0.67104746959592
14	cell_cycle	HMGB2	True	HMGB2	0.854103147983551	0.7263345195729537
15	cell_cycle	HMGB2	True	HMGB2	0.2885393798351288	0.3728255759285378
16	cell_cycle	HMGB2	True	HMGB2	0.4147382974624634	0.3701173133943535
17	cell_cycle	HMGB2	True	HMGB2	0.3065800368785858	0.33656050955414013
18	cell_cycle	HMGB2	True	HMGB2	0.269619345664978	0.35352493878077074
0	contamination_endothelial_mural	PECAM1	True	PECAM1	0.0007933612214401364	0.0012498047180128104
1	contamination_endothelial_mural	PECAM1	True	PECAM1	0.0010788696818053722	0.0013696545426875666
2	contamination_endothelial_mural	PECAM1	True	PECAM1	0.0019681076519191265	0.0038330494037478705
3	contamination_endothelial_mural	PECAM1	True	PECAM1	0.0028657903894782066	0.004117833386126069
4	contamination_endothelial_mural	PECAM1	True	PECAM1	0.007432102225720882	0.007069408740359897
5	contamination_endothelial_mural	PECAM1	True	PECAM1	0.009968266822397709	0.010778443113772455
6	contamination_endothelial_mural	PECAM1	True	PECAM1	0.011377867311239243	0.015828677839851025
7	contamination_endothelial_mural	PECAM1	True	PECAM1	0.02395557053387165	0.03138503525130771
8	contamination_endothelial_mural	PECAM1	True	PECAM1	0.024268828332424164	0.028448628735161685
9	contamination_endothelial_mural	PECAM1	True	PECAM1	0.1362675428390503	0.17473684210526316
10	contamination_endothelial_mural	PECAM1	True	PECAM1	0.005042760167270899	0.006878630388260471
11	contamination_endothelial_mural	PECAM1	True	PECAM1	0.008518901653587818	0.013014421385860007
12	contamination_endothelial_mural	PECAM1	True	PECAM1	0.004482361488044262	0.005003573981415297
13	contamination_endothelial_mural	PECAM1	True	PECAM1	0.012050163932144642	0.012357787367595135
14	contamination_endothelial_mural	PECAM1	True	PECAM1	0.005456301849335432	0.007295373665480427
15	contamination_endothelial_mural	PECAM1	True	PECAM1	0.01252409815788269	0.015984955336154207
16	contamination_endothelial_mural	PECAM1	True	PECAM1	0.009648257866501808	0.007992780714193631
17	contamination_endothelial_mural	PECAM1	True	PECAM1	0.006868311204016209	0.009426751592356689
18	contamination_endothelial_mural	PECAM1	True	PECAM1	0.003084412543103099	0.004639773166645186
0	contamination_endothelial_mural	VWF	True	VWF	0.00011827149137388915	0.0001562255897516013
1	contamination_endothelial_mural	VWF	True	VWF	0.0009172355639748275	0.0013696545426875666
2	contamination_endothelial_mural	VWF	True	VWF	0.0012326714349910617	0.002555366269165247
3	contamination_endothelial_mural	VWF	True	VWF	0.0017019037622958422	0.0028508077288565093
4	contamination_endothelial_mural	VWF	True	VWF	0.003114454448223114	0.002731362467866324
5	contamination_endothelial_mural	VWF	True	VWF	0.004309127107262611	0.004391217564870259
6	contamination_endothelial_mural	VWF	True	VWF	0.0007512457086704671	0.000931098696461825
7	contamination_endothelial_mural	VWF	True	VWF	0.0032546226866543293	0.0040937002501705705
8	contamination_endothelial_mural	VWF	True	VWF	0.006838303990662098	0.006139991813344249
9	contamination_endothelial_mural	VWF	True	VWF	0.050751764327287674	0.06526315789473684
10	contamination_endothelial_mural	VWF	True	VWF	0.0013390881940722466	0.0021400183430143687
11	contamination_endothelial_mural	VWF	True	VWF	0.004141074139624834	0.00809004572634541
12	contamination_endothelial_mural	VWF	True	VWF	0.004061596933752298	0.004431736954967834
13	contamination_endothelial_mural	VWF	True	VWF	0.005362991243600845	0.0064731267163593564
14	contamination_endothelial_mural	VWF	True	VWF	0.001933920313604176	0.0030249110320284696
15	contamination_endothelial_mural	VWF	True	VWF	0.012957214377820492	0.018335684062059238
16	contamination_endothelial_mural	VWF	True	VWF	0.00482580903917551	0.004769885264922006
17	contamination_endothelial_mural	VWF	True	VWF	0.00472133606672287	0.005605095541401274
18	contamination_endothelial_mural	VWF	True	VWF	0.003028962528333068	0.004382007990720454
0	contamination_endothelial_mural	EMCN	True	EMCN	0.000509250967297703	0.0007811279487580066
1	contamination_endothelial_mural	EMCN	True	EMCN	0.0006157393800094724	0.001065286866534774
2	contamination_endothelial_mural	EMCN	True	EMCN	0.0023139219265431166	0.002981260647359455
3	contamination_endothelial_mural	EMCN	True	EMCN	0.0012089897645637393	0.0009502692429521698
4	contamination_endothelial_mural	EMCN	True	EMCN	0.0036350563168525696	0.0036953727506426736
5	contamination_endothelial_mural	EMCN	True	EMCN	0.003419884480535984	0.003592814371257485
6	contamination_endothelial_mural	EMCN	True	EMCN	0.0032043366227298975	0.004345127250155183
7	contamination_endothelial_mural	EMCN	True	EMCN	0.008706411346793175	0.00977939504207414
8	contamination_endothelial_mural	EMCN	True	EMCN	0.0056252446956932545	0.006549324600900532
9	contamination_endothelial_mural	EMCN	True	EMCN	0.061257585883140564	0.08421052631578947
10	contamination_endothelial_mural	EMCN	True	EMCN	0.002404601313173771	0.003515744420666463
11	contamination_endothelial_mural	EMCN	True	EMCN	0.003987756557762623	0.005276116778051354
12	contamination_endothelial_mural	EMCN	True	EMCN	0.0019561138469725847	0.002144388849177984
13	contamination_endothelial_mural	EMCN	True	EMCN	0.004296672530472279	0.005884660651235779
14	contamination_endothelial_mural	EMCN	True	EMCN	0.005365515593439341	0.006939501779359431
15	contamination_endothelial_mural	EMCN	True	EMCN	0.0026684089098125696	0.0037611659614480487
16	contamination_endothelial_mural	EMCN	True	EMCN	0.00606728857383132	0.006187959262601521
17	contamination_endothelial_mural	EMCN	True	EMCN	0.00254464172758162	0.0033121019108280254
18	contamination_endothelial_mural	EMCN	True	EMCN	0.0031576165929436684	0.004768655754607553
0	contamination_endothelial_mural	CLDN5	True	CLDN5	0.07867853343486786	0.07811279487580065
1	contamination_endothelial_mural	CLDN5	True	CLDN5	0.05348636955022812	0.05372089484096789
2	contamination_endothelial_mural	CLDN5	True	CLDN5	0.26715371012687683	0.25766609880749575
3	contamination_endothelial_mural	CLDN5	True	CLDN5	0.014260979369282722	0.013303769401330377
4	contamination_endothelial_mural	CLDN5	True	CLDN5	0.08288182318210602	0.06394601542416452
5	contamination_endothelial_mural	CLDN5	True	CLDN5	0.04301369935274124	0.036726546906187624
6	contamination_endothelial_mural	CLDN5	True	CLDN5	0.030091796070337296	0.035381750465549346
7	contamination_endothelial_mural	CLDN5	True	CLDN5	0.004690539091825485	0.006140550375255857
8	contamination_endothelial_mural	CLDN5	True	CLDN5	0.00485113263130188	0.005321326238231682
9	contamination_endothelial_mural	CLDN5	True	CLDN5	0.03746546432375908	0.037894736842105266
10	contamination_endothelial_mural	CLDN5	True	CLDN5	0.041526976972818375	0.044481809844084376
11	contamination_endothelial_mural	CLDN5	True	CLDN5	0.017263352870941162	0.022159690467815688
12	contamination_endothelial_mural	CLDN5	True	CLDN5	0.045331355184316635	0.04903502501786991
13	contamination_endothelial_mural	CLDN5	True	CLDN5	0.2240144908428192	0.1861514319340918
14	contamination_endothelial_mural	CLDN5	True	CLDN5	0.0897347703576088	0.08220640569395017
15	contamination_endothelial_mural	CLDN5	True	CLDN5	0.027656344696879387	0.032910202162670425
16	contamination_endothelial_mural	CLDN5	True	CLDN5	0.018243875354528427	0.01740363542606678
17	contamination_endothelial_mural	CLDN5	True	CLDN5	0.012349720112979412	0.014777070063694267
18	contamination_endothelial_mural	CLDN5	True	CLDN5	0.035760387778282166	0.03866477638870989
0	contamination_endothelial_mural	RGS5	True	RGS5	0.012394742108881474	0.017341040462427744
1	contamination_endothelial_mural	RGS5	True	RGS5	0.01171423215419054	0.014609648455334044
2	contamination_endothelial_mural	RGS5	True	RGS5	0.022130807861685753	0.030238500851788756
3	contamination_endothelial_mural	RGS5	True	RGS5	0.018273035064339638	0.017738359201773836
4	contamination_endothelial_mural	RGS5	True	RGS5	0.016522515565156937	0.016066838046272493
5	contamination_endothelial_mural	RGS5	True	RGS5	0.01927757076919079	0.019161676646706587
6	contamination_endothelial_mural	RGS5	True	RGS5	0.03214918449521065	0.029174425822470516
7	contamination_endothelial_mural	RGS5	True	RGS5	0.07047164440155029	0.04889697521037071
8	contamination_endothelial_mural	RGS5	True	RGS5	0.049836162477731705	0.03417928776094965
9	contamination_endothelial_mural	RGS5	True	RGS5	0.40361547470092773	0.36210526315789476
10	contamination_endothelial_mural	RGS5	True	RGS5	0.019735071808099747	0.018190155915622133
11	contamination_endothelial_mural	RGS5	True	RGS5	0.08013426512479782	0.055926837847344354
12	contamination_endothelial_mural	RGS5	True	RGS5	0.018995221704244614	0.02030021443888492
13	contamination_endothelial_mural	RGS5	True	RGS5	0.027793578803539276	0.031188701451549627
14	contamination_endothelial_mural	RGS5	True	RGS5	0.029107918962836266	0.03185053380782918
15	contamination_endothelial_mural	RGS5	True	RGS5	0.02082979679107666	0.019275975552421252
16	contamination_endothelial_mural	RGS5	True	RGS5	0.022961456328630447	0.021528941601134458
17	contamination_endothelial_mural	RGS5	True	RGS5	0.01641966961324215	0.014012738853503185
18	contamination_endothelial_mural	RGS5	True	RGS5	0.012600462883710861	0.01804356231473128
0	contamination_endothelial_mural	ACTA2	True	ACTA2	0.01280946098268032	0.018590845180440557
1	contamination_endothelial_mural	ACTA2	True	ACTA2	0.01959431916475296	0.031197686805661238
2	contamination_endothelial_mural	ACTA2	True	ACTA2	0.02301652915775776	0.03833049403747871
3	contamination_endothelial_mural	ACTA2	True	ACTA2	0.04359909147024155	0.05131453911941717
4	contamination_endothelial_mural	ACTA2	True	ACTA2	0.13415156304836273	0.11552056555269923
5	contamination_endothelial_mural	ACTA2	True	ACTA2	0.21238109469413757	0.18962075848303392
6	contamination_endothelial_mural	ACTA2	True	ACTA2	0.07060862332582474	0.09404096834264432
7	contamination_endothelial_mural	ACTA2	True	ACTA2	0.10793885588645935	0.11280418467136684
8	contamination_endothelial_mural	ACTA2	True	ACTA2	0.1310153305530548	0.13282848956201393
9	contamination_endothelial_mural	ACTA2	True	ACTA2	0.18858875334262848	0.22526315789473683
10	contamination_endothelial_mural	ACTA2	True	ACTA2	0.019387604668736458	0.025985937022317333
11	contamination_endothelial_mural	ACTA2	True	ACTA2	0.07288346439599991	0.06929300035174112
12	contamination_endothelial_mural	ACTA2	True	ACTA2	0.06669367104768753	0.07719799857040743
13	contamination_endothelial_mural	ACTA2	True	ACTA2	0.05927607789635658	0.06943899568458219
14	contamination_endothelial_mural	ACTA2	True	ACTA2	0.017352886497974396	0.021530249110320285
15	contamination_endothelial_mural	ACTA2	True	ACTA2	0.06160997599363327	0.08039492242595205
16	contamination_endothelial_mural	ACTA2	True	ACTA2	0.025217771530151367	0.024236173778522625
17	contamination_endothelial_mural	ACTA2	True	ACTA2	0.13092957437038422	0.12840764331210192
18	contamination_endothelial_mural	ACTA2	True	ACTA2	0.011069164611399174	0.016883619023069982
0	contamination_endothelial_mural	TAGLN	True	TAGLN	0.044180795550346375	0.05999062646461491
1	contamination_endothelial_mural	TAGLN	True	TAGLN	0.06312479078769684	0.0736569776289758
2	contamination_endothelial_mural	TAGLN	True	TAGLN	0.06380206346511841	0.0975298126064736
3	contamination_endothelial_mural	TAGLN	True	TAGLN	0.48491090536117554	0.328159645232816
4	contamination_endothelial_mural	TAGLN	True	TAGLN	0.3750896751880646	0.3015745501285347
5	contamination_endothelial_mural	TAGLN	True	TAGLN	0.7152693867683411	0.44590818363273454
6	contamination_endothelial_mural	TAGLN	True	TAGLN	0.21328824758529663	0.19428926132836746
7	contamination_endothelial_mural	TAGLN	True	TAGLN	0.8471777439117432	0.5032977029793041
8	contamination_endothelial_mural	TAGLN	True	TAGLN	1.3176242113113403	0.6211625051166598
9	contamination_endothelial_mural	TAGLN	True	TAGLN	1.0414588451385498	0.7536842105263157
10	contamination_endothelial_mural	TAGLN	True	TAGLN	0.1271228939294815	0.10761235096300825
11	contamination_endothelial_mural	TAGLN	True	TAGLN	0.17379233241081238	0.14597256419275415
12	contamination_endothelial_mural	TAGLN	True	TAGLN	0.23257289826869965	0.17326661901358112
13	contamination_endothelial_mural	TAGLN	True	TAGLN	0.19752879440784454	0.2183209101608474
14	contamination_endothelial_mural	TAGLN	True	TAGLN	0.0782213881611824	0.0688612099644128
15	contamination_endothelial_mural	TAGLN	True	TAGLN	0.3292132318019867	0.2402444757874941
16	contamination_endothelial_mural	TAGLN	True	TAGLN	0.14241716265678406	0.11344591981436122
17	contamination_endothelial_mural	TAGLN	True	TAGLN	0.8158241510391235	0.4234394904458599
18	contamination_endothelial_mural	TAGLN	True	TAGLN	0.05728263407945633	0.07281866219873695
0	contamination_endothelial_mural	MYH11	True	MYH11	0.00556901004165411	0.008279956256834869
1	contamination_endothelial_mural	MYH11	True	MYH11	0.007054592482745647	0.01065286866534774
2	contamination_endothelial_mural	MYH11	True	MYH11	0.011592941358685493	0.017035775127768313
3	contamination_endothelial_mural	MYH11	True	MYH11	0.008615551516413689	0.011719987329743428
4	contamination_endothelial_mural	MYH11	True	MYH11	0.035014983266592026	0.030526992287917738
5	contamination_endothelial_mural	MYH11	True	MYH11	0.027796342968940735	0.028343313373253493
6	contamination_endothelial_mural	MYH11	True	MYH11	0.016094811260700226	0.023587833643699565
7	contamination_endothelial_mural	MYH11	True	MYH11	0.013113807886838913	0.018194223334091427
8	contamination_endothelial_mural	MYH11	True	MYH11	0.010895767249166965	0.012893982808022923
9	contamination_endothelial_mural	MYH11	True	MYH11	0.02267306111752987	0.04
10	contamination_endothelial_mural	MYH11	True	MYH11	0.008917680010199547	0.014062977682665852
11	contamination_endothelial_mural	MYH11	True	MYH11	0.01345085073262453	0.021456208230742173
12	contamination_endothelial_mural	MYH11	True	MYH11	0.01593163050711155	0.019728377412437454
13	contamination_endothelial_mural	MYH11	True	MYH11	0.022186286747455597	0.028246371125931737
14	contamination_endothelial_mural	MYH11	True	MYH11	0.008376543410122395	0.012811387900355872
15	contamination_endothelial_mural	MYH11	True	MYH11	0.011844143271446228	0.017865538316878232
16	contamination_endothelial_mural	MYH11	True	MYH11	0.010177732445299625	0.008766275622018822
17	contamination_endothelial_mural	MYH11	True	MYH11	0.008801914751529694	0.011464968152866241
18	contamination_endothelial_mural	MYH11	True	MYH11	0.005453889258205891	0.009150663745328006
0	contamination_immune	PTPRC	True	PTPRC	0.0006213343585841358	0.00046867676925480396
1	contamination_immune	PTPRC	True	PTPRC	0.0012568362290039659	0.0012174707046111702
2	contamination_immune	PTPRC	True	PTPRC	0.0016131610609591007	0.0017035775127768314
3	contamination_immune	PTPRC	True	PTPRC	0.00012804946163669229	0.0003167564143173899
4	contamination_immune	PTPRC	True	PTPRC	0.0014828962739557028	0.0012853470437017994
5	contamination_immune	PTPRC	True	PTPRC	0.001821275451220572	0.0015968063872255488
6	contamination_immune	PTPRC	True	PTPRC	0.0006611950229853392	0.0006207324643078833
7	contamination_immune	PTPRC	True	PTPRC	0.005027664825320244	0.004321128041846714
8	contamination_immune	PTPRC	True	PTPRC	0.005200088024139404	0.004707327056897258
9	contamination_immune	PTPRC	True	PTPRC	0.042227957397699356	0.05473684210526316
10	contamination_immune	PTPRC	True	PTPRC	0.006804564036428928	0.006572913482115561
11	contamination_immune	PTPRC	True	PTPRC	0.005191096570342779	0.006331340133661625
12	contamination_immune	PTPRC	True	PTPRC	0.00015310861635953188	0.0001429592566118656
13	contamination_immune	PTPRC	True	PTPRC	0.0012623671209439635	0.0013730874852883484
14	contamination_immune	PTPRC	True	PTPRC	0.001811978523619473	0.0014234875444839859
15	contamination_immune	PTPRC	True	PTPRC	0.0015408610925078392	0.0028208744710860366
16	contamination_immune	PTPRC	True	PTPRC	0.010577283799648285	0.008508443986077092
17	contamination_immune	PTPRC	True	PTPRC	0.004223703406751156	0.004840764331210191
18	contamination_immune	PTPRC	True	PTPRC	0.001861266908235848	0.002706534347209692
0	contamination_immune	LYZ	True	LYZ	0.0007077394402585924	0.0012498047180128104
1	contamination_immune	LYZ	True	LYZ	0.0009212472359649837	0.0013696545426875666
2	contamination_immune	LYZ	True	LYZ	0.0008497507660649717	0.0017035775127768314
3	contamination_immune	LYZ	True	LYZ	0.0029156371019780636	0.004117833386126069
4	contamination_immune	LYZ	True	LYZ	0.0014080710243433714	0.0016066838046272494
5	contamination_immune	LYZ	True	LYZ	0.006302195135504007	0.005588822355289421
6	contamination_immune	LYZ	True	LYZ	0.001943098846822977	0.002793296089385475
7	contamination_immune	LYZ	True	LYZ	0.0020216868724673986	0.002729133500113714
8	contamination_immune	LYZ	True	LYZ	0.006725814659148455	0.006958657388456815
9	contamination_immune	LYZ	True	LYZ	0.1322660595178604	0.15789473684210525
10	contamination_immune	LYZ	True	LYZ	0.006226208060979843	0.00749006420055029
11	contamination_immune	LYZ	True	LYZ	0.011480915360152721	0.015124868097080548
12	contamination_immune	LYZ	True	LYZ	0.0009359404793940485	0.0011436740528949249
13	contamination_immune	LYZ	True	LYZ	0.0018424823647364974	0.0021577089054531187
14	contamination_immune	LYZ	True	LYZ	0.001367279444821179	0.002135231316725979
15	contamination_immune	LYZ	True	LYZ	0.004731171298772097	0.0061118946873530795
16	contamination_immune	LYZ	True	LYZ	0.006707168649882078	0.006832538352455847
17	contamination_immune	LYZ	True	LYZ	0.00637445691972971	0.006624203821656051
18	contamination_immune	LYZ	True	LYZ	0.005018968600779772	0.006057481634231215
0	contamination_immune	AIF1	True	AIF1	0.0009107367950491607	0.0009373535385096079
1	contamination_immune	AIF1	True	AIF1	0.00030481928843073547	0.0006087353523055851
2	contamination_immune	AIF1	True	AIF1	0.0011577516561374068	0.0012776831345826234
3	contamination_immune	AIF1	True	AIF1	0.005020265467464924	0.006018371872030409
4	contamination_immune	AIF1	True	AIF1	0.0011635132832452655	0.0014460154241645244
5	contamination_immune	AIF1	True	AIF1	0.0024460882414132357	0.0023952095808383233
6	contamination_immune	AIF1	True	AIF1	0.004401725716888905	0.004345127250155183
7	contamination_immune	AIF1	True	AIF1	0.006030413322150707	0.008642256083693428
8	contamination_immune	AIF1	True	AIF1	0.012091662734746933	0.012279983626688497
9	contamination_immune	AIF1	True	AIF1	0.0857233926653862	0.0968421052631579
10	contamination_immune	AIF1	True	AIF1	0.008765378035604954	0.009782940996637114
11	contamination_immune	AIF1	True	AIF1	0.01531814131885767	0.016531832571227575
12	contamination_immune	AIF1	True	AIF1	0.0007012860151007771	0.0008577555396711937
13	contamination_immune	AIF1	True	AIF1	0.004300523549318314	0.004315417810906237
14	contamination_immune	AIF1	True	AIF1	0.001009476138278842	0.0008896797153024911
15	contamination_immune	AIF1	True	AIF1	0.004334469325840473	0.0061118946873530795
16	contamination_immune	AIF1	True	AIF1	0.01024211198091507	0.008895191439989687
17	contamination_immune	AIF1	True	AIF1	0.00521554471924901	0.006624203821656051
18	contamination_immune	AIF1	True	AIF1	0.005836507771164179	0.0067018945740430465
0	contamination_immune	TYROBP	True	TYROBP	0.001456803292967379	0.0015622558975160131
1	contamination_immune	TYROBP	True	TYROBP	0.0025415057316422462	0.0030436767615279257
2	contamination_immune	TYROBP	True	TYROBP	0.0013815892161801457	0.002129471890971039
3	contamination_immune	TYROBP	True	TYROBP	0.008430364541709423	0.009185936015204309
4	contamination_immune	TYROBP	True	TYROBP	0.0035123343113809824	0.002731362467866324
5	contamination_immune	TYROBP	True	TYROBP	0.006047840230166912	0.005189620758483034
6	contamination_immune	TYROBP	True	TYROBP	0.004980794154107571	0.005896958410924891
7	contamination_immune	TYROBP	True	TYROBP	0.009319687262177467	0.010916534000454855
8	contamination_immune	TYROBP	True	TYROBP	0.020505260676145554	0.01882930822758903
9	contamination_immune	TYROBP	True	TYROBP	0.20480740070343018	0.2063157894736842
10	contamination_immune	TYROBP	True	TYROBP	0.015848428010940552	0.01498012840110058
11	contamination_immune	TYROBP	True	TYROBP	0.016902314499020576	0.019345761519521634
12	contamination_immune	TYROBP	True	TYROBP	0.0023217680864036083	0.0024303073624017154
13	contamination_immune	TYROBP	True	TYROBP	0.0035891938023269176	0.00372695174578266
14	contamination_immune	TYROBP	True	TYROBP	0.0023386350367218256	0.001601423487544484
15	contamination_immune	TYROBP	True	TYROBP	0.009617515839636326	0.010813352139163141
16	contamination_immune	TYROBP	True	TYROBP	0.020910056307911873	0.018306046151862834
17	contamination_immune	TYROBP	True	TYROBP	0.015498785302042961	0.014777070063694267
18	contamination_immune	TYROBP	True	TYROBP	0.01028287410736084	0.01353267173604846
0	contamination_immune	CD74	True	CD74	0.019290225580334663	0.023590064052491796
1	contamination_immune	CD74	True	CD74	0.04732730612158775	0.05676457160249582
2	contamination_immune	CD74	True	CD74	0.013521653600037098	0.024701873935264053
3	contamination_immune	CD74	True	CD74	0.3931784927845001	0.2876148242001901
4	contamination_immune	CD74	True	CD74	0.037073999643325806	0.03631105398457583
5	contamination_immune	CD74	True	CD74	0.09289786219596863	0.08862275449101796
6	contamination_immune	CD74	True	CD74	0.14939041435718536	0.14432029795158285
7	contamination_immune	CD74	True	CD74	0.5324388742446899	0.4302933818512622
8	contamination_immune	CD74	True	CD74	0.38337019085884094	0.30761358984854686
9	contamination_immune	CD74	True	CD74	0.9094831943511963	0.6589473684210526
10	contamination_immune	CD74	True	CD74	0.044053468853235245	0.04646896973402629
11	contamination_immune	CD74	True	CD74	0.130369171500206	0.1477312697854379
12	contamination_immune	CD74	True	CD74	0.07248744368553162	0.07834167262330236
13	contamination_immune	CD74	True	CD74	0.03905734419822693	0.04433111023930953
14	contamination_immune	CD74	True	CD74	0.02264646254479885	0.027758007117437724
15	contamination_immune	CD74	True	CD74	0.12970247864723206	0.14856605547719792
16	contamination_immune	CD74	True	CD74	0.0889286994934082	0.07941214387005285
17	contamination_immune	CD74	True	CD74	0.05199161171913147	0.05477707006369427
18	contamination_immune	CD74	True	CD74	0.03388648480176926	0.04446449284701637
0	contamination_immune	CD3D	True	CD3D	0.00015195654123090208	0.0001562255897516013
1	contamination_immune	CD3D	True	CD3D	0.0001606676378287375	0.00030436767615279255
2	contamination_immune	CD3D	True	CD3D	0.0	0.0
3	contamination_immune	CD3D	True	CD3D	0.0	0.0
4	contamination_immune	CD3D	True	CD3D	0.0009721355163492262	0.0008033419023136247
5	contamination_immune	CD3D	True	CD3D	0.0001212817951454781	0.0003992015968063872
6	contamination_immune	CD3D	True	CD3D	0.00029755011200904846	0.00031036623215394165
7	contamination_immune	CD3D	True	CD3D	0.0016145356930792332	0.0020468501250852852
8	contamination_immune	CD3D	True	CD3D	0.001303293276578188	0.0014326647564469914
9	contamination_immune	CD3D	True	CD3D	0.007834591902792454	0.010526315789473684
10	contamination_immune	CD3D	True	CD3D	0.0008446688298135996	0.0012228676245796392
11	contamination_immune	CD3D	True	CD3D	0.0004532270540948957	0.00035174111853675694
12	contamination_immune	CD3D	True	CD3D	0.0	0.0
13	contamination_immune	CD3D	True	CD3D	0.0008220036397688091	0.0005884660651235779
14	contamination_immune	CD3D	True	CD3D	0.00064334727358073	0.0008896797153024911
15	contamination_immune	CD3D	True	CD3D	0.00018216406169813126	0.0004701457451810061
16	contamination_immune	CD3D	True	CD3D	0.002821617992594838	0.0024494005414464354
17	contamination_immune	CD3D	True	CD3D	0.002489125821739435	0.002038216560509554
18	contamination_immune	CD3D	True	CD3D	0.0004903877852484584	0.0007732955277741977
0	contamination_immune	NKG7	True	NKG7	0.0	0.0
1	contamination_immune	NKG7	True	NKG7	0.0002250140969408676	0.00030436767615279255
2	contamination_immune	NKG7	True	NKG7	0.0005325076053850353	0.00042589437819420784
3	contamination_immune	NKG7	True	NKG7	0.0	0.0
4	contamination_immune	NKG7	True	NKG7	0.0	0.0
5	contamination_immune	NKG7	True	NKG7	0.0	0.0
6	contamination_immune	NKG7	True	NKG7	0.0001186772424262017	0.00031036623215394165
7	contamination_immune	NKG7	True	NKG7	0.0006215246394276619	0.0006822833750284285
8	contamination_immune	NKG7	True	NKG7	0.001137354294769466	0.0012279983626688497
9	contamination_immune	NKG7	True	NKG7	0.00840842630714178	0.010526315789473684
10	contamination_immune	NKG7	True	NKG7	0.0006700241356156766	0.0004585753592173647
11	contamination_immune	NKG7	True	NKG7	0.00029505963902920485	0.00035174111853675694
12	contamination_immune	NKG7	True	NKG7	0.0001210855261888355	0.0001429592566118656
13	contamination_immune	NKG7	True	NKG7	0.0003427815099712461	0.00019615535504119262
14	contamination_immune	NKG7	True	NKG7	0.0	0.0
15	contamination_immune	NKG7	True	NKG7	0.00042601354653015733	0.0009402914903620122
16	contamination_immune	NKG7	True	NKG7	0.0036072414368391037	0.0025783163594173004
17	contamination_immune	NKG7	True	NKG7	0.0016866804799064994	0.0015286624203821656
18	contamination_immune	NKG7	True	NKG7	0.00031517547904513776	0.0001288825879623663
0	contamination_immune	MS4A1	True	MS4A1	0.0	0.0
1	contamination_immune	MS4A1	True	MS4A1	0.0	0.0
2	contamination_immune	MS4A1	True	MS4A1	0.0	0.0
3	contamination_immune	MS4A1	True	MS4A1	0.0	0.0
4	contamination_immune	MS4A1	True	MS4A1	0.0	0.0
5	contamination_immune	MS4A1	True	MS4A1	0.0	0.0
6	contamination_immune	MS4A1	True	MS4A1	0.0	0.0
7	contamination_immune	MS4A1	True	MS4A1	0.0	0.0
8	contamination_immune	MS4A1	True	MS4A1	0.0	0.0
9	contamination_immune	MS4A1	True	MS4A1	0.0	0.0
10	contamination_immune	MS4A1	True	MS4A1	0.00023119446996133775	0.0001528584530724549
11	contamination_immune	MS4A1	True	MS4A1	0.0	0.0
12	contamination_immune	MS4A1	True	MS4A1	0.0	0.0
13	contamination_immune	MS4A1	True	MS4A1	0.0	0.0
14	contamination_immune	MS4A1	True	MS4A1	0.0	0.0
15	contamination_immune	MS4A1	True	MS4A1	0.0	0.0
16	contamination_immune	MS4A1	True	MS4A1	0.00014763821673113853	0.000128915817970865
17	contamination_immune	MS4A1	True	MS4A1	0.0002106330794049427	0.00025477707006369424
18	contamination_immune	MS4A1	True	MS4A1	0.0	0.0
