fibro_leiden	rank	gene	score	logfoldchanges	pvals	pvals_adj
0	1	CIRBP	106.31879	1.9456387	0.0	0.0
0	2	GPX3	103.16963	3.1484494	0.0	0.0
0	3	CCNI	100.73149	1.7718931	0.0	0.0
0	4	EEF1A1	96.90366	1.0459592	0.0	0.0
0	5	MT1X	96.853	2.9680872	0.0	0.0
0	6	DDIT4	87.923485	2.9348383	0.0	0.0
0	7	MT2A	87.2989	2.5696795	0.0	0.0
0	8	MT1E	87.08765	2.9444911	0.0	0.0
0	9	ASS1	83.688774	2.492253	0.0	0.0
0	10	SLC39A14	83.49547	2.0957696	0.0	0.0
0	11	CCNB1IP1	82.97351	2.4509087	0.0	0.0
0	12	CHI3L1	82.00412	3.838685	0.0	0.0
0	13	MT1M	79.59947	2.756008	0.0	0.0
0	14	SNHG12	77.73822	2.3005188	0.0	0.0
0	15	LOX	76.588524	2.9873507	0.0	0.0
0	16	PHC2	74.756195	2.6260772	0.0	0.0
0	17	GALNT15	69.384	2.1890664	0.0	0.0
0	18	PGK1	68.596596	1.5824839	0.0	0.0
0	19	LDHA	68.56212	1.2420582	0.0	0.0
0	20	EPB41L4A-AS1	67.74889	1.6636112	0.0	0.0
0	21	EEF2	66.37437	1.2102327	0.0	0.0
0	22	RSL24D1	66.188126	1.4316508	0.0	0.0
0	23	EGLN3	66.129196	2.338969	0.0	0.0
0	24	SMIM3	65.603645	2.05457	0.0	0.0
0	25	GLRX	65.18596	2.305688	0.0	0.0
0	26	NRN1	64.954575	1.9154019	0.0	0.0
0	27	YBX3	63.468864	1.2049009	0.0	0.0
0	28	RPS26	63.092823	1.2045385	0.0	0.0
0	29	BTF3	63.08245	0.982409	0.0	0.0
0	30	GAPDH	62.869118	1.2407916	0.0	0.0
0	31	SNX3	62.784245	1.3377988	0.0	0.0
0	32	SNHG7	62.49288	1.6008027	0.0	0.0
0	33	BNIP3	62.191944	1.8675463	0.0	0.0
0	34	UBC	61.058506	1.1167899	0.0	0.0
0	35	NPM1	60.298267	1.0795695	0.0	0.0
0	36	C1orf43	60.221363	1.6610835	0.0	0.0
0	37	EIF3L	60.170563	1.4884293	0.0	0.0
0	38	CDA	60.018578	2.0802133	0.0	0.0
0	39	MTHFD2	59.857033	2.3320258	0.0	0.0
0	40	EIF4B	59.742985	1.3702323	0.0	0.0
0	41	GID8	59.575516	2.1439235	0.0	0.0
0	42	RPL8	59.068394	0.70857114	0.0	0.0
0	43	EIF1	58.203636	0.78152716	0.0	0.0
0	44	TMBIM1	57.8913	1.6711276	0.0	0.0
0	45	SYF2	57.08281	1.3785489	0.0	0.0
0	46	GYG1	56.758926	2.202239	0.0	0.0
0	47	CSDE1	56.175133	1.2952018	0.0	0.0
0	48	DARS	55.97772	1.6750127	0.0	0.0
0	49	RHOB	55.71948	1.4880489	0.0	0.0
0	50	POLR1D	54.91543	1.4215769	0.0	0.0
0	51	COPS2	54.425327	1.619369	0.0	0.0
0	52	GDI2	53.91105	1.5100448	0.0	0.0
0	53	UBE2D3	53.787304	1.1947521	0.0	0.0
0	54	SOD2	53.712646	1.8312358	0.0	0.0
0	55	DCXR	53.23159	1.7701355	0.0	0.0
0	56	RBM3	52.650208	1.1460239	0.0	0.0
0	57	ERRFI1	52.637455	1.7094146	0.0	0.0
0	58	INTS6	52.114063	1.5131326	0.0	0.0
0	59	STK24	52.111897	1.6171209	0.0	0.0
0	60	PRR13	51.95563	1.717369	0.0	0.0
0	61	CMPK1	51.510815	1.3323916	0.0	0.0
0	62	PGAM1	51.467457	1.3133885	0.0	0.0
0	63	ST13	51.456116	1.111867	0.0	0.0
0	64	CCT4	51.333916	1.4699931	0.0	0.0
0	65	TAF1D	51.12933	1.3967229	0.0	0.0
0	66	KHDRBS1	50.439587	1.3400778	0.0	0.0
0	67	CCT8	49.886055	1.413391	0.0	0.0
0	68	GBE1	49.829876	1.8930204	0.0	0.0
0	69	ANGPTL4	49.78999	2.2465255	0.0	0.0
0	70	ACKR3	49.777683	1.6674969	0.0	0.0
0	71	NEAT1	49.658302	1.0856925	0.0	0.0
0	72	ENO1	49.621166	1.1042818	0.0	0.0
0	73	MARVELD1	49.49013	1.7478206	0.0	0.0
0	74	PHF1	49.297607	1.7859423	0.0	0.0
0	75	PDK1	49.25609	2.0300117	0.0	0.0
0	76	EIF3E	48.30766	0.9331341	0.0	0.0
0	77	CNBP	48.10828	0.9220901	0.0	0.0
0	78	EIF4H	47.873516	1.2893796	0.0	0.0
0	79	APH1A	47.76819	1.4696821	0.0	0.0
0	80	RPS27A	47.32206	0.5925019	0.0	0.0
0	81	PTGES3	47.210075	1.0317571	0.0	0.0
0	82	CCND3	46.46763	1.8807852	0.0	0.0
0	83	PCNP	46.437435	1.2367566	0.0	0.0
0	84	TUBB	45.873116	1.2645116	0.0	0.0
0	85	SSR3	45.839806	1.1675946	0.0	0.0
0	86	TRIM28	45.786537	1.7275883	0.0	0.0
0	87	ZFAS1	45.77289	0.8751541	0.0	0.0
0	88	DHRS3	45.68603	1.5476438	0.0	0.0
0	89	SLC25A3	45.682114	0.9453458	0.0	0.0
0	90	PGM1	45.36312	1.5346925	0.0	0.0
0	91	BFAR	45.327896	1.7224293	0.0	0.0
0	92	SARAF	45.214085	1.0588473	0.0	0.0
0	93	EIF4A2	45.184223	0.99983734	0.0	0.0
0	94	CLMP	44.923847	1.6332148	0.0	0.0
0	95	APOD	44.895214	2.4300425	0.0	0.0
0	96	RPSA	44.8866	0.7147904	0.0	0.0
0	97	CCNG1	44.74091	1.8125856	0.0	0.0
0	98	WSB1	44.511303	1.1970268	0.0	0.0
0	99	SHMT2	44.202797	1.566282	0.0	0.0
0	100	BNIP3L	44.085426	1.140141	0.0	0.0
0	101	MMADHC	43.933273	1.3451672	0.0	0.0
0	102	TNFRSF1A	43.821503	1.2982932	0.0	0.0
0	103	PABPC1	43.73549	1.0047231	0.0	0.0
0	104	ANP32B	43.725273	1.0596889	0.0	0.0
0	105	TXNDC12	43.272938	1.4846051	0.0	0.0
0	106	RASD1	43.22692	1.4146179	0.0	0.0
0	107	FAM20C	43.21391	1.5488721	0.0	0.0
0	108	SNHG8	43.167107	1.0760823	0.0	0.0
0	109	EEF1D	43.09959	0.6616935	0.0	0.0
0	110	RPL4	42.98924	0.78770554	0.0	0.0
0	111	RPS4X	42.82306	0.560546	0.0	0.0
0	112	RACK1	42.790554	0.6075572	0.0	0.0
0	113	WBP2	42.589966	1.3662037	0.0	0.0
0	114	SLC25A37	42.41847	1.2889454	0.0	0.0
0	115	RPS3A	42.408615	0.55121636	0.0	0.0
0	116	CNOT8	42.36469	1.7073541	0.0	0.0
0	117	RGS10	42.332752	1.2954429	0.0	0.0
0	118	SAT2	42.192028	1.186878	0.0	0.0
0	119	RPS5	42.07741	0.6081116	0.0	0.0
0	120	PCBP2	41.815205	1.0085914	0.0	0.0
1	1	GPX3	131.82535	3.6659293	0.0	0.0
1	2	SUN2	96.28995	2.5662866	0.0	0.0
1	3	PABPC1	87.41045	1.7869269	0.0	0.0
1	4	DCXR	85.83969	2.4913902	0.0	0.0
1	5	GALNT15	84.7659	2.4853063	0.0	0.0
1	6	SERPING1	82.30987	1.9044784	0.0	0.0
1	7	PLPP3	81.02438	2.5438025	0.0	0.0
1	8	RHOB	78.794945	1.9225754	0.0	0.0
1	9	CIRBP	78.45424	1.4961357	0.0	0.0
1	10	CCNI	74.66034	1.3662325	0.0	0.0
1	11	EEF1A1	73.42499	0.8256211	0.0	0.0
1	12	CEBPD	71.7497	1.6983765	0.0	0.0
1	13	GLUL	71.4329	2.389381	0.0	0.0
1	14	FBLN1	71.41355	2.1056762	0.0	0.0
1	15	TSC22D3	70.95113	2.1061833	0.0	0.0
1	16	CYBRD1	70.767395	1.6883457	0.0	0.0
1	17	EEF2	69.16283	1.2787546	0.0	0.0
1	18	CNBP	68.17005	1.2438891	0.0	0.0
1	19	MT1X	67.9761	2.1354702	0.0	0.0
1	20	VIM	67.0684	0.96096236	0.0	0.0
1	21	LDHB	66.75715	1.7904742	0.0	0.0
1	22	BTF3	65.03302	1.0135418	0.0	0.0
1	23	KLF15	64.75251	3.222423	0.0	0.0
1	24	DDIT4	64.58411	2.261846	0.0	0.0
1	25	GPM6B	62.943615	2.8370473	0.0	0.0
1	26	SNHG7	62.833496	1.6147956	0.0	0.0
1	27	CYP4B1	61.694992	4.389399	0.0	0.0
1	28	TXNIP	60.01381	1.7170118	0.0	0.0
1	29	ASS1	59.434483	2.0415106	0.0	0.0
1	30	RPS26	57.73688	1.1075902	0.0	0.0
1	31	ADH5	57.72968	1.8318582	0.0	0.0
1	32	STK24	57.109726	1.7463728	0.0	0.0
1	33	ZFP36	56.933624	1.7826225	0.0	0.0
1	34	EIF4A2	56.86897	1.2165934	0.0	0.0
1	35	MFGE8	56.538044	1.3340122	0.0	0.0
1	36	CDO1	56.223625	1.4970541	0.0	0.0
1	37	PCBP2	55.66698	1.28546	0.0	0.0
1	38	SNHG12	55.536613	1.8157399	0.0	0.0
1	39	SLPI	55.472992	2.5411887	0.0	0.0
1	40	SLC25A3	55.02606	1.1006323	0.0	0.0
1	41	GDI2	55.013206	1.5132189	0.0	0.0
1	42	ZBTB16	54.649235	1.8634318	0.0	0.0
1	43	ANGPTL7	54.43602	2.6504283	0.0	0.0
1	44	HLA-E	54.136555	1.2027858	0.0	0.0
1	45	GYG1	53.740402	2.0072157	0.0	0.0
1	46	EIF3L	53.465668	1.3483809	0.0	0.0
1	47	CAVIN1	53.433277	1.3570781	0.0	0.0
1	48	PNPLA2	53.357445	1.8013728	0.0	0.0
1	49	CCT4	53.0645	1.5078951	0.0	0.0
1	50	APOD	50.896713	2.59348	0.0	0.0
1	51	XIST	50.87811	1.72878	0.0	0.0
1	52	MTHFD2	50.7905	1.8936045	0.0	0.0
1	53	EIF3F	50.415028	1.1996603	0.0	0.0
1	54	HNRNPF	50.189	1.3693216	0.0	0.0
1	55	RACK1	50.137466	0.69897854	0.0	0.0
1	56	OXA1L	49.992718	1.733116	0.0	0.0
1	57	ZFAND5	49.769905	1.3914706	0.0	0.0
1	58	KLF9	49.7354	1.3214507	0.0	0.0
1	59	FAXDC2	49.706593	1.9470943	0.0	0.0
1	60	MPST	49.678593	1.6858726	0.0	0.0
1	61	PDK4	49.60528	2.1387198	0.0	0.0
1	62	CNOT8	48.868362	1.8998427	0.0	0.0
1	63	CCNB1IP1	47.85417	1.4961737	0.0	0.0
1	64	POLR1D	47.83978	1.2558302	0.0	0.0
1	65	YBX3	47.602787	0.9233661	0.0	0.0
1	66	LETMD1	46.398453	1.6604019	0.0	0.0
1	67	UBXN1	46.38539	1.1398594	0.0	0.0
1	68	IGFBP6	46.281384	1.6680577	0.0	0.0
1	69	KHDRBS1	46.20174	1.237116	0.0	0.0
1	70	CSDE1	45.444843	1.0769601	0.0	0.0
1	71	CCDC3	45.23998	2.3220172	0.0	0.0
1	72	EBPL	45.107517	1.3799301	0.0	0.0
1	73	SNX3	45.018	0.9836433	0.0	0.0
1	74	FOXO1	44.951134	1.399728	0.0	0.0
1	75	RBM3	44.848293	0.99628544	0.0	0.0
1	76	C8orf59	44.643333	1.3270531	0.0	0.0
1	77	ALDH2	44.562138	1.5703909	0.0	0.0
1	78	EIF4B	44.53293	1.0762964	0.0	0.0
1	79	GSN	43.950718	1.404682	0.0	0.0
1	80	H1FX	43.613697	1.205682	0.0	0.0
1	81	LINC01088	43.487534	3.035977	0.0	0.0
1	82	NPC2	43.019287	0.98201007	0.0	0.0
1	83	PABPC4	42.88347	1.3533392	0.0	0.0
1	84	EIF3E	42.47102	0.8318828	0.0	0.0
1	85	TMOD1	42.438072	1.8058331	0.0	0.0
1	86	BTG2	42.154377	1.2830226	0.0	0.0
1	87	KLF4	42.133286	1.2009261	0.0	0.0
1	88	SPSB3	41.750454	1.5017142	0.0	0.0
1	89	RPSA	41.6568	0.66497725	0.0	0.0
1	90	LTBP4	41.653946	1.222622	0.0	0.0
1	91	FADS3	41.556408	1.6914322	0.0	0.0
1	92	CMPK1	41.414253	1.1080152	0.0	0.0
1	93	CCNG1	41.38344	1.6694131	0.0	0.0
1	94	ADI1	41.31347	1.2789875	0.0	0.0
1	95	PPP2R1A	41.2318	1.5366069	0.0	0.0
1	96	TMEM120A	41.161037	1.665341	0.0	0.0
1	97	MMP3	40.854275	2.3936014	0.0	0.0
1	98	TMBIM1	40.78247	1.1944926	0.0	0.0
1	99	PHB2	40.739017	1.1114997	0.0	0.0
1	100	EFHD1	40.671066	1.9767499	0.0	0.0
1	101	UBE2D3	40.39493	0.9115646	0.0	0.0
1	102	PCOLCE2	40.289642	0.9952171	0.0	0.0
1	103	JAGN1	40.198444	1.3620354	0.0	0.0
1	104	IGBP1	40.19722	1.2019358	0.0	0.0
1	105	VPS51	40.03784	1.497881	0.0	0.0
1	106	HSD17B11	39.952972	1.7567457	0.0	0.0
1	107	C1orf43	39.9059	1.153636	0.0	0.0
1	108	TKT	39.750423	1.3327681	0.0	0.0
1	109	C1R	39.660007	1.2146626	0.0	0.0
1	110	ABHD14B	39.460506	1.5251789	0.0	0.0
1	111	CHPT1	39.349407	1.3261309	0.0	0.0
1	112	PMP22	39.16229	0.8485698	0.0	0.0
1	113	ESD	39.05847	0.9580762	0.0	0.0
1	114	MAMDC2	39.053223	1.6972582	0.0	0.0
1	115	PRR13	38.9946	1.3412751	0.0	0.0
1	116	DSE	38.890995	1.4540396	0.0	0.0
1	117	PSMG2	38.74222	1.0769477	6.2293736019393e-311	1.240164461252757e-308
1	118	RPL4	38.705273	0.721507	9.83095808624444e-310	1.947039077143043e-307
1	119	RSL24D1	38.681347	0.8984581	1.62623838229613e-309	3.204192573447794e-307
1	120	PIK3R1	38.627388	1.2132101	2.880449667682816e-309	5.6462722101286125e-307
2	1	SNHG6	91.327065	3.8532665	0.0	0.0
2	2	GAS5	87.732376	3.8519065	0.0	0.0
2	3	RPL17	80.848114	3.835446	0.0	0.0
2	4	SNHG5	78.02029	3.5207968	0.0	0.0
2	5	GABARAP	72.77942	3.1653676	0.0	0.0
2	6	EEF1G	72.43606	3.3017995	0.0	0.0
2	7	SERPINA3	69.89523	4.4809375	0.0	0.0
2	8	SNHG29	65.563065	3.1451943	0.0	0.0
2	9	MRPS24	60.039455	3.0728228	0.0	0.0
2	10	RNASEK	59.621155	2.7405026	0.0	0.0
2	11	ECRG4	59.47598	3.6970665	0.0	0.0
2	12	RBIS	58.93871	3.1364021	0.0	0.0
2	13	ATP6V0C	58.533375	2.9633884	0.0	0.0
2	14	RPS17	58.311005	2.6134818	0.0	0.0
2	15	LINC01578	57.894928	2.9218652	0.0	0.0
2	16	DANCR	56.4065	3.291831	0.0	0.0
2	17	RPL36A	54.361374	2.0749915	0.0	0.0
2	18	CCNB1IP1	53.688732	2.3640382	0.0	0.0
2	19	LINC00632	53.587303	2.8360868	0.0	0.0
2	20	SNHG1	51.808468	3.5866745	0.0	0.0
2	21	CIAO2B	51.590443	2.8474321	0.0	0.0
2	22	NME2	50.77828	2.5573404	0.0	0.0
2	23	POLD4	50.71308	3.0012608	0.0	0.0
2	24	EPB41L4A-AS1	49.116802	1.8273858	0.0	0.0
2	25	SSR3	47.94467	1.7532586	0.0	0.0
2	26	SEPTIN7	47.5194	2.4818149	0.0	0.0
2	27	SNHG16	47.169216	3.0028667	0.0	0.0
2	28	S100A1	46.165096	2.880232	0.0	0.0
2	29	MIF	45.765274	1.9004493	0.0	0.0
2	30	MT1E	43.498756	2.5755265	0.0	0.0
2	31	PNRC1	43.353683	1.4275353	0.0	0.0
2	32	ARL6IP1	43.133354	1.8940753	0.0	0.0
2	33	DDX39B	43.039715	2.334448	0.0	0.0
2	34	SNHG12	41.987858	1.9791675	0.0	0.0
2	35	NAP1L1	41.49454	1.3793745	0.0	0.0
2	36	TOMM20	41.344948	1.3054856	0.0	0.0
2	37	TAF1D	41.2953	1.6663028	0.0	0.0
2	38	NPM1	40.687317	1.1847824	6.828664746925569e-301	4.27899805387677e-298
2	39	RPS20	40.643402	1.2320169	1.4869555413194476e-300	9.021807716094375e-298
2	40	EIF4A1	40.495495	1.5864067	1.3044254335701774e-304	8.450908097082451e-302
2	41	MT2A	40.225018	2.0561886	9.950072111819554e-301	6.134379941970817e-298
2	42	TOMM6	40.12853	2.3399868	1.3540384602598228e-302	8.62612768416191e-300
2	43	ANP32B	39.822575	1.4162806	4.238954830837747e-295	2.5317157727178443e-292
2	44	SEPTIN1	39.640064	3.5533834	5.029800943582183e-280	2.8273398715806673e-277
2	45	TRAPPC5	39.17897	2.433708	7.616332321536914e-289	4.41101040391556e-286
2	46	MAGI2-AS3	39.13295	2.3683689	1.3448266821410504e-289	7.908408476639925e-287
2	47	ASS1	38.093796	1.9046047	7.003956079971049e-277	3.879988655084252e-274
2	48	DEK	37.41154	1.405479	3.1229961232605506e-267	1.6579639418821012e-264
2	49	STC2	37.298725	2.744219	1.113859401592612e-261	5.832350926914521e-259
2	50	EIF1	37.269527	0.811842	5.7256638052278334e-260	2.9575374769057934e-257
2	51	MT1X	36.797367	2.0302656	3.525177399693387e-255	1.772978696393158e-252
2	52	NGRN	36.51206	2.3159401	6.292978840387745e-255	3.123932768765989e-252
2	53	SYF2	36.242214	1.373313	1.5117259301288194e-252	7.314457209271391e-250
2	54	PTGES3	34.8486	1.1474885	2.117639353709965e-234	9.752367067013218e-232
2	55	DDIT4	34.67374	2.0598218	3.341967482902454e-234	1.520754346029326e-231
2	56	DNAJB9	34.601562	1.7917386	1.9246476811433665e-233	8.65502740753224e-231
2	57	CIRBP	34.498325	1.1024455	2.791304984804796e-225	1.159726540643245e-222
2	58	CCN2	34.487576	3.1114864	5.107093784080598e-230	2.2183358273033724e-227
2	59	AOPEP	34.479107	2.3174486	3.266103000501959e-231	1.434983001048125e-228
2	60	RPS26	34.437042	1.1397787	2.3602746318753235e-225	9.91419093723103e-223
2	61	LAYN	34.249428	2.0859969	2.2529162483184683e-228	9.675895581542149e-226
2	62	SNHG17	34.179596	3.263004	1.3464932670499147e-219	5.146835863971593e-217
2	63	COA8	33.96182	2.7801876	9.401909298715098e-221	3.704933825093669e-218
2	64	ATOH8	33.937523	2.994075	4.500742499137182e-217	1.6702561290001906e-214
2	65	MICOS13	33.723717	2.3598316	2.3226365472353985e-221	9.345311513844829e-219
2	66	HNRNPC	33.644394	1.2479898	4.3542058657112653e-221	1.7336996355307022e-218
2	67	RNASE4	33.45233	2.0126367	5.875109588839571e-220	2.291532540038814e-217
2	68	EFHD1	33.365726	2.2989075	2.7006868127131596e-216	9.83152883134741e-214
2	69	BNIP3	33.274117	1.6203771	2.184854175299502e-217	8.187633921240015e-215
2	70	C18orf32	33.189842	1.8946888	6.43127799880669e-217	2.3637420214075667e-214
2	71	CAST	32.94491	1.2422229	2.846502124432927e-213	1.0168663290123757e-210
2	72	RGCC	32.856804	1.9269418	2.833701503213684e-213	1.0168663290123757e-210
2	73	NFKBIL1	32.827217	1.817447	2.386802763885941e-212	8.370013655667543e-210
2	74	PAM16	32.75799	2.805615	1.096315290964023e-206	3.741567471590073e-204
2	75	GABPB1-IT1	32.47535	2.8141236	1.6764694197947648e-203	5.572292791498704e-201
2	76	SNHG3	32.268406	3.3756032	4.267738272401759e-198	1.3262603880023158e-195
2	77	ERRFI1	32.166862	1.6003159	8.348756937650771e-205	2.8240963290687e-202
2	78	SNHG32	32.06452	2.0558429	6.1484104945532525e-204	2.0615512521386274e-201
2	79	CCDC59	31.90547	1.4163517	3.0046388956219247e-202	9.816180952671149e-200
2	80	COPS2	31.856855	1.4367313	1.0753852816781424e-201	3.454245966963472e-199
2	81	UBE2V1	31.849941	2.1576865	1.9598996040263946e-200	6.242933538692075e-198
2	82	RPP21	31.803713	2.27891	6.261594178475098e-199	1.9780427758515053e-196
2	83	BTG1	31.66732	1.180882	1.1766019375225717e-198	3.686428890152687e-196
2	84	PLAAT3	31.282047	2.8552685	9.168594785494656e-190	2.59600271911665e-187
2	85	HSP90AB1	31.27537	0.84357727	7.989499630664316e-192	2.296170179567766e-189
2	86	EIF2S2	31.228888	1.2627174	2.848705379131378e-194	8.641977334279189e-192
2	87	GALNT15	31.2287	1.6782451	1.7737349604550667e-194	5.4239396102747575e-192
2	88	ST13	31.19537	1.0851614	3.781416431728297e-193	1.1118527822029416e-190
2	89	MAD1L1	31.13228	2.2555087	1.533669594667507e-190	4.374849745266477e-188
2	90	RGS10	31.076584	1.4017789	6.951437218877144e-193	2.0283338645370988e-190
2	91	NRN1	30.815744	1.4311785	1.7807301437494783e-189	4.968367081363508e-187
2	92	TOMM5	30.792221	1.7882427	2.005144109218255e-189	5.553958581939028e-187
2	93	BCKDHA	30.79187	3.2460487	7.840079539307043e-183	2.0112698007414258e-180
2	94	METAP2	30.707798	1.3394815	8.340059533748515e-189	2.2609250753049874e-186
2	95	SOD3	30.512924	1.2632686	1.4640952095179632e-184	3.833121595110591e-182
2	96	HEIH	30.384144	3.169844	5.532492151796443e-179	1.3821828758840996e-176
2	97	SOD2	30.383398	1.698651	4.4924200913180706e-185	1.184263900486496e-182
2	98	RSL24D1	30.370478	1.0847583	2.753054929889036e-183	7.110322408113413e-181
2	99	SLC25A37	30.29051	1.4417475	8.689673547393397e-184	2.259551576024253e-181
2	100	EIF4B	30.23986	1.1221105	2.2281213126928595e-182	5.67784727042479e-180
2	101	MRPL38	30.08459	2.6116006	1.5190676734318293e-178	3.770444334367418e-176
2	102	DBNDD2	29.74152	2.46271	7.027476148114227e-176	1.678864051784489e-173
2	103	ST6GALNAC6	29.634975	2.4667363	1.551965261804705e-174	3.595292131346851e-172
2	104	CDV3	29.55035	1.3277957	3.930451620472072e-176	9.508707768412942e-174
2	105	DCXR	29.548397	1.5704217	3.875076313319436e-176	9.434453312122427e-174
2	106	SNHG7	29.488655	1.2244169	6.774090866448365e-175	1.5885450876019774e-172
2	107	YTHDC1	29.419209	1.4096107	9.645606714517328e-175	2.2481321405835997e-172
2	108	SARS	29.11519	1.3261259	2.003593786631099e-171	4.6135764397703087e-169
2	109	DIS3	29.068813	1.5964144	1.5152164231227769e-170	3.447478128419347e-168
2	110	CHI3L1	28.93509	2.2730997	1.7526917803813574e-169	3.9641947108459765e-167
2	111	RPL23	28.732687	0.93874705	1.3108090734616777e-165	2.8962061285548654e-163
2	112	MICOS10	28.68361	1.7413757	1.2719812315983731e-166	2.860012388036248e-164
2	113	CTSL	28.627195	1.2952375	4.3713228485231485e-166	9.771312547482388e-164
2	114	EIF4EBP3	28.616758	2.9216566	5.311182207555657e-162	1.115464992865975e-159
2	115	GPRC5C	28.612362	1.819211	2.389960763919439e-165	5.2502218528768185e-163
2	116	SET	28.609982	1.1095294	7.616813319096187e-166	1.6927039087740272e-163
2	117	RPS29	28.576332	0.8180631	3.1390712015864386e-164	6.817491909627274e-162
2	118	RPL31	28.49174	0.9248721	1.9476893352857832e-163	4.182498716402459e-161
2	119	NCL	28.424686	1.0361849	1.8505027637721353e-163	3.996249584317859e-161
2	120	ZFAS1	28.376577	0.8763304	9.129436029107288e-162	1.8965411020467228e-159
3	1	GSN	93.22262	3.4864717	0.0	0.0
3	2	CFD	80.34832	4.968985	0.0	0.0
3	3	C1R	77.59906	2.9267707	0.0	0.0
3	4	C1S	77.52685	2.797587	0.0	0.0
3	5	SELENOP	69.4254	3.1057718	0.0	0.0
3	6	SERPING1	69.41938	2.2198157	0.0	0.0
3	7	GPX3	65.064674	2.9140787	0.0	0.0
3	8	MT-CO2	57.635754	2.0924613	0.0	0.0
3	9	ZFP36L2	57.098526	2.391134	0.0	0.0
3	10	MMP2	56.859516	3.2363725	0.0	0.0
3	11	CEBPD	55.69413	1.9417359	0.0	0.0
3	12	EFEMP1	55.179703	3.1596925	0.0	0.0
3	13	MT-CYB	54.98297	2.056282	0.0	0.0
3	14	GPNMB	54.86872	2.5648718	0.0	0.0
3	15	SERPINF1	54.60471	3.0845666	0.0	0.0
3	16	GLUL	53.715744	2.7657287	0.0	0.0
3	17	WISP2	53.056892	3.674723	0.0	0.0
3	18	PLTP	53.010048	3.094476	0.0	0.0
3	19	MT-ND2	51.873882	1.7171371	0.0	0.0
3	20	SRPX	51.009876	4.1300087	0.0	0.0
3	21	JUN	49.970592	1.9301343	0.0	0.0
3	22	FBLN2	49.526882	3.245352	0.0	0.0
3	23	SUN2	49.222134	2.058753	0.0	0.0
3	24	CYP1B1	48.013695	2.6477437	0.0	0.0
3	25	CYBRD1	47.637695	1.6818231	0.0	0.0
3	26	ADH5	47.34833	2.1137438	0.0	0.0
3	27	MGST1	46.822502	2.3883266	0.0	0.0
3	28	EBF1	46.783905	2.4689493	0.0	0.0
3	29	MT-ND1	46.355427	1.629824	0.0	0.0
3	30	C3	46.11355	4.138969	0.0	0.0
3	31	CXCL12	46.111263	3.5209947	0.0	0.0
3	32	HLA-E	45.852936	1.417916	0.0	0.0
3	33	PLPP3	45.218616	2.2617433	0.0	0.0
3	34	PODN	44.970932	3.9674463	0.0	0.0
3	35	EEF2	44.869854	1.2510387	0.0	0.0
3	36	VIT	44.84203	3.5107317	0.0	0.0
3	37	STOM	44.356712	2.0188544	0.0	0.0
3	38	MT-ND4	44.185596	1.5234072	0.0	0.0
3	39	MYC	44.03199	2.4790895	0.0	0.0
3	40	APOD	43.11476	3.4303913	0.0	0.0
3	41	CAT	42.241196	2.4374256	0.0	0.0
3	42	MMP14	42.103413	2.6483061	0.0	0.0
3	43	SCARA5	41.990818	2.8513222	0.0	0.0
3	44	MEDAG	41.78048	2.2207453	0.0	0.0
3	45	SNED1	41.695137	2.4339314	0.0	0.0
3	46	MYL9	41.669357	2.2413523	0.0	0.0
3	47	TSKU	41.272896	2.984446	0.0	0.0
3	48	PSAP	41.105198	1.2318057	0.0	0.0
3	49	LAMP1	40.903088	1.556806	0.0	0.0
3	50	EPHX1	40.636475	2.3597662	0.0	0.0
3	51	AGTR1	40.594482	4.098442	1.6936596774855666e-298	8.407590586001077e-296
3	52	CTSF	39.566692	1.6818106	1.663441884494215e-305	8.477787012387582e-303
3	53	GGT5	39.420044	3.4408224	1.8410136760216286e-290	8.581817896615943e-288
3	54	PTGFR	39.29754	2.902025	1.3196869526461576e-291	6.3054642597433415e-289
3	55	LTBP4	39.13118	1.652098	1.3693977919026256e-299	6.887350157590258e-297
3	56	CYGB	38.831444	2.326524	3.7525463683834063e-290	1.7281606311456303e-287
3	57	IRF1	38.645195	2.015623	2.307974927961139e-291	1.0891362178566245e-288
3	58	ACTB	38.449177	1.155356	4.4131889418553815e-290	2.0082111203985728e-287
3	59	SREBF1	38.140457	2.4427366	2.914632481974886e-279	1.280562206793196e-276
3	60	SFRP1	37.90412	2.9531925	2.0676907175977038e-278	8.981296589710753e-276
3	61	ZFP36	37.687645	1.6185035	1.9057932572470603e-280	8.470586216861818e-278
3	62	PLA2G2A	37.466988	2.7667086	1.7687920779048595e-277	7.596663863577005e-275
3	63	SASH1	37.46109	1.7920429	3.265980038081763e-276	1.371855175556454e-273
3	64	BASP1	37.131466	2.2402208	5.917199938954485e-271	2.3808321101746972e-268
3	65	PDGFRL	37.12051	1.7632958	8.186251674559528e-272	3.328843446897483e-269
3	66	DEPP1	37.03429	2.1854541	1.3331441716524206e-270	5.308135710129388e-268
3	67	DUSP1	36.63001	1.434976	1.6738010126674016e-266	6.528507133489669e-264
3	68	CYR61	36.143772	1.8542951	3.917141875364163e-260	1.4679297161168605e-257
3	69	HSD17B11	35.88442	2.0906668	6.015980707669512e-254	2.2325713259219364e-251
3	70	MT-CO3	35.76572	1.3747687	4.4049161339249184e-249	1.5590140213254267e-246
3	71	FYN	35.590733	2.1762908	7.173872961226643e-250	2.5627487857002543e-247
3	72	MT-CO1	35.480232	1.4430312	4.106971782764538e-248	1.440228343343043e-245
3	73	EEF1A1	35.281723	0.61791974	5.205654717860621e-247	1.808917690322767e-244
3	74	ANTXR2	35.164383	2.4742281	2.2634989686936646e-241	7.72499862315595e-239
3	75	SDC2	34.813534	1.4036585	9.124911019700806e-243	3.1422576470003933e-240
3	76	MT-ND3	34.709324	1.3456794	1.5469472049601536e-233	4.9689504170081436e-231
3	77	RAMP2	34.54283	2.4714162	1.3923372224147453e-233	4.510228643184849e-231
3	78	KLF9	34.387108	1.3341013	1.1791293020113004e-237	3.919220733919996e-235
3	79	FBLN5	34.31213	2.7528923	4.574921393427255e-229	1.4333753716587164e-226
3	80	FBLN1	34.142708	1.8181453	2.215452330569759e-233	7.056954156974873e-231
3	81	FTH1	34.140324	0.79979116	9.719416231879361e-234	3.175341590148348e-231
3	82	EIF5A	33.616764	1.3236423	5.934373554066291e-228	1.829318505892177e-225
3	83	PABPC1	33.578094	1.1289246	2.0981604494802755e-227	6.416006801674725e-225
3	84	NEAT1	33.577644	1.0389272	3.4327280834324654e-226	1.0331700650482092e-223
3	85	HEXB	33.39728	1.5885961	3.25096910535742e-224	9.558849467937079e-222
3	86	RARRES2	32.988823	2.7541766	1.4340523435574492e-214	3.943540775549636e-212
3	87	KLF4	32.9538	1.3536867	9.078404862060313e-220	2.628885965510556e-217
3	88	LHFPL6	32.873947	1.463802	9.524627749857808e-219	2.7373636925606383e-216
3	89	CFH	32.84453	1.7944678	1.5224523130778888e-218	4.342852030976808e-216
3	90	FADS3	32.837082	1.8634452	2.2742672939285113e-216	6.345371754972512e-214
3	91	XIST	32.79925	1.5954015	1.0865692848899854e-217	3.076520321898874e-215
3	92	LGALS3BP	32.391487	2.665185	4.6160308042828695e-208	1.2085148045404685e-205
3	93	MT-ATP6	32.3525	1.2372727	1.8921658139364064e-205	4.758299083677973e-203
3	94	PPP2R1A	32.290707	1.6872238	9.880749460748289e-211	2.6411312404730252e-208
3	95	GABARAPL1	32.153053	1.4459589	4.910202007897508e-210	1.3033858440963497e-207
3	96	PDGFD	32.14632	2.2562985	2.8598592468297534e-207	7.436412234749694e-205
3	97	LAMC1	32.084538	2.0101004	6.795971252278816e-207	1.7434174842087616e-204
3	98	TXNIP	31.933939	1.3774643	5.343365479380836e-207	1.3800324465125209e-204
3	99	LAMA2	31.893064	2.466701	4.0635478463643456e-203	9.956734158937868e-201
3	100	PTGER4	31.580456	2.5032954	1.2572396622628446e-198	2.843593423096744e-196
3	101	SGCE	31.556538	1.8654863	5.344159441217029e-201	1.2609577190190107e-198
3	102	FKBP1A	31.468832	1.4590008	1.4044566226644383e-201	3.3344068288649377e-199
3	103	MT-ND5	31.108456	1.0623792	1.9905223200551298e-194	4.398018795479033e-192
3	104	TFPI	30.843956	2.302189	8.779004287443622e-192	1.8642703326846946e-189
3	105	FTL	30.835154	0.67148876	2.0641646061070493e-194	4.5345188450480375e-192
3	106	CAVIN1	30.749685	1.1567222	1.3497338072086745e-193	2.94812714552825e-191
3	107	RBMS1	30.667732	1.3752717	2.3543576842557796e-192	5.113236825170052e-190
3	108	MFAP4	30.631447	2.1350129	8.985212503745913e-190	1.8870921029845265e-187
3	109	PDK4	30.287207	1.8644714	8.60206598245939e-187	1.7773263249379878e-184
3	110	CAPN2	30.028412	1.4449629	5.90283520373944e-185	1.2065773948007292e-182
3	111	ACADVL	29.860012	1.3664203	7.984900075083224e-183	1.5979833532459746e-180
3	112	NFIA	29.848055	1.3552896	3.4613623430343308e-183	7.000376412706046e-181
3	113	COL6A2	29.795187	1.0602267	8.642708691232228e-182	1.7028809124415498e-179
3	114	LAPTM4A	29.781439	0.73567384	6.825943962094519e-182	1.351890580347673e-179
3	115	ADAMTS1	29.736145	1.8903189	1.7565202978066307e-180	3.408184358546226e-178
3	116	ADAMTS5	29.635336	2.0359144	6.393311743467008e-179	1.2218897404114145e-176
3	117	MID1IP1	29.626886	1.9990312	9.849215098741568e-178	1.8637445442291967e-175
3	118	RPS26	29.552927	0.84064984	3.515758137889599e-176	6.5236086923636905e-174
3	119	SCP2	29.516077	1.369561	4.7084561414656125e-179	9.089698361180887e-177
3	120	TRIM8	29.505037	1.7132922	7.23364543261818e-178	1.3756162339124245e-175
4	1	GLRX	107.50338	3.7008286	0.0	0.0
4	2	RPS25	79.95218	1.1782501	0.0	0.0
4	3	RPL21	78.0386	1.1646863	0.0	0.0
4	4	RPL13	76.527565	0.9249061	0.0	0.0
4	5	SLC25A37	76.229576	2.2887511	0.0	0.0
4	6	RPS4Y1	75.25604	2.435596	0.0	0.0
4	7	RPL37A	73.43591	1.1734322	0.0	0.0
4	8	RPS27	73.39973	1.0681636	0.0	0.0
4	9	SNHG8	73.25471	1.8768457	0.0	0.0
4	10	SOD2	71.29284	2.2911675	0.0	0.0
4	11	RPL34	71.17757	1.0492727	0.0	0.0
4	12	GPX3	68.26831	2.110356	0.0	0.0
4	13	RPL41	67.6272	0.94692224	0.0	0.0
4	14	RPS27A	66.90732	0.99105936	0.0	0.0
4	15	RPS23	63.93242	0.90192175	0.0	0.0
4	16	PNRC1	63.494835	1.4149907	0.0	0.0
4	17	RPS20	63.050568	1.2769696	0.0	0.0
4	18	RPL24	62.56625	1.0168895	0.0	0.0
4	19	MT1X	61.921734	2.0522363	0.0	0.0
4	20	RPS6	61.38106	0.9344617	0.0	0.0
4	21	RPL26	61.037647	0.9573076	0.0	0.0
4	22	MMP3	60.418385	3.2164764	0.0	0.0
4	23	SAT1	60.293953	1.6226597	0.0	0.0
4	24	NNMT	59.452473	1.2432506	0.0	0.0
4	25	RPL32	59.129585	0.88227576	0.0	0.0
4	26	EIF1	58.442806	0.872489	0.0	0.0
4	27	RPL36AL	58.09312	1.2078612	0.0	0.0
4	28	IFITM2	57.98815	1.5763429	0.0	0.0
4	29	SLC39A14	57.81177	1.6920589	0.0	0.0
4	30	RPL30	57.549847	0.8691977	0.0	0.0
4	31	RPL23A	57.196407	0.93520105	0.0	0.0
4	32	RPL22	57.15456	0.9249735	0.0	0.0
4	33	YBX3	56.541424	1.2316918	0.0	0.0
4	34	RPL35A	56.460484	0.91653067	0.0	0.0
4	35	RPL11	56.387947	0.7540345	0.0	0.0
4	36	RPL9	56.38048	0.8881196	0.0	0.0
4	37	EPB41L4A-AS1	56.228264	1.5688691	0.0	0.0
4	38	RPL37	56.166607	0.90156406	0.0	0.0
4	39	RPS28	54.06578	0.8344786	0.0	0.0
4	40	TAF1D	53.953518	1.5855215	0.0	0.0
4	41	RPS2	53.899166	0.82234365	0.0	0.0
4	42	RPL19	53.770496	0.81032866	0.0	0.0
4	43	RPS12	53.540184	0.8111482	0.0	0.0
4	44	RPS18	53.484394	0.86063987	0.0	0.0
4	45	TPT1	52.585243	0.80623883	0.0	0.0
4	46	BNIP3	52.193634	1.791846	0.0	0.0
4	47	RPL35	52.02504	0.8997023	0.0	0.0
4	48	RPS3A	50.752014	0.81594676	0.0	0.0
4	49	RPL18	50.551727	0.82146496	0.0	0.0
4	50	FAU	49.90094	0.79965967	0.0	0.0
4	51	RPS21	49.840446	0.9778196	0.0	0.0
4	52	RPL13A	49.46878	0.87349147	0.0	0.0
4	53	COX7C	49.411736	1.0214598	0.0	0.0
4	54	RPLP2	49.22562	0.7777122	0.0	0.0
4	55	RPL38	49.121048	1.0152901	0.0	0.0
4	56	TXNIP	48.91482	1.671583	0.0	0.0
4	57	RPS14	48.81496	0.8413214	0.0	0.0
4	58	RPS11	48.68496	0.8744693	0.0	0.0
4	59	RPS13	48.28743	0.80181855	0.0	0.0
4	60	TMOD1	48.166367	2.2388346	0.0	0.0
4	61	RPL39	47.98431	0.85612077	0.0	0.0
4	62	RPS3	47.94672	0.819737	0.0	0.0
4	63	RPL7	47.8786	0.8485721	0.0	0.0
4	64	NACA	47.777206	0.76615995	0.0	0.0
4	65	GALNT15	46.820526	1.6400282	0.0	0.0
4	66	NPM1	46.736767	0.9982382	0.0	0.0
4	67	AL078639.1	46.454338	1.827211	0.0	0.0
4	68	RPL36	46.211056	0.8445594	0.0	0.0
4	69	RSL24D1	45.852077	1.201797	0.0	0.0
4	70	RPS10	45.74749	1.1335725	0.0	0.0
4	71	RPL8	45.534775	0.6712769	0.0	0.0
4	72	NUPR1	45.292076	1.0941029	0.0	0.0
4	73	CIRBP	45.07679	1.0382732	0.0	0.0
4	74	RPS16	44.876595	0.76635855	0.0	0.0
4	75	SEPT11	44.702717	2.025812	0.0	0.0
4	76	RPS19	44.00673	0.7305564	0.0	0.0
4	77	H2AFJ	43.392944	1.1541303	0.0	0.0
4	78	CHI3L1	42.988304	2.2574568	0.0	0.0
4	79	RPL12	42.52689	0.67579734	0.0	0.0
4	80	SNHG12	42.295208	1.4672536	0.0	0.0
4	81	RPL31	42.254486	0.9916607	0.0	0.0
4	82	PHC2	42.12754	1.7924062	0.0	0.0
4	83	RPL18A	41.92427	0.65244323	0.0	0.0
4	84	EEF1A1	41.80608	0.5444002	0.0	0.0
4	85	RPL27A	41.131668	0.9304736	0.0	0.0
4	86	APOD	40.67365	2.1383152	0.0	0.0
4	87	SLPI	40.480965	2.2336533	0.0	0.0
4	88	TOMM7	40.17201	0.82629985	0.0	0.0
4	89	RPS5	40.153652	0.74480504	0.0	0.0
4	90	RPS15A	40.10063	0.7027591	0.0	0.0
4	91	UQCRB	39.739002	0.878936	0.0	0.0
4	92	EEF1B2	39.728565	0.88074666	0.0	0.0
4	93	EIF3E	39.403023	0.91018045	0.0	0.0
4	94	ERRFI1	38.841408	1.362227	0.0	0.0
4	95	RPS9	38.436836	0.63488674	1.5368147181446146e-305	1.9323422956039388e-303
4	96	RPL23	38.12859	0.89363295	6.0078382481032715e-301	7.407858361145143e-299
4	97	CDA	37.850803	1.491542	1.5599428724989669e-295	1.8750709546666828e-293
4	98	UBA52	37.309464	0.6621035	1.691966373952704e-288	1.9363390023343759e-286
4	99	RPL7A	36.915276	0.5822293	4.1599654038168737e-283	4.6090005100143826e-281
4	100	CCNI	36.810883	0.811158	1.6368838054624575e-281	1.803119497982622e-279
4	101	AL118516.1	36.440723	1.3673495	2.3838144964668206e-275	2.510163231761646e-273
4	102	PFDN5	36.30554	0.7091188	4.4981843030581e-274	4.6849753896483055e-272
4	103	RPL3	36.18055	0.57794034	1.2410051027064412e-272	1.2820588931311083e-270
4	104	GABARAPL1	36.14113	1.2885761	3.1898340974173767e-271	3.27764028332478e-269
4	105	RPL29	36.071644	0.6256505	7.275019215029325e-271	7.455236849203241e-269
4	106	RPL15	35.974243	0.6158093	1.1585550568205456e-269	1.180922893117561e-267
4	107	DDIT4	35.868244	1.36436	4.799838338835661e-268	4.85367779533477e-266
4	108	RPL14	35.71447	0.5183097	4.966148431856437e-266	4.98231122465303e-264
4	109	POLR1D	35.711243	1.0776234	1.3458256843747508e-265	1.3466712293073424e-263
4	110	RPLP1	35.120697	0.49452242	1.1325837142469637e-257	1.0904755640648852e-255
4	111	EIF1AY	34.867134	2.1175063	2.3052313372898495e-250	2.1181529479944042e-248
4	112	CCNB1IP1	34.79784	1.2211596	4.158889135776493e-253	3.915501929209869e-251
4	113	NAMPT	34.505623	1.3007555	2.415710227822964e-248	2.1933042220499994e-246
4	114	NDRG1	33.950695	1.0712765	2.6312155527829205e-241	2.322761738789246e-239
4	115	PTP4A1	33.81865	1.7829374	3.178069193428895e-237	2.711574036822011e-235
4	116	RPL5	33.77503	0.5993283	3.539867296775476e-239	3.0821842266958043e-237
4	117	HMGB2	33.640236	1.2018514	8.545526664731733e-237	7.274926753512378e-235
4	118	GSTO1	33.51796	0.9855687	2.933325563183812e-235	2.475131044749184e-233
4	119	ANP32B	33.22498	0.9210786	7.579488639936657e-232	6.177364046331318e-230
4	120	PRDX6	32.85208	0.8624304	1.0760885533832623e-226	8.428772308303651e-225
5	1	CFD	70.49536	4.6951113	0.0	0.0
5	2	MTRNR2L1	58.59619	4.5430546	0.0	0.0
5	3	MGST1	56.994457	3.19481	0.0	0.0
5	4	IFITM2	51.420856	2.017458	0.0	0.0
5	5	PLA2G2A	49.129982	3.820502	0.0	0.0
5	6	PLIN2	46.246216	3.612955	0.0	0.0
5	7	MTRNR2L8	45.274044	2.6799698	0.0	0.0
5	8	MT-ND1	42.502026	1.7837563	0.0	0.0
5	9	DEPP1	42.002464	2.8635046	0.0	0.0
5	10	MT-ND4	41.17002	1.6580569	9.72554067765566e-309	1.429804103318115e-305
5	11	MT-CO1	38.52753	1.692427	2.287660242118353e-276	2.7326101592103724e-273
5	12	MT-CO3	37.880424	1.6424412	1.2320826219876708e-268	1.3455750326530493e-265
5	13	MT-CYB	37.17713	1.6597712	3.847418711751052e-259	3.974695482107357e-256
5	14	IFITM3	37.14177	1.3658962	4.9476498976372045e-266	5.253304713535681e-263
5	15	MT-ND3	36.846737	1.6640416	4.037157191224511e-256	3.857907411934143e-253
5	16	MT-ND2	36.358967	1.4727129	3.027594798833262e-252	2.755399609300062e-249
5	17	NUPR1	36.2521	1.3382906	1.0652825341888829e-255	9.931551118740454e-253
5	18	RARRES1	36.084927	3.881966	1.9085559021916364e-238	1.4304439373602571e-235
5	19	ADM	36.046112	2.0542316	3.074414994498841e-251	2.7329404360400857e-248
5	20	MTRNR2L12	35.881844	1.7752074	9.608972787252179e-251	8.347576723180164e-248
5	21	MT-ATP6	35.1238	1.5693618	5.555472279366596e-235	3.932451340861274e-232
5	22	IGFBP4	35.036922	2.2557914	1.4656122416433733e-240	1.120431246491526e-237
5	23	FGF7	34.453957	2.9412856	1.7673939486718932e-225	1.1259477715672407e-222
5	24	GLRX	34.217087	2.000951	8.991663868954143e-231	6.137452852266128e-228
5	25	C11orf96	33.852108	2.5729685	6.5360255343577375e-223	4.0295651616982286e-220
5	26	ZFP36L2	33.211723	1.8019806	2.373116006453419e-218	1.3955382497027e-215
5	27	CEBPD	31.031908	1.3460568	3.5440758987613793e-193	1.8557363993733557e-190
5	28	RPS4Y1	30.962265	1.7220429	1.1232429355775384e-192	5.802005131015652e-190
5	29	GYPC	30.150097	1.6351997	9.268848784863859e-182	4.4847148854764064e-179
5	30	PTMA	29.990822	0.8068624	8.757765932189323e-182	4.2917544229744184e-179
5	31	RPS2	29.923096	0.7261765	5.289667878712811e-181	2.5274033124489813e-178
5	32	GLUL	28.630749	1.7792033	1.634033222762851e-166	6.574661674409181e-164
5	33	SFRP1	28.088388	2.5254374	1.045472732246984e-159	3.6329227015826104e-157
5	34	SEPT11	27.852121	1.9409587	4.072381052782232e-157	1.3419197703581728e-154
5	35	MT-CO2	27.719692	1.2159384	6.2715181860113745e-155	2.0144748835470487e-152
5	36	RPL27A	27.447083	1.0199611	1.3574987679028028e-154	4.324086075359728e-152
5	37	RPLP0	26.572004	0.77197176	1.3495660416588152e-145	4.030141591903637e-143
5	38	RPL39	26.568953	0.8165239	1.9006851931229093e-145	5.631921769141867e-143
5	39	H3F3B	26.283436	0.7221171	1.2305946789019438e-142	3.4085689135034707e-140
5	40	GDF15	25.892881	4.078465	5.733606814659474e-133	1.378373502412225e-130
5	41	ZFP36L1	25.69737	1.28141	9.74640331903807e-137	2.534330071203477e-134
5	42	WISP2	25.610748	2.246219	3.285930451511068e-135	8.209242194677061e-133
5	43	C1R	25.375994	1.3107624	1.1769385808764076e-133	2.8654331411095414e-131
5	44	GPX3	25.100805	1.3164349	4.293783450124212e-129	9.827878957936998e-127
5	45	CEBPB	25.02947	1.2372148	5.093491687394782e-130	1.1944394249017066e-127
5	46	CP	24.963459	1.6241461	2.442363147008213e-129	5.623908971761563e-127
5	47	TMEM176A	24.253975	2.7932627	2.834517833998806e-120	5.9205797643043914e-118
5	48	MAOA	24.20646	2.5157325	7.498926282188662e-120	1.5410696677977388e-117
5	49	RPL21	23.93129	0.5998272	6.245679049854342e-120	1.2974719347914804e-117
5	50	RPLP2	23.588253	0.6260513	1.1687274958891616e-116	2.268962541376022e-114
5	51	RPS27	23.559238	0.5674877	1.8825769584188277e-116	3.634324326191983e-114
5	52	RPL13	23.514645	0.47149822	4.784430652940217e-116	9.053469172177568e-114
5	53	MT-ND5	23.405586	0.99085236	9.15722404538451e-115	1.724264689215653e-112
5	54	SERPINF1	22.960247	1.684331	7.285228190926251e-111	1.3012643101400235e-108
5	55	TFPI	22.612732	2.0738552	1.569160923915312e-106	2.5853278946439175e-104
5	56	APOD	22.60899	2.0269368	1.3792310553585862e-107	2.3224549718073394e-105
5	57	TMEM176B	22.580547	2.5216098	7.508128910495497e-106	1.210931305800759e-103
5	58	DTWD1	22.576122	1.504141	9.41096610936378e-107	1.5572500803650265e-104
5	59	HIST1H1C	22.529566	1.5982659	2.2895907487253326e-106	3.74005627261868e-104
5	60	NR1D1	22.459332	1.2956258	2.8473145814524137e-106	4.63130861963562e-104
5	61	REV3L	22.058426	1.4329737	1.903349908765708e-102	2.93361479486534e-100
5	62	RPL37A	21.830585	0.5886123	5.6887054840302306e-101	8.493948375842638e-99
5	63	MT-ND4L	21.704458	1.0284956	6.867900455918759e-100	1.0058184943564698e-97
5	64	CYB5A	21.628332	1.4910096	2.3153019736433534e-98	3.3522766151721034e-96
5	65	GABARAPL1	20.998642	1.1791466	1.0403569938737126e-93	1.4002325962615772e-91
5	66	MMP2	20.955292	1.5470885	1.8198097965257028e-93	2.423707653742107e-91
5	67	BST2	20.953468	2.462621	4.8031282367628135e-92	6.244720194626592e-90
5	68	DDIT4	20.914734	1.3308287	3.4327483405451583e-93	4.556019880867991e-91
5	69	IGF1	20.668573	2.0606532	2.764914256933215e-90	3.4879895233338356e-88
5	70	GADD45A	20.217653	1.3458997	8.569786590490912e-87	1.049908726393989e-84
5	71	DAB2	20.174097	1.0861317	5.90674251910377e-87	7.259785403544133e-85
5	72	IER5L	20.05359	1.1245236	7.082011847533117e-86	8.593740344765267e-84
5	73	TXNIP	20.02733	1.0363317	7.066125850013341e-86	8.593740344765267e-84
5	74	RPS12	19.977905	0.4907825	1.7103600527313788e-85	2.068886159987475e-83
5	75	AAED1	19.759005	1.7512841	5.582716011530267e-83	6.525802349380212e-81
5	76	FTH1	19.635355	0.6069685	1.0409886983773496e-82	1.213132683133409e-80
5	77	RPS20	19.603403	0.687354	1.7219244711741034e-82	2.0005726743513353e-80
5	78	RPL13A	19.569633	0.57757443	3.245283156954029e-82	3.747664755027516e-80
5	79	PCDH18	19.223135	2.0349271	1.3548033760844154e-78	1.4670256160750906e-76
5	80	RPS28	19.168785	0.4846898	4.334623589258628e-79	4.733904345023479e-77
5	81	FTL	18.886951	0.50289154	6.621970046853245e-77	7.130089663969533e-75
5	82	G0S2	18.875673	2.395573	1.9829616151265983e-75	2.0823276037527224e-73
5	83	RPL41	18.56687	0.40387455	1.9819492083236786e-74	2.0530630498364306e-72
5	84	NAMPT	18.553143	1.101514	3.047924975651936e-74	3.14875362890053e-72
5	85	MEDAG	18.196882	1.2345753	1.5283440671861264e-71	1.5095458300806848e-69
5	86	EBF1	18.114357	1.3565109	6.7439456431711354e-71	6.609758417040345e-69
5	87	APBB1IP	18.064644	1.8539119	4.002142082083302e-70	3.892566894288858e-68
5	88	FGL2	17.966309	1.795938	1.3954254487381223e-69	1.3469379381961108e-67
5	89	RPL23	17.909695	0.71093535	1.5243253362821447e-69	1.4676526864999673e-67
5	90	TPT1	17.879538	0.44005677	2.4450382413102983e-69	2.3482196416041416e-67
5	91	RPL35	17.839895	0.5394154	5.32146048109632e-69	5.097932466902901e-67
5	92	RPL12	17.521822	0.4521598	9.529389158171969e-67	8.841052698591392e-65
5	93	TSHZ2	17.50844	1.6257151	2.663586563544917e-66	2.4533236820467684e-64
5	94	CXCL12	17.304235	1.6314918	4.302017699596457e-65	3.887478121734633e-63
5	95	TGFBR3	17.220425	1.0351526	1.6464987125779794e-64	1.4636224834786205e-62
5	96	EFEMP1	17.085611	1.2714546	1.288318192790067e-63	1.1243076392969754e-61
5	97	SRPX	17.013887	1.9766016	1.1750669387313414e-62	1.0003509725181914e-60
5	98	ADH5	16.938288	1.0043943	1.5539554487215429e-62	1.317037540397611e-60
5	99	TAGLN	16.90119	1.5780185	3.3415704379463477e-62	2.807212932309037e-60
5	100	SERPING1	16.822683	0.736827	9.120028356038858e-62	7.594857600898242e-60
5	101	TMEM196	16.743769	2.0663733	9.891723999785981e-61	7.960026487743566e-59
5	102	AKR1C1	16.727089	1.2342663	5.222704677043948e-61	4.256559990945158e-59
5	103	PLTP	16.722584	1.3566139	5.1840439057382045e-61	4.234078937028571e-59
5	104	ADH1B	16.565672	3.129989	2.7710797894526337e-59	2.1794599562147627e-57
5	105	C3	16.475489	1.9993203	4.502533968314386e-59	3.5195267567453804e-57
5	106	PQLC2L	16.397839	3.0120115	4.83364356249294e-58	3.7250240228373014e-56
5	107	IFI16	16.193687	0.904776	1.7859545684015458e-57	1.3653265484516138e-55
5	108	PLPP1	16.181684	1.1915181	2.867998921065728e-57	2.183792644597936e-55
5	109	LVRN	16.070566	3.2768667	8.571391901216358e-56	6.252535954810955e-54
5	110	KCNJ15	16.039589	2.1749632	6.541002202922212e-56	4.808139773163435e-54
5	111	BASP1	16.010122	1.3062848	3.3314682172413744e-56	2.482300996799889e-54
5	112	ACADVL	15.961234	0.9249042	7.234161546478955e-56	5.307458559551086e-54
5	113	RPS16	15.9431925	0.4557578	7.590557328197243e-56	5.547637921854903e-54
5	114	STEAP1	15.866972	1.1329252	3.584177626011424e-55	2.570386596185003e-53
5	115	NDRG1	15.854414	0.83020586	3.3134051694782586e-55	2.3851525272718824e-53
5	116	UBA52	15.786345	0.4565362	8.754087855701793e-55	6.242840563364652e-53
5	117	DUSP1	15.703551	0.7566285	2.814250844074169e-54	1.9701817630749274e-52
5	118	RSPO3	15.68969	2.1134694	9.123802700303126e-54	6.261189127762778e-52
5	119	KHDRBS3	15.612937	1.7095426	2.216600318391831e-53	1.49430918113244e-51
5	120	AGTR1	15.423179	2.0741813	4.162995486940096e-52	2.729439785468237e-50
6	1	SNHG5	80.1775	3.4031844	0.0	0.0
6	2	RPL17	75.44007	3.238795	0.0	0.0
6	3	GAS5	74.66616	3.2459705	0.0	0.0
6	4	LINC01578	73.466675	3.2314143	0.0	0.0
6	5	RNASE4	71.99784	3.2425191	0.0	0.0
6	6	GABARAP	69.868286	2.8634064	0.0	0.0
6	7	CCN5	68.75934	4.8189797	0.0	0.0
6	8	EEF1G	65.19843	2.877638	0.0	0.0
6	9	SNHG6	63.920177	2.9180496	0.0	0.0
6	10	SNHG29	61.930283	2.818894	0.0	0.0
6	11	RPS17	60.76136	2.4648516	0.0	0.0
6	12	CCN1	56.853756	3.2193198	0.0	0.0
6	13	MT-ND2	55.110294	1.9242074	0.0	0.0
6	14	RPL36A	54.60692	1.8986778	0.0	0.0
6	15	EIF4A1	54.18457	1.8832482	0.0	0.0
6	16	NME2	54.032005	2.4975789	0.0	0.0
6	17	SEPTIN11	53.720802	3.4916224	0.0	0.0
6	18	ZFAND5	53.500416	2.0040605	0.0	0.0
6	19	SEPTIN7	51.49182	2.4563773	0.0	0.0
6	20	RNASEK	50.84581	2.2799482	0.0	0.0
6	21	DANCR	49.116196	2.8541863	0.0	0.0
6	22	GSN	48.35609	1.9677107	0.0	0.0
6	23	PLPP3	48.072388	2.3714528	0.0	0.0
6	24	ARID5B	47.729546	1.9331405	0.0	0.0
6	25	RBIS	46.441803	2.5754042	0.0	0.0
6	26	MAN1A1	46.15829	2.0237186	0.0	0.0
6	27	MAGI2-AS3	45.971325	2.452695	0.0	0.0
6	28	ZFP36L2	45.83674	2.079703	0.0	0.0
6	29	CEBPD	45.756317	1.6343639	0.0	0.0
6	30	ATP6V0C	45.06974	2.3288627	0.0	0.0
6	31	CAST	44.68101	1.470818	0.0	0.0
6	32	SELENOP	44.31056	2.2656903	0.0	0.0
6	33	LAMA2	44.034492	3.1117275	0.0	0.0
6	34	ZBTB16	43.937828	2.1108155	0.0	0.0
6	35	TMEM35B	43.854485	2.7556903	0.0	0.0
6	36	GLUL	43.672276	2.103401	0.0	0.0
6	37	SERPINF1	43.030754	2.4826531	0.0	0.0
6	38	KLF9	42.323112	1.5879179	0.0	0.0
6	39	SNHG32	41.386303	2.3855412	0.0	0.0
6	40	SERPING1	41.201027	1.3972791	0.0	0.0
6	41	GABARAPL1	41.176056	1.7241954	0.0	0.0
6	42	SNHG16	41.019768	2.6183052	0.0	0.0
6	43	TOMM6	40.91173	2.2370458	0.0	0.0
6	44	MRPS24	40.326267	2.245067	0.0	0.0
6	45	MT-ND3	40.296684	1.6020812	2.2247602222161725e-308	1.232452677304217e-305
6	46	CFH	40.190674	1.9532715	0.0	0.0
6	47	ATF3	39.780575	1.8268911	3.80743882840123e-309	2.140228555541304e-306
6	48	CFD	39.670277	2.9273734	9.068544011416878e-308	4.951943232748553e-305
6	49	PLA2G2A	39.40873	2.965613	6.471118385444834e-304	3.483831396693568e-301
6	50	MT-ATP6	39.31868	1.5546211	3.954831760269155e-295	2.015593189393709e-292
6	51	MAOA	38.71735	3.000211	8.459078080327433e-285	4.199218188862802e-282
6	52	OIP5-AS1	38.490555	2.9037433	3.1924966029677667e-282	1.544683419643543e-279
6	53	CIAO2B	38.005695	2.152957	5.902532546898606e-284	2.892543641957081e-281
6	54	NOVA1	37.63344	1.9504803	1.1275416863612614e-278	5.387394177434108e-276
6	55	MTRNR2L12	37.561424	1.586111	6.001993968081434e-278	2.7978075297066432e-275
6	56	XIST	37.481594	1.8561211	2.5717197657066297e-278	1.2135977323996323e-275
6	57	MTRNR2L8	37.358932	1.9149275	1.1547362726503374e-276	5.254599914974583e-274
6	58	SPARCL1	37.27627	2.1765537	1.4532170838707678e-275	6.535031742808968e-273
6	59	CD302	37.181877	1.9769331	7.409777951389238e-272	3.293387818766305e-269
6	60	EIF4EBP3	36.919632	3.4428709	2.744786668653369e-258	1.1281368346516816e-255
6	61	PPP1R15A	36.549976	1.5292112	5.876987808258048e-266	2.5240672132905126e-263
6	62	MT-CYB	36.37268	1.4261048	1.833141263766268e-256	7.454254432574662e-254
6	63	NFIL3	36.335682	1.6255165	8.066757907871294e-263	3.42604171411636e-260
6	64	IL1R1	36.300056	1.6507161	1.175301444897906e-261	4.9367826845909406e-259
6	65	SERPINA3	35.76356	2.5509648	2.246153132481283e-252	8.851232715047894e-250
6	66	ADH5	35.43429	1.5739628	3.2688039467548756e-251	1.2749669598036568e-248
6	67	HSP90AA1	35.367424	1.135782	1.443548076737278e-250	5.573553705576335e-248
6	68	GADD45A	35.34296	1.7854612	3.2870670631380858e-248	1.2564485142139018e-245
6	69	POLD4	35.342392	2.1733282	2.4920942072925284e-247	9.431466235598972e-245
6	70	TXNIP	34.664597	1.5123297	2.9301678961572393e-241	1.0769494006030223e-238
6	71	DSE	34.528305	1.8265445	1.2511155763899924e-237	4.469405774946829e-235
6	72	DEPP1	34.336624	2.0475767	2.2503072510725035e-236	7.964420774536608e-234
6	73	TLE5	34.144726	2.252916	1.3565788343726417e-232	4.71398812409635e-230
6	74	PIK3R1	34.126343	1.5409938	1.7853679625395522e-234	6.2609087156065906e-232
6	75	IRX3	33.947468	3.2843256	2.0628500426775642e-223	6.682235595873492e-221
6	76	RAMP2	33.940445	2.3183582	2.888629716969446e-228	9.77123737180886e-226
6	77	RSRC2	33.77102	1.2558389	2.4658928733364437e-230	8.491557584721822e-228
6	78	SH3D19	33.613964	1.8713279	1.8540352952968244e-226	6.216547818195247e-224
6	79	MYOC	33.512825	2.7518518	5.9762677377313435e-223	1.9196374622440576e-220
6	80	METTL7A	33.473354	1.7141646	5.910804535329291e-226	1.9477120048140242e-223
6	81	IFI16	33.26354	1.4442127	7.581865024498423e-224	2.4770017837301516e-221
6	82	PRXL2C	33.1937	2.8787556	1.315636597436465e-216	3.9288197890946435e-214
6	83	EBF1	33.10293	1.9298319	1.0355326583335e-220	3.192112930011267e-218
6	84	HSP90AB1	33.091534	0.9097148	6.426642635924993e-222	2.030181719963611e-219
6	85	RPL23	33.073483	0.9776023	6.021753359867703e-221	1.8866844297342877e-218
6	86	SASH1	33.052486	1.5861976	6.92949923507055e-221	2.153440477734445e-218
6	87	DDX39B	33.038864	1.7973983	2.739668984523115e-220	8.311198989239011e-218
6	88	AL627171.2	32.8925	2.4378285	7.636307306166899e-216	2.2453093113147964e-213
6	89	AKAP12	32.71675	2.526059	1.2268090836720634e-212	3.4735963269837744e-210
6	90	NCOA7	32.712498	1.7126138	3.7277063077563365e-216	1.1045569450207612e-213
6	91	RPS20	32.695076	0.8889046	6.956851757327515e-215	2.0145356179703554e-212
6	92	TGFBR2	32.508194	1.3544374	9.650664992633948e-215	2.7735866066048127e-212
6	93	CYP1B1	32.407394	1.9336787	1.3398484419267872e-212	3.765762267956582e-210
6	94	PNRC2	32.17858	1.319432	9.319318687053242e-211	2.6001579379118475e-208
6	95	FKBP5	31.752094	1.6143078	4.7636099058722785e-205	1.3006016074432997e-202
6	96	MICOS10	31.731613	1.7660117	1.9139525707163815e-205	5.263231875040501e-203
6	97	DDX3X	31.675198	1.2049851	9.016722152462759e-205	2.4443630323101876e-202
6	98	ANKHD1	31.66341	2.0004997	1.4903867508731017e-202	3.956148830928711e-200
6	99	NDUFA13	31.608719	1.2296748	9.087092962054333e-204	2.4289863033675864e-201
6	100	LINC-PINT	31.455954	2.529105	2.174310983557333e-198	5.577910270838624e-196
6	101	CREBRF	31.44	1.4373882	9.79812828845886e-202	2.5652305184798047e-199
6	102	FOSB	31.388163	1.3686161	2.3398049033103854e-201	6.084129430213345e-199
6	103	MICOS13	31.187544	2.1066084	3.4360344058541905e-197	8.755931941958039e-195
6	104	MT-ND4	31.006989	1.1014402	6.122010424445091e-193	1.4904950730190392e-190
6	105	CHD1	30.954096	1.5251746	1.5779991380893478e-195	3.942316278060603e-193
6	106	CZIB	30.935797	2.3528826	5.818833225748751e-193	1.425763341160386e-190
6	107	ABLIM1	30.767931	1.9727826	3.3576891566877133e-192	8.123057615520958e-190
6	108	MT-ND1	30.750698	1.1646011	8.46763256315308e-192	2.0356401704022852e-189
6	109	RO60	30.502092	2.249552	1.749443274973971e-188	4.153460853577955e-186
6	110	GABPB1-IT1	30.414778	2.5235066	1.9440583160572163e-186	4.3970227853829014e-184
6	111	PLEKHH2	30.391932	1.8098823	5.7146066400430097e-188	1.3483649642531112e-185
6	112	CERT1	30.276651	2.7485197	8.821793494265945e-184	1.949157424998968e-181
6	113	AKR1C1	30.207876	1.7458016	1.1820523506037007e-186	2.7055550329027457e-184
6	114	GALNT15	30.175903	1.5153099	3.36903785441232e-187	7.852323350430275e-185
6	115	JAK1	30.132574	1.2485378	1.0817741655551624e-186	2.490947933986779e-184
6	116	MEDAG	30.04594	1.6187447	3.1094323994423213e-185	6.950581522589666e-183
6	117	HLA-E	29.992374	0.98121125	7.552527792664217e-185	1.6784175717837036e-182
6	118	ST6GALNAC6	29.988567	2.4073231	6.883176468801204e-182	1.4949007803605523e-179
6	119	MT-CO1	29.913843	1.1585214	7.021757349055926e-181	1.5163822198322807e-178
6	120	DIPK2A	29.846916	2.5940182	1.027153228808623e-179	2.1691660230928624e-177
7	1	CCN5	119.17279	6.1290536	0.0	0.0
7	2	COL14A1	113.9984	4.4628205	0.0	0.0
7	3	NME2	88.83611	3.1542757	0.0	0.0
7	4	RPL17	88.2206	3.1500309	0.0	0.0
7	5	SEPTIN7	84.689224	3.114193	0.0	0.0
7	6	EEF1G	83.6308	3.0507143	0.0	0.0
7	7	SNHG5	77.04538	3.0148563	0.0	0.0
7	8	CCN1	76.49884	3.7193499	0.0	0.0
7	9	GABARAP	74.915504	2.6689339	0.0	0.0
7	10	CCN2	74.00169	3.7222044	0.0	0.0
7	11	SNHG29	73.927605	2.8690898	0.0	0.0
7	12	SERPINF1	71.66607	3.165084	0.0	0.0
7	13	RPS17	70.97027	2.4521174	0.0	0.0
7	14	MICOS10	68.03513	2.8836439	0.0	0.0
7	15	C1R	67.363625	2.233519	0.0	0.0
7	16	IGFBP4	66.97297	3.1489422	0.0	0.0
7	17	CXCL12	66.73422	3.7567806	0.0	0.0
7	18	TMSB4X	66.67522	2.161278	0.0	0.0
7	19	CRIP1	66.4606	2.7554789	0.0	0.0
7	20	AHR	65.61245	3.855417	0.0	0.0
7	21	RNASEK	64.842224	2.4432225	0.0	0.0
7	22	SEPTIN2	64.786964	3.1320872	0.0	0.0
7	23	VCAN	64.32214	2.494865	0.0	0.0
7	24	MMP2	63.84336	2.8486683	0.0	0.0
7	25	GAS5	63.828762	2.615056	0.0	0.0
7	26	THY1	63.674023	3.1587186	0.0	0.0
7	27	TMSB10	63.075012	1.8245343	0.0	0.0
7	28	PRSS23	62.835766	2.9894118	0.0	0.0
7	29	HSPH1	62.7741	3.1033535	0.0	0.0
7	30	ANGPTL1	62.673965	2.9795623	0.0	0.0
7	31	CST3	61.290462	1.4658545	0.0	0.0
7	32	MTRNR2L12	60.680717	1.9956543	0.0	0.0
7	33	EFEMP1	60.468502	2.7351272	0.0	0.0
7	34	ATP6V0C	60.43083	2.7006428	0.0	0.0
7	35	FSTL1	60.16134	2.0683503	0.0	0.0
7	36	PLA2G2A	59.66016	3.5250862	0.0	0.0
7	37	SNHG32	59.305454	2.7789724	0.0	0.0
7	38	TLE5	59.022873	3.1019223	0.0	0.0
7	39	LINC01578	58.798424	2.5833979	0.0	0.0
7	40	SELENOP	58.745594	2.4021134	0.0	0.0
7	41	CCDC80	58.443233	2.1772647	0.0	0.0
7	42	IGF1	58.320724	3.54664	0.0	0.0
7	43	PCOLCE	57.835262	1.9541328	0.0	0.0
7	44	CRISPLD1	57.58923	3.0624018	0.0	0.0
7	45	COL1A1	57.515083	2.6047094	0.0	0.0
7	46	CYP1B1	56.306522	2.5411103	0.0	0.0
7	47	COL6A1	56.094364	1.6809175	0.0	0.0
7	48	RNASE4	56.054398	2.4600074	0.0	0.0
7	49	EPHX1	55.924744	2.5078173	0.0	0.0
7	50	TMEM35B	55.885212	2.989451	0.0	0.0
7	51	HSP90AA1	55.737473	1.5430391	0.0	0.0
7	52	PLPP1	55.42378	2.400062	0.0	0.0
7	53	MT-ATP6	55.2209	1.840701	0.0	0.0
7	54	COL1A2	55.170685	2.0210707	0.0	0.0
7	55	FGL2	54.571335	3.2180533	0.0	0.0
7	56	DNAJB1	53.949417	2.0149553	0.0	0.0
7	57	LIMA1	53.868935	1.9284152	0.0	0.0
7	58	PLAC9	53.73801	1.6204103	0.0	0.0
7	59	CALD1	53.59819	1.6043272	0.0	0.0
7	60	COL6A2	53.564037	1.4779574	0.0	0.0
7	61	C1S	53.24978	1.7386924	0.0	0.0
7	62	DPT	53.224506	2.1837273	0.0	0.0
7	63	MT-ND3	53.15439	1.8437072	0.0	0.0
7	64	PDGFRA	52.53013	2.0821953	0.0	0.0
7	65	BASP1	52.410515	2.5860305	0.0	0.0
7	66	RPL36A	52.40936	1.5838834	0.0	0.0
7	67	FILIP1L	52.189568	2.8878024	0.0	0.0
7	68	EIF4A1	51.980278	1.5852479	0.0	0.0
7	69	ZFP36L1	51.93911	1.7710912	0.0	0.0
7	70	PPP1R15A	51.819576	1.8817455	0.0	0.0
7	71	LMNA	51.493317	1.5156425	0.0	0.0
7	72	PLTP	51.480057	2.4861658	0.0	0.0
7	73	ECRG4	51.399883	2.63044	0.0	0.0
7	74	ZFP36L2	51.0065	1.7757049	0.0	0.0
7	75	CFI	50.92289	2.965035	0.0	0.0
7	76	SEPTIN11	50.392742	2.9611452	0.0	0.0
7	77	TSHZ2	50.17771	2.7805395	0.0	0.0
7	78	MAGI2-AS3	50.07513	2.3597898	0.0	0.0
7	79	MTRNR2L1	49.572536	3.4753187	0.0	0.0
7	80	MT-CYB	49.479183	1.6572886	0.0	0.0
7	81	KCTD12	48.95862	2.3430283	0.0	0.0
7	82	MT-CO1	48.677284	1.5949365	0.0	0.0
7	83	TOMM6	48.643757	2.300574	0.0	0.0
7	84	PLAAT4	48.632095	4.4307814	0.0	0.0
7	85	SFRP1	48.382496	3.1814497	0.0	0.0
7	86	MT-ND1	48.361153	1.5168773	0.0	0.0
7	87	NDUFA13	48.249268	1.5604361	0.0	0.0
7	88	GPNMB	47.99018	1.9672784	0.0	0.0
7	89	S100A4	47.921867	1.7348324	0.0	0.0
7	90	CFH	47.692955	1.9483501	0.0	0.0
7	91	GSN	47.629887	1.6409692	0.0	0.0
7	92	HELLPAR	47.022938	5.530983	0.0	0.0
7	93	SNHG6	46.80145	2.0686486	0.0	0.0
7	94	HLA-DRB1	46.582165	3.5228798	0.0	0.0
7	95	MT-ND2	46.496586	1.3601806	0.0	0.0
7	96	EBF1	46.41538	2.2017162	0.0	0.0
7	97	LAMA4	46.31727	2.5832722	0.0	0.0
7	98	RBIS	46.237267	2.2949471	0.0	0.0
7	99	C7	45.56846	4.207279	0.0	0.0
7	100	MRPS24	45.45789	2.1980572	0.0	0.0
7	101	ID4	45.24823	1.9743431	0.0	0.0
7	102	SPARCL1	45.04627	2.2153008	0.0	0.0
7	103	AKR1C1	44.948475	2.1109974	0.0	0.0
7	104	NUCKS1	44.690086	1.1193441	0.0	0.0
7	105	PTN	44.643574	2.9119675	0.0	0.0
7	106	MYL9	44.27357	2.0150144	0.0	0.0
7	107	TRAPPC5	44.261654	2.345559	0.0	0.0
7	108	TWIST1	44.09857	2.1509778	0.0	0.0
7	109	COL3A1	44.089382	2.0830252	0.0	0.0
7	110	ANK2	43.991837	2.2321725	0.0	0.0
7	111	UBB	43.905933	1.2253399	0.0	0.0
7	112	ENAH	43.672295	2.0447106	0.0	0.0
7	113	FOSB	43.563225	1.6825454	0.0	0.0
7	114	CPQ	43.06955	1.6760049	0.0	0.0
7	115	DNAJA1	42.96827	1.5821049	0.0	0.0
7	116	EPB41L2	42.90632	1.4967009	0.0	0.0
7	117	SSPN	42.68444	1.432858	0.0	0.0
7	118	MT-CO2	42.654392	1.3771843	0.0	0.0
7	119	CIAO2B	42.263172	2.1248662	0.0	0.0
7	120	KCNE4	42.059677	2.8975458	0.0	0.0
8	1	COL14A1	105.85521	4.1962123	0.0	0.0
8	2	TMSB10	80.32682	2.2253582	0.0	0.0
8	3	SERPINF1	80.17237	3.3758996	0.0	0.0
8	4	CXCL12	79.344345	4.2184677	0.0	0.0
8	5	IGFBP4	76.06783	3.5970507	0.0	0.0
8	6	MMP2	71.69337	3.1964886	0.0	0.0
8	7	PLAC9	70.38575	2.025487	0.0	0.0
8	8	VCAN	68.97238	2.5730507	0.0	0.0
8	9	WISP2	68.47304	3.83588	0.0	0.0
8	10	EFEMP1	67.16624	2.982335	0.0	0.0
8	11	C1S	65.98239	2.0951834	0.0	0.0
8	12	CALD1	65.10525	1.8614181	0.0	0.0
8	13	CFD	64.61576	3.878538	0.0	0.0
8	14	TMSB4X	64.10799	2.0510955	0.0	0.0
8	15	C1R	63.798584	2.1892583	0.0	0.0
8	16	SELENOP	62.53933	2.4645634	0.0	0.0
8	17	COL1A1	62.18074	2.7544994	0.0	0.0
8	18	SPARCL1	62.008102	2.9008994	0.0	0.0
8	19	EPHX1	61.191174	2.7100112	0.0	0.0
8	20	SFRP1	60.85851	3.7735395	0.0	0.0
8	21	IGF1	60.60386	3.5657358	0.0	0.0
8	22	COL1A2	59.70797	2.1887593	0.0	0.0
8	23	GSN	59.65474	2.0563421	0.0	0.0
8	24	CFH	58.85105	2.2767394	0.0	0.0
8	25	COL6A2	57.97209	1.6167669	0.0	0.0
8	26	MYL9	57.60392	2.4720125	0.0	0.0
8	27	SFRP2	57.58791	4.124213	0.0	0.0
8	28	MTRNR2L12	57.36834	2.0167468	0.0	0.0
8	29	PLTP	57.320446	2.7038376	0.0	0.0
8	30	GPNMB	56.648453	2.282465	0.0	0.0
8	31	CST3	55.88008	1.3344135	0.0	0.0
8	32	MARCKS	54.57941	2.4294531	0.0	0.0
8	33	THY1	52.601196	2.7438476	0.0	0.0
8	34	COL6A1	52.45205	1.5819821	0.0	0.0
8	35	FSTL1	52.176075	1.8106437	0.0	0.0
8	36	PCOLCE	52.042023	1.786474	0.0	0.0
8	37	TAGLN	51.675293	3.2462938	0.0	0.0
8	38	BASP1	50.799557	2.501591	0.0	0.0
8	39	CCDC80	50.516823	1.8685734	0.0	0.0
8	40	CD81	49.655033	1.0675519	0.0	0.0
8	41	CYP1B1	49.616135	2.2537518	0.0	0.0
8	42	S100A4	49.36514	1.7266445	0.0	0.0
8	43	ANGPTL1	49.273956	2.4389908	0.0	0.0
8	44	FBLN2	48.76115	2.6480381	0.0	0.0
8	45	PRSS23	48.31788	2.4511495	0.0	0.0
8	46	ANXA2	47.83685	1.2704154	0.0	0.0
8	47	LGALS1	47.633785	1.4357629	0.0	0.0
8	48	COL6A3	47.563095	1.8201998	0.0	0.0
8	49	ITM2A	46.986263	2.764688	0.0	0.0
8	50	FBN1	46.8779	2.061285	0.0	0.0
8	51	MFAP5	46.858585	3.4878156	0.0	0.0
8	52	TMEM176B	46.71503	3.5602572	0.0	0.0
8	53	FILIP1L	46.653763	2.58049	0.0	0.0
8	54	PDGFRL	46.606953	1.7719034	0.0	0.0
8	55	SSPN	46.114613	1.5353534	0.0	0.0
8	56	PDGFRB	45.74611	2.0905077	0.0	0.0
8	57	CPQ	45.03482	1.738976	0.0	0.0
8	58	S100A10	44.846718	1.2994404	0.0	0.0
8	59	PLPP1	44.77358	1.9773339	0.0	0.0
8	60	AKR1C3	44.524715	2.7058184	0.0	0.0
8	61	EBF1	44.164116	2.12047	0.0	0.0
8	62	CTSK	43.66432	1.5127325	0.0	0.0
8	63	S100A6	43.065353	0.9346243	0.0	0.0
8	64	GGT5	42.940342	3.2855947	0.0	0.0
8	65	TMEM176A	42.764446	3.5121803	0.0	0.0
8	66	IGFBP7	42.224636	1.7217169	0.0	0.0
8	67	TSHZ2	41.984222	2.413785	0.0	0.0
8	68	RARRES3	41.795753	3.1211855	0.0	0.0
8	69	DCLK1	41.584927	3.3119323	0.0	0.0
8	70	LAMA4	41.551636	2.3413455	0.0	0.0
8	71	LIMA1	41.395863	1.5527637	0.0	0.0
8	72	LMNA	41.191364	1.2643785	0.0	0.0
8	73	LGALS3BP	41.1524	2.797744	0.0	0.0
8	74	PODN	40.897415	2.9101827	0.0	0.0
8	75	OLFML3	40.712288	2.0643818	0.0	0.0
8	76	PLA2G2A	40.27366	2.494426	0.0	0.0
8	77	MGST1	39.90405	1.8063668	0.0	0.0
8	78	PTGFR	39.606518	2.5051787	3.408545858786e-311	1.0592541211889285e-308
8	79	KCNE4	39.4718	2.7481656	4.361388076896349e-308	1.292323239157256e-305
8	80	FGL2	39.40126	2.4676046	5.2906131345897e-311	1.604987273464722e-308
8	81	FCGRT	39.283012	1.2792833	0.0	0.0
8	82	DPT	39.178833	1.7135267	0.0	0.0
8	83	S100A11	39.16408	1.0130832	4.96350576167e-311	1.530040679307008e-308
8	84	PDGFRA	39.10407	1.6237369	1.65634533983607e-309	4.946261271085468e-307
8	85	ATP5F1E	39.0759	1.0592839	2.81276958644895e-310	8.465772021450765e-308
8	86	SPON2	39.056366	2.4431593	4.022254685089523e-304	1.1647474475974388e-301
8	87	FGF7	38.64544	2.2422924	3.4282683202210074e-301	9.779263303890135e-299
8	88	AKR1C1	38.01283	1.8335195	1.007042828874835e-292	2.8097229993366195e-290
8	89	CRISPLD1	37.813747	2.1525502	1.5331364903362942e-288	4.126944310324965e-286
8	90	SRPX	37.766666	2.6288855	7.05673811078201e-287	1.8731719274064692e-284
8	91	MFAP4	37.7492	2.1339417	1.6509119920555072e-287	4.412899299603476e-285
8	92	IFI16	37.74494	1.3657053	8.007047984500161e-291	2.1706482422661997e-288
8	93	SFRP4	37.641907	3.185917	3.5848199793691856e-280	9.196386502779043e-278
8	94	CELF2	37.43455	2.1099038	3.345200168752066e-283	8.818409051750273e-281
8	95	ADD3	37.31149	1.8672363	2.8856926190164e-282	7.554980456800197e-280
8	96	SERPING1	36.92275	1.0761075	1.3376981671924934e-277	3.363958864655649e-275
8	97	ZFP36L2	36.868393	1.288387	3.207414441585978e-278	8.119219179813405e-276
8	98	SPRY1	36.756664	2.9084296	4.787613485123991e-269	1.1437608615961215e-266
8	99	PPIC	36.670654	1.4055333	1.1339303902164747e-275	2.8145035867295147e-273
8	100	NR2F2	36.46914	2.2690864	2.829054321781495e-268	6.67517113554172e-266
8	101	KCTD12	36.387577	1.771282	1.0205084234198335e-269	2.453327923069165e-267
8	102	SEPT7	36.28015	1.2770842	1.7282687413833587e-270	4.207728940804936e-268
8	103	MXRA8	36.242035	1.1374998	6.366411357279017e-270	1.540188023548311e-267
8	104	COL3A1	36.03059	1.6662238	9.97367716714911e-266	2.2965893737175155e-263
8	105	ABCA8	35.69335	3.0055568	1.1105086857178776e-254	2.3847238203865255e-252
8	106	NFIA	35.68933	1.3723624	6.700956629602329e-262	1.533756683891733e-259
8	107	NFIB	35.517307	1.3653301	1.6401014275920298e-259	3.666154208671213e-257
8	108	PDLIM1	35.494297	2.0332494	1.788571806614834e-256	3.884452769093489e-254
8	109	THBS2	35.477272	1.8786638	2.0950514068478955e-257	4.576071141448798e-255
8	110	LAMB1	35.362064	2.6671178	2.6553525006694593e-252	5.638788554754968e-250
8	111	SCARA5	35.21155	2.1281965	8.169093117985968e-254	1.7444436611279084e-251
8	112	ADIRF	35.162743	1.1021919	3.8255342347210205e-255	8.26142489197606e-253
8	113	CD248	35.017696	3.0346277	3.979232888043894e-246	8.266423799597272e-244
8	114	LUM	34.888523	1.1290517	1.0093863773030589e-246	2.1083489008760724e-244
8	115	DDAH2	34.821636	1.2498653	3.0660195504264135e-250	6.474891231795538e-248
8	116	CRABP2	34.719746	2.609954	3.1729964822483937e-244	6.417175531082677e-242
8	117	NRP1	34.63248	2.3967922	2.067842577769461e-243	4.1600639311926256e-241
8	118	SAMHD1	34.518406	2.439905	1.0546067061963821e-242	2.1105385726518591e-240
8	119	B2M	34.41546	0.59216946	6.985919816598483e-245	1.4356440810196796e-242
8	120	TUBA1A	34.410515	1.3361955	7.315312984529938e-245	1.495296917222847e-242
9	1	CHI3L2	45.60162	5.6245823	1.7147864667558929e-214	6.554599790527725e-210
9	2	MIA	28.616276	3.4603655	1.2639977171616619e-129	2.415752437039368e-125
9	3	CTGF	26.770071	3.267514	8.225418067860259e-105	5.2401396704315086e-101
9	4	COL1A1	25.949865	3.074749	5.631067952987558e-109	7.174731381166548e-105
9	5	CTNNB1	25.25094	2.5274556	3.374015641666048e-107	3.2242093471760755e-103
9	6	ATP5F1E	25.023834	1.7391669	2.4578976200747277e-99	1.1743834828717048e-95
9	7	TNC	24.38864	2.7971692	1.2359894246882085e-99	6.749208538468869e-96
9	8	RPS10	23.583366	1.6824967	1.4146905719313736e-93	5.407513242150483e-90
9	9	SRGN	23.50702	3.2327924	4.88263022667164e-94	2.0737073087144086e-90
9	10	C2orf40	23.451967	2.5624928	1.0031518260660089e-87	2.949575030734394e-84
9	11	LUM	22.538216	2.0946922	2.727395042791731e-79	6.132467536215948e-76
9	12	MINOS1	22.435316	2.221256	1.2761541466998164e-89	4.4345196457685254e-86
9	13	FN1	22.245035	2.4819114	2.481720507203455e-79	5.928830291709053e-76
9	14	TIMP1	22.021988	1.6374643	5.902896418810898e-84	1.6116593765187698e-80
9	15	SERF2	21.707186	1.2421981	1.452181354154175e-78	3.0837877822882883e-75
9	16	RPL39	21.58441	1.1256928	1.6929576938904893e-79	4.314107659418004e-76
9	17	PLAC9	21.463837	1.7734597	5.577785061056464e-78	1.1221329272306435e-74
9	18	TMSB10	21.080435	1.7674996	1.2037786714857794e-76	2.3006617969436217e-73
9	19	COL1A2	21.008171	2.1721647	3.0210070551896205e-74	4.618998947102722e-71
9	20	RPS21	20.98856	1.1993482	4.4864306314597007e-76	7.794969293496163e-73
9	21	HTRA1	20.979618	2.189889	5.29572124531023e-75	8.434318703364092e-72
9	22	IGFBP4	20.362257	2.5454535	3.141401544953558e-76	5.717949174014514e-73
9	23	IGFBP3	20.360342	3.742214	1.1400375518557571e-73	1.6760305916205563e-70
9	24	S100A10	20.090607	1.5927685	1.0322447002495237e-68	1.315217380744593e-65
9	25	RMRP	19.892925	3.0694404	9.925843857203844e-73	1.4052053911028137e-69
9	26	POSTN	19.890646	4.6780314	2.3084392556444918e-69	3.1513493609912523e-66
9	27	COL3A1	19.665304	2.4681737	9.362902744767343e-68	1.1544761113418934e-64
9	28	MT2A	19.519075	1.9193071	4.190692864082428e-66	4.711324824608433e-63
9	29	CD74	19.388037	3.6619656	7.932326774910462e-67	9.18803814073265e-64
9	30	SCRG1	19.269825	2.0774853	1.0437774152492453e-64	1.0783067005537069e-61
9	31	POLR2L	19.136686	1.7507282	4.757893506311485e-69	6.271231771905179e-66
9	32	RPS28	19.043425	0.86239755	2.2728317641404368e-65	2.4132422597917793e-62
9	33	HNRNPH1	18.735912	1.8037843	7.901379255823057e-67	9.18803814073265e-64
9	34	PPIC	18.589748	1.8743838	7.492372775826224e-66	8.182527342376617e-63
9	35	OGN	18.44504	2.0382962	2.7962293413876724e-62	2.67207675863006e-59
9	36	HLA-DRA	18.3495	4.598572	3.530475670310704e-59	3.213069095760866e-56
9	37	OST4	18.106094	1.264201	1.6355311697601124e-61	1.5247937422661107e-58
9	38	MT1G	18.105242	2.7077727	3.812237118188977e-63	3.8347092527804063e-60
9	39	VCAM1	18.011097	2.6184711	1.4021333980435968e-62	1.3742345386363703e-59
9	40	ASPN	17.88553	2.0784779	2.6019777076457437e-58	2.2604089976602478e-55
9	41	C1orf56	17.71355	2.9472747	3.403894991505147e-58	2.8913440478953945e-55
9	42	SEC61G	17.449434	1.3624598	3.6485156321798936e-58	3.0317578592270492e-55
9	43	S100A4	17.380913	1.7405313	5.0660072708320043e-54	3.65364267774118e-51
9	44	MMP2	17.316973	2.276247	1.9344650822600846e-58	1.7196044954490574e-55
9	45	S100A11	17.182173	1.1926998	6.993453799205432e-55	5.3463555604165686e-52
9	46	TMA7	17.081924	1.1318363	3.1917047626683754e-56	2.5957387840050207e-53
9	47	COMMD6	17.016306	1.082313	1.3032400140210257e-55	1.0378134644987435e-52
9	48	CHI3L1	16.952276	2.4313085	1.7586768255209372e-54	1.3181110387982806e-51
9	49	S100A6	16.890432	1.0049701	1.1253609319667456e-52	7.681392189910158e-50
9	50	CFH	16.852001	1.8688314	3.5575874880191996e-53	2.4724586207644706e-50
9	51	ATP5MD	16.608837	1.3364708	2.6937721879913025e-54	1.9801297714188376e-51
9	52	CALR	16.536772	1.3306309	1.0676412509341284e-53	7.557318365871503e-51
9	53	PLA2G2A	16.30462	2.4004607	1.109081962887803e-50	7.30923257748679e-48
9	54	FGFBP2	16.095741	2.075777	2.3919012854981847e-50	1.54962770740479e-47
9	55	SPARC	15.945464	1.5968602	3.467091376627068e-49	2.0707203246905166e-46
9	56	LGALS1	15.932245	1.3227429	7.73544993589781e-49	4.548920589996275e-46
9	57	PRDX4	15.840744	1.3463264	6.638055668008498e-50	4.1595580303927353e-47
9	58	NBL1	15.799658	1.5436437	1.4821741574863811e-49	9.137842741251522e-47
9	59	C15orf48	15.795449	4.219967	3.236887556480894e-47	1.7675255708417956e-44
9	60	EFEMP1	15.786949	2.0512774	5.763491432090173e-50	3.6717282750035796e-47
9	61	RPL41	15.687735	0.6390286	4.3023422537694916e-47	2.316235638142043e-44
9	62	TNFAIP6	15.645695	2.0165071	3.0734790144216534e-49	1.8647724102738615e-46
9	63	UBL5	15.6024885	1.1715292	1.2292671573583819e-48	7.013060869084596e-46
9	64	UQCR11	15.553672	1.3240312	1.2274489825026472e-48	7.013060869084596e-46
9	65	TMSB4X	15.389489	1.4183427	3.3437725942164136e-45	1.6817416268595814e-42
9	66	WISP2	15.358308	2.3100626	1.5198134182018902e-47	8.543139426080743e-45
9	67	MGP	15.352539	1.3369509	2.1925137942531067e-45	1.11742196362041e-42
9	68	SAA1	15.348903	2.825001	2.008668314538813e-47	1.1127440239845157e-44
9	69	CYR61	15.290215	1.6831919	1.763518203398432e-46	9.36232219537523e-44
9	70	RPS26	15.106002	1.0539275	3.0284495119262374e-44	1.4469931767983565e-41
9	71	NDUFA1	15.068577	1.2207637	6.1910036593709476e-46	3.241711285969796e-43
9	72	COX6C	15.02342	1.1435852	1.6433395903352768e-45	8.488515202834543e-43
9	73	B2M	14.937489	0.679148	1.2909232508441288e-43	6.091882758057528e-41
9	74	CDC42SE1	14.857327	2.2326763	2.8086183163358734e-44	1.3589446395395242e-41
9	75	IGFBP7	14.817812	1.4800055	9.520846157187172e-43	4.135509358094573e-40
9	76	RPL36	14.808675	0.7659809	1.9565988934919247e-43	9.120614159126261e-41
9	77	TAGLN	14.789789	2.346508	1.1728166257690624e-44	5.822044506934628e-42
9	78	OSTC	14.746446	1.3349429	2.1295382256470759e-44	1.0435829376555619e-41
9	79	HLA-DRB1	14.738422	2.8484676	2.1481142661946135e-43	9.89271321819553e-41
9	80	C4orf48	14.701097	2.5641098	2.564312860355848e-43	1.1668844615981184e-40
9	81	TXN	14.663092	1.1020676	3.0410824384845607e-43	1.3516550596352772e-40
9	82	CXCL8	14.657821	4.5943975	2.1050438841461716e-41	8.469810255537186e-39
9	83	IGFBP5	14.536125	1.8929065	5.140737893230329e-43	2.2586156923084605e-40
9	84	ATP5ME	14.531398	1.285152	2.9606409494357354e-43	1.3313828194262535e-40
9	85	PHKG1	14.460308	3.1777804	3.6243970787306464e-41	1.4282366385298992e-38
9	86	TMEM258	14.434726	1.1015153	1.9299340350540203e-42	8.265548087368544e-40
9	87	IFITM3	14.401712	1.0303304	6.112704514890989e-41	2.3842042589509506e-38
9	88	CTSK	14.385324	1.3866881	1.946157722538638e-42	8.265548087368544e-40
9	89	PFN1	14.364596	1.1870025	2.7397270693830856e-42	1.1382970380445551e-39
9	90	PPP3CA	14.354133	1.3022617	2.5155455710244414e-42	1.0566397132619588e-39
9	91	COL6A3	14.325677	1.4973276	9.303779458966085e-42	3.823953398274405e-39
9	92	CYBA	14.206047	1.4159613	1.204052882744818e-41	4.896140147876375e-39
9	93	SMIM37	14.174957	1.9458226	2.5009871859290623e-41	9.958097311974216e-39
9	94	AEBP1	14.131635	1.3704884	1.2989861656666072e-40	5.01539870671115e-38
9	95	VKORC1	14.02062	1.1997123	2.6508822993750254e-40	1.0032408416961483e-37
9	96	CCL2	13.945223	2.314855	2.7970835201461555e-40	1.0481933379810455e-37
9	97	BGN	13.904191	1.1524228	4.4057732907502535e-38	1.5309661660512516e-35
9	98	AMFR	13.884299	2.0892837	1.6370173492774383e-39	6.016668380652e-37
9	99	CDC42	13.878841	1.211996	5.614101950036229e-40	2.0834313877493673e-37
9	100	RGCC	13.86684	1.4809406	8.720793675435346e-39	3.115360910746174e-36
9	101	TPSB2	13.719101	8.072589	2.0838264550102134e-36	6.8665674496819305e-34
9	102	TGFBI	13.688441	1.871454	4.766582603228144e-39	1.735217651674215e-36
9	103	SMOC2	13.619656	1.820617	1.0385440739766729e-38	3.675676729970772e-36
9	104	GAPDH	13.588087	0.9061446	2.3392608048123283e-37	7.912911947181101e-35
9	105	COL5A1	13.580525	1.63801	1.7825189847930934e-38	6.250917951810202e-36
9	106	MT1M	13.56958	1.433541	2.4432853106538912e-37	8.192292781967925e-35
9	107	ZNF277	13.503326	2.290581	1.2478411186614142e-37	4.297070172947198e-35
9	108	TAGLN2	13.4314165	1.0805082	2.0891061385929636e-37	7.129820807283701e-35
9	109	CST3	13.426895	0.88559175	2.5645304689358817e-36	8.378342961077362e-34
9	110	MGST3	13.381264	0.955533	6.2116417055306304e-37	2.0646416743669813e-34
9	111	CXCL2	13.212165	3.223701	1.4156950000523e-35	4.5094604734999256e-33
9	112	MYL6	13.094228	0.85791	3.902689642273413e-35	1.2227574498873685e-32
9	113	ELOB	13.064958	0.9932904	8.214742822444707e-36	2.6610197427553092e-33
9	114	DPT	13.02402	1.5363845	2.2615131575944143e-35	7.14413875503214e-33
9	115	RGS5	13.003606	4.266818	4.134444106741161e-34	1.244370012095072e-31
9	116	STMP1	12.986024	1.3421394	1.3226900594450314e-35	4.248613851447637e-33
9	117	PCOLCE	12.915969	1.2866691	7.156506026349746e-35	2.223986067895876e-32
9	118	COL12A1	12.819981	1.6443802	8.288111518286279e-35	2.554877215120764e-32
9	119	B4GALT1	12.781338	1.7789981	1.8972478894051496e-34	5.801632265969796e-32
9	120	CCL3	12.778294	6.1491847	1.7498445134192616e-32	4.8821939183166316e-30
10	1	CCN2	166.41779	5.886152	0.0	0.0
10	2	RPL17	123.7654	3.5871391	0.0	0.0
10	3	EEF1G	123.1805	3.5668216	0.0	0.0
10	4	NME2	112.75585	3.3976302	0.0	0.0
10	5	ECRG4	103.53255	4.0940876	0.0	0.0
10	6	CRIP1	102.19811	3.2822886	0.0	0.0
10	7	SNHG29	99.7875	3.254218	0.0	0.0
10	8	GABARAP	97.74605	2.919633	0.0	0.0
10	9	RPS17	95.82858	2.7098885	0.0	0.0
10	10	RNASEK	90.11211	2.7862659	0.0	0.0
10	11	SNHG5	89.296234	3.0054193	0.0	0.0
10	12	MIF	87.72996	2.1179378	0.0	0.0
10	13	SEPTIN7	86.43329	2.9066162	0.0	0.0
10	14	AOPEP	84.793724	3.3735025	0.0	0.0
10	15	LINC00632	83.31064	2.915072	0.0	0.0
10	16	SNHG6	80.981735	2.8043842	0.0	0.0
10	17	CCN1	79.123886	3.3251095	0.0	0.0
10	18	MICOS10	78.23612	2.843137	0.0	0.0
10	19	CILP	77.65736	2.6564314	0.0	0.0
10	20	GAS5	73.45729	2.6670215	0.0	0.0
10	21	LUM	71.780396	1.9766848	0.0	0.0
10	22	OGN	69.4594	2.5147378	0.0	0.0
10	23	RPL36A	69.30569	1.7497126	0.0	0.0
10	24	ASPN	67.85873	2.517171	0.0	0.0
10	25	CDK2AP1	66.98423	2.8069384	0.0	0.0
10	26	FMOD	66.6358	1.8100154	0.0	0.0
10	27	TOMM6	65.80038	2.6025145	0.0	0.0
10	28	ATP6V0C	64.082405	2.424961	0.0	0.0
10	29	MAGI2-AS3	61.68585	2.4813445	0.0	0.0
10	30	CIAO2B	58.093853	2.409414	0.0	0.0
10	31	RNASE4	58.01052	2.2449431	0.0	0.0
10	32	TRAPPC5	56.846756	2.522436	0.0	0.0
10	33	NDUFA13	56.580135	1.5782784	0.0	0.0
10	34	DANCR	56.549667	2.5418844	0.0	0.0
10	35	MRPS24	55.519455	2.2606924	0.0	0.0
10	36	PRELP	53.94106	1.4431924	0.0	0.0
10	37	H19	53.419487	3.9986348	0.0	0.0
10	38	CLU	53.383453	1.4435967	0.0	0.0
10	39	SCRG1	53.03689	1.8260128	0.0	0.0
10	40	DCN	52.52028	1.0250009	0.0	0.0
10	41	GNG10	52.037727	2.416367	0.0	0.0
10	42	CD109	51.94333	1.6264353	0.0	0.0
10	43	RBIS	50.911877	2.2026234	0.0	0.0
10	44	SNHG32	50.856125	2.212842	0.0	0.0
10	45	LINC01578	49.89449	1.9483353	0.0	0.0
10	46	KRTCAP2	49.614166	1.3600218	0.0	0.0
10	47	AL627171.2	48.53009	2.6261194	0.0	0.0
10	48	NDUFA4L2	47.985027	1.2637646	0.0	0.0
10	49	MICOS13	47.903893	2.3743834	0.0	0.0
10	50	PLCG2	47.324173	1.6195898	0.0	0.0
10	51	SEPTIN2	46.68844	2.2200582	0.0	0.0
10	52	SEPTIN10	46.399445	2.3926349	0.0	0.0
10	53	C18orf32	46.22587	1.8266534	0.0	0.0
10	54	PLOD2	43.941833	1.2536899	0.0	0.0
10	55	RGCC	43.902824	1.4755594	0.0	0.0
10	56	AK1	43.824635	1.6249236	0.0	0.0
10	57	CD59	43.754242	1.1194875	0.0	0.0
10	58	FN1	43.270515	1.5867903	0.0	0.0
10	59	SNHG14	42.39627	3.124099	0.0	0.0
10	60	RPL27A	42.167355	0.8697314	0.0	0.0
10	61	COL5A2	41.645985	1.4592335	0.0	0.0
10	62	TRPS1	41.63912	1.2470657	0.0	0.0
10	63	S100A4	41.126972	1.2794697	0.0	0.0
10	64	TMEM35B	41.12426	2.1058547	0.0	0.0
10	65	CCPG1	41.031292	1.069288	0.0	0.0
10	66	RPL13A	40.79711	0.66918284	0.0	0.0
10	67	TLE5	40.770676	2.0892441	0.0	0.0
10	68	COMP	40.589283	1.3659198	0.0	0.0
10	69	MIR100HG	40.433826	2.450825	0.0	0.0
10	70	COL3A1	40.42912	1.72578	0.0	0.0
10	71	POLD4	40.347664	1.8950454	0.0	0.0
10	72	SNHG16	40.05999	2.0517356	0.0	0.0
10	73	TSPAN2	39.98355	1.6433712	0.0	0.0
10	74	ECM2	39.492622	1.3961483	0.0	0.0
10	75	SEPTIN6	39.29789	2.4808578	0.0	0.0
10	76	MXRA5	39.11029	1.8317667	0.0	0.0
10	77	DIXDC1	38.907986	1.272872	0.0	0.0
10	78	POGLUT3	38.701874	2.5692463	2.3816493697292635e-304	8.429274584123275e-302
10	79	COX16	38.62994	1.748694	2.1548684768537012e-307	7.697915201799614e-305
10	80	P4HA1	38.271175	1.1133903	7.394800375718037e-304	2.5932004546921675e-301
10	81	SOX5	38.077545	1.3262099	1.355863486570202e-300	4.669056388347694e-298
10	82	OMD	37.997025	1.5706159	2.2843542061405014e-298	7.796174569242369e-296
10	83	A2M	37.74419	1.5429796	2.5094570792791444e-295	8.488627203395223e-293
10	84	RO60	37.631752	2.1175354	3.7317286709413694e-291	1.2403617105918513e-288
10	85	OIP5-AS1	37.6256	2.284828	2.706771885413617e-290	8.919280047245697e-288
10	86	UBE2V1	37.622375	1.845977	3.3100021852171353e-292	1.109837925681928e-289
10	87	GLI3	37.21001	1.5586175	9.429497863056482e-287	3.054518019639584e-284
10	88	FRMD4B	37.062725	1.395151	1.8285076963726407e-285	5.873351108079648e-283
10	89	RPS20	37.008133	0.73664993	4.39032481241426e-284	1.386907236609278e-281
10	90	COA8	36.98439	2.316816	9.666335284207196e-281	2.979725805673676e-278
10	91	BGN	36.80977	0.9286839	2.5658952172457375e-279	7.846302302720085e-277
10	92	SEPTIN11	36.744347	2.1487758	1.771124585603155e-278	5.372973504769444e-276
10	93	EDIL3	36.446568	1.2435989	7.188135378553973e-277	2.1634589504712367e-274
10	94	FGFBP2	36.38425	1.5341808	3.9084684872513e-276	1.1671664020054194e-273
10	95	COLGALT2	35.94958	1.4925164	3.4587220262916635e-269	1.0092075628471186e-266
10	96	NGRN	35.94596	1.702723	1.216766854945852e-268	3.49696964386844e-266
10	97	TNC	35.89658	1.6219257	8.425132596498478e-269	2.439714154307256e-266
10	98	CRYAB	35.70821	1.1651651	1.763946298418886e-266	5.031722635131605e-264
10	99	DST	35.65825	1.0281959	7.505043974836995e-266	2.1249837103271802e-263
10	100	TXNDC5	35.558666	2.050756	6.456924911976544e-262	1.78847462199559e-259
10	101	PPP3CA	35.530792	0.99839354	4.962992648327681e-264	1.3948928749240976e-261
10	102	PSMA6	35.408867	1.7731447	9.056792003235367e-261	2.4727629823690617e-258
10	103	ANGPTL2	35.323124	1.1031777	4.267433715295013e-261	1.173513570744148e-258
10	104	RAPH1	35.249977	1.4263675	3.0231389791021725e-259	8.195493924624215e-257
10	105	CFB	35.235783	1.7953572	4.04169726590091e-258	1.0879565936041998e-255
10	106	PAPSS2	35.09188	1.3590374	1.92403799906007e-257	5.14296702629875e-255
10	107	C17orf49	34.29273	1.993368	2.848639028418205e-244	7.116756746552776e-242
10	108	SERPINE1	34.256325	1.363455	5.049155582225221e-246	1.304046776857952e-243
10	109	CZIB	33.97706	2.0219204	2.121896119424315e-240	5.232732727024194e-238
10	110	AL590822.3	33.926575	3.2119224	2.1531268917193406e-236	5.143820144317505e-234
10	111	PSMD9	33.89048	1.5555122	3.44677626203818e-240	8.445485630778679e-238
10	112	TUG1	33.88472	2.2521448	3.3105738792029116e-238	8.060087640678477e-236
10	113	CA9	33.70167	1.6338035	9.885577812630103e-238	2.3915590272783104e-235
10	114	DDX39B	33.630657	1.4151087	2.2116057748259908e-237	5.3167559205628104e-235
10	115	EIF4A1	33.441216	0.9162152	2.6253025151444437e-235	6.232892132849766e-233
10	116	LINC-PINT	33.27369	2.131271	9.96480625247268e-231	2.3084530557243377e-228
10	117	PMEPA1	33.257828	0.9274502	2.3138850405708633e-232	5.393045231145164e-230
10	118	RPS11	32.996975	0.5355509	4.032974735433611e-229	9.230923729773313e-227
10	119	TGFBI	32.843475	1.5553001	7.829639335884881e-227	1.7814293688979982e-224
10	120	DBNDD2	32.801167	2.0336397	5.941250846580884e-225	1.3358727785865158e-222
11	1	PRG4	106.72258	6.4416175	0.0	0.0
11	2	SPARCL1	94.49537	4.6165934	0.0	0.0
11	3	ITGBL1	82.74952	4.2500668	0.0	0.0
11	4	CRIP1	80.84154	3.7514532	0.0	0.0
11	5	ITGB8	76.24343	4.246215	0.0	0.0
11	6	CFI	74.73932	3.969999	0.0	0.0
11	7	TIMP3	73.94594	3.4912856	0.0	0.0
11	8	MICOS10	72.28635	3.3712518	0.0	0.0
11	9	TMEM196	71.725815	4.8083544	0.0	0.0
11	10	ZNF385B	70.28274	4.249269	0.0	0.0
11	11	AK1	70.12674	3.1327856	0.0	0.0
11	12	ECRG4	68.64725	3.8483248	0.0	0.0
11	13	NME2	67.3421	3.0838134	0.0	0.0
11	14	CLIC5	66.062355	5.7901015	0.0	0.0
11	15	APLP2	65.87399	2.3015513	0.0	0.0
11	16	SCARA5	64.90749	3.6902874	0.0	0.0
11	17	COLEC12	64.32802	2.802545	0.0	0.0
11	18	EEF1G	63.959118	2.9680786	0.0	0.0
11	19	TPPP3	62.497025	3.361907	0.0	0.0
11	20	CREB5	60.061348	2.7707913	0.0	0.0
11	21	MAGI2-AS3	60.00269	3.0485928	0.0	0.0
11	22	TMSB4X	58.022186	2.333958	0.0	0.0
11	23	DNASE1L3	57.976986	6.005669	0.0	0.0
11	24	CRTAC1	57.861206	2.1596017	0.0	0.0
11	25	FN1	57.829636	2.7152386	0.0	0.0
11	26	SNHG29	57.431835	2.809945	0.0	0.0
11	27	HTRA1	56.87297	2.708193	0.0	0.0
11	28	SEPTIN7	56.538998	2.7513356	0.0	0.0
11	29	HBEGF	56.097153	3.395264	0.0	0.0
11	30	SEPTIN2	55.904346	3.1875918	0.0	0.0
11	31	GABARAP	55.638336	2.5262408	0.0	0.0
11	32	RPL17	54.98021	2.624997	0.0	0.0
11	33	THBS4	54.780853	2.4438303	0.0	0.0
11	34	SMIM14	54.476116	2.224866	0.0	0.0
11	35	S100A4	54.409122	2.4290633	0.0	0.0
11	36	PLA2G2A	53.237347	3.4819357	0.0	0.0
11	37	APP	53.110203	2.465841	0.0	0.0
11	38	CCDC80	53.012066	2.2944784	0.0	0.0
11	39	GFPT2	52.777214	2.9246624	0.0	0.0
11	40	SNHG5	52.686916	2.6357324	0.0	0.0
11	41	SEMA3C	52.377525	2.9059322	0.0	0.0
11	42	RNASEK	51.51625	2.3902662	0.0	0.0
11	43	ITM2B	50.506573	1.267554	0.0	0.0
11	44	TFPI	50.064198	3.085862	0.0	0.0
11	45	HAS1	49.66355	3.719769	0.0	0.0
11	46	CCN2	48.877213	3.0845225	0.0	0.0
11	47	LINC01578	48.8476	2.6019516	0.0	0.0
11	48	BMERB1	48.628155	3.9275274	0.0	0.0
11	49	TOMM6	47.97106	2.5814238	0.0	0.0
11	50	SEMA3A	47.90955	4.35927	0.0	0.0
11	51	HHIP	47.775925	5.3279643	0.0	0.0
11	52	S100A10	47.722317	1.7232269	0.0	0.0
11	53	ZEB2	47.40246	2.5444245	0.0	0.0
11	54	APBB1IP	47.310486	3.4408007	0.0	0.0
11	55	F5	45.867115	3.1384764	0.0	0.0
11	56	NTN4	45.2734	2.820112	0.0	0.0
11	57	LIMA1	45.25304	2.0022893	0.0	0.0
11	58	ATP6V0C	45.25127	2.4658737	0.0	0.0
11	59	PDGFD	45.141216	2.8790882	0.0	0.0
11	60	SOX5	45.05378	2.0830185	0.0	0.0
11	61	TSPAN15	44.38534	3.9812324	0.0	0.0
11	62	ARPC1B	44.368294	1.9841441	0.0	0.0
11	63	DAB2	43.952705	1.8875724	0.0	0.0
11	64	SORBS2	43.912533	3.0646374	0.0	0.0
11	65	RPS17	43.72638	1.9898556	0.0	0.0
11	66	TMEM100	43.700233	2.6342902	0.0	0.0
11	67	EML1	43.44598	2.6831193	0.0	0.0
11	68	HTRA4	43.39193	5.1642003	0.0	0.0
11	69	GABRA4	43.334637	4.424856	0.0	0.0
11	70	FGF10	42.90294	3.5897632	0.0	0.0
11	71	DLX4	42.758152	2.9720533	0.0	0.0
11	72	NBL1	42.656487	1.7749239	0.0	0.0
11	73	SNHG6	41.7216	2.1833186	0.0	0.0
11	74	C11orf96	41.557755	2.481854	0.0	0.0
11	75	VCAM1	41.536594	2.9628842	0.0	0.0
11	76	GAS5	40.9944	2.1835976	0.0	0.0
11	77	CALD1	40.874615	1.5453264	0.0	0.0
11	78	CAV1	40.723988	1.4380367	0.0	0.0
11	79	EFHD2	40.201664	2.7306714	4.703980188923388e-300	1.6345903521946144e-297
11	80	TNXB	40.143127	1.9607093	1.9202512729682e-310	7.414109561407814e-308
11	81	EMP3	40.126247	1.6013138	8.5607614463611e-310	3.2398667873832383e-307
11	82	ARL2	39.851513	1.6991389	3.557432110257176e-306	1.3331302449261795e-303
11	83	PPIC	39.81429	1.7716918	5.5108291969754144e-306	2.0451061672348373e-303
11	84	IGFBP4	39.792713	2.1218061	8.4562627533929e-304	3.108001802747021e-301
11	85	MTRNR2L12	39.700195	1.700643	1.962587441016962e-300	6.882380031691041e-298
11	86	LAMA4	39.630795	2.6687827	4.2946720431789506e-296	1.4657102158792162e-293
11	87	PPM1L	39.133575	3.2215385	2.0673868489491324e-284	6.754170505489883e-282
11	88	PCSK6	39.08608	4.2702847	1.0996052379904223e-276	3.3358183029322143e-274
11	89	NDUFA13	39.07778	1.5915267	5.112506377858668e-296	1.7293844582944223e-293
11	90	BTC	38.93152	3.455288	2.753413790563553e-279	8.4197190984401e-277
11	91	CLEC3B	38.909664	2.8545601	1.9637104144017204e-285	6.52703190261664e-283
11	92	HHIP-AS1	38.700615	3.9834406	7.785463355924062e-273	2.289165779360318e-270
11	93	GPR1	38.57059	5.1815505	7.867649902723648e-267	2.163547121451142e-264
11	94	CSF1	38.520454	2.5948532	2.262352618681258e-282	7.2063472080393665e-280
11	95	MT-CYB	38.47405	1.7337906	5.041987133745486e-285	1.6614216913817884e-282
11	96	TLE5	38.46286	2.5494113	3.5233616409388394e-283	1.1413302996885272e-280
11	97	SEMA3E	38.342422	2.1976392	2.1589748483446024e-282	6.934844924632275e-280
11	98	PHACTR2	38.258373	2.216336	2.9574303437060574e-281	9.265968644083635e-279
11	99	CIAO2B	38.05605	2.224539	3.478120365688769e-281	1.0808753890901425e-278
11	100	CYP1B1	37.87534	2.0877047	4.2854725013172483e-280	1.3210314587931493e-277
11	101	FAM49A	37.766163	2.256277	7.818002268312165e-274	2.3346509273747202e-271
11	102	STEAP4	37.74476	2.8548882	8.280519765083047e-272	2.397837784094957e-269
11	103	RBIS	37.728127	2.2575464	1.5967739727216617e-276	4.805912467189984e-274
11	104	FGL2	37.670532	3.0767229	1.1493575633254643e-267	3.183553876851634e-265
11	105	MT-CO1	37.60936	1.6081631	3.6858302495558676e-272	1.0754746218246067e-269
11	106	FYN	37.58115	2.264876	2.213400003518561e-273	6.558527266239804e-271
11	107	NDNF	37.3497	2.775271	1.1779306417963965e-263	3.1486168427989834e-261
11	108	ARL4D	37.31387	2.0254123	4.5790956263654565e-270	1.3062041135984568e-267
11	109	PSMA6	37.30014	2.3907557	3.050169095557316e-268	8.572769375631092e-266
11	110	TRAPPC5	37.12309	2.2991934	1.024808920116842e-267	2.8592916906968006e-265
11	111	PLAC9	36.745026	1.447082	1.17184617792218e-263	3.1486168427989834e-261
11	112	SEMA5A	36.716373	4.1718717	9.309816381127987e-249	2.341173824685764e-246
11	113	PCOLCE	36.643417	1.6326149	7.464584224387447e-264	2.0235905488864238e-261
11	114	EPB41L3	35.87121	3.4167871	1.204432261471795e-242	2.859516693322851e-240
11	115	RELL1	35.77001	3.4021633	1.5489715890847477e-240	3.588356970980327e-238
11	116	PLEKHA1	35.739285	1.7669467	2.713316576843375e-251	7.055361417228651e-249
11	117	COL4A2	35.704556	2.5684588	4.668992240110148e-247	1.1440228165767327e-244
11	118	CD164	35.632614	1.4703146	6.4085049585276944e-251	1.6551263076673149e-248
11	119	SLC2A12	35.605553	3.3929145	8.077160325085426e-239	1.837746287298008e-236
11	120	UAP1	35.55055	1.4661206	3.8861902104988134e-250	9.969512389671587e-248
12	1	PCOLCE2	64.20119	1.5435561	0.0	0.0
12	2	FHL1	60.577423	1.8325405	0.0	0.0
12	3	FRZB	54.654293	1.960398	0.0	0.0
12	4	CD9	54.59715	1.2072086	0.0	0.0
12	5	RPS4Y1	53.526306	1.7219226	0.0	0.0
12	6	S100A6	52.843132	0.992048	0.0	0.0
12	7	C2orf40	52.368317	1.8261691	0.0	0.0
12	8	CILP	47.097443	1.678238	0.0	0.0
12	9	ANXA2	45.04847	1.0407685	0.0	0.0
12	10	MGLL	44.855297	1.6595592	0.0	0.0
12	11	CLU	44.298088	1.2252253	0.0	0.0
12	12	COMP	44.08646	1.5083541	0.0	0.0
12	13	SERTAD4-AS1	43.777767	1.4758526	0.0	0.0
12	14	NR1D1	43.294884	1.3921443	0.0	0.0
12	15	GADD45G	42.541542	1.6846753	0.0	0.0
12	16	SPINK2	42.49333	4.4663157	0.0	0.0
12	17	VIM	42.27863	0.6257604	0.0	0.0
12	18	IGFBP7	41.20592	1.2366223	0.0	0.0
12	19	IER3	40.948837	1.4115785	0.0	0.0
12	20	PRELP	40.215023	1.0493356	0.0	0.0
12	21	MTRNR2L12	38.453663	1.1924503	2.1951017821576743e-307	1.6135686638691335e-304
12	22	MT-ND5	38.31526	0.98813057	5.579764765498282e-305	3.9496468221556723e-302
12	23	IGFBP6	37.73446	1.380904	1.0426560825496407e-296	6.871463120582323e-294
12	24	VCAN	37.711555	1.3857919	1.9670266338938603e-296	1.2743665432874393e-293
12	25	HES1	37.686363	1.213296	4.3909097213048543e-296	2.797302219785946e-293
12	26	CRIP2	37.64343	1.1125981	1.888223082902008e-295	1.1832039200138746e-292
12	27	DCN	37.510605	0.708705	1.1843656429798066e-290	7.185903545596846e-288
12	28	DSTN	36.914234	0.6380533	1.6728953109838614e-284	9.991367244851113e-282
12	29	MYOC	36.880547	2.12457	2.2719701389092867e-282	1.3158149483283117e-279
12	30	ITM2C	36.12486	1.1198357	2.854531988947558e-273	1.5813279818192965e-270
12	31	CRYAB	36.027473	1.1652528	6.878032145054825e-272	3.755798581608223e-269
12	32	MT-ND1	35.783157	0.9801711	1.2905221063959867e-267	6.666069864173e-265
12	33	AL078639.1	35.761986	1.32401	5.456900326424757e-268	2.857322713387122e-265
12	34	C12orf57	35.37646	0.6725209	1.4652817126350985e-262	7.180631818431282e-260
12	35	TUBA1A	35.30962	1.1643763	1.363457337170634e-261	6.59706243746966e-259
12	36	C9orf3	34.841274	1.1682951	4.0747794050323617e-255	1.9228934318266297e-252
12	37	TPRG1	34.705032	1.699839	1.7853531770973454e-251	8.028628216631639e-249
12	38	RBP4	34.665413	1.2141304	1.1210352139377979e-252	5.225664636287608e-250
12	39	GADD45B	34.645023	1.0195217	2.2767936622278883e-252	1.0485320595782988e-249
12	40	FBLN1	34.63897	1.1005453	3.6872406414293712e-252	1.677870074738051e-249
12	41	ANGPTL5	34.197548	1.1728505	5.071045678723389e-246	2.2539029072502654e-243
12	42	S100A10	34.05503	0.88136595	5.432145243969824e-244	2.386647354086236e-241
12	43	ADM	33.986935	1.1019651	2.386187075012011e-243	1.0364728949461263e-240
12	44	GSN	33.402042	1.042386	3.6835342939615984e-235	1.5472463170592105e-232
12	45	TUBB2A	33.380962	1.0551456	6.175234825793479e-235	2.5656758258818475e-232
12	46	RABAC1	33.070892	0.71194166	8.249322115952591e-231	3.284605089168457e-228
12	47	ADIRF	32.905827	0.8510055	1.0015799679535764e-228	3.946844607737887e-226
12	48	CKB	32.58602	1.2533318	3.6227077093278063e-224	1.3710334602113472e-221
12	49	LMO2	32.18788	1.709932	1.1794781833555104e-217	4.2532428377906634e-215
12	50	CD8B2	31.487549	1.8749123	1.4542183805912176e-208	5.099637007313642e-206
12	51	C19orf70	31.288252	1.0814252	1.0780045337777343e-207	3.745967754465465e-205
12	52	CYR61	30.89026	1.0632355	1.5250486671824154e-202	5.204773236998272e-200
12	53	TUBA1B	30.808685	0.7387354	1.0346314951170017e-201	3.4998012627745375e-199
12	54	LEFTY2	30.766548	2.0848572	2.4395023167454037e-199	7.835927441619858e-197
12	55	SNAI1	30.714006	1.0718559	2.739783576494762e-200	8.950896361362033e-198
12	56	RGS16	30.59252	1.0539888	6.02270116870748e-199	1.9184310789389557e-196
12	57	RPS9	30.280575	0.44479397	5.881919145119341e-195	1.8131490113148525e-192
12	58	TRIM29	30.237564	1.777966	2.558152616853727e-193	7.699435088709989e-191
12	59	ID2	30.237429	0.8304411	1.3048530169940983e-194	3.958468390601779e-192
12	60	PALMD	30.073381	1.0931476	2.1766645721633836e-192	6.449676481114199e-190
12	61	NDUFA4L2	29.463697	0.8269176	1.2493300043365155e-184	3.5905556455457875e-182
12	62	EMP3	29.439003	0.88765204	9.880274449939833e-185	2.8610879588977285e-182
12	63	HEBP2	29.086067	0.8188256	1.291119915931137e-180	3.6023188077775023e-178
12	64	MINOS1	29.025593	0.9687383	6.413236537264512e-180	1.776373575365208e-177
12	65	JUN	28.969124	0.78275126	6.545783216568859e-179	1.7871858405009147e-176
12	66	CALM1	28.96737	0.6272279	4.629622488305958e-179	1.273112877647532e-176
12	67	SGCA	28.951647	1.2127007	1.292805360403877e-178	3.504694474899134e-176
12	68	S100A4	28.86535	0.9305797	1.4420681070093748e-177	3.8818036142483337e-175
12	69	RPL35	28.620039	0.44854078	4.789630638061021e-175	1.262612700063755e-172
12	70	SEPT7	28.58855	0.8421791	1.1361590661297243e-174	2.974557818064561e-172
12	71	DDIT3	28.442944	0.91942406	5.2264983770751944e-173	1.3318511597688148e-170
12	72	AES	28.398859	1.1132812	2.273646931793512e-172	5.7176237053207366e-170
12	73	RPS14	28.243546	0.43960387	1.1044409115619869e-170	2.7236225421642183e-168
12	74	MBNL1-AS1	28.217056	1.4803362	1.0599410480930232e-169	2.597127347583828e-167
12	75	TNFAIP8L1	28.21499	3.0512025	1.5317805330365376e-167	3.705745512328393e-165
12	76	HOXD9	28.095888	1.4896979	2.7618169072228292e-168	6.724056653610536e-166
12	77	RRBP1	27.845854	0.7520078	4.163568795421307e-166	9.88498469789963e-164
12	78	SRSF5	27.715054	0.6396357	1.2478338611720802e-164	2.9083659456976583e-162
12	79	MAGED2	27.207672	0.7779476	7.003161453678859e-159	1.574640255326004e-156
12	80	LGALS3	26.976635	0.50511	2.7948263694323094e-156	6.17511232053067e-154
12	81	IER2	26.910654	0.75370324	1.4640297593221328e-155	3.197775629733097e-153
12	82	YWHAH	26.699148	0.91902304	5.204272015768185e-153	1.1051560751706841e-150
12	83	PPP1R3C	26.636902	0.99758625	2.0596671085850347e-152	4.325753602118372e-150
12	84	PLCG2	26.561562	0.9063252	1.2323205022802009e-151	2.574001031648e-149
12	85	FABP5	26.55364	1.6383893	6.472957658325645e-151	1.3374180190910242e-148
12	86	CHAD	26.497824	1.1115966	5.9024503987124944e-151	1.2261699132629696e-148
12	87	THBS1	26.379818	1.1308157	1.5058138461953379e-149	3.0779801313888017e-147
12	88	FKBP2	26.338812	0.8613903	2.925291207637361e-149	5.885070058985815e-147
12	89	NOP53	26.286499	0.60029554	1.0875888317728736e-148	2.17654426731342e-146
12	90	ID1	26.202076	0.8483653	9.113421010387793e-148	1.7956257974281596e-145
12	91	LGALS1	26.193188	0.70067894	1.260205341293579e-147	2.470260972595167e-145
12	92	PLP2	26.165918	0.6499103	2.228662960703463e-147	4.346347602547406e-145
12	93	DYNLL1	25.87721	0.5433284	3.164033054623914e-144	5.957733964529286e-142
12	94	KCNMA1	25.780954	0.8048946	3.1330115171795594e-143	5.841767425983975e-141
12	95	RPL37A	25.709833	0.39609686	2.5832685573828978e-142	4.77018634480212e-140
12	96	CPAMD8	25.684103	1.3885915	8.259309679490596e-142	1.5033516818516598e-139
12	97	CYB5R3	25.443218	0.6210759	1.2289297118747275e-139	2.195075201247644e-137
12	98	ID3	25.42338	0.7772849	2.153452078211976e-139	3.828537313375562e-137
12	99	EZR	25.388468	0.87822145	5.599040844170013e-139	9.908228575349749e-137
12	100	NDUFB7	25.299887	0.6638988	4.005003851810337e-138	6.958512146890833e-136
12	101	TMSB10	25.159988	0.6966903	1.3346844651832656e-136	2.287756905702473e-134
12	102	CAPG	25.107553	0.86490005	4.747412186626643e-136	8.065114818738526e-134
12	103	LTBP2	25.04314	0.8927795	1.9942980037444835e-135	3.3730109245632365e-133
12	104	SSSCA1	24.985384	1.1637918	1.1780249423108895e-134	1.974948482232081e-132
12	105	RPS18	24.967924	0.3797993	1.2074137559089756e-134	2.0153791880290255e-132
12	106	FGFBP2	24.869368	1.0606236	1.2540681080369889e-133	2.0573175691676336e-131
12	107	ACTG1	24.858967	0.50936866	1.786204278275693e-133	2.917772321914961e-131
12	108	PTMS	24.803677	0.55038947	5.9942320462866326e-133	9.708623971917808e-131
12	109	GSTT2B	24.719664	0.9885534	5.4679656606041734e-132	8.708646642122246e-130
12	110	MZT2B	24.707783	0.53928775	6.129964419862977e-132	9.722479667420847e-130
12	111	TUBA1C	24.492825	0.73300445	9.711338609914555e-130	1.5089683212413577e-127
12	112	PLA2G16	24.441294	1.0683911	3.956009213660541e-129	6.122044379876944e-127
12	113	FRMD4B	24.288368	0.9505765	1.3442741016890668e-127	2.0635957133720037e-125
12	114	ABI3BP	24.212723	0.69215906	6.996182782904351e-127	1.0602442791365457e-124
12	115	PMEPA1	24.187971	0.7143815	1.1878410275120563e-126	1.787560450221293e-124
12	116	MGP	24.036674	0.6698537	4.4710584536485653e-125	6.649873086858473e-123
12	117	CAVIN3	23.842215	0.6545935	3.444958161242357e-123	4.987881846792722e-121
12	118	TRIM47	23.65922	1.0327557	3.1843300586528314e-121	4.524826474421778e-119
12	119	CD81	23.654226	0.44619966	3.360312335446108e-121	4.757206618892298e-119
12	120	TMSB4X	23.617474	0.70259935	7.641103720259021e-121	1.0777621719674568e-118
13	1	SCRG1	65.59799	2.428018	0.0	0.0
13	2	RPS4Y1	64.21188	2.1485648	0.0	0.0
13	3	CLU	58.287342	1.6436708	0.0	0.0
13	4	FGFBP2	56.562405	2.5073483	0.0	0.0
13	5	BHLHE41	56.49982	2.0271058	0.0	0.0
13	6	HLA-C	55.423763	1.2186321	0.0	0.0
13	7	NDUFA4L2	55.306065	1.5697654	0.0	0.0
13	8	C2orf40	54.479446	2.0806296	0.0	0.0
13	9	SOD3	51.987846	1.4198319	0.0	0.0
13	10	CILP	51.86434	2.0334451	0.0	0.0
13	11	WWP2	51.810555	1.9244856	0.0	0.0
13	12	ITM2C	51.204464	1.7412899	0.0	0.0
13	13	FBXO2	50.843147	1.647362	0.0	0.0
13	14	FRZB	49.75075	2.0451102	0.0	0.0
13	15	MT-CO3	49.640747	1.4784021	0.0	0.0
13	16	PCOLCE2	49.483494	1.3882421	0.0	0.0
13	17	MAGED2	48.91102	1.4376249	0.0	0.0
13	18	DBP	47.21673	2.1212757	0.0	0.0
13	19	NINJ1	46.86917	1.6639205	0.0	0.0
13	20	SERPINA1	46.724068	2.0294933	0.0	0.0
13	21	STC2	46.567253	2.3602457	0.0	0.0
13	22	CHAD	46.13976	2.0282483	0.0	0.0
13	23	SCX	45.363354	1.7406849	0.0	0.0
13	24	COMP	43.078403	1.6778892	0.0	0.0
13	25	ADIRF	42.835728	1.1872362	0.0	0.0
13	26	SERTAD4-AS1	41.951496	1.5751569	0.0	0.0
13	27	MT-ND5	41.818314	1.1463957	0.0	0.0
13	28	BBS9	41.174633	2.4087968	0.0	0.0
13	29	GSTT2B	40.83408	1.7047682	0.0	0.0
13	30	TOMM7	40.45332	0.7962974	0.0	0.0
13	31	CEBPB	40.167835	1.1197708	0.0	0.0
13	32	C9orf3	39.45496	1.4547281	0.0	0.0
13	33	TCEAL2	39.05789	1.4313004	4.7857670354296e-311	3.7332889624951273e-308
13	34	MT1X	38.985527	1.4247549	6.072982454241695e-304	4.551640810410482e-301
13	35	AL078639.1	38.36252	1.5465975	7.216176670706223e-301	5.10798401964953e-298
13	36	CILP2	37.23399	1.5070503	1.4536674644491974e-284	9.748243010720373e-282
13	37	MT-ND4L	36.58606	1.0812334	8.016936169641447e-275	5.0235961991536836e-272
13	38	GAPDH	36.109318	0.78559905	1.3985464782386378e-265	8.224313936029798e-263
13	39	FMOD	36.054554	1.1256717	1.0864385456248723e-263	6.292125298176533e-261
13	40	ANKRD37	35.953472	1.3565366	1.6607984274670936e-266	1.0076564935159078e-263
13	41	MT-ND1	35.769344	1.0412257	9.629411893187063e-260	5.334415075437425e-257
13	42	BGN	35.283344	0.9583578	6.624160567787786e-252	3.468519363604388e-249
13	43	EPS8L2	34.86993	1.5357279	6.875922579102314e-251	3.5516927657244168e-248
13	44	RGS16	34.594707	1.3153902	4.717287554202894e-248	2.4041813262913523e-245
13	45	RPL15	34.575348	0.55851424	3.544914715998431e-246	1.7597509104457664e-243
13	46	PRELP	34.17729	1.0368184	7.248136260536549e-239	3.5069969673765698e-236
13	47	NR1D1	33.87691	1.2875233	2.352093871112314e-238	1.0964199527975257e-235
13	48	GPRC5C	33.762558	1.6270996	1.1624994091927667e-235	5.353659929757147e-233
13	49	LDHA	33.607327	0.69493514	8.682208931446582e-233	3.858939002274583e-230
13	50	GDF10	33.1009	1.8993218	2.945847119886647e-226	1.2239354381581218e-223
13	51	MT-ATP6	32.850334	1.0158001	1.0447914049039635e-220	4.1600111105259475e-218
13	52	PKM	32.73538	0.8105484	1.0648073351209751e-222	4.376472642759587e-220
13	53	FXYD6	32.563007	1.1212897	2.312376161254722e-221	9.403007062531967e-219
13	54	CRIP2	32.416553	1.0700122	1.9583714548577484e-219	7.71719489592604e-217
13	55	MT1E	32.2556	1.2950127	3.5608304669152095e-217	1.3748402400744138e-214
13	56	HIST1H4C	32.087917	1.2148107	4.0213942341906995e-215	1.5219185466109438e-212
13	57	RPL37A	31.842323	0.5249722	3.6595419872829844e-210	1.3450224319413924e-207
13	58	S100A1	31.625462	1.6308837	3.947425237339589e-209	1.43701316449589e-206
13	59	RPS9	30.995884	0.48299488	6.780833544329771e-200	2.3999127907264922e-197
13	60	MT1M	30.974943	1.1701458	5.2578434841827045e-201	1.8782785919570064e-198
13	61	MTRNR2L12	30.863844	1.0450813	4.578163967462553e-199	1.5908703590208059e-196
13	62	TCEA3	30.854898	1.2760035	1.271604255360559e-199	4.459247803385505e-197
13	63	CXXC5	30.746853	1.1848873	1.948323682477612e-198	6.709254453966148e-196
13	64	RPS6	30.614807	0.45029843	1.271578755559273e-195	4.3397166386158616e-193
13	65	TMEM204	30.40786	1.4720539	8.474274430851456e-194	2.81670144212927e-191
13	66	DYNLL1	30.391752	0.7035678	7.568523587155237e-194	2.5377126806615947e-191
13	67	CKB	30.389805	1.3932458	1.4685900715428062e-193	4.8392574909182954e-191
13	68	TSPO	30.169874	0.71385646	7.556067356604455e-191	2.4270850305785604e-188
13	69	CRYAB	30.138466	1.1161293	3.562475089452298e-191	1.1540004052476663e-188
13	70	MT-CO1	30.030697	0.9305313	1.6980367053342858e-187	5.276890652414451e-185
13	71	CD81	29.953022	0.62158996	6.388826543199998e-188	2.0016926703875144e-185
13	72	SAP30	29.886044	1.0374722	3.552489657682676e-188	1.1222344188038232e-185
13	73	CD9	29.791103	0.75915974	5.762153744494783e-186	1.748036228012449e-183
13	74	PMEPA1	29.685038	0.9227279	3.070252705107359e-185	8.958575526719366e-183
13	75	MGLL	29.67082	1.3062518	2.626863659631012e-185	7.7237874250566e-183
13	76	TSC22D1	29.657885	1.0625532	1.7740981399121544e-185	5.297900570312671e-183
13	77	RPS23	29.633587	0.41874075	5.817725320546467e-184	1.6720055086659262e-181
13	78	DCN	29.633286	0.6431867	2.9151768794213455e-183	8.254053410296408e-181
13	79	RPL18	29.470171	0.4584239	3.061595035645339e-182	8.604882988419664e-180
13	80	LRMDA	29.38942	1.3532064	8.925492314085252e-182	2.4902775052087202e-179
13	81	DDIT4	28.898397	1.1880821	2.4979383384649543e-176	6.771715960956341e-174
13	82	LAG3	28.66571	1.1913689	8.89864492443784e-174	2.3786140111308535e-171
13	83	RPS14	28.652039	0.47458896	6.144941692003151e-173	1.6311406335772809e-170
13	84	SLC16A3	28.161737	1.1681426	5.556737868854074e-168	1.4066274721793253e-165
13	85	NOL3	27.960075	1.2315958	1.549750489690887e-165	3.8466014751911985e-163
13	86	JUNB	27.429096	0.8637715	1.0930846706295253e-159	2.661278245232036e-157
13	87	NRN1	27.097433	0.92767906	4.2286680031549727e-156	9.977568256333067e-154
13	88	EMP3	27.078161	0.8556538	5.99573958910355e-156	1.3974460369139884e-153
13	89	TPRG1	26.91204	1.5295256	1.621379736740758e-153	3.6890249438796864e-151
13	90	ATP5IF1	26.828218	0.7650914	2.9773373868518454e-153	6.734067708581357e-151
13	91	CD8B2	26.82533	1.8196559	3.939989082028986e-152	8.70532616598127e-150
13	92	GADD45B	26.793512	0.85962814	1.5133831175413947e-152	3.382898028356858e-150
13	93	MZT2B	26.695827	0.65043306	1.1526279362191242e-151	2.532071852531023e-149
13	94	IER3	26.639751	1.0701116	3.3724212227149326e-151	7.366138789546033e-149
13	95	ADM	26.526125	0.98430717	5.90628405247727e-150	1.275490404643453e-147
13	96	CAPG	26.498247	0.9950498	1.1283239289028635e-149	2.4229805538417446e-147
13	97	FAM180B	26.354607	1.5760388	1.1640733943080595e-147	2.458317205747584e-145
13	98	EIF1AY	26.19598	1.5972115	4.630012194405987e-146	9.724043193350246e-144
13	99	EEF1B2	26.07022	0.54628056	1.0092883734662023e-144	2.09668689061805e-142
13	100	H3F3B	26.049326	0.41166827	3.461203843946221e-144	7.074922766363655e-142
13	101	CAVIN3	25.970116	0.78967696	5.354859373424462e-144	1.0887454504775353e-141
13	102	SOX8	25.926058	1.9932467	2.7397004302490113e-142	5.426026385794725e-140
13	103	MT-CO2	25.87198	0.79127985	1.3764143423927986e-141	2.670663036732098e-139
13	104	RPS18	25.82278	0.40509793	8.256794160167438e-142	1.610243367235919e-139
13	105	VEGFA	25.793823	1.0146067	3.819345180381333e-142	7.486700008969028e-140
13	106	RSRP1	25.641998	0.80513716	1.399328691553163e-140	2.674396995296405e-138
13	107	H2AFJ	25.56381	0.6910462	1.0139334017192721e-139	1.9186430865008644e-137
13	108	IER5	25.350037	0.9162783	1.5641517426737683e-137	2.888315759031986e-135
13	109	PRDX2	25.333584	0.6833149	2.4825696347845177e-137	4.5403704172250434e-135
13	110	PNKD	25.254843	0.91110134	1.5931701667441339e-136	2.8998731644584654e-134
13	111	TPM2	25.226286	0.8040436	3.036042979088719e-136	5.474042775126754e-134
13	112	MFGE8	24.867172	0.71976066	2.441585103553596e-132	4.261513652887336e-130
13	113	PTMS	24.776249	0.5929299	1.5579820673962373e-131	2.6946745042603517e-129
13	114	LGALS3	24.709549	0.50468636	9.775413760595817e-131	1.660690735933398e-128
13	115	SCARA3	24.691437	0.8400026	8.835479467172252e-131	1.5077114605053222e-128
13	116	RPL3	24.657282	0.3686792	1.0746277235702416e-129	1.7782064980843686e-127
13	117	H3F3A	24.618484	0.5164338	7.63317389445798e-130	1.2796949076393063e-127
13	118	TUBA1B	24.607992	0.669807	6.87328559852115e-130	1.1573765141756495e-127
13	119	NDRG2	24.59687	1.081564	9.220007088937607e-130	1.5389762050984762e-127
13	120	KCNMA1	24.58564	0.8743269	1.0320786299758192e-129	1.7152249370519875e-127
14	1	RPL17	114.93222	3.6499195	0.0	0.0
14	2	LINC01578	113.927086	3.7136848	0.0	0.0
14	3	VEGFA	102.58165	3.3086698	0.0	0.0
14	4	GAS5	98.37283	3.3545527	0.0	0.0
14	5	EEF1G	98.19334	3.2072062	0.0	0.0
14	6	MIF	96.86474	2.4812858	0.0	0.0
14	7	SNHG6	96.78858	3.2756555	0.0	0.0
14	8	RPS17	95.6088	2.9167285	0.0	0.0
14	9	ECRG4	93.35401	3.806982	0.0	0.0
14	10	NME2	93.2832	3.1183968	0.0	0.0
14	11	SNHG29	89.35495	3.1265538	0.0	0.0
14	12	LINC00632	83.80855	2.9955485	0.0	0.0
14	13	SNHG5	81.11446	2.8655477	0.0	0.0
14	14	SEPTIN7	78.542206	2.7856696	0.0	0.0
14	15	RNASEK	77.84535	2.596945	0.0	0.0
14	16	GABARAP	77.48058	2.5489063	0.0	0.0
14	17	AOPEP	75.22017	3.1504536	0.0	0.0
14	18	RPL36A	68.804924	1.8616258	0.0	0.0
14	19	CIAO2B	67.10159	2.7537696	0.0	0.0
14	20	SEC61G	67.009544	1.7113508	0.0	0.0
14	21	ATP6V0C	66.77175	2.5974867	0.0	0.0
14	22	FAM162A	66.750465	2.0142794	0.0	0.0
14	23	CDK2AP1	65.267105	2.8144233	0.0	0.0
14	24	MICOS10	65.262924	2.5542343	0.0	0.0
14	25	MAGI2-AS3	65.232086	2.658567	0.0	0.0
14	26	PMEPA1	65.09159	1.897462	0.0	0.0
14	27	HSPA5	64.573685	1.964898	0.0	0.0
14	28	DNAJB9	64.46703	2.1266983	0.0	0.0
14	29	SNHG32	64.46464	2.7356615	0.0	0.0
14	30	DDX3Y	63.61646	2.6394074	0.0	0.0
14	31	TOMM6	63.40244	2.6014197	0.0	0.0
14	32	BTG1	62.243004	1.4791042	0.0	0.0
14	33	MANF	61.86756	2.285101	0.0	0.0
14	34	XBP1	61.130424	1.6247633	0.0	0.0
14	35	MRPS24	61.031326	2.5491257	0.0	0.0
14	36	PDLIM4	60.49013	1.7840738	0.0	0.0
14	37	HERPUD1	59.94603	1.6804037	0.0	0.0
14	38	AK1	59.272175	2.1495216	0.0	0.0
14	39	SERPINA3	59.146736	3.1648734	0.0	0.0
14	40	CRIP1	55.774765	2.1785603	0.0	0.0
14	41	MIR100HG	55.280895	3.4138715	0.0	0.0
14	42	SNAPC1	55.000664	1.9301544	0.0	0.0
14	43	BHLHE40	54.91236	1.9186264	0.0	0.0
14	44	PLOD2	54.618755	1.582586	0.0	0.0
14	45	DANCR	54.46182	2.5535195	0.0	0.0
14	46	RBIS	54.1046	2.3840914	0.0	0.0
14	47	C18orf32	52.99967	2.0988147	0.0	0.0
14	48	ANGPTL4	52.889877	2.399573	0.0	0.0
14	49	SLC2A1	52.86904	2.2349527	0.0	0.0
14	50	RRBP1	52.674927	1.4450786	0.0	0.0
14	51	CILP	51.995163	1.9964123	0.0	0.0
14	52	SNHG1	51.77634	3.0018885	0.0	0.0
14	53	GPRC5A	51.623962	1.7518609	0.0	0.0
14	54	SRP19	51.59467	1.8730202	0.0	0.0
14	55	HSP90B1	51.237076	1.3643574	0.0	0.0
14	56	RPS4Y1	51.105568	1.735823	0.0	0.0
14	57	H19	51.032	3.881971	0.0	0.0
14	58	TNFRSF12A	50.574127	2.3443384	0.0	0.0
14	59	BNIP3	50.432774	1.7265838	0.0	0.0
14	60	SERPINA1	49.687664	2.0131593	0.0	0.0
14	61	HK2	48.97528	2.8734035	0.0	0.0
14	62	EIF2S2	48.603012	1.3583254	0.0	0.0
14	63	MEF2A	48.48471	1.5354011	0.0	0.0
14	64	SLC7A5	48.43496	2.5738544	0.0	0.0
14	65	BGN	48.065	1.2473569	0.0	0.0
14	66	SEC61B	47.955585	1.253919	0.0	0.0
14	67	RYBP	47.94507	1.9243695	0.0	0.0
14	68	SEPTIN10	47.80645	2.513341	0.0	0.0
14	69	HILPDA	47.56826	2.2034028	0.0	0.0
14	70	P4HA1	47.551903	1.419134	0.0	0.0
14	71	GNG10	47.238426	2.2730238	0.0	0.0
14	72	DNAJB11	46.850628	2.077467	0.0	0.0
14	73	SELENOK	46.53737	1.3470982	0.0	0.0
14	74	FGF2	46.486446	1.7218647	0.0	0.0
14	75	RBM4	45.49096	1.9978709	0.0	0.0
14	76	NGRN	45.440483	2.1244893	0.0	0.0
14	77	SOX9	45.43975	1.633523	0.0	0.0
14	78	TRAPPC5	45.328403	2.1539109	0.0	0.0
14	79	GOLGB1	44.909653	1.435227	0.0	0.0
14	80	TARS	44.80023	1.8680518	0.0	0.0
14	81	SAP30	44.699123	1.444397	0.0	0.0
14	82	MTFP1	44.551285	3.8459108	0.0	0.0
14	83	SNHG16	44.425766	2.2989504	0.0	0.0
14	84	METRNL	44.42253	1.4295126	0.0	0.0
14	85	BMP2	44.406998	2.6462073	0.0	0.0
14	86	CLU	44.21498	1.2425998	0.0	0.0
14	87	WWP2	44.19011	1.6924055	0.0	0.0
14	88	MICOS13	44.115215	2.275877	0.0	0.0
14	89	DNAJC3	44.0878	1.4806716	0.0	0.0
14	90	TCEAL2	44.048058	1.5551575	0.0	0.0
14	91	SEPTIN6	43.61169	2.7467268	0.0	0.0
14	92	SDF2L1	43.013615	1.9404078	0.0	0.0
14	93	CYP51A1	42.939617	2.6996765	0.0	0.0
14	94	LDHA	42.89942	0.88161415	0.0	0.0
14	95	EIF4A1	42.857918	1.1917152	0.0	0.0
14	96	EGLN3	42.69599	1.7585601	0.0	0.0
14	97	GARS	42.457996	1.6920924	0.0	0.0
14	98	RPS20	42.446056	0.9402721	0.0	0.0
14	99	CDON	41.87309	1.6055858	0.0	0.0
14	100	ANKRD37	41.82645	1.5902104	0.0	0.0
14	101	MTLN	41.770226	2.660655	0.0	0.0
14	102	ZNRD2	41.76669	2.872245	0.0	0.0
14	103	SLC16A3	41.618675	1.560878	0.0	0.0
14	104	BZW1	41.59488	1.0751681	0.0	0.0
14	105	PELI1	41.410805	2.1450326	0.0	0.0
14	106	KIAA0040	41.26831	1.5385565	0.0	0.0
14	107	NDUFA13	41.206894	1.2522385	0.0	0.0
14	108	PAPSS2	41.054688	1.6302005	0.0	0.0
14	109	ARCN1	40.615616	1.5131941	0.0	0.0
14	110	RIOK3	40.553055	1.4927225	0.0	0.0
14	111	RO60	40.410156	2.3004606	0.0	0.0
14	112	TXNDC5	40.106964	2.3341544	0.0	0.0
14	113	PSMA6	39.86702	2.0439358	0.0	0.0
14	114	FERMT2	39.828598	1.2285409	0.0	0.0
14	115	DBNDD2	39.791115	2.4731126	0.0	0.0
14	116	ZNF395	39.61172	1.6884723	0.0	0.0
14	117	FOXC2	39.399525	1.7029499	0.0	0.0
14	118	TOMM5	39.335667	1.6521423	0.0	0.0
14	119	HSPA9	39.325226	1.2851266	0.0	0.0
14	120	MIR22HG	39.296227	1.478862	0.0	0.0
15	1	SPARCL1	76.64004	4.304977	0.0	0.0
15	2	PRG4	76.29803	5.932767	0.0	0.0
15	3	TMSB4X	59.497177	2.6737666	0.0	0.0
15	4	CRTAC1	58.17648	2.5257728	0.0	0.0
15	5	NBL1	52.657753	2.3715749	0.0	0.0
15	6	S100A4	52.108887	2.5830657	0.0	0.0
15	7	HTRA1	50.68054	2.8575344	0.0	0.0
15	8	TIMP3	50.442207	3.0447116	0.0	0.0
15	9	FN1	49.785027	2.763133	0.0	0.0
15	10	TMEM196	48.025818	4.0047307	0.0	0.0
15	11	ITGB8	47.294605	3.448041	0.0	0.0
15	12	ITGBL1	46.68334	3.2735457	0.0	0.0
15	13	TPPP3	46.149895	2.9836116	0.0	0.0
15	14	CFI	45.896217	3.1514356	0.0	0.0
15	15	APLP2	44.10174	1.8189939	0.0	0.0
15	16	S100A10	43.89287	1.7509105	0.0	0.0
15	17	ARL2	43.85726	2.0488267	0.0	0.0
15	18	SCARA5	43.16041	3.140834	0.0	0.0
15	19	EMP3	42.862602	1.9086733	0.0	0.0
15	20	GFPT2	42.8539	2.8277063	0.0	0.0
15	21	ITM2B	42.83171	1.155769	0.0	0.0
15	22	HAS1	42.576275	3.4741974	0.0	0.0
15	23	TNXB	42.143204	2.3158655	0.0	0.0
15	24	SMIM14	42.03916	2.0550802	0.0	0.0
15	25	S100A6	41.977493	1.3232772	0.0	0.0
15	26	CREB5	41.25377	2.2849042	0.0	0.0
15	27	SEMA3C	40.44356	2.6136982	3.97588264954476e-298	5.2404875309034105e-295
15	28	TSPAN15	39.607334	4.0698595	7.4447446788547895e-270	8.369644723663101e-267
15	29	PPP1R14B	39.1515	1.9789685	1.6185816966712668e-286	2.0622888924520832e-283
15	30	ANXA2	38.98313	1.4148185	4.471564326597217e-276	5.341283588120375e-273
15	31	NTN4	38.521645	2.7059205	2.3166865789235544e-271	2.683425084629513e-268
15	32	THBS4	38.456944	2.1781807	1.4324639851854283e-277	1.7662743022492843e-274
15	33	TYMP	38.034626	2.4013672	1.606009479550168e-269	1.7539458956093034e-266
15	34	CD151	37.743137	1.5961001	9.910713670497398e-269	1.052297553725257e-265
15	35	CYP1B1	37.687366	2.3861265	4.206615357265628e-268	4.3457747409762534e-265
15	36	CLIC5	37.65412	4.317665	1.5178222454087324e-249	1.3185735797387132e-246
15	37	FKBP2	37.272694	1.78821	5.4581337369574896e-263	5.49030799898587e-260
15	38	ZNF385B	37.256985	3.0352156	2.5988346866718915e-254	2.3651870729368187e-251
15	39	MTRNR2L12	37.032104	1.8232403	9.34720512646902e-257	9.161219711644918e-254
15	40	MINOS1	36.582344	1.8752705	5.607000236560894e-255	5.227365293714722e-252
15	41	HTRA4	36.50937	4.9819655	1.644310399031402e-232	1.12235929808172e-229
15	42	GPX4	36.16886	1.3735503	1.0993948267594847e-249	9.772852990245243e-247
15	43	HSD3B7	36.061676	2.2115061	4.813825348909925e-247	4.000079568189847e-244
15	44	S100A11	36.055176	1.2637819	1.3678887925626316e-242	1.089295441810709e-239
15	45	BLOC1S1	35.846813	1.8701487	8.98123283607218e-246	7.304226466511128e-243
15	46	APP	35.551804	1.9572726	6.0672393868929705e-242	4.732942006624426e-239
15	47	SORBS2	35.462566	2.8188167	1.2075279734634926e-234	8.547509121790471e-232
15	48	COLEC12	35.29532	2.0079865	5.329578495455305e-239	4.074356168205671e-236
15	49	CCDC80	35.159985	1.8406285	7.652352738601052e-236	5.5189345486846534e-233
15	50	IFI27	35.02761	2.5539048	2.5940849043280453e-232	1.7395842347900913e-229
15	51	PCSK6	34.995266	4.3455276	4.9551707384331494e-219	2.8269618851622196e-216
15	52	PLTP	34.77424	2.4530146	5.3363658564897424e-232	3.5168491120424814e-229
15	53	CRLF1	34.728138	2.1350932	8.312808909821897e-233	5.777251050346039e-230
15	54	ATP5F1E	34.483047	1.2611539	8.286296890119307e-227	5.108635682708393e-224
15	55	EML1	34.355484	2.4531183	5.653758168530189e-224	3.3767070661546554e-221
15	56	SH3BGRL3	34.077057	1.3099531	2.0671911122664813e-222	1.2156355857734458e-219
15	57	C11orf96	34.074196	2.3700106	5.693267118907906e-225	3.4542768627481876e-222
15	58	CD63	33.947536	0.94661874	3.329514013932503e-221	1.928293085887212e-218
15	59	HBEGF	33.573826	2.3857048	1.6254288847834357e-215	9.00440488289305e-213
15	60	ACTG1	33.290363	1.1064916	3.226227211377472e-213	1.7368916750379223e-210
15	61	B2M	33.136578	0.8435872	9.69030688175228e-214	5.291461289258559e-211
15	62	ANGPTL2	32.991264	1.6159418	6.176493227193836e-212	3.279031626614683e-209
15	63	LMNA	32.684616	1.3964283	1.2650531796111355e-207	6.534512532088655e-205
15	64	ACTB	32.570885	1.0644854	3.92571848703072e-203	1.9487878369904186e-200
15	65	TIMP1	32.29887	1.3167739	1.0707649630730697e-204	5.457189326467336e-202
15	66	CAPZB	32.22042	1.4506549	6.0035728524921344e-204	3.0194811672849912e-201
15	67	TXN	32.00549	1.2619964	3.52647302595961e-201	1.7281526274907707e-198
15	68	ZEB2	31.969175	2.045408	3.089514205466551e-200	1.4761698873719184e-197
15	69	GUK1	31.72363	1.1979669	3.865338655748015e-198	1.82405808367052e-195
15	70	SEPT2	31.581778	1.8251047	1.2254458762999984e-196	5.712371118986724e-194
15	71	EFHD2	31.575315	2.480642	6.380381641938681e-192	2.803261010131772e-189
15	72	CD9	31.571611	1.2863356	9.332992924416286e-196	4.298124355938411e-193
15	73	NDUFA4	31.30768	1.1508764	2.128716723787975e-193	9.572713888243713e-191
15	74	DNASE1L3	30.550943	4.0735645	9.677747018551487e-176	3.662596059773387e-173
15	75	TFPI	30.54395	2.3649368	6.324020893491352e-184	2.685881940364594e-181
15	76	MTRNR2L8	30.461313	2.1892	7.684427087212767e-183	3.158382161092697e-180
15	77	PLAC9	30.40692	1.3911754	7.5169564481911544e-183	3.123131992126725e-180
15	78	LIMA1	30.388937	1.616724	9.865836740406939e-184	4.144085094124339e-181
15	79	CAV1	30.328411	1.2576302	1.219393837514748e-182	4.958522345230184e-180
15	80	SSBP4	30.229933	1.7581185	3.8575813963673535e-181	1.552128329418376e-178
15	81	CALD1	30.198824	1.3248324	2.157555363669405e-180	8.590666273010347e-178
15	82	PDGFD	30.197596	2.353946	1.5004561895235274e-179	5.852391570239522e-177
15	83	SEMA5A	30.105413	3.9796515	1.0188841066039926e-170	3.477305900967055e-168
15	84	C16orf45	29.925385	2.6413362	2.5977565093506896e-174	9.640450952759297e-172
15	85	TMEM100	29.827253	2.1780062	7.37288649309307e-176	2.818212133119895e-173
15	86	CD81	29.7219	0.9300146	4.151925647909803e-174	1.511459104435279e-171
15	87	SERF2	29.713558	0.9023924	2.643076407720519e-174	9.71432236622203e-172
15	88	ISLR	29.60299	1.523412	2.8199342068478175e-175	1.0567565208093233e-172
15	89	MTUS2	29.58766	4.1543036	3.841770742542827e-165	1.174782758903656e-162
15	90	GABRA4	29.576399	3.6609745	1.2070521968949531e-166	3.781833047058418e-164
15	91	BTC	29.500603	3.1342077	1.141410563906897e-167	3.6663258314938846e-165
15	92	MGST3	29.439651	1.0721724	9.473594409940687e-173	3.384286660986662e-170
15	93	MYL6	29.320967	1.009947	4.546870355061283e-171	1.5799961131987498e-168
15	94	APBB1IP	29.207333	2.6041577	2.929218825187105e-167	9.330538364495991e-165
15	95	LAMA4	29.192562	2.2841623	6.071581162881205e-169	2.035790512017291e-166
15	96	SLC2A12	29.070656	3.1738472	5.615515975027074e-163	1.67693345804246e-160
15	97	IGFBP4	29.026382	1.9003501	6.985997609853447e-169	2.3220241099046798e-166
15	98	CD164	29.01764	1.4453357	1.2500727876089775e-168	4.0839984815013293e-166
15	99	AQP1	29.013655	1.8902774	8.708511883213524e-169	2.8696048122754635e-166
15	100	CSF1	28.873312	2.3081045	2.999350116934938e-165	9.245738618525893e-163
15	101	PHACTR2	28.866125	1.9608024	3.4094494538242576e-166	1.0595349262030766e-163
15	102	HHIP	28.690742	4.008312	2.5098770282574605e-157	7.213348836700239e-155
15	103	ITGAV	28.531702	1.6970257	1.3355185041285873e-163	4.05149676998501e-161
15	104	UAP1	28.480806	1.3619199	1.880410587127851e-163	5.659591675777557e-161
15	105	CHST2	28.442572	3.8251002	3.427484546255865e-155	9.704605133043273e-153
15	106	LTBP3	28.27496	1.3303853	2.7800000818624227e-161	8.174055625316096e-159
15	107	PCOLCE	28.250832	1.4905487	5.29336962141463e-161	1.5445325222057466e-158
15	108	GPR153	28.026752	2.7281256	1.4937432745542492e-154	4.107686541479253e-152
15	109	C17orf58	27.959345	2.46317	1.0713560514864136e-154	2.989161584818735e-152
15	110	HHIP-AS1	27.644068	3.4428627	1.528142417893493e-148	3.8177592014092073e-146
15	111	MAP1A	27.642984	1.8852422	4.4955921256314415e-154	1.2187199532633775e-151
15	112	HLA-B	27.599848	1.0966712	5.861568543414846e-154	1.5778351831231623e-151
15	113	TWISTNB	27.598692	2.201849	8.08748407953171e-151	2.1029659282722452e-148
15	114	ANGPTL1	27.581345	1.9243909	8.029751539103736e-154	2.131452936324314e-151
15	115	COX6C	27.32113	1.0511265	2.937955475766173e-151	7.69180891134837e-149
15	116	NDFIP1	27.18306	1.1191765	3.6666258783847267e-150	9.469804565903905e-148
15	117	MYL9	27.163189	1.8628286	1.4571556501747131e-149	3.738142118944848e-147
15	118	CCND1	27.157007	1.9672216	2.8933998407929707e-149	7.324325530759636e-147
15	119	PLA2G2A	27.134104	2.2494578	2.13745366628557e-149	5.446801929339975e-147
15	120	LGALS3BP	27.11612	2.4883003	2.5579425835519966e-147	6.349012812577371e-145
16	1	CHI3L2	109.106	4.556934	0.0	0.0
16	2	CTGF	80.20767	2.9355068	0.0	0.0
16	3	C2orf40	76.35273	2.4699492	0.0	0.0
16	4	LUM	60.421467	1.6038694	0.0	0.0
16	5	SCRG1	59.077454	1.9079772	0.0	0.0
16	6	FN1	57.708984	1.8329371	0.0	0.0
16	7	MIA	50.412388	2.4144082	0.0	0.0
16	8	FMOD	49.42464	1.3359903	0.0	0.0
16	9	ACAN	48.042805	1.7315066	0.0	0.0
16	10	MINOS1	47.57241	1.5532488	0.0	0.0
16	11	AEBP1	44.196354	1.3223739	0.0	0.0
16	12	CLU	43.94748	1.0883102	0.0	0.0
16	13	BGN	43.571274	1.051555	0.0	0.0
16	14	LTBP2	43.293076	1.4595664	0.0	0.0
16	15	HTRA1	43.185577	1.3599864	0.0	0.0
16	16	MGP	42.91616	1.12553	0.0	0.0
16	17	RPS21	42.604664	0.842206	0.0	0.0
16	18	RMRP	41.0463	2.3457923	0.0	0.0
16	19	RPS10	41.032238	1.0067601	0.0	0.0
16	20	OGN	39.54006	1.4908067	0.0	0.0
16	21	SMOC2	39.51629	1.7117077	0.0	0.0
16	22	MT2A	39.128605	1.184138	0.0	0.0
16	23	CYR61	38.916195	1.3611323	0.0	0.0
16	24	SOD3	38.303455	0.94761133	2.7353922603486846e-306	1.3404824840970271e-303
16	25	ANK3	36.533283	1.4364583	6.09425710960098e-279	2.6471236790612258e-276
16	26	SRGN	36.31239	1.9211828	1.9176387939662057e-274	7.881701640920887e-272
16	27	DCN	35.744545	0.6519642	3.606643467692888e-267	1.421240617619515e-264
16	28	AL078639.1	35.739983	1.3187954	1.6403415523421235e-268	6.600043736497403e-266
16	29	NRP2	35.214367	1.2337036	1.3885072408262045e-260	4.960215025545873e-258
16	30	TNC	35.109257	1.5111388	2.0971388313453628e-259	7.354223365994967e-257
16	31	EDIL3	34.409893	1.1276153	8.101900899166784e-250	2.6024122686533707e-247
16	32	MALAT1	34.38406	0.5023782	9.506378228426625e-250	3.028098345028161e-247
16	33	RPS26	34.369713	0.7652388	1.5000600381652565e-249	4.738702057754443e-247
16	34	SEPT7	33.667023	0.99983495	7.416197615969204e-240	2.24981537835561e-237
16	35	MFGE8	33.545452	0.8443928	3.264743589352265e-238	9.67376426041868e-236
16	36	LAG3	32.75845	1.2121	5.485992746812274e-227	1.4362779914667969e-224
16	37	C9orf3	32.74404	1.1154407	2.9420525364034912e-227	7.755656286309452e-225
16	38	CHI3L1	32.324215	1.5220927	6.831402259796327e-222	1.7525068454929855e-219
16	39	COL12A1	32.25133	1.3783914	6.917722244751887e-220	1.7396250992328692e-217
16	40	COMP	31.478231	0.9842869	2.5774897416889317e-208	5.694911438515475e-206
16	41	MT-ND3	31.459515	0.8885564	5.350202268781177e-210	1.195942289601706e-207
16	42	CILP	30.520037	1.1050751	1.8583605344456836e-198	3.7784028228006283e-196
16	43	SMIM37	30.25638	1.3553914	1.2252920827228893e-194	2.4018238241025497e-192
16	44	NDUFA4L2	29.42751	0.7590891	2.3565580102268817e-184	4.209209036584688e-182
16	45	RPL36	29.382126	0.5193002	1.7345971132090716e-184	3.1275113233633754e-182
16	46	TSPAN2	29.190886	1.2523752	5.2218224699229673e-182	8.792904937900243e-180
16	47	FGFBP2	29.187159	1.165649	2.357261998992574e-182	4.04053733854225e-180
16	48	MT1F	29.046978	1.2397854	3.452256417648484e-180	5.687890056387744e-178
16	49	TGFBI	28.783028	1.3046858	2.8213480139981287e-177	4.5696273935196807e-175
16	50	A2M	28.723238	1.1549594	1.3583105130889003e-176	2.1907198756248997e-174
16	51	ATP5F1E	28.60799	0.69458306	2.1315531119580862e-175	3.394853589645245e-173
16	52	VCAM1	28.511286	1.6219112	1.5220673528837387e-173	2.3942182097377787e-171
16	53	OSMR	28.447521	1.0691168	4.1190741581629736e-173	6.400304496813882e-171
16	54	PLOD2	28.342836	0.83928585	2.9706861074092916e-172	4.597226954235335e-170
16	55	NDUFC1	28.280886	0.7535073	1.9403597020611578e-171	2.954912719186681e-169
16	56	ITGA10	27.792017	0.91862303	8.57696003598222e-166	1.2465616745832105e-163
16	57	COL3A1	27.507513	1.1093478	1.2497137174803132e-162	1.7626958353124537e-160
16	58	ASPN	27.33895	1.0689601	9.201035334343446e-161	1.2696764426712775e-158
16	59	SLC25A37	27.33604	0.86884046	1.1598271868201847e-160	1.5947206614753502e-158
16	60	COL15A1	27.211435	0.9945699	4.281227276092923e-159	5.7419519789956445e-157
16	61	CFH	26.877106	1.0287585	1.5168052461115534e-155	1.95213345883394e-153
16	62	TMA7	26.561903	0.5837637	6.236933678336069e-152	7.79086774250712e-150
16	63	IGFBP3	26.42756	2.1291528	2.0918223544983022e-149	2.514396782337834e-147
16	64	COMMD6	26.135777	0.56044585	3.0519433986785695e-147	3.567507170369714e-145
16	65	NAA38	26.087996	0.79715884	1.1054666929314168e-146	1.2882731362991e-144
16	66	PET100	26.059683	0.9472384	2.932282135127356e-146	3.396471282821456e-144
16	67	MT1G	25.792965	1.3578278	1.7469434440343092e-143	1.9524902399054806e-141
16	68	PTTG1IP	25.315323	0.73228866	1.8232867491831567e-138	1.9094058274185475e-136
16	69	RPS28	25.286207	0.39811292	3.8757364461569144e-138	4.047709014150326e-136
16	70	CD109	25.171936	0.8548881	5.814844340537994e-137	6.007205677641197e-135
16	71	C12orf75	25.008133	1.3554971	7.159833333116762e-135	7.259349318966978e-133
16	72	COL5A1	24.904202	1.0147458	4.2422586565861467e-134	4.256065482660076e-132
16	73	POLR2L	24.865057	0.76411813	9.215069861945757e-134	9.172834125078505e-132
16	74	IFITM3	24.760456	0.5782854	8.928318836763795e-133	8.84134868436423e-131
16	75	ZNF277	24.402729	1.4125937	1.6643816365370038e-128	1.60250185579321e-126
16	76	C2CD2	23.454493	1.403366	4.531948846165617e-119	3.919212956919334e-117
16	77	PLAC9	23.307524	0.6462017	3.969779510526189e-118	3.366851916613572e-116
16	78	ATP5MD	23.104563	0.61187965	4.685733646775763e-116	3.835278006731409e-114
16	79	PART1	23.074509	1.1492816	1.2426266758231637e-115	1.0063169927259451e-113
16	80	FZD8	23.06436	1.1177279	1.8488998222579785e-115	1.4878388801260836e-113
16	81	PMEPA1	22.887636	0.64834046	4.7819874772058416e-114	3.800139071283079e-112
16	82	TNNT3	22.87601	1.5685157	1.7178735324659337e-113	1.3595030622148622e-111
16	83	LBH	22.782406	0.77870363	6.42970833850168e-113	5.015697378181393e-111
16	84	GLI3	22.723602	0.9937908	2.846614546999511e-112	2.202611223573063e-110
16	85	ADIRF	22.643736	0.60791904	1.0639208636335378e-111	8.199054655550071e-110
16	86	ATP5ME	22.541994	0.6393418	1.130885855351865e-110	8.55979820494449e-109
16	87	CP	22.427593	0.9160593	1.4637978438191648e-109	1.0928165777762452e-107
16	88	SPOCK1	22.410862	1.3544574	3.329324112511681e-109	2.471069609255272e-107
16	89	SOX4	22.393234	0.7821217	2.932179717923774e-109	2.184788256099773e-107
16	90	ROMO1	22.379147	0.6649516	4.096182710359662e-109	3.0226349019457085e-107
16	91	MT-CO1	22.28929	0.61123925	3.6136837054865936e-108	2.6360581289793806e-106
16	92	TSC22D1	22.227697	0.7196679	9.475314317193686e-108	6.885635255901358e-106
16	93	COL1A2	21.934288	0.7444248	5.044808662664062e-105	3.525279091803859e-103
16	94	MT1E	21.932549	0.7198201	5.6963627962743485e-105	3.966079627045368e-103
16	95	RPL37	21.778374	0.349485	1.494131578208861e-103	1.0290393773955947e-101
16	96	HAPLN1	21.772114	0.9501975	1.81634151957574e-103	1.2464602916384757e-101
16	97	TRPS1	21.720018	0.6888646	5.198937387091132e-103	3.554994323509328e-101
16	98	TGM2	21.613289	1.4165256	8.829812530999504e-102	5.984233230229167e-100
16	99	PRELP	21.421356	0.56773657	3.6812320927355546e-100	2.455696605806699e-98
16	100	NDUFA3	21.401688	0.9297998	5.098031241291421e-100	3.3948980168488375e-98
16	101	RSPO2	21.34565	1.3816122	2.4046889673357303e-99	1.582045285498123e-97
16	102	NDUFA1	21.160978	0.5527611	5.841321557976804e-98	3.727523793524296e-96
16	103	COX7A1	20.930265	0.60138535	6.6620908342948985e-96	4.087508186999811e-94
16	104	UBL5	20.781946	0.5077786	1.359477032890168e-94	8.183409465384848e-93
16	105	CTSD	20.736887	0.6349949	3.50327462439871e-94	2.0988898000472774e-92
16	106	MAF	20.634785	0.9050314	3.3475057386664794e-93	1.9837993698416668e-91
16	107	RGCC	20.518791	0.6957262	2.459275259233099e-92	1.4373599007481035e-90
16	108	SRSF7	20.422466	0.546688	1.9335785548341503e-91	1.1198349496966752e-89
16	109	UQCR11	20.37293	0.56593394	5.107317429523742e-91	2.940091888947523e-89
16	110	BX284668.2	20.284922	1.943182	7.570365056022692e-90	4.249186988273295e-88
16	111	COLGALT2	20.279	0.89815307	3.70969579040369e-90	2.097624436277968e-88
16	112	COX17	20.213112	0.7056527	1.272015719055097e-89	7.098033408052852e-88
16	113	SERF2	20.161808	0.39959347	3.0421497172502766e-89	1.6926219911524682e-87
16	114	SHC4	20.148281	2.8544703	2.0297342571706793e-88	1.1099365128196287e-86
16	115	LRP1	20.132708	0.4988829	5.54154489426772e-89	3.065412619949194e-87
16	116	HBB	20.087503	2.157952	2.564819058070333e-88	1.3945610764677156e-86
16	117	RARB	19.93581	1.7078086	5.607529100453261e-87	2.9852673027259815e-85
16	118	RPL41	19.873516	0.28715926	9.247478845100158e-87	4.8957843680762944e-85
16	119	MT-ND4L	19.788269	0.5579487	4.3664932753282736e-86	2.277010081257134e-84
16	120	MT-CO2	19.61103	0.5247156	1.8186499546806002e-84	9.219638709245525e-83
17	1	COL1A1	73.20599	4.115484	0.0	0.0
17	2	COL1A2	70.72044	3.1376202	0.0	0.0
17	3	COL3A1	69.34732	3.6911058	0.0	0.0
17	4	TGFBI	68.39043	3.4766057	0.0	0.0
17	5	SPARC	65.19182	2.7767582	0.0	0.0
17	6	COL5A2	63.65147	2.7008746	0.0	0.0
17	7	TNC	60.396656	2.8928285	0.0	0.0
17	8	COL5A1	56.846535	2.6414409	0.0	0.0
17	9	MXRA5	56.775547	2.9811873	0.0	0.0
17	10	ASPN	55.670124	2.7121239	0.0	0.0
17	11	DPT	55.036503	2.6381314	0.0	0.0
17	12	COL6A1	54.777893	2.0157366	0.0	0.0
17	13	ITGB1	51.72034	1.745339	0.0	0.0
17	14	AEBP1	50.893864	1.9975277	0.0	0.0
17	15	COL6A2	50.75296	1.7645535	0.0	0.0
17	16	COL6A3	50.715706	2.2342556	0.0	0.0
17	17	ANGPTL2	50.658936	1.9411718	0.0	0.0
17	18	LGALS1	48.588005	1.8295882	0.0	0.0
17	19	DKK3	48.403294	2.381647	0.0	0.0
17	20	THY1	46.246357	2.5714638	0.0	0.0
17	21	CCND1	45.785885	2.6909041	0.0	0.0
17	22	HTRA1	45.320675	1.8394331	0.0	0.0
17	23	NBL1	44.91848	1.8202642	0.0	0.0
17	24	TPM1	44.499702	2.1327293	0.0	0.0
17	25	BGN	44.178673	1.4320716	0.0	0.0
17	26	FNDC1	44.06311	2.8195791	0.0	0.0
17	27	FN1	42.472153	1.9058989	0.0	0.0
17	28	EDIL3	41.75638	1.6925873	0.0	0.0
17	29	TMSB4X	41.71694	1.6261612	0.0	0.0
17	30	AQP1	41.546165	2.1214387	0.0	0.0
17	31	CTSZ	41.54498	1.6758263	0.0	0.0
17	32	S100A4	41.448246	1.7332252	0.0	0.0
17	33	PCOLCE	41.361977	1.6094923	0.0	0.0
17	34	S100A10	41.050358	1.4339584	0.0	0.0
17	35	ECM1	40.7526	1.9558339	0.0	0.0
17	36	CTGF	40.177135	2.1720004	0.0	0.0
17	37	CALU	40.151825	1.4336457	0.0	0.0
17	38	LMNA	39.97113	1.4137735	0.0	0.0
17	39	LRRC15	39.903763	3.655755	5.083892889598769e-301	4.134611102383475e-298
17	40	C12orf75	39.449947	2.447938	1.1876727916413128e-303	1.0088356619488343e-300
17	41	LOXL2	38.818954	2.9021916	3.6704159363133486e-290	2.750940759796891e-287
17	42	TAGLN2	38.58866	1.2418035	1.9202527645692806e-298	1.5291612848520038e-295
17	43	TNFRSF12A	38.37286	2.15549	4.0462581966058e-292	3.1564117001440833e-289
17	44	FAM114A1	38.07845	1.4499208	7.242852630755735e-291	5.537015979160144e-288
17	45	ABHD2	37.701992	1.9299388	7.950751177583459e-283	5.734141754942455e-280
17	46	IGFBP7	37.519665	1.5683204	8.51652457792598e-283	6.028437693826716e-280
17	47	SEPT7	37.391167	1.4040738	1.0273224191592574e-281	7.139704027262446e-279
17	48	PPIC	36.347775	1.517223	3.072099745516488e-267	1.990304079196987e-264
17	49	MXRA8	36.307957	1.3296937	8.382588363444987e-267	5.340267626738687e-264
17	50	ATP5F1E	35.944893	1.1089628	4.7948410671781815e-262	2.956096854061594e-259
17	51	COL12A1	35.278645	1.8924879	3.881032402679447e-251	2.247705796363927e-248
17	52	FAP	35.24118	2.2197294	2.8413274213456886e-248	1.597160284610553e-245
17	53	TSPAN2	35.135834	1.8764714	6.701315431624785e-250	3.823150463558594e-247
17	54	ACTG1	34.749855	0.97749144	3.1355831072734817e-246	1.7122075527488795e-243
17	55	AHNAK	34.648	1.066366	1.0968252116240548e-244	5.904936181565897e-242
17	56	POSTN	34.566116	5.3531847	2.715435710836238e-230	1.2069164489651668e-227
17	57	MYL6	34.2664	0.99528724	6.487800611192769e-240	3.3512120346247627e-237
17	58	CLEC11A	34.210224	1.8272283	6.726088968884623e-237	3.3389353863200755e-234
17	59	TPPP3	34.035477	1.858275	2.268051938084471e-236	1.11146176001719e-233
17	60	ATP1B1	33.973366	1.7871174	3.096411998025321e-234	1.461200644599011e-231
17	61	FSTL1	33.912716	1.4019631	2.8437534939912964e-235	1.3587454194290416e-232
17	62	HSPG2	33.898296	1.7088511	1.947483197935675e-233	8.968746717818464e-231
17	63	TPM4	33.77405	1.4530758	2.1262536523834724e-232	9.67546662008403e-230
17	64	LTBP1	33.733036	1.9006974	1.469389524229314e-230	6.607758255781329e-228
17	65	RFLNB	33.64598	2.3980854	2.468514491078417e-226	1.0256141076845806e-223
17	66	LUM	33.45148	1.255446	1.1444067360795e-226	4.807011327461847e-224
17	67	SERPINE1	33.420326	1.7567971	1.706522326013423e-227	7.247789932170788e-225
17	68	SERPINH1	33.13122	1.614035	7.56690786666173e-224	3.110080497798688e-221
17	69	RAB31	33.09443	1.816557	1.0526830467038009e-222	4.280612423107031e-220
17	70	COL8A1	33.04378	2.004967	3.2354253838996233e-221	1.2749577306616412e-218
17	71	ACTN1	32.89776	1.4870439	1.3027389292087027e-221	5.1870721697993176e-219
17	72	C1QTNF3	32.733345	2.304543	1.523387870010491e-216	5.599036340700097e-214
17	73	ANXA2	32.568382	1.0442673	2.547121524784595e-218	9.639720115184788e-216
17	74	P4HB	32.559208	1.0649151	3.116549337664948e-218	1.1679115870873037e-215
17	75	MFGE8	32.405052	1.1234558	2.8321074394067473e-216	1.0212686298479576e-213
17	76	ILK	32.19343	1.44351	8.226288426593991e-213	2.8075147215904353e-210
17	77	TUBA1A	32.021347	1.4181131	3.3975217404933986e-211	1.1292771392053885e-208
17	78	SCX	31.992159	1.5006711	6.096691351463443e-211	2.008964915675333e-208
17	79	PDLIM3	31.889187	1.5061278	3.1516224434251665e-209	1.0209120023515556e-206
17	80	TPM2	31.887264	1.2135953	1.3090097789394628e-209	4.276546135912994e-207
17	81	FLNA	31.828478	1.7221497	2.0053075119730046e-207	6.441249944340851e-205
17	82	SPON2	31.76391	2.488822	3.507522210278418e-203	1.090012430615303e-200
17	83	CALM1	31.25934	0.8967364	5.237601479255396e-202	1.601616631544466e-199
17	84	RCN3	31.258968	1.1770887	3.7012622413476473e-202	1.1409439347844555e-199
17	85	CADM1	31.087265	2.0944965	1.980469474474267e-197	5.868330635062355e-195
17	86	ISLR	31.067757	1.3218231	1.3323610081079535e-199	4.010091903458143e-197
17	87	ANTXR1	31.058846	1.625081	1.295697626724302e-198	3.869277037805447e-196
17	88	PDLIM7	30.879173	1.8750594	1.7743545948580588e-195	5.177322903347667e-193
17	89	CERCAM	30.858854	1.9291865	4.9573540620088786e-195	1.43552955807748e-192
17	90	CAPZB	30.636208	1.1597015	1.3345225045769019e-194	3.835397610146428e-192
17	91	SERF2	30.614738	0.7799836	1.6259041485799483e-194	4.637952251889549e-192
17	92	CTSD	30.552399	1.1842548	1.149827281796528e-193	3.255629482917814e-191
17	93	CAPG	30.509445	1.3749341	1.5274730108765831e-192	4.261761194726023e-190
17	94	LOXL1	30.376862	2.4497914	8.949187823275513e-188	2.4089701081470647e-185
17	95	PPP1R14B	30.256569	1.3719525	8.562733013273999e-190	2.3546899762545706e-187
17	96	RGS3	30.137564	1.6239372	2.0451874633962268e-187	5.466800391668348e-185
17	97	THBS3	30.062258	1.8791164	3.3559154524662e-186	8.786062483223838e-184
17	98	ADAMTS2	30.0458	1.8355554	7.188530602912641e-186	1.8692135630321958e-183
17	99	COL8A2	29.895567	1.5952085	5.2006449959519416e-185	1.3341574115789732e-182
17	100	PXDN	29.772518	1.8509061	9.556346607626069e-183	2.371959693051291e-180
17	101	FBN1	29.702085	1.4718833	2.0093922182834244e-183	5.086556831236133e-181
17	102	MRC2	29.687231	1.3564664	3.101305407882271e-183	7.747993327509276e-181
17	103	CRIP2	29.663967	1.1621798	2.341527380040098e-183	5.888325169385046e-181
17	104	HCFC1R1	29.604671	1.3023288	3.0769182044402545e-182	7.587878803001567e-180
17	105	MICAL2	29.580343	2.8006296	2.712851130553386e-178	6.400988988535347e-176
17	106	MYL9	29.552631	1.6919299	4.2130500944875443e-181	1.02573010708084e-178
17	107	SEPT2	29.466831	1.449533	1.0931492101502857e-180	2.644590848657248e-178
17	108	S100A11	29.366766	0.8986722	6.447260376400081e-180	1.549937614009539e-177
17	109	NT5DC2	29.332296	2.3153408	3.46747945233021e-176	7.93658290933353e-174
17	110	CTSK	29.297823	1.1977735	6.121744768862708e-179	1.462484825281301e-176
17	111	CTSB	29.106853	1.1293913	9.151119394341037e-177	2.1199538650260107e-174
17	112	MINOS1	29.075926	1.2757175	1.5042079416454989e-176	3.4636653229793705e-174
17	113	PPIB	29.014015	0.8772297	6.583742430522931e-176	1.497958158716122e-173
17	114	CRABP2	28.93727	2.5911798	2.613622618715584e-171	5.741558102171522e-169
17	115	TYMP	28.924051	1.6096891	4.395158891705243e-174	9.94086115245806e-172
17	116	SGCD	28.907923	1.8778025	4.971723945455179e-173	1.1113402110589402e-170
17	117	ANKH	28.792845	1.2057453	3.258845966468305e-173	7.3274193071932045e-171
17	118	ITGA11	28.75413	1.672162	8.94744211613504e-172	1.9884129502741032e-169
17	119	P4HA2	28.647379	1.2643548	1.7721297570412465e-171	3.915484845846509e-169
17	120	ACTB	28.565544	0.82385457	7.996847222581345e-171	1.7466942184911388e-168
18	1	FMOD	106.22901	2.4799817	0.0	0.0
18	2	SCRG1	100.89177	2.8559394	0.0	0.0
18	3	CILP2	89.2727	2.762882	0.0	0.0
18	4	MGP	85.26992	2.0094	0.0	0.0
18	5	COL2A1	83.32911	3.906997	0.0	0.0
18	6	CTGF	81.46924	2.8667645	0.0	0.0
18	7	SBSPON	80.52076	3.1020854	0.0	0.0
18	8	CILP	77.98515	2.4845953	0.0	0.0
18	9	HTRA1	76.282814	2.306971	0.0	0.0
18	10	BGN	75.85709	1.6680068	0.0	0.0
18	11	PRELP	75.615265	1.7964054	0.0	0.0
18	12	FIBIN	72.015495	2.1122072	0.0	0.0
18	13	SCX	71.08958	2.0904841	0.0	0.0
18	14	C2orf40	70.21386	2.2077088	0.0	0.0
18	15	SPARC	68.03386	2.008332	0.0	0.0
18	16	COMP	67.99207	2.1155844	0.0	0.0
18	17	LUM	67.546165	1.7274739	0.0	0.0
18	18	TSPAN2	67.2474	2.3492398	0.0	0.0
18	19	OGN	66.35277	2.1906116	0.0	0.0
18	20	ACAN	65.78397	2.1458275	0.0	0.0
18	21	S100A1	65.37003	2.5575724	0.0	0.0
18	22	NDUFA4L2	65.3443	1.5156951	0.0	0.0
18	23	CLEC3A	64.82034	3.7631505	0.0	0.0
18	24	SERPINA1	64.79163	2.144981	0.0	0.0
18	25	C9orf3	62.350056	1.770971	0.0	0.0
18	26	PRDX4	61.499004	1.4302619	0.0	0.0
18	27	COL9A3	60.92846	3.1465032	0.0	0.0
18	28	FXYD6	60.651	1.5884564	0.0	0.0
18	29	SMOC2	59.66337	2.256207	0.0	0.0
18	30	P4HB	59.35637	1.3039669	0.0	0.0
18	31	GAPDH	59.08727	1.0732363	0.0	0.0
18	32	SLC29A1	58.686813	1.6327409	0.0	0.0
18	33	ANGPTL2	58.018257	1.5508918	0.0	0.0
18	34	CLU	57.95666	1.4058075	0.0	0.0
18	35	COL11A1	57.867195	2.6090412	0.0	0.0
18	36	MAGED2	57.75421	1.384414	0.0	0.0
18	37	TSPO	57.29215	1.1135411	0.0	0.0
18	38	PAPSS2	57.112675	1.8310028	0.0	0.0
18	39	FN1	56.367523	1.914677	0.0	0.0
18	40	CYR61	56.268864	1.790939	0.0	0.0
18	41	PMEPA1	54.7202	1.3301574	0.0	0.0
18	42	RPS4X	54.324345	0.7227341	0.0	0.0
18	43	RPL3	53.9632	0.671085	0.0	0.0
18	44	SSR4	53.29477	1.1105549	0.0	0.0
18	45	RGCC	53.28912	1.5526091	0.0	0.0
18	46	SERPINA5	53.10372	2.1216984	0.0	0.0
18	47	PKM	52.429626	1.0311153	0.0	0.0
18	48	ENO1	51.835846	1.0455163	0.0	0.0
18	49	PGAM1	51.770527	1.223984	0.0	0.0
18	50	VKORC1	51.623978	1.2544081	0.0	0.0
18	51	TNFRSF11B	51.292908	1.9762571	0.0	0.0
18	52	RABAC1	50.85289	1.0044042	0.0	0.0
18	53	FBXO2	50.754814	1.3788233	0.0	0.0
18	54	NXPH4	50.22389	2.097253	0.0	0.0
18	55	COL3A1	49.854713	1.9716545	0.0	0.0
18	56	FGFBP2	49.794285	1.8495089	0.0	0.0
18	57	HLA-B	49.388306	1.0258502	0.0	0.0
18	58	COLGALT2	49.11299	1.7547231	0.0	0.0
18	59	XIST	48.957993	1.5933303	0.0	0.0
18	60	PCOLCE2	48.55791	1.1156148	0.0	0.0
18	61	ASPN	48.353485	1.702021	0.0	0.0
18	62	CAPS	47.146904	1.5871276	0.0	0.0
18	63	COL11A2	47.13399	3.2593522	0.0	0.0
18	64	HAPLN1	46.925426	1.8116461	0.0	0.0
18	65	AL078639.1	46.54871	1.5274748	0.0	0.0
18	66	PLOD2	46.43664	1.162525	0.0	0.0
18	67	INHBA	46.42361	1.9319819	0.0	0.0
18	68	COL5A2	46.052917	1.4581279	0.0	0.0
18	69	COL5A1	45.90697	1.5942261	0.0	0.0
18	70	CCPG1	45.736366	1.0426164	0.0	0.0
18	71	MIA	45.675285	1.9852666	0.0	0.0
18	72	SRPX2	45.640076	1.6785033	0.0	0.0
18	73	TMED9	45.319202	1.0376257	0.0	0.0
18	74	FKBP2	45.292118	1.2967597	0.0	0.0
18	75	RPS9	45.152786	0.5868952	0.0	0.0
18	76	SPINT2	45.145348	1.9582525	0.0	0.0
18	77	MYDGF	44.783867	1.06808	0.0	0.0
18	78	EPS8L2	44.6421	1.5500122	0.0	0.0
18	79	CTSD	44.333378	1.2009661	0.0	0.0
18	80	OAF	43.968063	1.4747953	0.0	0.0
18	81	C1QTNF8	43.864445	3.5670464	0.0	0.0
18	82	VWA1	43.404736	1.4479477	0.0	0.0
18	83	ATP1B1	43.35077	1.5848922	0.0	0.0
18	84	ADAMTS6	43.241474	1.9266077	0.0	0.0
18	85	DCN	42.644363	0.79918337	0.0	0.0
18	86	NUCB2	42.632175	1.0481209	0.0	0.0
18	87	GALNT16	42.582336	2.4280062	0.0	0.0
18	88	COL9A2	42.161644	2.8876972	0.0	0.0
18	89	TRPV4	42.10304	2.4114246	0.0	0.0
18	90	FXYD5	42.08992	0.9378202	0.0	0.0
18	91	UROC1	42.067585	2.9894438	0.0	0.0
18	92	COL1A2	42.025597	1.3414128	0.0	0.0
18	93	KDELR3	41.8278	1.4308354	0.0	0.0
18	94	GSTP1	41.64534	0.74314845	0.0	0.0
18	95	FGFRL1	41.503532	1.4973098	0.0	0.0
18	96	RRBP1	41.462784	0.9848288	0.0	0.0
18	97	TIMP4	41.337734	1.26952	0.0	0.0
18	98	ANKH	41.140137	1.1573256	0.0	0.0
18	99	TNFRSF12A	40.280033	1.6230421	0.0	0.0
18	100	HLA-C	40.070004	0.77231	0.0	0.0
18	101	SOD3	39.457275	0.89643854	0.0	0.0
18	102	CD55	39.392376	1.2231526	0.0	0.0
18	103	MELTF	39.232502	1.9389354	0.0	0.0
18	104	NPDC1	39.19008	1.2726494	0.0	0.0
18	105	SLC16A3	39.1601	1.2498689	0.0	0.0
18	106	AQP3	38.582066	2.2658656	5.392139979512559e-305	1.2124068151581651e-302
18	107	GABARAPL2	38.32384	0.7350914	6.6097986320936456e-307	1.5128918737314222e-304
18	108	C4orf48	38.31999	2.0788095	9.725672661795607e-304	2.161361115258577e-301
18	109	COL15A1	38.2185	1.2383559	1.9693774009345943e-305	4.480802486507377e-303
18	110	LITAF	38.196983	1.0073111	3.7325723582851016e-305	8.44223939781596e-303
18	111	CRLF1	37.963882	1.4777114	1.1004408222200965e-300	2.389957385712555e-298
18	112	DPT	37.499416	1.4279705	2.3404762760619362e-294	5.025975571696149e-292
18	113	ITM2C	37.473656	1.0633706	3.045632895159267e-294	6.503702334333397e-292
18	114	YIF1A	37.394714	1.0899289	5.094118021790115e-293	1.075787664446991e-290
18	115	CD81	37.344418	0.64304096	3.924786242586631e-291	8.197870455553629e-289
18	116	FGF2	36.889824	1.1584125	1.2540733790854536e-285	2.563406462147721e-283
18	117	DIXDC1	36.886547	1.076696	1.388542537568121e-285	2.823172870000205e-283
18	118	TMED3	36.865566	1.2220883	6.4078824351059565e-285	1.289131043155211e-282
18	119	NINJ1	36.856888	1.1251365	4.448087669487618e-285	8.99596312584628e-283
18	120	COPZ2	36.827534	0.91844314	1.1707473867668319e-284	2.330762922488301e-282
