leiden	signature	gene	present	matched_var_name	mean_expression	fraction_expressing
0	fibrochondrocyte_core	COL1A1	True	COL1A1	0.22018229961395264	0.2268009053305237
1	fibrochondrocyte_core	COL1A1	True	COL1A1	0.8764817714691162	0.6456716417910447
2	fibrochondrocyte_core	COL1A1	True	COL1A1	1.7593177556991577	0.8167299530935894
3	fibrochondrocyte_core	COL1A1	True	COL1A1	0.19319979846477509	0.17017774851876236
4	fibrochondrocyte_core	COL1A1	True	COL1A1	0.26110586524009705	0.21720243266724587
5	fibrochondrocyte_core	COL1A1	True	COL1A1	0.0	0.0
6	fibrochondrocyte_core	COL1A1	True	COL1A1	0.397065669298172	0.2833422603106588
7	fibrochondrocyte_core	COL1A1	True	COL1A1	0.09182082116603851	0.07935285053929121
8	fibrochondrocyte_core	COL1A1	True	COL1A1	0.3705974817276001	0.34120210641002363
9	fibrochondrocyte_core	COL1A1	True	COL1A1	1.5469768047332764	0.7699720236244949
10	fibrochondrocyte_core	COL1A1	True	COL1A1	0.9667959213256836	0.5864854215918046
11	fibrochondrocyte_core	COL1A1	True	COL1A1	0.07557501643896103	0.045168067226890755
12	fibrochondrocyte_core	COL1A1	True	COL1A1	0.17230670154094696	0.13223938223938225
13	fibrochondrocyte_core	COL1A1	True	COL1A1	0.5080720782279968	0.4242843951985226
14	fibrochondrocyte_core	COL1A1	True	COL1A1	3.027700424194336	0.8766974470396524
15	fibrochondrocyte_core	COL1A1	True	COL1A1	0.7163891196250916	0.4698683906719002
16	fibrochondrocyte_core	COL1A1	True	COL1A1	1.1082501411437988	0.5893584163975852
17	fibrochondrocyte_core	COL1A1	True	COL1A1	0.987461507320404	0.5827702702702703
0	fibrochondrocyte_core	COL1A2	True	COL1A2	0.7411274909973145	0.5958791852025287
1	fibrochondrocyte_core	COL1A2	True	COL1A2	1.7949354648590088	0.897910447761194
2	fibrochondrocyte_core	COL1A2	True	COL1A2	2.7787716388702393	0.9661603752512843
3	fibrochondrocyte_core	COL1A2	True	COL1A2	0.38275033235549927	0.27682685977616855
4	fibrochondrocyte_core	COL1A2	True	COL1A2	0.3809542953968048	0.32580364900086883
5	fibrochondrocyte_core	COL1A2	True	COL1A2	0.06454388797283173	0.0625
6	fibrochondrocyte_core	COL1A2	True	COL1A2	1.8310340642929077	0.8752008569898232
7	fibrochondrocyte_core	COL1A2	True	COL1A2	0.26380428671836853	0.2283513097072419
8	fibrochondrocyte_core	COL1A2	True	COL1A2	0.7036312222480774	0.5912475031777737
9	fibrochondrocyte_core	COL1A2	True	COL1A2	2.608927011489868	0.9776188995958968
10	fibrochondrocyte_core	COL1A2	True	COL1A2	1.3593735694885254	0.7052797478329393
11	fibrochondrocyte_core	COL1A2	True	COL1A2	0.20861484110355377	0.12184873949579832
12	fibrochondrocyte_core	COL1A2	True	COL1A2	0.3930583596229553	0.2554697554697555
13	fibrochondrocyte_core	COL1A2	True	COL1A2	1.3734197616577148	0.8228993536472761
14	fibrochondrocyte_core	COL1A2	True	COL1A2	3.662867307662964	0.9706681151548072
15	fibrochondrocyte_core	COL1A2	True	COL1A2	2.4726030826568604	0.9608635419071808
16	fibrochondrocyte_core	COL1A2	True	COL1A2	2.1728410720825195	0.8944265056858065
17	fibrochondrocyte_core	COL1A2	True	COL1A2	2.2747256755828857	0.9400337837837838
0	fibrochondrocyte_core	COL3A1	True	COL3A1	0.40330713987350464	0.38757511901974556
1	fibrochondrocyte_core	COL3A1	True	COL3A1	0.8472192883491516	0.62
2	fibrochondrocyte_core	COL3A1	True	COL3A1	2.4091341495513916	0.9137815501451865
3	fibrochondrocyte_core	COL3A1	True	COL3A1	0.4758357107639313	0.3275181040157999
4	fibrochondrocyte_core	COL3A1	True	COL3A1	0.17562535405158997	0.17028670721112077
5	fibrochondrocyte_core	COL3A1	True	COL3A1	0.09115240722894669	0.0625
6	fibrochondrocyte_core	COL3A1	True	COL3A1	2.384753465652466	0.9114443849312622
7	fibrochondrocyte_core	COL3A1	True	COL3A1	0.08294910937547684	0.07272727272727272
8	fibrochondrocyte_core	COL3A1	True	COL3A1	0.6363876461982727	0.5291447248955874
9	fibrochondrocyte_core	COL3A1	True	COL3A1	2.3585126399993896	0.9047248989741996
10	fibrochondrocyte_core	COL3A1	True	COL3A1	1.4344658851623535	0.7060677698975572
11	fibrochondrocyte_core	COL3A1	True	COL3A1	0.3671935498714447	0.21008403361344538
12	fibrochondrocyte_core	COL3A1	True	COL3A1	0.4899919629096985	0.32754182754182753
13	fibrochondrocyte_core	COL3A1	True	COL3A1	1.5395054817199707	0.8279778393351801
14	fibrochondrocyte_core	COL3A1	True	COL3A1	4.0147175788879395	0.9668658337859859
15	fibrochondrocyte_core	COL3A1	True	COL3A1	2.8118622303009033	0.9642114984991919
16	fibrochondrocyte_core	COL3A1	True	COL3A1	2.3765530586242676	0.9059385090551734
17	fibrochondrocyte_core	COL3A1	True	COL3A1	2.685990810394287	0.9435529279279279
0	fibrochondrocyte_core	DCN	True	DCN	4.789797306060791	0.9994536798563959
1	fibrochondrocyte_core	DCN	True	DCN	4.483023166656494	0.997910447761194
2	fibrochondrocyte_core	DCN	True	DCN	4.250110149383545	0.9968729059638151
3	fibrochondrocyte_core	DCN	True	DCN	1.1683316230773926	0.662606978275181
4	fibrochondrocyte_core	DCN	True	DCN	3.668471097946167	0.9878366637706343
5	fibrochondrocyte_core	DCN	True	DCN	0.360375314950943	0.25
6	fibrochondrocyte_core	DCN	True	DCN	4.923551082611084	0.9996429209069809
7	fibrochondrocyte_core	DCN	True	DCN	4.538934707641602	0.9983050847457627
8	fibrochondrocyte_core	DCN	True	DCN	4.560708999633789	0.9990920646449972
9	fibrochondrocyte_core	DCN	True	DCN	3.761305809020996	0.9903636928815667
10	fibrochondrocyte_core	DCN	True	DCN	1.6243832111358643	0.7677304964539007
11	fibrochondrocyte_core	DCN	True	DCN	1.1391083002090454	0.5472689075630253
12	fibrochondrocyte_core	DCN	True	DCN	1.2915607690811157	0.6592664092664092
13	fibrochondrocyte_core	DCN	True	DCN	5.205095291137695	1.0
14	fibrochondrocyte_core	DCN	True	DCN	4.174628734588623	0.9970124932102118
15	fibrochondrocyte_core	DCN	True	DCN	5.247377872467041	1.0
16	fibrochondrocyte_core	DCN	True	DCN	5.133490085601807	0.9994384388600309
17	fibrochondrocyte_core	DCN	True	DCN	5.355651378631592	0.9998592342342343
0	fibrochondrocyte_core	LUM	True	LUM	2.3745298385620117	0.9152423320065558
1	fibrochondrocyte_core	LUM	True	LUM	2.7093873023986816	0.971044776119403
2	fibrochondrocyte_core	LUM	True	LUM	3.6639420986175537	0.9916238552602189
3	fibrochondrocyte_core	LUM	True	LUM	0.5880815386772156	0.3739302172481896
4	fibrochondrocyte_core	LUM	True	LUM	1.3060382604599	0.6807124239791486
5	fibrochondrocyte_core	LUM	True	LUM	0.06261404603719711	0.0625
6	fibrochondrocyte_core	LUM	True	LUM	2.367572784423828	0.9487591501517586
7	fibrochondrocyte_core	LUM	True	LUM	1.071698546409607	0.6229583975346688
8	fibrochondrocyte_core	LUM	True	LUM	2.0130884647369385	0.9135645542037407
9	fibrochondrocyte_core	LUM	True	LUM	3.2812821865081787	0.9937830276655268
10	fibrochondrocyte_core	LUM	True	LUM	0.9190819263458252	0.5159574468085106
11	fibrochondrocyte_core	LUM	True	LUM	0.5702784657478333	0.30357142857142855
12	fibrochondrocyte_core	LUM	True	LUM	0.7927897572517395	0.4343629343629344
13	fibrochondrocyte_core	LUM	True	LUM	3.2396063804626465	0.9802400738688828
14	fibrochondrocyte_core	LUM	True	LUM	3.8497326374053955	0.9956545355784899
15	fibrochondrocyte_core	LUM	True	LUM	4.156588077545166	0.9989609789886862
16	fibrochondrocyte_core	LUM	True	LUM	4.012405872344971	0.9922785343254247
17	fibrochondrocyte_core	LUM	True	LUM	4.2604851722717285	0.9991554054054054
0	fibrochondrocyte_core	BGN	True	BGN	2.2597484588623047	0.9442753453523764
1	fibrochondrocyte_core	BGN	True	BGN	0.9845523834228516	0.6402985074626866
2	fibrochondrocyte_core	BGN	True	BGN	2.1223855018615723	0.8945722582086219
3	fibrochondrocyte_core	BGN	True	BGN	0.4654653072357178	0.3387096774193548
4	fibrochondrocyte_core	BGN	True	BGN	0.4290981888771057	0.3470894874022589
5	fibrochondrocyte_core	BGN	True	BGN	1.3351852893829346	0.875
6	fibrochondrocyte_core	BGN	True	BGN	3.135197639465332	0.9941081949651848
7	fibrochondrocyte_core	BGN	True	BGN	1.0868042707443237	0.6801232665639445
8	fibrochondrocyte_core	BGN	True	BGN	1.7485623359680176	0.8750680951516252
9	fibrochondrocyte_core	BGN	True	BGN	1.920643925666809	0.8870065278209512
10	fibrochondrocyte_core	BGN	True	BGN	1.550868034362793	0.8159968479117415
11	fibrochondrocyte_core	BGN	True	BGN	0.19915957748889923	0.1134453781512605
12	fibrochondrocyte_core	BGN	True	BGN	0.3809592127799988	0.23745173745173745
13	fibrochondrocyte_core	BGN	True	BGN	2.7282021045684814	0.9836565096952908
14	fibrochondrocyte_core	BGN	True	BGN	3.2764997482299805	0.9918522542096686
15	fibrochondrocyte_core	BGN	True	BGN	3.365049362182617	0.9961902562918494
16	fibrochondrocyte_core	BGN	True	BGN	2.9669113159179688	0.9800645795310965
17	fibrochondrocyte_core	BGN	True	BGN	2.9150638580322266	0.9893018018018018
0	fibrochondrocyte_core	COMP	True	COMP	4.228208065032959	0.9879029111059081
1	fibrochondrocyte_core	COMP	True	COMP	1.7798151969909668	0.7379104477611941
2	fibrochondrocyte_core	COMP	True	COMP	2.5083744525909424	0.9074156801429528
3	fibrochondrocyte_core	COMP	True	COMP	0.925658106803894	0.5766951942067149
4	fibrochondrocyte_core	COMP	True	COMP	1.9440243244171143	0.7571676802780191
5	fibrochondrocyte_core	COMP	True	COMP	0.1504906713962555	0.1875
6	fibrochondrocyte_core	COMP	True	COMP	4.51583194732666	0.9966077486163185
7	fibrochondrocyte_core	COMP	True	COMP	4.042661190032959	0.9906009244992295
8	fibrochondrocyte_core	COMP	True	COMP	3.2370591163635254	0.8934083893226802
9	fibrochondrocyte_core	COMP	True	COMP	1.4167988300323486	0.6717438607398197
10	fibrochondrocyte_core	COMP	True	COMP	0.9730246663093567	0.5281717888100866
11	fibrochondrocyte_core	COMP	True	COMP	0.8619088530540466	0.43907563025210083
12	fibrochondrocyte_core	COMP	True	COMP	1.0551261901855469	0.5823680823680824
13	fibrochondrocyte_core	COMP	True	COMP	4.990026950836182	0.9987072945521699
14	fibrochondrocyte_core	COMP	True	COMP	4.178869247436523	0.9937533948940793
15	fibrochondrocyte_core	COMP	True	COMP	5.150358200073242	0.9996536596628954
16	fibrochondrocyte_core	COMP	True	COMP	4.468444347381592	0.9992980485750386
17	fibrochondrocyte_core	COMP	True	COMP	4.707627773284912	0.9992961711711712
0	fibrochondrocyte_core	SOX9	True	SOX9	0.6158368587493896	0.5339108717708577
1	fibrochondrocyte_core	SOX9	True	SOX9	0.2655317783355713	0.28417910447761197
2	fibrochondrocyte_core	SOX9	True	SOX9	0.2635311782360077	0.26323430868885417
3	fibrochondrocyte_core	SOX9	True	SOX9	0.06369004398584366	0.07834101382488479
4	fibrochondrocyte_core	SOX9	True	SOX9	0.2407393604516983	0.22980017376194614
5	fibrochondrocyte_core	SOX9	True	SOX9	0.0	0.0
6	fibrochondrocyte_core	SOX9	True	SOX9	1.2312690019607544	0.795215140153544
7	fibrochondrocyte_core	SOX9	True	SOX9	0.579242467880249	0.44144838212634824
8	fibrochondrocyte_core	SOX9	True	SOX9	0.6284239888191223	0.5554748501906664
9	fibrochondrocyte_core	SOX9	True	SOX9	0.3055816888809204	0.32825613926018027
10	fibrochondrocyte_core	SOX9	True	SOX9	0.1959591507911682	0.19700551615445233
11	fibrochondrocyte_core	SOX9	True	SOX9	0.024683089926838875	0.015756302521008403
12	fibrochondrocyte_core	SOX9	True	SOX9	0.05485387519001961	0.06660231660231661
13	fibrochondrocyte_core	SOX9	True	SOX9	0.7817777991294861	0.6418282548476454
14	fibrochondrocyte_core	SOX9	True	SOX9	0.5798665285110474	0.4964693101575231
15	fibrochondrocyte_core	SOX9	True	SOX9	0.7453966736793518	0.6557377049180327
16	fibrochondrocyte_core	SOX9	True	SOX9	0.6934880018234253	0.506528148252141
17	fibrochondrocyte_core	SOX9	True	SOX9	0.7221828103065491	0.5826295045045045
0	inner_chondrocyte_like	ACAN	True	ACAN	0.36769339442253113	0.27394052915008194
1	inner_chondrocyte_like	ACAN	True	ACAN	0.01634984090924263	0.017313432835820895
2	inner_chondrocyte_like	ACAN	True	ACAN	0.13815410435199738	0.1262005807460353
3	inner_chondrocyte_like	ACAN	True	ACAN	0.06299199163913727	0.06352863726135616
4	inner_chondrocyte_like	ACAN	True	ACAN	0.027803098782896996	0.03301476976542137
5	inner_chondrocyte_like	ACAN	True	ACAN	0.0	0.0
6	inner_chondrocyte_like	ACAN	True	ACAN	1.0622448921203613	0.7154079628637743
7	inner_chondrocyte_like	ACAN	True	ACAN	0.2164686918258667	0.16687211093990756
8	inner_chondrocyte_like	ACAN	True	ACAN	0.4952753186225891	0.36081351007808243
9	inner_chondrocyte_like	ACAN	True	ACAN	0.05007778853178024	0.05533105377681069
10	inner_chondrocyte_like	ACAN	True	ACAN	0.09551138430833817	0.088849487785658
11	inner_chondrocyte_like	ACAN	True	ACAN	0.025273852050304413	0.014705882352941176
12	inner_chondrocyte_like	ACAN	True	ACAN	0.06583510339260101	0.05952380952380952
13	inner_chondrocyte_like	ACAN	True	ACAN	0.7845680713653564	0.5831948291782086
14	inner_chondrocyte_like	ACAN	True	ACAN	0.9734522700309753	0.6586094513851168
15	inner_chondrocyte_like	ACAN	True	ACAN	1.4201984405517578	0.8398753174786423
16	inner_chondrocyte_like	ACAN	True	ACAN	1.2720307111740112	0.7353643127895549
17	inner_chondrocyte_like	ACAN	True	ACAN	0.7750997543334961	0.5827702702702703
0	inner_chondrocyte_like	COL2A1	True	COL2A1	0.07768020033836365	0.08928432061187856
1	inner_chondrocyte_like	COL2A1	True	COL2A1	0.0033544048201292753	0.00626865671641791
2	inner_chondrocyte_like	COL2A1	True	COL2A1	0.05466315895318985	0.05249050703596158
3	inner_chondrocyte_like	COL2A1	True	COL2A1	0.02902168780565262	0.03554970375246873
4	inner_chondrocyte_like	COL2A1	True	COL2A1	0.0014585180906578898	0.0034752389226759338
5	inner_chondrocyte_like	COL2A1	True	COL2A1	0.0	0.0
6	inner_chondrocyte_like	COL2A1	True	COL2A1	0.8347732424736023	0.4840207105873951
7	inner_chondrocyte_like	COL2A1	True	COL2A1	0.02220352180302143	0.024961479198767334
8	inner_chondrocyte_like	COL2A1	True	COL2A1	0.06528672575950623	0.09914654076629743
9	inner_chondrocyte_like	COL2A1	True	COL2A1	0.016290955245494843	0.020671433012123097
10	inner_chondrocyte_like	COL2A1	True	COL2A1	0.03827248886227608	0.035657998423955874
11	inner_chondrocyte_like	COL2A1	True	COL2A1	0.017672667279839516	0.011554621848739496
12	inner_chondrocyte_like	COL2A1	True	COL2A1	0.05708937346935272	0.04794079794079794
13	inner_chondrocyte_like	COL2A1	True	COL2A1	0.38033348321914673	0.27313019390581716
14	inner_chondrocyte_like	COL2A1	True	COL2A1	0.1978365033864975	0.16023900054318305
15	inner_chondrocyte_like	COL2A1	True	COL2A1	1.472456455230713	0.6992611406141769
16	inner_chondrocyte_like	COL2A1	True	COL2A1	0.4291783571243286	0.29060788993401654
17	inner_chondrocyte_like	COL2A1	True	COL2A1	0.560196578502655	0.3634572072072072
0	inner_chondrocyte_like	COL9A1	True	COL9A1	0.0001366230717394501	0.0001560914696011863
1	inner_chondrocyte_like	COL9A1	True	COL9A1	0.0	0.0
2	inner_chondrocyte_like	COL9A1	True	COL9A1	0.00015251086733769625	0.00011168192986374804
3	inner_chondrocyte_like	COL9A1	True	COL9A1	0.004642850253731012	0.010862409479921
4	inner_chondrocyte_like	COL9A1	True	COL9A1	0.0001046976976795122	0.0004344048653344917
5	inner_chondrocyte_like	COL9A1	True	COL9A1	0.0	0.0
6	inner_chondrocyte_like	COL9A1	True	COL9A1	0.0006466133054345846	0.0008926977325477593
7	inner_chondrocyte_like	COL9A1	True	COL9A1	0.0	0.0
8	inner_chondrocyte_like	COL9A1	True	COL9A1	4.9029527872335166e-05	0.00018158707100054475
9	inner_chondrocyte_like	COL9A1	True	COL9A1	0.00015469815116375685	0.00015542430836182778
10	inner_chondrocyte_like	COL9A1	True	COL9A1	0.01139880158007145	0.0128053585500394
11	inner_chondrocyte_like	COL9A1	True	COL9A1	0.0	0.0
12	inner_chondrocyte_like	COL9A1	True	COL9A1	0.0	0.0
13	inner_chondrocyte_like	COL9A1	True	COL9A1	6.755661161150783e-05	0.00018467220683287164
14	inner_chondrocyte_like	COL9A1	True	COL9A1	0.0	0.0
15	inner_chondrocyte_like	COL9A1	True	COL9A1	0.001327236765064299	0.0023089355806972986
16	inner_chondrocyte_like	COL9A1	True	COL9A1	0.0008889054879546165	0.0008423417099536712
17	inner_chondrocyte_like	COL9A1	True	COL9A1	0.0002102433645632118	0.0005630630630630631
0	inner_chondrocyte_like	COL11A1	True	COL11A1	0.047756072133779526	0.06571450870209943
1	inner_chondrocyte_like	COL11A1	True	COL11A1	0.026685968041419983	0.03462686567164179
2	inner_chondrocyte_like	COL11A1	True	COL11A1	0.049114588648080826	0.0546124637033728
3	inner_chondrocyte_like	COL11A1	True	COL11A1	0.014768684282898903	0.020737327188940093
4	inner_chondrocyte_like	COL11A1	True	COL11A1	0.019854512065649033	0.021285838401390096
5	inner_chondrocyte_like	COL11A1	True	COL11A1	0.0	0.0
6	inner_chondrocyte_like	COL11A1	True	COL11A1	0.3777640461921692	0.38743081592572753
7	inner_chondrocyte_like	COL11A1	True	COL11A1	0.09239374101161957	0.08859784283513097
8	inner_chondrocyte_like	COL11A1	True	COL11A1	0.07999227941036224	0.1278372979843835
9	inner_chondrocyte_like	COL11A1	True	COL11A1	0.022468706592917442	0.03263910475598383
10	inner_chondrocyte_like	COL11A1	True	COL11A1	0.01786315254867077	0.024822695035460994
11	inner_chondrocyte_like	COL11A1	True	COL11A1	0.00709894672036171	0.004201680672268907
12	inner_chondrocyte_like	COL11A1	True	COL11A1	0.023721037432551384	0.027670527670527672
13	inner_chondrocyte_like	COL11A1	True	COL11A1	0.14175766706466675	0.15863342566943675
14	inner_chondrocyte_like	COL11A1	True	COL11A1	0.28486210107803345	0.23302552960347636
15	inner_chondrocyte_like	COL11A1	True	COL11A1	0.6349584460258484	0.5567998152851535
16	inner_chondrocyte_like	COL11A1	True	COL11A1	0.3460371792316437	0.29004632879404746
17	inner_chondrocyte_like	COL11A1	True	COL11A1	0.28551363945007324	0.2877252252252252
0	inner_chondrocyte_like	SOX9	True	SOX9	0.6158368587493896	0.5339108717708577
1	inner_chondrocyte_like	SOX9	True	SOX9	0.2655317783355713	0.28417910447761197
2	inner_chondrocyte_like	SOX9	True	SOX9	0.2635311782360077	0.26323430868885417
3	inner_chondrocyte_like	SOX9	True	SOX9	0.06369004398584366	0.07834101382488479
4	inner_chondrocyte_like	SOX9	True	SOX9	0.2407393604516983	0.22980017376194614
5	inner_chondrocyte_like	SOX9	True	SOX9	0.0	0.0
6	inner_chondrocyte_like	SOX9	True	SOX9	1.2312690019607544	0.795215140153544
7	inner_chondrocyte_like	SOX9	True	SOX9	0.579242467880249	0.44144838212634824
8	inner_chondrocyte_like	SOX9	True	SOX9	0.6284239888191223	0.5554748501906664
9	inner_chondrocyte_like	SOX9	True	SOX9	0.3055816888809204	0.32825613926018027
10	inner_chondrocyte_like	SOX9	True	SOX9	0.1959591507911682	0.19700551615445233
11	inner_chondrocyte_like	SOX9	True	SOX9	0.024683089926838875	0.015756302521008403
12	inner_chondrocyte_like	SOX9	True	SOX9	0.05485387519001961	0.06660231660231661
13	inner_chondrocyte_like	SOX9	True	SOX9	0.7817777991294861	0.6418282548476454
14	inner_chondrocyte_like	SOX9	True	SOX9	0.5798665285110474	0.4964693101575231
15	inner_chondrocyte_like	SOX9	True	SOX9	0.7453966736793518	0.6557377049180327
16	inner_chondrocyte_like	SOX9	True	SOX9	0.6934880018234253	0.506528148252141
17	inner_chondrocyte_like	SOX9	True	SOX9	0.7221828103065491	0.5826295045045045
0	inner_chondrocyte_like	CHAD	True	CHAD	0.4094226658344269	0.3406696324045891
1	inner_chondrocyte_like	CHAD	True	CHAD	0.017801353707909584	0.02298507462686567
2	inner_chondrocyte_like	CHAD	True	CHAD	0.07216130197048187	0.06801429528702256
3	inner_chondrocyte_like	CHAD	True	CHAD	0.03774005547165871	0.043449637919684
4	inner_chondrocyte_like	CHAD	True	CHAD	0.007438939530402422	0.009556907037358819
5	inner_chondrocyte_like	CHAD	True	CHAD	0.0	0.0
6	inner_chondrocyte_like	CHAD	True	CHAD	1.0011634826660156	0.6281021246206034
7	inner_chondrocyte_like	CHAD	True	CHAD	0.06806882470846176	0.06286594761171033
8	inner_chondrocyte_like	CHAD	True	CHAD	0.5675389766693115	0.3842382422371527
9	inner_chondrocyte_like	CHAD	True	CHAD	0.033508509397506714	0.040565744482437056
10	inner_chondrocyte_like	CHAD	True	CHAD	0.06531228125095367	0.06264775413711583
11	inner_chondrocyte_like	CHAD	True	CHAD	0.01770365983247757	0.01365546218487395
12	inner_chondrocyte_like	CHAD	True	CHAD	0.044344477355480194	0.04407979407979408
13	inner_chondrocyte_like	CHAD	True	CHAD	1.0744543075561523	0.7002770083102493
14	inner_chondrocyte_like	CHAD	True	CHAD	0.23285748064517975	0.19092884302009777
15	inner_chondrocyte_like	CHAD	True	CHAD	0.7676088809967041	0.6021703994458555
16	inner_chondrocyte_like	CHAD	True	CHAD	0.6471410989761353	0.4402639337357855
17	inner_chondrocyte_like	CHAD	True	CHAD	0.6472297310829163	0.46945382882882886
0	inner_chondrocyte_like	MATN3	True	MATN3	0.0007132170139811933	0.001014594552407711
1	inner_chondrocyte_like	MATN3	True	MATN3	0.009264449588954449	0.013432835820895522
2	inner_chondrocyte_like	MATN3	True	MATN3	0.007669862359762192	0.009828009828009828
3	inner_chondrocyte_like	MATN3	True	MATN3	0.004925942048430443	0.01020408163265306
4	inner_chondrocyte_like	MATN3	True	MATN3	0.003671622136607766	0.005647263249348393
5	inner_chondrocyte_like	MATN3	True	MATN3	0.0	0.0
6	inner_chondrocyte_like	MATN3	True	MATN3	0.002246545162051916	0.0041064095697196925
7	inner_chondrocyte_like	MATN3	True	MATN3	0.0005870986497029662	0.0006163328197226503
8	inner_chondrocyte_like	MATN3	True	MATN3	0.0032871572766453028	0.005266025059015798
9	inner_chondrocyte_like	MATN3	True	MATN3	0.004363433923572302	0.006994093876282251
10	inner_chondrocyte_like	MATN3	True	MATN3	0.020873134955763817	0.026004728132387706
11	inner_chondrocyte_like	MATN3	True	MATN3	0.0	0.0
12	inner_chondrocyte_like	MATN3	True	MATN3	0.0007494702003896236	0.001287001287001287
13	inner_chondrocyte_like	MATN3	True	MATN3	0.0010396798606961966	0.001569713758079409
14	inner_chondrocyte_like	MATN3	True	MATN3	0.007734409999102354	0.012493210211841391
15	inner_chondrocyte_like	MATN3	True	MATN3	0.012649986892938614	0.0177788039713692
16	inner_chondrocyte_like	MATN3	True	MATN3	0.0042498051188886166	0.005054050259722027
17	inner_chondrocyte_like	MATN3	True	MATN3	0.006707269698381424	0.009431306306306307
0	outer_fibrous_like	COL1A1	True	COL1A1	0.22018229961395264	0.2268009053305237
1	outer_fibrous_like	COL1A1	True	COL1A1	0.8764817714691162	0.6456716417910447
2	outer_fibrous_like	COL1A1	True	COL1A1	1.7593177556991577	0.8167299530935894
3	outer_fibrous_like	COL1A1	True	COL1A1	0.19319979846477509	0.17017774851876236
4	outer_fibrous_like	COL1A1	True	COL1A1	0.26110586524009705	0.21720243266724587
5	outer_fibrous_like	COL1A1	True	COL1A1	0.0	0.0
6	outer_fibrous_like	COL1A1	True	COL1A1	0.397065669298172	0.2833422603106588
7	outer_fibrous_like	COL1A1	True	COL1A1	0.09182082116603851	0.07935285053929121
8	outer_fibrous_like	COL1A1	True	COL1A1	0.3705974817276001	0.34120210641002363
9	outer_fibrous_like	COL1A1	True	COL1A1	1.5469768047332764	0.7699720236244949
10	outer_fibrous_like	COL1A1	True	COL1A1	0.9667959213256836	0.5864854215918046
11	outer_fibrous_like	COL1A1	True	COL1A1	0.07557501643896103	0.045168067226890755
12	outer_fibrous_like	COL1A1	True	COL1A1	0.17230670154094696	0.13223938223938225
13	outer_fibrous_like	COL1A1	True	COL1A1	0.5080720782279968	0.4242843951985226
14	outer_fibrous_like	COL1A1	True	COL1A1	3.027700424194336	0.8766974470396524
15	outer_fibrous_like	COL1A1	True	COL1A1	0.7163891196250916	0.4698683906719002
16	outer_fibrous_like	COL1A1	True	COL1A1	1.1082501411437988	0.5893584163975852
17	outer_fibrous_like	COL1A1	True	COL1A1	0.987461507320404	0.5827702702702703
0	outer_fibrous_like	COL1A2	True	COL1A2	0.7411274909973145	0.5958791852025287
1	outer_fibrous_like	COL1A2	True	COL1A2	1.7949354648590088	0.897910447761194
2	outer_fibrous_like	COL1A2	True	COL1A2	2.7787716388702393	0.9661603752512843
3	outer_fibrous_like	COL1A2	True	COL1A2	0.38275033235549927	0.27682685977616855
4	outer_fibrous_like	COL1A2	True	COL1A2	0.3809542953968048	0.32580364900086883
5	outer_fibrous_like	COL1A2	True	COL1A2	0.06454388797283173	0.0625
6	outer_fibrous_like	COL1A2	True	COL1A2	1.8310340642929077	0.8752008569898232
7	outer_fibrous_like	COL1A2	True	COL1A2	0.26380428671836853	0.2283513097072419
8	outer_fibrous_like	COL1A2	True	COL1A2	0.7036312222480774	0.5912475031777737
9	outer_fibrous_like	COL1A2	True	COL1A2	2.608927011489868	0.9776188995958968
10	outer_fibrous_like	COL1A2	True	COL1A2	1.3593735694885254	0.7052797478329393
11	outer_fibrous_like	COL1A2	True	COL1A2	0.20861484110355377	0.12184873949579832
12	outer_fibrous_like	COL1A2	True	COL1A2	0.3930583596229553	0.2554697554697555
13	outer_fibrous_like	COL1A2	True	COL1A2	1.3734197616577148	0.8228993536472761
14	outer_fibrous_like	COL1A2	True	COL1A2	3.662867307662964	0.9706681151548072
15	outer_fibrous_like	COL1A2	True	COL1A2	2.4726030826568604	0.9608635419071808
16	outer_fibrous_like	COL1A2	True	COL1A2	2.1728410720825195	0.8944265056858065
17	outer_fibrous_like	COL1A2	True	COL1A2	2.2747256755828857	0.9400337837837838
0	outer_fibrous_like	COL3A1	True	COL3A1	0.40330713987350464	0.38757511901974556
1	outer_fibrous_like	COL3A1	True	COL3A1	0.8472192883491516	0.62
2	outer_fibrous_like	COL3A1	True	COL3A1	2.4091341495513916	0.9137815501451865
3	outer_fibrous_like	COL3A1	True	COL3A1	0.4758357107639313	0.3275181040157999
4	outer_fibrous_like	COL3A1	True	COL3A1	0.17562535405158997	0.17028670721112077
5	outer_fibrous_like	COL3A1	True	COL3A1	0.09115240722894669	0.0625
6	outer_fibrous_like	COL3A1	True	COL3A1	2.384753465652466	0.9114443849312622
7	outer_fibrous_like	COL3A1	True	COL3A1	0.08294910937547684	0.07272727272727272
8	outer_fibrous_like	COL3A1	True	COL3A1	0.6363876461982727	0.5291447248955874
9	outer_fibrous_like	COL3A1	True	COL3A1	2.3585126399993896	0.9047248989741996
10	outer_fibrous_like	COL3A1	True	COL3A1	1.4344658851623535	0.7060677698975572
11	outer_fibrous_like	COL3A1	True	COL3A1	0.3671935498714447	0.21008403361344538
12	outer_fibrous_like	COL3A1	True	COL3A1	0.4899919629096985	0.32754182754182753
13	outer_fibrous_like	COL3A1	True	COL3A1	1.5395054817199707	0.8279778393351801
14	outer_fibrous_like	COL3A1	True	COL3A1	4.0147175788879395	0.9668658337859859
15	outer_fibrous_like	COL3A1	True	COL3A1	2.8118622303009033	0.9642114984991919
16	outer_fibrous_like	COL3A1	True	COL3A1	2.3765530586242676	0.9059385090551734
17	outer_fibrous_like	COL3A1	True	COL3A1	2.685990810394287	0.9435529279279279
0	outer_fibrous_like	DCN	True	DCN	4.789797306060791	0.9994536798563959
1	outer_fibrous_like	DCN	True	DCN	4.483023166656494	0.997910447761194
2	outer_fibrous_like	DCN	True	DCN	4.250110149383545	0.9968729059638151
3	outer_fibrous_like	DCN	True	DCN	1.1683316230773926	0.662606978275181
4	outer_fibrous_like	DCN	True	DCN	3.668471097946167	0.9878366637706343
5	outer_fibrous_like	DCN	True	DCN	0.360375314950943	0.25
6	outer_fibrous_like	DCN	True	DCN	4.923551082611084	0.9996429209069809
7	outer_fibrous_like	DCN	True	DCN	4.538934707641602	0.9983050847457627
8	outer_fibrous_like	DCN	True	DCN	4.560708999633789	0.9990920646449972
9	outer_fibrous_like	DCN	True	DCN	3.761305809020996	0.9903636928815667
10	outer_fibrous_like	DCN	True	DCN	1.6243832111358643	0.7677304964539007
11	outer_fibrous_like	DCN	True	DCN	1.1391083002090454	0.5472689075630253
12	outer_fibrous_like	DCN	True	DCN	1.2915607690811157	0.6592664092664092
13	outer_fibrous_like	DCN	True	DCN	5.205095291137695	1.0
14	outer_fibrous_like	DCN	True	DCN	4.174628734588623	0.9970124932102118
15	outer_fibrous_like	DCN	True	DCN	5.247377872467041	1.0
16	outer_fibrous_like	DCN	True	DCN	5.133490085601807	0.9994384388600309
17	outer_fibrous_like	DCN	True	DCN	5.355651378631592	0.9998592342342343
0	outer_fibrous_like	LUM	True	LUM	2.3745298385620117	0.9152423320065558
1	outer_fibrous_like	LUM	True	LUM	2.7093873023986816	0.971044776119403
2	outer_fibrous_like	LUM	True	LUM	3.6639420986175537	0.9916238552602189
3	outer_fibrous_like	LUM	True	LUM	0.5880815386772156	0.3739302172481896
4	outer_fibrous_like	LUM	True	LUM	1.3060382604599	0.6807124239791486
5	outer_fibrous_like	LUM	True	LUM	0.06261404603719711	0.0625
6	outer_fibrous_like	LUM	True	LUM	2.367572784423828	0.9487591501517586
7	outer_fibrous_like	LUM	True	LUM	1.071698546409607	0.6229583975346688
8	outer_fibrous_like	LUM	True	LUM	2.0130884647369385	0.9135645542037407
9	outer_fibrous_like	LUM	True	LUM	3.2812821865081787	0.9937830276655268
10	outer_fibrous_like	LUM	True	LUM	0.9190819263458252	0.5159574468085106
11	outer_fibrous_like	LUM	True	LUM	0.5702784657478333	0.30357142857142855
12	outer_fibrous_like	LUM	True	LUM	0.7927897572517395	0.4343629343629344
13	outer_fibrous_like	LUM	True	LUM	3.2396063804626465	0.9802400738688828
14	outer_fibrous_like	LUM	True	LUM	3.8497326374053955	0.9956545355784899
15	outer_fibrous_like	LUM	True	LUM	4.156588077545166	0.9989609789886862
16	outer_fibrous_like	LUM	True	LUM	4.012405872344971	0.9922785343254247
17	outer_fibrous_like	LUM	True	LUM	4.2604851722717285	0.9991554054054054
0	outer_fibrous_like	TNMD	True	TNMD	0.002634672448039055	0.0023413720440177946
1	outer_fibrous_like	TNMD	True	TNMD	0.028030550107359886	0.016417910447761194
2	outer_fibrous_like	TNMD	True	TNMD	0.0208781436085701	0.012731740004467277
3	outer_fibrous_like	TNMD	True	TNMD	0.009142092429101467	0.018104015799868336
4	outer_fibrous_like	TNMD	True	TNMD	0.010530704632401466	0.0069504778453518675
5	outer_fibrous_like	TNMD	True	TNMD	0.0	0.0
6	outer_fibrous_like	TNMD	True	TNMD	0.0005292858113534749	0.0005356186395286556
7	outer_fibrous_like	TNMD	True	TNMD	0.0015192540595307946	0.0010785824345146378
8	outer_fibrous_like	TNMD	True	TNMD	0.016259003430604935	0.012529507899037588
9	outer_fibrous_like	TNMD	True	TNMD	0.007512446027249098	0.006061548026111284
10	outer_fibrous_like	TNMD	True	TNMD	0.0033906104508787394	0.0033490937746256896
11	outer_fibrous_like	TNMD	True	TNMD	0.0	0.0
12	outer_fibrous_like	TNMD	True	TNMD	0.0010029264958575368	0.0009652509652509653
13	outer_fibrous_like	TNMD	True	TNMD	0.002611391246318817	0.0034164358264081257
14	outer_fibrous_like	TNMD	True	TNMD	0.005877203773707151	0.0027159152634437804
15	outer_fibrous_like	TNMD	True	TNMD	0.0006357058882713318	0.0008081274532440544
16	outer_fibrous_like	TNMD	True	TNMD	0.001117766834795475	0.0011231222799382282
17	outer_fibrous_like	TNMD	True	TNMD	0.010089488700032234	0.005349099099099099
0	outer_fibrous_like	THY1	True	THY1	0.010693337768316269	0.012097088894091938
1	outer_fibrous_like	THY1	True	THY1	0.12852047383785248	0.1316417910447761
2	outer_fibrous_like	THY1	True	THY1	0.8562961220741272	0.5299307572034845
3	outer_fibrous_like	THY1	True	THY1	0.2223995327949524	0.1784068466096116
4	outer_fibrous_like	THY1	True	THY1	0.033358581364154816	0.03301476976542137
5	outer_fibrous_like	THY1	True	THY1	0.16649919748306274	0.125
6	outer_fibrous_like	THY1	True	THY1	0.2320825159549713	0.2531690769505445
7	outer_fibrous_like	THY1	True	THY1	0.0032511914614588022	0.003389830508474576
8	outer_fibrous_like	THY1	True	THY1	0.06271294504404068	0.07009260940621027
9	outer_fibrous_like	THY1	True	THY1	0.9881870746612549	0.6033571650606154
10	outer_fibrous_like	THY1	True	THY1	1.2718992233276367	0.5998817966903073
11	outer_fibrous_like	THY1	True	THY1	0.01946808584034443	0.011554621848739496
12	outer_fibrous_like	THY1	True	THY1	0.04897726699709892	0.04826254826254826
13	outer_fibrous_like	THY1	True	THY1	0.053418904542922974	0.060941828254847646
14	outer_fibrous_like	THY1	True	THY1	1.1112186908721924	0.6816947311243889
15	outer_fibrous_like	THY1	True	THY1	0.42243248224258423	0.3936735165088894
16	outer_fibrous_like	THY1	True	THY1	0.19000035524368286	0.17534746595535589
17	outer_fibrous_like	THY1	True	THY1	0.4758415222167969	0.41356981981981983
0	outer_fibrous_like	POSTN	True	POSTN	0.00014031038153916597	7.804573480059315e-05
1	outer_fibrous_like	POSTN	True	POSTN	0.005122647155076265	0.0026865671641791043
2	outer_fibrous_like	POSTN	True	POSTN	0.09637662768363953	0.058186285459012735
3	outer_fibrous_like	POSTN	True	POSTN	0.4829375743865967	0.2784726793943384
4	outer_fibrous_like	POSTN	True	POSTN	0.0026065846905112267	0.0026064291920069507
5	outer_fibrous_like	POSTN	True	POSTN	0.6379450559616089	0.5
6	outer_fibrous_like	POSTN	True	POSTN	0.014269467443227768	0.010176754151044456
7	outer_fibrous_like	POSTN	True	POSTN	0.003368933917954564	0.0026194144838212635
8	outer_fibrous_like	POSTN	True	POSTN	0.0032112831249833107	0.002360631923007082
9	outer_fibrous_like	POSTN	True	POSTN	0.022719131782650948	0.015542430836182779
10	outer_fibrous_like	POSTN	True	POSTN	0.13797059655189514	0.09456264775413711
11	outer_fibrous_like	POSTN	True	POSTN	0.04055442288517952	0.023109243697478993
12	outer_fibrous_like	POSTN	True	POSTN	0.035065196454524994	0.03153153153153153
13	outer_fibrous_like	POSTN	True	POSTN	0.00220750761218369	0.002493074792243767
14	outer_fibrous_like	POSTN	True	POSTN	0.9036481380462646	0.32862574687669743
15	outer_fibrous_like	POSTN	True	POSTN	0.039850424975156784	0.04029092588316786
16	outer_fibrous_like	POSTN	True	POSTN	0.17034733295440674	0.1269128176330198
17	outer_fibrous_like	POSTN	True	POSTN	0.02912883646786213	0.021114864864864864
0	progenitor_prg4_gdf5	PRG4	True	PRG4	0.6576313376426697	0.37618044173885895
1	progenitor_prg4_gdf5	PRG4	True	PRG4	1.9249905347824097	0.5564179104477612
2	progenitor_prg4_gdf5	PRG4	True	PRG4	2.2815968990325928	0.6802546348000893
3	progenitor_prg4_gdf5	PRG4	True	PRG4	0.3513273596763611	0.2666227781435155
4	progenitor_prg4_gdf5	PRG4	True	PRG4	2.211164951324463	0.603388357949609
5	progenitor_prg4_gdf5	PRG4	True	PRG4	0.07655662298202515	0.0625
6	progenitor_prg4_gdf5	PRG4	True	PRG4	1.4759007692337036	0.5475807891447956
7	progenitor_prg4_gdf5	PRG4	True	PRG4	0.8717734217643738	0.4667180277349769
8	progenitor_prg4_gdf5	PRG4	True	PRG4	1.222307801246643	0.5117123660795352
9	progenitor_prg4_gdf5	PRG4	True	PRG4	3.1383655071258545	0.797792974821262
10	progenitor_prg4_gdf5	PRG4	True	PRG4	0.31557539105415344	0.25236406619385343
11	progenitor_prg4_gdf5	PRG4	True	PRG4	0.40497782826423645	0.2415966386554622
12	progenitor_prg4_gdf5	PRG4	True	PRG4	0.4927602708339691	0.31885456885456886
13	progenitor_prg4_gdf5	PRG4	True	PRG4	0.935773491859436	0.4265927977839335
14	progenitor_prg4_gdf5	PRG4	True	PRG4	0.9480405449867249	0.5152091254752852
15	progenitor_prg4_gdf5	PRG4	True	PRG4	1.1596344709396362	0.4859154929577465
16	progenitor_prg4_gdf5	PRG4	True	PRG4	0.7348090410232544	0.44321212972062335
17	progenitor_prg4_gdf5	PRG4	True	PRG4	1.1838597059249878	0.44101914414414417
0	progenitor_prg4_gdf5	GDF5	True	GDF5	0.019187889993190765	0.02755014438460938
1	progenitor_prg4_gdf5	GDF5	True	GDF5	0.002513275947421789	0.005373134328358209
2	progenitor_prg4_gdf5	GDF5	True	GDF5	0.031056441366672516	0.0402054947509493
3	progenitor_prg4_gdf5	GDF5	True	GDF5	0.0024611325934529305	0.005266622778143515
4	progenitor_prg4_gdf5	GDF5	True	GDF5	0.0017523813294246793	0.002172024326672459
5	progenitor_prg4_gdf5	GDF5	True	GDF5	0.0	0.0
6	progenitor_prg4_gdf5	GDF5	True	GDF5	0.07656826078891754	0.11551508659168006
7	progenitor_prg4_gdf5	GDF5	True	GDF5	0.004890552256256342	0.00539291217257319
8	progenitor_prg4_gdf5	GDF5	True	GDF5	0.007060568779706955	0.013074269112039223
9	progenitor_prg4_gdf5	GDF5	True	GDF5	0.038756344467401505	0.051445446067765
10	progenitor_prg4_gdf5	GDF5	True	GDF5	0.003744537942111492	0.0070921985815602835
11	progenitor_prg4_gdf5	GDF5	True	GDF5	0.0015547021757811308	0.0010504201680672268
12	progenitor_prg4_gdf5	GDF5	True	GDF5	0.0055121309123933315	0.009009009009009009
13	progenitor_prg4_gdf5	GDF5	True	GDF5	0.094610795378685	0.11708217913204062
14	progenitor_prg4_gdf5	GDF5	True	GDF5	0.03209426999092102	0.038837588267246065
15	progenitor_prg4_gdf5	GDF5	True	GDF5	0.16268795728683472	0.20330177788039713
16	progenitor_prg4_gdf5	GDF5	True	GDF5	0.04074824973940849	0.03832654780289204
17	progenitor_prg4_gdf5	GDF5	True	GDF5	0.05736132711172104	0.07798423423423423
0	progenitor_prg4_gdf5	THY1	True	THY1	0.010693337768316269	0.012097088894091938
1	progenitor_prg4_gdf5	THY1	True	THY1	0.12852047383785248	0.1316417910447761
2	progenitor_prg4_gdf5	THY1	True	THY1	0.8562961220741272	0.5299307572034845
3	progenitor_prg4_gdf5	THY1	True	THY1	0.2223995327949524	0.1784068466096116
4	progenitor_prg4_gdf5	THY1	True	THY1	0.033358581364154816	0.03301476976542137
5	progenitor_prg4_gdf5	THY1	True	THY1	0.16649919748306274	0.125
6	progenitor_prg4_gdf5	THY1	True	THY1	0.2320825159549713	0.2531690769505445
7	progenitor_prg4_gdf5	THY1	True	THY1	0.0032511914614588022	0.003389830508474576
8	progenitor_prg4_gdf5	THY1	True	THY1	0.06271294504404068	0.07009260940621027
9	progenitor_prg4_gdf5	THY1	True	THY1	0.9881870746612549	0.6033571650606154
10	progenitor_prg4_gdf5	THY1	True	THY1	1.2718992233276367	0.5998817966903073
11	progenitor_prg4_gdf5	THY1	True	THY1	0.01946808584034443	0.011554621848739496
12	progenitor_prg4_gdf5	THY1	True	THY1	0.04897726699709892	0.04826254826254826
13	progenitor_prg4_gdf5	THY1	True	THY1	0.053418904542922974	0.060941828254847646
14	progenitor_prg4_gdf5	THY1	True	THY1	1.1112186908721924	0.6816947311243889
15	progenitor_prg4_gdf5	THY1	True	THY1	0.42243248224258423	0.3936735165088894
16	progenitor_prg4_gdf5	THY1	True	THY1	0.19000035524368286	0.17534746595535589
17	progenitor_prg4_gdf5	THY1	True	THY1	0.4758415222167969	0.41356981981981983
0	progenitor_prg4_gdf5	ENG	True	ENG	0.07163050770759583	0.10372278154998829
1	progenitor_prg4_gdf5	ENG	True	ENG	0.25411710143089294	0.3047761194029851
2	progenitor_prg4_gdf5	ENG	True	ENG	0.32446855306625366	0.34788921152557517
3	progenitor_prg4_gdf5	ENG	True	ENG	0.9749361872673035	0.6639236339697169
4	progenitor_prg4_gdf5	ENG	True	ENG	0.1544572412967682	0.1633362293657689
5	progenitor_prg4_gdf5	ENG	True	ENG	0.3131324052810669	0.3125
6	progenitor_prg4_gdf5	ENG	True	ENG	0.10886701941490173	0.1583645777539725
7	progenitor_prg4_gdf5	ENG	True	ENG	0.03777626156806946	0.040061633281972264
8	progenitor_prg4_gdf5	ENG	True	ENG	0.07828837633132935	0.12057381514436172
9	progenitor_prg4_gdf5	ENG	True	ENG	0.2975447475910187	0.3613615169412496
10	progenitor_prg4_gdf5	ENG	True	ENG	0.15319247543811798	0.17100078802206461
11	progenitor_prg4_gdf5	ENG	True	ENG	0.03171037882566452	0.01995798319327731
12	progenitor_prg4_gdf5	ENG	True	ENG	0.446525514125824	0.4086229086229086
13	progenitor_prg4_gdf5	ENG	True	ENG	0.06896557658910751	0.09233610341643583
14	progenitor_prg4_gdf5	ENG	True	ENG	0.38063931465148926	0.40412819120043453
15	progenitor_prg4_gdf5	ENG	True	ENG	0.18005460500717163	0.24936504271530824
16	progenitor_prg4_gdf5	ENG	True	ENG	0.20839062333106995	0.20286396181384247
17	progenitor_prg4_gdf5	ENG	True	ENG	0.1360074132680893	0.19017454954954954
0	progenitor_prg4_gdf5	MCAM	True	MCAM	0.0012092594988644123	0.002029189104815422
1	progenitor_prg4_gdf5	MCAM	True	MCAM	0.022823527455329895	0.02716417910447761
2	progenitor_prg4_gdf5	MCAM	True	MCAM	0.017128396779298782	0.023229841411659593
3	progenitor_prg4_gdf5	MCAM	True	MCAM	0.7359567880630493	0.5625411454904542
4	progenitor_prg4_gdf5	MCAM	True	MCAM	0.024136044085025787	0.028670721112076455
5	progenitor_prg4_gdf5	MCAM	True	MCAM	1.0849515199661255	0.6875
6	progenitor_prg4_gdf5	MCAM	True	MCAM	0.02101987972855568	0.03053026245313337
7	progenitor_prg4_gdf5	MCAM	True	MCAM	0.013231401331722736	0.011248073959938367
8	progenitor_prg4_gdf5	MCAM	True	MCAM	0.0072723994962871075	0.010532050118031596
9	progenitor_prg4_gdf5	MCAM	True	MCAM	0.05311360955238342	0.06667702828722412
10	progenitor_prg4_gdf5	MCAM	True	MCAM	1.3652524948120117	0.7832939322301025
11	progenitor_prg4_gdf5	MCAM	True	MCAM	0.05944759398698807	0.037815126050420166
12	progenitor_prg4_gdf5	MCAM	True	MCAM	0.013680939562618732	0.01287001287001287
13	progenitor_prg4_gdf5	MCAM	True	MCAM	0.009052043780684471	0.01061865189289012
14	progenitor_prg4_gdf5	MCAM	True	MCAM	0.007549844216555357	0.010592069527430744
15	progenitor_prg4_gdf5	MCAM	True	MCAM	0.012650707736611366	0.02181944123758947
16	progenitor_prg4_gdf5	MCAM	True	MCAM	0.008742336183786392	0.011231222799382283
17	progenitor_prg4_gdf5	MCAM	True	MCAM	0.009697443805634975	0.014358108108108109
0	progenitor_prg4_gdf5	NT5E	True	NT5E	0.2610900402069092	0.3052368688051198
1	progenitor_prg4_gdf5	NT5E	True	NT5E	0.30548226833343506	0.3453731343283582
2	progenitor_prg4_gdf5	NT5E	True	NT5E	0.5051984190940857	0.48637480455662274
3	progenitor_prg4_gdf5	NT5E	True	NT5E	0.1478578895330429	0.1902567478604345
4	progenitor_prg4_gdf5	NT5E	True	NT5E	0.23674438893795013	0.23979148566463945
5	progenitor_prg4_gdf5	NT5E	True	NT5E	0.2382717728614807	0.25
6	progenitor_prg4_gdf5	NT5E	True	NT5E	0.38869956135749817	0.4499196572040707
7	progenitor_prg4_gdf5	NT5E	True	NT5E	0.07677965611219406	0.07827426810477658
8	progenitor_prg4_gdf5	NT5E	True	NT5E	0.2617030441761017	0.3290357726529871
9	progenitor_prg4_gdf5	NT5E	True	NT5E	0.48839083313941956	0.5262667081131489
10	progenitor_prg4_gdf5	NT5E	True	NT5E	0.07893092930316925	0.1020488573680063
11	progenitor_prg4_gdf5	NT5E	True	NT5E	0.022933952510356903	0.01365546218487395
12	progenitor_prg4_gdf5	NT5E	True	NT5E	0.051918696612119675	0.06692406692406692
13	progenitor_prg4_gdf5	NT5E	True	NT5E	0.3037926256656647	0.3528162511542013
14	progenitor_prg4_gdf5	NT5E	True	NT5E	0.6519037485122681	0.5793047256925584
15	progenitor_prg4_gdf5	NT5E	True	NT5E	0.6496187448501587	0.617178480720388
16	progenitor_prg4_gdf5	NT5E	True	NT5E	0.47626715898513794	0.40516636248771587
17	progenitor_prg4_gdf5	NT5E	True	NT5E	0.6779016256332397	0.5929054054054054
0	progenitor_prg4_gdf5	ITGA5	True	ITGA5	0.5731005072593689	0.5575587294154375
1	progenitor_prg4_gdf5	ITGA5	True	ITGA5	0.29905807971954346	0.33044776119402985
2	progenitor_prg4_gdf5	ITGA5	True	ITGA5	0.2696845531463623	0.28813937904847
3	progenitor_prg4_gdf5	ITGA5	True	ITGA5	0.5816642642021179	0.5289664252797893
4	progenitor_prg4_gdf5	ITGA5	True	ITGA5	0.29772189259529114	0.28149435273675066
5	progenitor_prg4_gdf5	ITGA5	True	ITGA5	1.2606812715530396	0.8125
6	progenitor_prg4_gdf5	ITGA5	True	ITGA5	0.4030877351760864	0.46384574183181576
7	progenitor_prg4_gdf5	ITGA5	True	ITGA5	0.281221866607666	0.2573189522342065
8	progenitor_prg4_gdf5	ITGA5	True	ITGA5	0.3831245005130768	0.4539676775013619
9	progenitor_prg4_gdf5	ITGA5	True	ITGA5	0.1971900314092636	0.24867889337892446
10	progenitor_prg4_gdf5	ITGA5	True	ITGA5	0.14612917602062225	0.16509062253743104
11	progenitor_prg4_gdf5	ITGA5	True	ITGA5	0.09334845840930939	0.06197478991596639
12	progenitor_prg4_gdf5	ITGA5	True	ITGA5	0.3882039487361908	0.36003861003861004
13	progenitor_prg4_gdf5	ITGA5	True	ITGA5	0.36584022641181946	0.405724838411819
14	progenitor_prg4_gdf5	ITGA5	True	ITGA5	0.4684830904006958	0.46224877783813145
15	progenitor_prg4_gdf5	ITGA5	True	ITGA5	0.36693069338798523	0.44447009928423
16	progenitor_prg4_gdf5	ITGA5	True	ITGA5	0.26009297370910645	0.24821002386634844
17	progenitor_prg4_gdf5	ITGA5	True	ITGA5	0.34040069580078125	0.39203265765765766
0	catabolic_hypertrophic	COL10A1	True	COL10A1	9.888555359793827e-05	0.0001560914696011863
1	catabolic_hypertrophic	COL10A1	True	COL10A1	0.001146024907939136	0.001791044776119403
2	catabolic_hypertrophic	COL10A1	True	COL10A1	0.011201989836990833	0.011614920705829796
3	catabolic_hypertrophic	COL10A1	True	COL10A1	0.007375397719442844	0.010862409479921
4	catabolic_hypertrophic	COL10A1	True	COL10A1	0.0	0.0
5	catabolic_hypertrophic	COL10A1	True	COL10A1	0.0	0.0
6	catabolic_hypertrophic	COL10A1	True	COL10A1	0.0007839233730919659	0.0005356186395286556
7	catabolic_hypertrophic	COL10A1	True	COL10A1	0.0	0.0
8	catabolic_hypertrophic	COL10A1	True	COL10A1	0.00037892040563747287	0.0005447612130016343
9	catabolic_hypertrophic	COL10A1	True	COL10A1	0.004825151059776545	0.006527820951196767
10	catabolic_hypertrophic	COL10A1	True	COL10A1	0.0006256553460843861	0.0007880220646178094
11	catabolic_hypertrophic	COL10A1	True	COL10A1	0.0	0.0
12	catabolic_hypertrophic	COL10A1	True	COL10A1	0.00019620165403466672	0.00032175032175032174
13	catabolic_hypertrophic	COL10A1	True	COL10A1	5.2811923524132e-05	9.233610341643582e-05
14	catabolic_hypertrophic	COL10A1	True	COL10A1	0.004595132544636726	0.0076045627376425855
15	catabolic_hypertrophic	COL10A1	True	COL10A1	0.0010384402703493834	0.0011544677903486493
16	catabolic_hypertrophic	COL10A1	True	COL10A1	0.0010482457000762224	0.0009827319949459498
17	catabolic_hypertrophic	COL10A1	True	COL10A1	0.0016145926201716065	0.0022522522522522522
0	catabolic_hypertrophic	MMP13	True	MMP13	0.0	0.0
1	catabolic_hypertrophic	MMP13	True	MMP13	0.0009800454135984182	0.0014925373134328358
2	catabolic_hypertrophic	MMP13	True	MMP13	0.0025750473141670227	0.002568684386866205
3	catabolic_hypertrophic	MMP13	True	MMP13	0.00016941023932304233	0.0003291639236339697
4	catabolic_hypertrophic	MMP13	True	MMP13	0.0011450722813606262	0.0017376194613379669
5	catabolic_hypertrophic	MMP13	True	MMP13	0.0	0.0
6	catabolic_hypertrophic	MMP13	True	MMP13	0.0035384208895266056	0.002678093197643278
7	catabolic_hypertrophic	MMP13	True	MMP13	0.0003060277958866209	0.0003081664098613251
8	catabolic_hypertrophic	MMP13	True	MMP13	4.09828317060601e-05	0.00018158707100054475
9	catabolic_hypertrophic	MMP13	True	MMP13	0.0012786303414031863	0.002175940317065589
10	catabolic_hypertrophic	MMP13	True	MMP13	0.00011755438026739284	0.00019700551615445234
11	catabolic_hypertrophic	MMP13	True	MMP13	0.0	0.0
12	catabolic_hypertrophic	MMP13	True	MMP13	0.0	0.0
13	catabolic_hypertrophic	MMP13	True	MMP13	8.599923603469506e-05	9.233610341643582e-05
14	catabolic_hypertrophic	MMP13	True	MMP13	0.02319646067917347	0.016023900054318304
15	catabolic_hypertrophic	MMP13	True	MMP13	0.0006564868963323534	0.0005772338951743247
16	catabolic_hypertrophic	MMP13	True	MMP13	0.002774582477286458	0.002105854274884178
17	catabolic_hypertrophic	MMP13	True	MMP13	0.0003716517530847341	0.00028153153153153153
0	catabolic_hypertrophic	IBSP	True	IBSP	0.0003643987001851201	0.00039022867400296575
1	catabolic_hypertrophic	IBSP	True	IBSP	0.0	0.0
2	catabolic_hypertrophic	IBSP	True	IBSP	0.0010609148303046823	0.00044672771945499217
3	catabolic_hypertrophic	IBSP	True	IBSP	0.000625359476543963	0.0009874917709019092
4	catabolic_hypertrophic	IBSP	True	IBSP	0.0013460394693538547	0.0004344048653344917
5	catabolic_hypertrophic	IBSP	True	IBSP	0.0	0.0
6	catabolic_hypertrophic	IBSP	True	IBSP	0.0	0.0
7	catabolic_hypertrophic	IBSP	True	IBSP	0.000774863176047802	0.0006163328197226503
8	catabolic_hypertrophic	IBSP	True	IBSP	0.00042847226723097265	0.0003631741420010895
9	catabolic_hypertrophic	IBSP	True	IBSP	0.00025380286388099194	0.00031084861672365556
10	catabolic_hypertrophic	IBSP	True	IBSP	0.003061495954170823	0.002955082742316785
11	catabolic_hypertrophic	IBSP	True	IBSP	0.0015635709278285503	0.0010504201680672268
12	catabolic_hypertrophic	IBSP	True	IBSP	0.0005797605845145881	0.0006435006435006435
13	catabolic_hypertrophic	IBSP	True	IBSP	0.000264496891759336	0.00018467220683287164
14	catabolic_hypertrophic	IBSP	True	IBSP	0.002669642213732004	0.0021727322107550242
15	catabolic_hypertrophic	IBSP	True	IBSP	0.0009732916951179504	0.0003463403371045948
16	catabolic_hypertrophic	IBSP	True	IBSP	0.0034957299940288067	0.002105854274884178
17	catabolic_hypertrophic	IBSP	True	IBSP	0.0	0.0
0	catabolic_hypertrophic	RUNX2	True	RUNX2	0.011537754908204079	0.01685787871692812
1	catabolic_hypertrophic	RUNX2	True	RUNX2	0.027751516550779343	0.03373134328358209
2	catabolic_hypertrophic	RUNX2	True	RUNX2	0.052527301013469696	0.06243019879383516
3	catabolic_hypertrophic	RUNX2	True	RUNX2	0.005442367400974035	0.01152073732718894
4	catabolic_hypertrophic	RUNX2	True	RUNX2	0.021347997710108757	0.025629887054735012
5	catabolic_hypertrophic	RUNX2	True	RUNX2	0.0	0.0
6	catabolic_hypertrophic	RUNX2	True	RUNX2	0.013834015466272831	0.01713979646491698
7	catabolic_hypertrophic	RUNX2	True	RUNX2	0.011609500274062157	0.010939907550077042
8	catabolic_hypertrophic	RUNX2	True	RUNX2	0.024352367967367172	0.0381332849101144
9	catabolic_hypertrophic	RUNX2	True	RUNX2	0.0328923799097538	0.0458501709667392
10	catabolic_hypertrophic	RUNX2	True	RUNX2	0.02504020556807518	0.030141843971631204
11	catabolic_hypertrophic	RUNX2	True	RUNX2	0.09442920982837677	0.05777310924369748
12	catabolic_hypertrophic	RUNX2	True	RUNX2	0.02745593897998333	0.032818532818532815
13	catabolic_hypertrophic	RUNX2	True	RUNX2	0.006310819648206234	0.008494921514312095
14	catabolic_hypertrophic	RUNX2	True	RUNX2	0.03953906521201134	0.055133079847908745
15	catabolic_hypertrophic	RUNX2	True	RUNX2	0.005954038817435503	0.00796582775340568
16	catabolic_hypertrophic	RUNX2	True	RUNX2	0.016271190717816353	0.016846834199073422
17	catabolic_hypertrophic	RUNX2	True	RUNX2	0.015425218269228935	0.018581081081081082
0	catabolic_hypertrophic	ALPL	True	ALPL	0.0	0.0
1	catabolic_hypertrophic	ALPL	True	ALPL	0.00294903083704412	0.004776119402985075
2	catabolic_hypertrophic	ALPL	True	ALPL	0.008342672139406204	0.009381282108554836
3	catabolic_hypertrophic	ALPL	True	ALPL	0.032348938286304474	0.04608294930875576
4	catabolic_hypertrophic	ALPL	True	ALPL	0.0008067084709182382	0.0008688097306689834
5	catabolic_hypertrophic	ALPL	True	ALPL	0.0	0.0
6	catabolic_hypertrophic	ALPL	True	ALPL	0.00019493985746521503	0.00017853954650955185
7	catabolic_hypertrophic	ALPL	True	ALPL	0.0	0.0
8	catabolic_hypertrophic	ALPL	True	ALPL	0.0002467038866598159	0.0003631741420010895
9	catabolic_hypertrophic	ALPL	True	ALPL	0.006465076934546232	0.007460366801367734
10	catabolic_hypertrophic	ALPL	True	ALPL	0.0014043129049241543	0.0017730496453900709
11	catabolic_hypertrophic	ALPL	True	ALPL	0.001177927479147911	0.0010504201680672268
12	catabolic_hypertrophic	ALPL	True	ALPL	0.00047104342957027256	0.0009652509652509653
13	catabolic_hypertrophic	ALPL	True	ALPL	0.00023900294036138803	0.0002770083102493075
14	catabolic_hypertrophic	ALPL	True	ALPL	0.006240074522793293	0.010320478001086366
15	catabolic_hypertrophic	ALPL	True	ALPL	0.00018155155703425407	0.0003463403371045948
16	catabolic_hypertrophic	ALPL	True	ALPL	0.001170656061731279	0.001544293134915064
17	catabolic_hypertrophic	ALPL	True	ALPL	0.0003951001272071153	0.0005630630630630631
0	catabolic_hypertrophic	SPP1	True	SPP1	0.000283637287793681	0.000546320143604152
1	catabolic_hypertrophic	SPP1	True	SPP1	0.0017878618091344833	0.0029850746268656717
2	catabolic_hypertrophic	SPP1	True	SPP1	0.014982886612415314	0.015635470180924725
3	catabolic_hypertrophic	SPP1	True	SPP1	0.1663234978914261	0.10599078341013825
4	catabolic_hypertrophic	SPP1	True	SPP1	0.003682770300656557	0.0047784535186794095
5	catabolic_hypertrophic	SPP1	True	SPP1	0.0	0.0
6	catabolic_hypertrophic	SPP1	True	SPP1	0.004245996940881014	0.005713265488305659
7	catabolic_hypertrophic	SPP1	True	SPP1	0.0041619641706347466	0.0032357473035439137
8	catabolic_hypertrophic	SPP1	True	SPP1	0.0002866923750843853	0.0005447612130016343
9	catabolic_hypertrophic	SPP1	True	SPP1	0.003822371829301119	0.005595275101025801
10	catabolic_hypertrophic	SPP1	True	SPP1	0.0030326973646879196	0.002955082742316785
11	catabolic_hypertrophic	SPP1	True	SPP1	0.010693641379475594	0.005252100840336135
12	catabolic_hypertrophic	SPP1	True	SPP1	0.1822790950536728	0.06981981981981981
13	catabolic_hypertrophic	SPP1	True	SPP1	0.0014118775725364685	0.0016620498614958448
14	catabolic_hypertrophic	SPP1	True	SPP1	0.02258853241801262	0.022270505160239002
15	catabolic_hypertrophic	SPP1	True	SPP1	0.03476119041442871	0.027591780189332716
16	catabolic_hypertrophic	SPP1	True	SPP1	0.033622510731220245	0.027937666713463427
17	catabolic_hypertrophic	SPP1	True	SPP1	0.010871880687773228	0.009853603603603604
0	catabolic_hypertrophic	MMP3	True	MMP3	1.862129807472229	0.6311558573323968
1	catabolic_hypertrophic	MMP3	True	MMP3	0.33925825357437134	0.2638805970149254
2	catabolic_hypertrophic	MMP3	True	MMP3	0.22067637741565704	0.13122626758990397
3	catabolic_hypertrophic	MMP3	True	MMP3	0.14412814378738403	0.12244897959183673
4	catabolic_hypertrophic	MMP3	True	MMP3	0.878616213798523	0.4687228496959166
5	catabolic_hypertrophic	MMP3	True	MMP3	0.06261404603719711	0.0625
6	catabolic_hypertrophic	MMP3	True	MMP3	1.2885630130767822	0.5511515800749867
7	catabolic_hypertrophic	MMP3	True	MMP3	2.751539707183838	0.8229583975346687
8	catabolic_hypertrophic	MMP3	True	MMP3	1.8047068119049072	0.6337388777919012
9	catabolic_hypertrophic	MMP3	True	MMP3	0.1650557816028595	0.11672365557973267
10	catabolic_hypertrophic	MMP3	True	MMP3	0.22548702359199524	0.15031520882584712
11	catabolic_hypertrophic	MMP3	True	MMP3	0.10906235873699188	0.06197478991596639
12	catabolic_hypertrophic	MMP3	True	MMP3	0.10928371548652649	0.09266409266409266
13	catabolic_hypertrophic	MMP3	True	MMP3	1.3198660612106323	0.6193905817174515
14	catabolic_hypertrophic	MMP3	True	MMP3	0.22685149312019348	0.16078218359587182
15	catabolic_hypertrophic	MMP3	True	MMP3	0.48733094334602356	0.33745093511891017
16	catabolic_hypertrophic	MMP3	True	MMP3	0.985962450504303	0.5111610276568861
17	catabolic_hypertrophic	MMP3	True	MMP3	0.5223075151443481	0.30996621621621623
0	catabolic_hypertrophic	ADAMTS5	True	ADAMTS5	0.39525750279426575	0.3132755794895809
1	catabolic_hypertrophic	ADAMTS5	True	ADAMTS5	0.761733889579773	0.5614925373134328
2	catabolic_hypertrophic	ADAMTS5	True	ADAMTS5	0.24322852492332458	0.2463703372794282
3	catabolic_hypertrophic	ADAMTS5	True	ADAMTS5	0.035770270973443985	0.0576036866359447
4	catabolic_hypertrophic	ADAMTS5	True	ADAMTS5	0.42861664295196533	0.32319721980886185
5	catabolic_hypertrophic	ADAMTS5	True	ADAMTS5	0.0	0.0
6	catabolic_hypertrophic	ADAMTS5	True	ADAMTS5	0.17966723442077637	0.2113908230673094
7	catabolic_hypertrophic	ADAMTS5	True	ADAMTS5	0.10044686496257782	0.09090909090909091
8	catabolic_hypertrophic	ADAMTS5	True	ADAMTS5	0.4256591498851776	0.36644270927909933
9	catabolic_hypertrophic	ADAMTS5	True	ADAMTS5	0.37960687279701233	0.36990985390115017
10	catabolic_hypertrophic	ADAMTS5	True	ADAMTS5	0.16586293280124664	0.16922773837667454
11	catabolic_hypertrophic	ADAMTS5	True	ADAMTS5	0.007404640316963196	0.005252100840336135
12	catabolic_hypertrophic	ADAMTS5	True	ADAMTS5	0.03411240130662918	0.03957528957528957
13	catabolic_hypertrophic	ADAMTS5	True	ADAMTS5	0.07916982471942902	0.09981532779316712
14	catabolic_hypertrophic	ADAMTS5	True	ADAMTS5	0.17659859359264374	0.19717544812601848
15	catabolic_hypertrophic	ADAMTS5	True	ADAMTS5	0.15706023573875427	0.20099284229969983
16	catabolic_hypertrophic	ADAMTS5	True	ADAMTS5	0.1807631403207779	0.1653797557209041
17	catabolic_hypertrophic	ADAMTS5	True	ADAMTS5	0.21429161727428436	0.23944256756756757
0	inflammatory_sasp_like	CCL2	True	CCL2	0.10089905560016632	0.0842893935846406
1	inflammatory_sasp_like	CCL2	True	CCL2	0.8279550671577454	0.40507462686567164
2	inflammatory_sasp_like	CCL2	True	CCL2	0.5159932971000671	0.3247710520437793
3	inflammatory_sasp_like	CCL2	True	CCL2	0.5654400587081909	0.36339697169190255
4	inflammatory_sasp_like	CCL2	True	CCL2	0.17173917591571808	0.11772371850564727
5	inflammatory_sasp_like	CCL2	True	CCL2	1.1903221607208252	0.75
6	inflammatory_sasp_like	CCL2	True	CCL2	0.3998323976993561	0.2710230316014997
7	inflammatory_sasp_like	CCL2	True	CCL2	0.025951283052563667	0.02295839753466872
8	inflammatory_sasp_like	CCL2	True	CCL2	0.24641649425029755	0.17468676230252406
9	inflammatory_sasp_like	CCL2	True	CCL2	0.6794113516807556	0.39058128691327326
10	inflammatory_sasp_like	CCL2	True	CCL2	1.0292601585388184	0.49743892828999214
11	inflammatory_sasp_like	CCL2	True	CCL2	0.07169803977012634	0.04096638655462185
12	inflammatory_sasp_like	CCL2	True	CCL2	0.6192255020141602	0.35682110682110685
13	inflammatory_sasp_like	CCL2	True	CCL2	0.2066017985343933	0.1819021237303786
14	inflammatory_sasp_like	CCL2	True	CCL2	0.28326210379600525	0.23737099402498643
15	inflammatory_sasp_like	CCL2	True	CCL2	0.09710432589054108	0.09824520895867005
16	inflammatory_sasp_like	CCL2	True	CCL2	0.3549889922142029	0.24427909588656466
17	inflammatory_sasp_like	CCL2	True	CCL2	0.245655819773674	0.18384009009009009
0	inflammatory_sasp_like	CCL3	True	CCL3	0.0013459199108183384	0.00148286896121127
1	inflammatory_sasp_like	CCL3	True	CCL3	0.010601697489619255	0.010447761194029851
2	inflammatory_sasp_like	CCL3	True	CCL3	0.014608754776418209	0.015523788251060978
3	inflammatory_sasp_like	CCL3	True	CCL3	0.009696266613900661	0.01152073732718894
4	inflammatory_sasp_like	CCL3	True	CCL3	0.004307874478399754	0.0047784535186794095
5	inflammatory_sasp_like	CCL3	True	CCL3	0.0	0.0
6	inflammatory_sasp_like	CCL3	True	CCL3	0.0006411485373973846	0.0008926977325477593
7	inflammatory_sasp_like	CCL3	True	CCL3	0.0016631262842565775	0.0009244992295839754
8	inflammatory_sasp_like	CCL3	True	CCL3	0.002323341788724065	0.002723806065008171
9	inflammatory_sasp_like	CCL3	True	CCL3	0.013249034062027931	0.011656823127137084
10	inflammatory_sasp_like	CCL3	True	CCL3	0.011751361191272736	0.01182033096926714
11	inflammatory_sasp_like	CCL3	True	CCL3	0.06729448586702347	0.031512605042016806
12	inflammatory_sasp_like	CCL3	True	CCL3	1.0389004945755005	0.40604890604890603
13	inflammatory_sasp_like	CCL3	True	CCL3	0.0004890855052508414	0.0004616805170821791
14	inflammatory_sasp_like	CCL3	True	CCL3	0.011252963915467262	0.014937533948940793
15	inflammatory_sasp_like	CCL3	True	CCL3	0.004720264580100775	0.006234126067882706
16	inflammatory_sasp_like	CCL3	True	CCL3	0.060909468680620193	0.05376947915204268
17	inflammatory_sasp_like	CCL3	True	CCL3	0.005431205965578556	0.00633445945945946
0	inflammatory_sasp_like	CXCL8	True	CXCL8	0.006259511690586805	0.007570436275657536
1	inflammatory_sasp_like	CXCL8	True	CXCL8	0.013319463469088078	0.014029850746268656
2	inflammatory_sasp_like	CXCL8	True	CXCL8	0.047073762863874435	0.04154567790931427
3	inflammatory_sasp_like	CXCL8	True	CXCL8	0.05789387971162796	0.061224489795918366
4	inflammatory_sasp_like	CXCL8	True	CXCL8	0.017563916742801666	0.014335360556038228
5	inflammatory_sasp_like	CXCL8	True	CXCL8	0.0	0.0
6	inflammatory_sasp_like	CXCL8	True	CXCL8	0.01753334328532219	0.015890019639350116
7	inflammatory_sasp_like	CXCL8	True	CXCL8	0.0037543426733464003	0.002773497688751926
8	inflammatory_sasp_like	CXCL8	True	CXCL8	0.015374090522527695	0.012166333757036499
9	inflammatory_sasp_like	CXCL8	True	CXCL8	0.12579086422920227	0.0777121541809139
10	inflammatory_sasp_like	CXCL8	True	CXCL8	0.021722109988331795	0.019306540583136328
11	inflammatory_sasp_like	CXCL8	True	CXCL8	0.03511178493499756	0.01995798319327731
12	inflammatory_sasp_like	CXCL8	True	CXCL8	1.6304556131362915	0.4874517374517375
13	inflammatory_sasp_like	CXCL8	True	CXCL8	0.0037242667749524117	0.004062788550323176
14	inflammatory_sasp_like	CXCL8	True	CXCL8	0.027402477338910103	0.034220532319391636
15	inflammatory_sasp_like	CXCL8	True	CXCL8	0.01235558558255434	0.01639344262295082
16	inflammatory_sasp_like	CXCL8	True	CXCL8	0.10309237986803055	0.09279797837989612
17	inflammatory_sasp_like	CXCL8	True	CXCL8	0.025778615847229958	0.03237612612612613
0	inflammatory_sasp_like	IL6	True	IL6	0.04271440580487251	0.05033949894638258
1	inflammatory_sasp_like	IL6	True	IL6	0.13577479124069214	0.1316417910447761
2	inflammatory_sasp_like	IL6	True	IL6	0.09960180521011353	0.08923386196113468
3	inflammatory_sasp_like	IL6	True	IL6	0.06718140095472336	0.07768268597761685
4	inflammatory_sasp_like	IL6	True	IL6	0.0452018640935421	0.04778453518679409
5	inflammatory_sasp_like	IL6	True	IL6	0.0	0.0
6	inflammatory_sasp_like	IL6	True	IL6	0.022723941132426262	0.02588823424388502
7	inflammatory_sasp_like	IL6	True	IL6	0.025137629359960556	0.02419106317411402
8	inflammatory_sasp_like	IL6	True	IL6	0.13388170301914215	0.13764299981841294
9	inflammatory_sasp_like	IL6	True	IL6	0.13593724370002747	0.11081753186198322
10	inflammatory_sasp_like	IL6	True	IL6	0.15549324452877045	0.11761229314420804
11	inflammatory_sasp_like	IL6	True	IL6	0.003880924079567194	0.0021008403361344537
12	inflammatory_sasp_like	IL6	True	IL6	0.05878159776329994	0.05630630630630631
13	inflammatory_sasp_like	IL6	True	IL6	0.014164433814585209	0.020036934441366575
14	inflammatory_sasp_like	IL6	True	IL6	0.016237901523709297	0.018468223791417708
15	inflammatory_sasp_like	IL6	True	IL6	0.007383942138403654	0.008312168090510275
16	inflammatory_sasp_like	IL6	True	IL6	0.019426973536610603	0.019795030183911273
17	inflammatory_sasp_like	IL6	True	IL6	0.040143147110939026	0.032939189189189186
0	inflammatory_sasp_like	PTGS2	True	PTGS2	0.43034592270851135	0.4270662608288457
1	inflammatory_sasp_like	PTGS2	True	PTGS2	0.39042598009109497	0.3856716417910448
2	inflammatory_sasp_like	PTGS2	True	PTGS2	0.13559696078300476	0.13770381952200134
3	inflammatory_sasp_like	PTGS2	True	PTGS2	0.08211293071508408	0.1043449637919684
4	inflammatory_sasp_like	PTGS2	True	PTGS2	0.2107120305299759	0.2063423110338836
5	inflammatory_sasp_like	PTGS2	True	PTGS2	0.05078753083944321	0.0625
6	inflammatory_sasp_like	PTGS2	True	PTGS2	0.7488309741020203	0.6061417603999286
7	inflammatory_sasp_like	PTGS2	True	PTGS2	0.2733122408390045	0.2554699537750385
8	inflammatory_sasp_like	PTGS2	True	PTGS2	0.4654316008090973	0.4828400217904485
9	inflammatory_sasp_like	PTGS2	True	PTGS2	0.3440844416618347	0.3043207957724588
10	inflammatory_sasp_like	PTGS2	True	PTGS2	0.07284891605377197	0.08195429472025216
11	inflammatory_sasp_like	PTGS2	True	PTGS2	0.16834773123264313	0.08508403361344538
12	inflammatory_sasp_like	PTGS2	True	PTGS2	0.4172689616680145	0.3063063063063063
13	inflammatory_sasp_like	PTGS2	True	PTGS2	0.34251800179481506	0.3734072022160665
14	inflammatory_sasp_like	PTGS2	True	PTGS2	0.20921573042869568	0.21292775665399238
15	inflammatory_sasp_like	PTGS2	True	PTGS2	0.29804593324661255	0.3315631493881321
16	inflammatory_sasp_like	PTGS2	True	PTGS2	0.36541274189949036	0.30829706584304367
17	inflammatory_sasp_like	PTGS2	True	PTGS2	0.33065855503082275	0.32798423423423423
0	inflammatory_sasp_like	NFKBIA	True	NFKBIA	1.7165144681930542	0.8736439553578397
1	inflammatory_sasp_like	NFKBIA	True	NFKBIA	1.6468583345413208	0.8516417910447761
2	inflammatory_sasp_like	NFKBIA	True	NFKBIA	1.5001444816589355	0.7922716104534286
3	inflammatory_sasp_like	NFKBIA	True	NFKBIA	1.7714579105377197	0.8136932192231732
4	inflammatory_sasp_like	NFKBIA	True	NFKBIA	1.3111910820007324	0.6924413553431799
5	inflammatory_sasp_like	NFKBIA	True	NFKBIA	2.312394142150879	1.0
6	inflammatory_sasp_like	NFKBIA	True	NFKBIA	1.6635773181915283	0.8273522585252634
7	inflammatory_sasp_like	NFKBIA	True	NFKBIA	1.028455138206482	0.6158705701078583
8	inflammatory_sasp_like	NFKBIA	True	NFKBIA	1.803005337715149	0.8957690212456874
9	inflammatory_sasp_like	NFKBIA	True	NFKBIA	2.1316518783569336	0.9204227541187442
10	inflammatory_sasp_like	NFKBIA	True	NFKBIA	1.3781380653381348	0.7283293932230103
11	inflammatory_sasp_like	NFKBIA	True	NFKBIA	1.4937798976898193	0.5861344537815126
12	inflammatory_sasp_like	NFKBIA	True	NFKBIA	2.261017322540283	0.8571428571428571
13	inflammatory_sasp_like	NFKBIA	True	NFKBIA	1.9687597751617432	0.8881809787626962
14	inflammatory_sasp_like	NFKBIA	True	NFKBIA	1.675849437713623	0.847637153720804
15	inflammatory_sasp_like	NFKBIA	True	NFKBIA	1.8328776359558105	0.9044100669591318
16	inflammatory_sasp_like	NFKBIA	True	NFKBIA	1.6406069993972778	0.7781833497121999
17	inflammatory_sasp_like	NFKBIA	True	NFKBIA	1.696595311164856	0.8412162162162162
0	inflammatory_sasp_like	JUN	True	JUN	2.48865008354187	0.9367829548115195
1	inflammatory_sasp_like	JUN	True	JUN	3.2425198554992676	0.9811940298507462
2	inflammatory_sasp_like	JUN	True	JUN	2.08406138420105	0.8750279204824659
3	inflammatory_sasp_like	JUN	True	JUN	2.3065218925476074	0.8317972350230415
4	inflammatory_sasp_like	JUN	True	JUN	2.39758038520813	0.9139878366637706
5	inflammatory_sasp_like	JUN	True	JUN	1.830725908279419	0.9375
6	inflammatory_sasp_like	JUN	True	JUN	1.62857186794281	0.8446705945366899
7	inflammatory_sasp_like	JUN	True	JUN	1.6811500787734985	0.8146379044684129
8	inflammatory_sasp_like	JUN	True	JUN	2.3202266693115234	0.9382603958598148
9	inflammatory_sasp_like	JUN	True	JUN	2.4162614345550537	0.9362760335716506
10	inflammatory_sasp_like	JUN	True	JUN	2.5324740409851074	0.8770685579196218
11	inflammatory_sasp_like	JUN	True	JUN	1.0798819065093994	0.47163865546218486
12	inflammatory_sasp_like	JUN	True	JUN	2.1673314571380615	0.8462033462033463
13	inflammatory_sasp_like	JUN	True	JUN	2.181364059448242	0.9335180055401662
14	inflammatory_sasp_like	JUN	True	JUN	1.6438597440719604	0.8644758283541554
15	inflammatory_sasp_like	JUN	True	JUN	1.643491506576538	0.8689679057954283
16	inflammatory_sasp_like	JUN	True	JUN	1.5662384033203125	0.7850624736768216
17	inflammatory_sasp_like	JUN	True	JUN	1.4187148809432983	0.7611204954954955
0	inflammatory_sasp_like	FOS	True	FOS	3.02366304397583	0.9343635370327011
1	inflammatory_sasp_like	FOS	True	FOS	3.5152456760406494	0.9722388059701492
2	inflammatory_sasp_like	FOS	True	FOS	2.2835326194763184	0.8637480455662274
3	inflammatory_sasp_like	FOS	True	FOS	1.8790290355682373	0.7472021066491112
4	inflammatory_sasp_like	FOS	True	FOS	2.57011342048645	0.9070373588184187
5	inflammatory_sasp_like	FOS	True	FOS	0.14198699593544006	0.1875
6	inflammatory_sasp_like	FOS	True	FOS	2.31093430519104	0.8923406534547402
7	inflammatory_sasp_like	FOS	True	FOS	2.581071138381958	0.8676425269645609
8	inflammatory_sasp_like	FOS	True	FOS	3.0373246669769287	0.9475213364808426
9	inflammatory_sasp_like	FOS	True	FOS	2.9215664863586426	0.9308361827789866
10	inflammatory_sasp_like	FOS	True	FOS	2.521104574203491	0.8561859732072498
11	inflammatory_sasp_like	FOS	True	FOS	1.3780630826950073	0.5441176470588235
12	inflammatory_sasp_like	FOS	True	FOS	2.29166316986084	0.8536036036036037
13	inflammatory_sasp_like	FOS	True	FOS	2.482189655303955	0.9182825484764543
14	inflammatory_sasp_like	FOS	True	FOS	2.125530958175659	0.903041825095057
15	inflammatory_sasp_like	FOS	True	FOS	2.8087313175201416	0.9590163934426229
16	inflammatory_sasp_like	FOS	True	FOS	2.7870585918426514	0.9341569563386214
17	inflammatory_sasp_like	FOS	True	FOS	2.367377281188965	0.8761261261261262
0	inflammatory_sasp_like	IER3	True	IER3	1.5457302331924438	0.7091235463981893
1	inflammatory_sasp_like	IER3	True	IER3	1.5631401538848877	0.724776119402985
2	inflammatory_sasp_like	IER3	True	IER3	1.7762960195541382	0.7302881393790485
3	inflammatory_sasp_like	IER3	True	IER3	1.423319935798645	0.6688610928242265
4	inflammatory_sasp_like	IER3	True	IER3	1.715985894203186	0.7437011294526499
5	inflammatory_sasp_like	IER3	True	IER3	1.957007646560669	1.0
6	inflammatory_sasp_like	IER3	True	IER3	2.1345937252044678	0.8696661310480271
7	inflammatory_sasp_like	IER3	True	IER3	1.3290075063705444	0.6648690292758089
8	inflammatory_sasp_like	IER3	True	IER3	1.9023387432098389	0.8287633920464863
9	inflammatory_sasp_like	IER3	True	IER3	1.7896465063095093	0.7939073671122163
10	inflammatory_sasp_like	IER3	True	IER3	1.197981595993042	0.6256895193065406
11	inflammatory_sasp_like	IER3	True	IER3	0.47818467020988464	0.25
12	inflammatory_sasp_like	IER3	True	IER3	2.2984988689422607	0.797940797940798
13	inflammatory_sasp_like	IER3	True	IER3	2.6619019508361816	0.896398891966759
14	inflammatory_sasp_like	IER3	True	IER3	1.8795634508132935	0.8468223791417708
15	inflammatory_sasp_like	IER3	True	IER3	2.076486110687256	0.8864003694296929
16	inflammatory_sasp_like	IER3	True	IER3	1.916634202003479	0.7913800365014741
17	inflammatory_sasp_like	IER3	True	IER3	1.3694560527801514	0.6753941441441441
0	synovial_lining_like	PRG4	True	PRG4	0.6576313376426697	0.37618044173885895
1	synovial_lining_like	PRG4	True	PRG4	1.9249905347824097	0.5564179104477612
2	synovial_lining_like	PRG4	True	PRG4	2.2815968990325928	0.6802546348000893
3	synovial_lining_like	PRG4	True	PRG4	0.3513273596763611	0.2666227781435155
4	synovial_lining_like	PRG4	True	PRG4	2.211164951324463	0.603388357949609
5	synovial_lining_like	PRG4	True	PRG4	0.07655662298202515	0.0625
6	synovial_lining_like	PRG4	True	PRG4	1.4759007692337036	0.5475807891447956
7	synovial_lining_like	PRG4	True	PRG4	0.8717734217643738	0.4667180277349769
8	synovial_lining_like	PRG4	True	PRG4	1.222307801246643	0.5117123660795352
9	synovial_lining_like	PRG4	True	PRG4	3.1383655071258545	0.797792974821262
10	synovial_lining_like	PRG4	True	PRG4	0.31557539105415344	0.25236406619385343
11	synovial_lining_like	PRG4	True	PRG4	0.40497782826423645	0.2415966386554622
12	synovial_lining_like	PRG4	True	PRG4	0.4927602708339691	0.31885456885456886
13	synovial_lining_like	PRG4	True	PRG4	0.935773491859436	0.4265927977839335
14	synovial_lining_like	PRG4	True	PRG4	0.9480405449867249	0.5152091254752852
15	synovial_lining_like	PRG4	True	PRG4	1.1596344709396362	0.4859154929577465
16	synovial_lining_like	PRG4	True	PRG4	0.7348090410232544	0.44321212972062335
17	synovial_lining_like	PRG4	True	PRG4	1.1838597059249878	0.44101914414414417
0	synovial_lining_like	HAS1	True	HAS1	0.05066924914717674	0.06165613049246858
1	synovial_lining_like	HAS1	True	HAS1	0.20283359289169312	0.15492537313432836
2	synovial_lining_like	HAS1	True	HAS1	0.3607310950756073	0.2700469064105428
3	synovial_lining_like	HAS1	True	HAS1	0.013233008794486523	0.018104015799868336
4	synovial_lining_like	HAS1	True	HAS1	0.5060014128684998	0.22589052997393572
5	synovial_lining_like	HAS1	True	HAS1	0.0	0.0
6	synovial_lining_like	HAS1	True	HAS1	0.24307666718959808	0.2262096054276022
7	synovial_lining_like	HAS1	True	HAS1	0.04537491872906685	0.04098613251155624
8	synovial_lining_like	HAS1	True	HAS1	0.18773962557315826	0.17014708552751043
9	synovial_lining_like	HAS1	True	HAS1	0.607872724533081	0.4117189928504818
10	synovial_lining_like	HAS1	True	HAS1	0.01714525744318962	0.021670606776989756
11	synovial_lining_like	HAS1	True	HAS1	0.010551700368523598	0.0063025210084033615
12	synovial_lining_like	HAS1	True	HAS1	0.025821292772889137	0.026705276705276705
13	synovial_lining_like	HAS1	True	HAS1	0.1983642876148224	0.18208679593721144
14	synovial_lining_like	HAS1	True	HAS1	0.044810596853494644	0.049972840847365564
15	synovial_lining_like	HAS1	True	HAS1	0.06397582590579987	0.07607942738397598
16	synovial_lining_like	HAS1	True	HAS1	0.021823056042194366	0.024287519303664188
17	synovial_lining_like	HAS1	True	HAS1	0.09431127458810806	0.10585585585585586
0	synovial_lining_like	VCAM1	True	VCAM1	0.05858751758933067	0.04120814797471318
1	synovial_lining_like	VCAM1	True	VCAM1	0.4386078417301178	0.30328358208955225
2	synovial_lining_like	VCAM1	True	VCAM1	0.4370984435081482	0.314719678356042
3	synovial_lining_like	VCAM1	True	VCAM1	0.1390906274318695	0.1392363396971692
4	synovial_lining_like	VCAM1	True	VCAM1	0.2041958123445511	0.16029539530842746
5	synovial_lining_like	VCAM1	True	VCAM1	0.1861588954925537	0.1875
6	synovial_lining_like	VCAM1	True	VCAM1	0.2980997860431671	0.18514550973040528
7	synovial_lining_like	VCAM1	True	VCAM1	0.03259200602769852	0.024807395993836672
8	synovial_lining_like	VCAM1	True	VCAM1	0.07733140140771866	0.07535863446522607
9	synovial_lining_like	VCAM1	True	VCAM1	0.8681750893592834	0.5697855144544607
10	synovial_lining_like	VCAM1	True	VCAM1	0.10498422384262085	0.10520094562647754
11	synovial_lining_like	VCAM1	True	VCAM1	0.037278153002262115	0.022058823529411766
12	synovial_lining_like	VCAM1	True	VCAM1	0.06767292320728302	0.06016731016731017
13	synovial_lining_like	VCAM1	True	VCAM1	0.05806787684559822	0.04653739612188366
14	synovial_lining_like	VCAM1	True	VCAM1	0.37744560837745667	0.2990222705051602
15	synovial_lining_like	VCAM1	True	VCAM1	0.1710718870162964	0.1490417917340106
16	synovial_lining_like	VCAM1	True	VCAM1	0.7298544645309448	0.40699143619261546
17	synovial_lining_like	VCAM1	True	VCAM1	0.4009239673614502	0.25830518018018017
0	synovial_lining_like	CLIC5	True	CLIC5	0.001522707985714078	0.0025755092484195737
1	synovial_lining_like	CLIC5	True	CLIC5	0.21905817091464996	0.16656716417910447
2	synovial_lining_like	CLIC5	True	CLIC5	0.19076600670814514	0.14049586776859505
3	synovial_lining_like	CLIC5	True	CLIC5	0.08237776160240173	0.10895325872284398
4	synovial_lining_like	CLIC5	True	CLIC5	0.18654116988182068	0.16203301476976542
5	synovial_lining_like	CLIC5	True	CLIC5	0.25857090950012207	0.25
6	synovial_lining_like	CLIC5	True	CLIC5	0.007927770726382732	0.00946259596500625
7	synovial_lining_like	CLIC5	True	CLIC5	0.003391130594536662	0.003389830508474576
8	synovial_lining_like	CLIC5	True	CLIC5	0.02261512167751789	0.023787906301071363
9	synovial_lining_like	CLIC5	True	CLIC5	0.5083234310150146	0.3338514143612061
10	synovial_lining_like	CLIC5	True	CLIC5	0.020272569730877876	0.02383766745468873
11	synovial_lining_like	CLIC5	True	CLIC5	0.01051393710076809	0.007352941176470588
12	synovial_lining_like	CLIC5	True	CLIC5	0.019910508766770363	0.01705276705276705
13	synovial_lining_like	CLIC5	True	CLIC5	0.0018999583553522825	0.0024007386888273315
14	synovial_lining_like	CLIC5	True	CLIC5	0.0015089117223396897	0.0027159152634437804
15	synovial_lining_like	CLIC5	True	CLIC5	0.002454842673614621	0.0042715308242900025
16	synovial_lining_like	CLIC5	True	CLIC5	0.0038803976494818926	0.004071318264776078
17	synovial_lining_like	CLIC5	True	CLIC5	0.010618663392961025	0.013795045045045045
0	synovial_lining_like	ITGA6	True	ITGA6	0.021102046594023705	0.032779208616249125
1	synovial_lining_like	ITGA6	True	ITGA6	0.08628250658512115	0.09582089552238807
2	synovial_lining_like	ITGA6	True	ITGA6	0.11000820249319077	0.11849452758543667
3	synovial_lining_like	ITGA6	True	ITGA6	1.31284499168396	0.7843976300197498
4	synovial_lining_like	ITGA6	True	ITGA6	0.07843606173992157	0.08210251954821894
5	synovial_lining_like	ITGA6	True	ITGA6	0.7733453512191772	0.5625
6	synovial_lining_like	ITGA6	True	ITGA6	0.05402136966586113	0.08409212640599893
7	synovial_lining_like	ITGA6	True	ITGA6	0.009361731819808483	0.009861325115562404
8	synovial_lining_like	ITGA6	True	ITGA6	0.04097069799900055	0.07172689304521518
9	synovial_lining_like	ITGA6	True	ITGA6	0.18482336401939392	0.1952129313024557
10	synovial_lining_like	ITGA6	True	ITGA6	0.01017200481146574	0.015760441292356184
11	synovial_lining_like	ITGA6	True	ITGA6	0.10393279045820236	0.06722689075630252
12	synovial_lining_like	ITGA6	True	ITGA6	0.10417895764112473	0.11164736164736165
13	synovial_lining_like	ITGA6	True	ITGA6	0.04969293624162674	0.06980609418282549
14	synovial_lining_like	ITGA6	True	ITGA6	0.07277887314558029	0.09179793590439979
15	synovial_lining_like	ITGA6	True	ITGA6	0.06831035017967224	0.1043638882475179
16	synovial_lining_like	ITGA6	True	ITGA6	0.06632931530475616	0.06921241050119331
17	synovial_lining_like	ITGA6	True	ITGA6	0.09323372691869736	0.13189752252252251
0	synovial_lining_like	CD55	True	CD55	0.9763641953468323	0.7250448762975104
1	synovial_lining_like	CD55	True	CD55	0.5959959030151367	0.5194029850746269
2	synovial_lining_like	CD55	True	CD55	0.854044497013092	0.5676792494974313
3	synovial_lining_like	CD55	True	CD55	0.6812745928764343	0.5681369321922317
4	synovial_lining_like	CD55	True	CD55	0.5767031908035278	0.44917463075586445
5	synovial_lining_like	CD55	True	CD55	1.0850939750671387	0.625
6	synovial_lining_like	CD55	True	CD55	1.0704883337020874	0.7329048384217104
7	synovial_lining_like	CD55	True	CD55	1.039655089378357	0.6681047765793529
8	synovial_lining_like	CD55	True	CD55	1.024143934249878	0.7570364990012711
9	synovial_lining_like	CD55	True	CD55	0.9950074553489685	0.6560460055952752
10	synovial_lining_like	CD55	True	CD55	0.29022467136383057	0.2840819542947203
11	synovial_lining_like	CD55	True	CD55	0.5799618363380432	0.3245798319327731
12	synovial_lining_like	CD55	True	CD55	1.0329455137252808	0.6418918918918919
13	synovial_lining_like	CD55	True	CD55	0.726494550704956	0.6090489381348108
14	synovial_lining_like	CD55	True	CD55	0.7434902787208557	0.5901683867463335
15	synovial_lining_like	CD55	True	CD55	1.4149000644683838	0.8184022165781575
16	synovial_lining_like	CD55	True	CD55	0.887006938457489	0.5844447564228555
17	synovial_lining_like	CD55	True	CD55	1.203523874282837	0.7416948198198198
0	endothelial	PECAM1	True	PECAM1	0.0010228760074824095	0.00148286896121127
1	endothelial	PECAM1	True	PECAM1	0.0023341369815170765	0.0032835820895522386
2	endothelial	PECAM1	True	PECAM1	0.017450788989663124	0.02043779316506589
3	endothelial	PECAM1	True	PECAM1	1.7807228565216064	0.8732718894009217
4	endothelial	PECAM1	True	PECAM1	0.009068343788385391	0.009556907037358819
5	endothelial	PECAM1	True	PECAM1	2.2664239406585693	1.0
6	endothelial	PECAM1	True	PECAM1	0.00547481095418334	0.007320121406891627
7	endothelial	PECAM1	True	PECAM1	0.007758487481623888	0.007550077041602465
8	endothelial	PECAM1	True	PECAM1	0.007548572961241007	0.010895224260032685
9	endothelial	PECAM1	True	PECAM1	0.020094750449061394	0.026577556729872553
10	endothelial	PECAM1	True	PECAM1	0.013684163801372051	0.015760441292356184
11	endothelial	PECAM1	True	PECAM1	0.016375908628106117	0.01050420168067227
12	endothelial	PECAM1	True	PECAM1	0.4403124749660492	0.40444015444015446
13	endothelial	PECAM1	True	PECAM1	0.007546339184045792	0.008033240997229917
14	endothelial	PECAM1	True	PECAM1	0.007162249647080898	0.00977729494839761
15	endothelial	PECAM1	True	PECAM1	0.0033990084193646908	0.004617871161394597
16	endothelial	PECAM1	True	PECAM1	0.01844220794737339	0.01937385932893444
17	endothelial	PECAM1	True	PECAM1	0.005145568400621414	0.007601351351351352
0	endothelial	VWF	True	VWF	0.000490577076561749	0.0007024116132053383
1	endothelial	VWF	True	VWF	0.001377400360070169	0.0026865671641791043
2	endothelial	VWF	True	VWF	0.00784264225512743	0.008711190529372347
3	endothelial	VWF	True	VWF	0.9164791703224182	0.6112574061882817
4	endothelial	VWF	True	VWF	0.0025206301361322403	0.0026064291920069507
5	endothelial	VWF	True	VWF	0.05509655550122261	0.0625
6	endothelial	VWF	True	VWF	0.0019404806662350893	0.003035172290662382
7	endothelial	VWF	True	VWF	0.003755968762561679	0.003389830508474576
8	endothelial	VWF	True	VWF	0.0011933705536648631	0.0018158707100054477
9	endothelial	VWF	True	VWF	0.0038618515245616436	0.005595275101025801
10	endothelial	VWF	True	VWF	0.004041405860334635	0.004925137903861308
11	endothelial	VWF	True	VWF	0.0016539207426831126	0.0010504201680672268
12	endothelial	VWF	True	VWF	0.00453750928863883	0.004826254826254826
13	endothelial	VWF	True	VWF	0.004175558686256409	0.004986149584487534
14	endothelial	VWF	True	VWF	0.0046944208443164825	0.005431830526887561
15	endothelial	VWF	True	VWF	0.002844860777258873	0.004156084045255137
16	endothelial	VWF	True	VWF	0.008517572656273842	0.009406149094482662
17	endothelial	VWF	True	VWF	0.0017246585339307785	0.0029560810810810812
0	endothelial	KDR	True	KDR	0.01580151543021202	0.019745570904550067
1	endothelial	KDR	True	KDR	0.016715100035071373	0.020298507462686566
2	endothelial	KDR	True	KDR	0.005255039781332016	0.0059191422827786465
3	endothelial	KDR	True	KDR	0.5739466547966003	0.47037524687294274
4	endothelial	KDR	True	KDR	0.013990554958581924	0.011728931364031277
5	endothelial	KDR	True	KDR	0.14986228942871094	0.125
6	endothelial	KDR	True	KDR	0.0025593889877200127	0.0041064095697196925
7	endothelial	KDR	True	KDR	0.0056747389025986195	0.005084745762711864
8	endothelial	KDR	True	KDR	0.021144753322005272	0.025422189940076268
9	endothelial	KDR	True	KDR	0.0020792277064174414	0.0034193347839602114
10	endothelial	KDR	True	KDR	0.007731327787041664	0.009259259259259259
11	endothelial	KDR	True	KDR	0.0	0.0
12	endothelial	KDR	True	KDR	0.0019099792698398232	0.0019305019305019305
13	endothelial	KDR	True	KDR	0.007792516145855188	0.00904893813481071
14	endothelial	KDR	True	KDR	0.00020560994744300842	0.00027159152634437803
15	endothelial	KDR	True	KDR	0.0005617894930765033	0.0009235742322789194
16	endothelial	KDR	True	KDR	0.0035226005129516125	0.003930927979783799
17	endothelial	KDR	True	KDR	0.0011686572106555104	0.001829954954954955
0	endothelial	CLDN5	True	CLDN5	0.06661569327116013	0.06633887458050418
1	endothelial	CLDN5	True	CLDN5	0.012766501866281033	0.013432835820895522
2	endothelial	CLDN5	True	CLDN5	0.012241766788065434	0.014183605092696002
3	endothelial	CLDN5	True	CLDN5	0.9790126085281372	0.5312705727452272
4	endothelial	CLDN5	True	CLDN5	0.04191293194890022	0.03475238922675934
5	endothelial	CLDN5	True	CLDN5	3.0251665115356445	1.0
6	endothelial	CLDN5	True	CLDN5	0.08784520626068115	0.0812354936618461
7	endothelial	CLDN5	True	CLDN5	0.0808657705783844	0.06302003081664098
8	endothelial	CLDN5	True	CLDN5	0.1323520988225937	0.13074269112039222
9	endothelial	CLDN5	True	CLDN5	0.00922224298119545	0.011035125893689773
10	endothelial	CLDN5	True	CLDN5	0.015125521458685398	0.016351457840819542
11	endothelial	CLDN5	True	CLDN5	0.002586252521723509	0.0021008403361344537
12	endothelial	CLDN5	True	CLDN5	0.014191964641213417	0.009974259974259974
13	endothelial	CLDN5	True	CLDN5	0.13341017067432404	0.11763619575253924
14	endothelial	CLDN5	True	CLDN5	0.01273916382342577	0.014665942422596416
15	endothelial	CLDN5	True	CLDN5	0.0343683585524559	0.03705841607019164
16	endothelial	CLDN5	True	CLDN5	0.018156584352254868	0.01712761476905798
17	endothelial	CLDN5	True	CLDN5	0.04142814874649048	0.044763513513513514
0	endothelial	EMCN	True	EMCN	0.0005701817572116852	0.0009365488176071178
1	endothelial	EMCN	True	EMCN	0.0009575835429131985	0.0005970149253731343
2	endothelial	EMCN	True	EMCN	0.004133385140448809	0.005249050703596158
3	endothelial	EMCN	True	EMCN	1.3669750690460205	0.7840684660961159
4	endothelial	EMCN	True	EMCN	0.0027783296536654234	0.002172024326672459
5	endothelial	EMCN	True	EMCN	1.7366666793823242	0.9375
6	endothelial	EMCN	True	EMCN	0.005383716896176338	0.006963042313872523
7	endothelial	EMCN	True	EMCN	0.003820598591119051	0.004160246533127889
8	endothelial	EMCN	True	EMCN	0.0029719150625169277	0.003994915562011985
9	endothelial	EMCN	True	EMCN	0.007480317261070013	0.008548336959900529
10	endothelial	EMCN	True	EMCN	0.01388819795101881	0.01615445232466509
11	endothelial	EMCN	True	EMCN	0.008474072441458702	0.005252100840336135
12	endothelial	EMCN	True	EMCN	0.00411627721041441	0.004182754182754183
13	endothelial	EMCN	True	EMCN	0.0028169217985123396	0.003601108033240997
14	endothelial	EMCN	True	EMCN	0.0027125796768814325	0.0035306898424769147
15	endothelial	EMCN	True	EMCN	0.0029145078733563423	0.0042715308242900025
16	endothelial	EMCN	True	EMCN	0.010330176912248135	0.011933174224343675
17	endothelial	EMCN	True	EMCN	0.0028556121978908777	0.003941441441441441
0	endothelial	RAMP2	True	RAMP2	0.13828420639038086	0.16553500351205808
1	endothelial	RAMP2	True	RAMP2	0.6989259123802185	0.5397014925373135
2	endothelial	RAMP2	True	RAMP2	0.43072986602783203	0.4088675452311816
3	endothelial	RAMP2	True	RAMP2	1.7640303373336792	0.8311389071757735
4	endothelial	RAMP2	True	RAMP2	0.23576878011226654	0.23544743701129453
5	endothelial	RAMP2	True	RAMP2	2.747424602508545	1.0
6	endothelial	RAMP2	True	RAMP2	0.06767522543668747	0.10266023924299232
7	endothelial	RAMP2	True	RAMP2	0.047651078552007675	0.04730354391371341
8	endothelial	RAMP2	True	RAMP2	0.4256227910518646	0.3964045759941892
9	endothelial	RAMP2	True	RAMP2	0.45824164152145386	0.4679825924774635
10	endothelial	RAMP2	True	RAMP2	0.0734526664018631	0.08215130023640661
11	endothelial	RAMP2	True	RAMP2	0.011462283320724964	0.007352941176470588
12	endothelial	RAMP2	True	RAMP2	0.03507057949900627	0.04021879021879022
13	endothelial	RAMP2	True	RAMP2	0.07494574785232544	0.0987072945521699
14	endothelial	RAMP2	True	RAMP2	0.05800562724471092	0.08120586637696904
15	endothelial	RAMP2	True	RAMP2	0.05960467830300331	0.0990533364119141
16	endothelial	RAMP2	True	RAMP2	0.05530332401394844	0.06092938368664889
17	endothelial	RAMP2	True	RAMP2	0.06994786858558655	0.10374436936936937
0	mural_smooth_muscle	RGS5	True	RGS5	0.011558957397937775	0.015765238429719816
1	mural_smooth_muscle	RGS5	True	RGS5	0.018267083913087845	0.01761194029850746
2	mural_smooth_muscle	RGS5	True	RGS5	0.03555070236325264	0.026691981237435783
3	mural_smooth_muscle	RGS5	True	RGS5	0.40916886925697327	0.1619486504279131
4	mural_smooth_muscle	RGS5	True	RGS5	0.016733694821596146	0.016072980017376195
5	mural_smooth_muscle	RGS5	True	RGS5	0.0	0.0
6	mural_smooth_muscle	RGS5	True	RGS5	0.028759824112057686	0.03142296018568113
7	mural_smooth_muscle	RGS5	True	RGS5	0.018128272145986557	0.01802773497688752
8	mural_smooth_muscle	RGS5	True	RGS5	0.027987195178866386	0.02978027964408934
9	mural_smooth_muscle	RGS5	True	RGS5	0.08214008808135986	0.05548647808517252
10	mural_smooth_muscle	RGS5	True	RGS5	2.7777976989746094	0.8605200945626478
11	mural_smooth_muscle	RGS5	True	RGS5	0.03437483683228493	0.01995798319327731
12	mural_smooth_muscle	RGS5	True	RGS5	0.02604668401181698	0.023166023166023165
13	mural_smooth_muscle	RGS5	True	RGS5	0.022889794781804085	0.025300092336103416
14	mural_smooth_muscle	RGS5	True	RGS5	0.015276594087481499	0.013579576317218903
15	mural_smooth_muscle	RGS5	True	RGS5	0.014509410597383976	0.018817824982682984
16	mural_smooth_muscle	RGS5	True	RGS5	0.047841887921094894	0.043801768917590904
17	mural_smooth_muscle	RGS5	True	RGS5	0.020744578912854195	0.01984797297297297
0	mural_smooth_muscle	ACTA2	True	ACTA2	0.015846306458115578	0.024194177788183877
1	mural_smooth_muscle	ACTA2	True	ACTA2	0.04497511312365532	0.05313432835820896
2	mural_smooth_muscle	ACTA2	True	ACTA2	0.10878355801105499	0.11447397811034175
3	mural_smooth_muscle	ACTA2	True	ACTA2	0.23186622560024261	0.15832784726793944
4	mural_smooth_muscle	ACTA2	True	ACTA2	0.20797479152679443	0.18766290182450043
5	mural_smooth_muscle	ACTA2	True	ACTA2	0.0	0.0
6	mural_smooth_muscle	ACTA2	True	ACTA2	0.017313240095973015	0.021424745581146223
7	mural_smooth_muscle	ACTA2	True	ACTA2	0.1377708911895752	0.11879815100154083
8	mural_smooth_muscle	ACTA2	True	ACTA2	0.050049591809511185	0.07063737061921191
9	mural_smooth_muscle	ACTA2	True	ACTA2	0.10087090730667114	0.10133664905191173
10	mural_smooth_muscle	ACTA2	True	ACTA2	2.6662845611572266	0.888100866824271
11	mural_smooth_muscle	ACTA2	True	ACTA2	0.03679016977548599	0.023109243697478993
12	mural_smooth_muscle	ACTA2	True	ACTA2	0.028668884187936783	0.02541827541827542
13	mural_smooth_muscle	ACTA2	True	ACTA2	0.05614522472023964	0.06731301939058172
14	mural_smooth_muscle	ACTA2	True	ACTA2	0.1308313012123108	0.12954915806626832
15	mural_smooth_muscle	ACTA2	True	ACTA2	0.013290422968566418	0.018356037866543523
16	mural_smooth_muscle	ACTA2	True	ACTA2	0.03549148887395859	0.03608030324301558
17	mural_smooth_muscle	ACTA2	True	ACTA2	0.020834920927882195	0.028434684684684686
0	mural_smooth_muscle	MYH11	True	MYH11	0.005861443467438221	0.009053305236868805
1	mural_smooth_muscle	MYH11	True	MYH11	0.009997226297855377	0.012835820895522388
2	mural_smooth_muscle	MYH11	True	MYH11	0.010831315070390701	0.013848559303104758
3	mural_smooth_muscle	MYH11	True	MYH11	0.050532858818769455	0.06747860434496379
4	mural_smooth_muscle	MYH11	True	MYH11	0.029532888904213905	0.02997393570807993
5	mural_smooth_muscle	MYH11	True	MYH11	0.0	0.0
6	mural_smooth_muscle	MYH11	True	MYH11	0.008028734475374222	0.012676307802178183
7	mural_smooth_muscle	MYH11	True	MYH11	0.03417738899588585	0.029892141756548536
8	mural_smooth_muscle	MYH11	True	MYH11	0.013640407472848892	0.020519339023061557
9	mural_smooth_muscle	MYH11	True	MYH11	0.015048294328153133	0.021293130245570408
10	mural_smooth_muscle	MYH11	True	MYH11	1.0845507383346558	0.5478723404255319
11	mural_smooth_muscle	MYH11	True	MYH11	0.021109774708747864	0.01365546218487395
12	mural_smooth_muscle	MYH11	True	MYH11	0.016214879229664803	0.017374517374517374
13	mural_smooth_muscle	MYH11	True	MYH11	0.018740830942988396	0.023915050784856878
14	mural_smooth_muscle	MYH11	True	MYH11	0.009545761160552502	0.012764801738185769
15	mural_smooth_muscle	MYH11	True	MYH11	0.005418538115918636	0.008543061648580005
16	mural_smooth_muscle	MYH11	True	MYH11	0.012036631815135479	0.011371613084374562
17	mural_smooth_muscle	MYH11	True	MYH11	0.008960704319179058	0.014076576576576577
0	mural_smooth_muscle	MCAM	True	MCAM	0.0012092594988644123	0.002029189104815422
1	mural_smooth_muscle	MCAM	True	MCAM	0.022823527455329895	0.02716417910447761
2	mural_smooth_muscle	MCAM	True	MCAM	0.017128396779298782	0.023229841411659593
3	mural_smooth_muscle	MCAM	True	MCAM	0.7359567880630493	0.5625411454904542
4	mural_smooth_muscle	MCAM	True	MCAM	0.024136044085025787	0.028670721112076455
5	mural_smooth_muscle	MCAM	True	MCAM	1.0849515199661255	0.6875
6	mural_smooth_muscle	MCAM	True	MCAM	0.02101987972855568	0.03053026245313337
7	mural_smooth_muscle	MCAM	True	MCAM	0.013231401331722736	0.011248073959938367
8	mural_smooth_muscle	MCAM	True	MCAM	0.0072723994962871075	0.010532050118031596
9	mural_smooth_muscle	MCAM	True	MCAM	0.05311360955238342	0.06667702828722412
10	mural_smooth_muscle	MCAM	True	MCAM	1.3652524948120117	0.7832939322301025
11	mural_smooth_muscle	MCAM	True	MCAM	0.05944759398698807	0.037815126050420166
12	mural_smooth_muscle	MCAM	True	MCAM	0.013680939562618732	0.01287001287001287
13	mural_smooth_muscle	MCAM	True	MCAM	0.009052043780684471	0.01061865189289012
14	mural_smooth_muscle	MCAM	True	MCAM	0.007549844216555357	0.010592069527430744
15	mural_smooth_muscle	MCAM	True	MCAM	0.012650707736611366	0.02181944123758947
16	mural_smooth_muscle	MCAM	True	MCAM	0.008742336183786392	0.011231222799382283
17	mural_smooth_muscle	MCAM	True	MCAM	0.009697443805634975	0.014358108108108109
0	mural_smooth_muscle	PDGFRB	True	PDGFRB	0.23193591833114624	0.2733942090064778
1	mural_smooth_muscle	PDGFRB	True	PDGFRB	0.5940321683883667	0.5504477611940298
2	mural_smooth_muscle	PDGFRB	True	PDGFRB	0.7974573969841003	0.614362296180478
3	mural_smooth_muscle	PDGFRB	True	PDGFRB	0.1353914886713028	0.14088215931533904
4	mural_smooth_muscle	PDGFRB	True	PDGFRB	0.3212408721446991	0.2893136403127715
5	mural_smooth_muscle	PDGFRB	True	PDGFRB	0.0	0.0
6	mural_smooth_muscle	PDGFRB	True	PDGFRB	0.17928895354270935	0.23049455454383147
7	mural_smooth_muscle	PDGFRB	True	PDGFRB	0.10375744849443436	0.10077041602465331
8	mural_smooth_muscle	PDGFRB	True	PDGFRB	0.3694365918636322	0.40802614853822405
9	mural_smooth_muscle	PDGFRB	True	PDGFRB	0.6029348969459534	0.564034815045073
10	mural_smooth_muscle	PDGFRB	True	PDGFRB	1.0825915336608887	0.7186761229314421
11	mural_smooth_muscle	PDGFRB	True	PDGFRB	0.009900383651256561	0.0063025210084033615
12	mural_smooth_muscle	PDGFRB	True	PDGFRB	0.043366339057683945	0.05276705276705277
13	mural_smooth_muscle	PDGFRB	True	PDGFRB	0.19032536447048187	0.21929824561403508
14	mural_smooth_muscle	PDGFRB	True	PDGFRB	0.6709905862808228	0.5339489407930472
15	mural_smooth_muscle	PDGFRB	True	PDGFRB	0.16436485946178436	0.22592934657123065
16	mural_smooth_muscle	PDGFRB	True	PDGFRB	0.19874517619609833	0.18292854134493894
17	mural_smooth_muscle	PDGFRB	True	PDGFRB	0.29242143034935	0.3217905405405405
0	mural_smooth_muscle	TAGLN	True	TAGLN	0.050833914428949356	0.06423163974088816
1	mural_smooth_muscle	TAGLN	True	TAGLN	0.47517460584640503	0.3250746268656716
2	mural_smooth_muscle	TAGLN	True	TAGLN	0.943121075630188	0.47542997542997545
3	mural_smooth_muscle	TAGLN	True	TAGLN	0.9841426610946655	0.4990125082290981
4	mural_smooth_muscle	TAGLN	True	TAGLN	0.7705719470977783	0.46177237185056474
5	mural_smooth_muscle	TAGLN	True	TAGLN	1.2593841552734375	0.8125
6	mural_smooth_muscle	TAGLN	True	TAGLN	0.07812382280826569	0.06873772540617747
7	mural_smooth_muscle	TAGLN	True	TAGLN	0.38043588399887085	0.30400616332819724
8	mural_smooth_muscle	TAGLN	True	TAGLN	0.14814987778663635	0.1525331396404576
9	mural_smooth_muscle	TAGLN	True	TAGLN	0.5716817378997803	0.36027354678271684
10	mural_smooth_muscle	TAGLN	True	TAGLN	3.84956693649292	0.9885736800630418
11	mural_smooth_muscle	TAGLN	True	TAGLN	0.10005319863557816	0.05777310924369748
12	mural_smooth_muscle	TAGLN	True	TAGLN	0.14464077353477478	0.13674388674388674
13	mural_smooth_muscle	TAGLN	True	TAGLN	0.1555250585079193	0.16722068328716527
14	mural_smooth_muscle	TAGLN	True	TAGLN	0.808571457862854	0.42422596414991853
15	mural_smooth_muscle	TAGLN	True	TAGLN	0.06470455229282379	0.07665666127915031
16	mural_smooth_muscle	TAGLN	True	TAGLN	0.1979939043521881	0.15344658149656043
17	mural_smooth_muscle	TAGLN	True	TAGLN	0.16968970000743866	0.13091216216216217
0	immune_myeloid	PTPRC	True	PTPRC	0.0008875217754393816	0.0008585030828065246
1	immune_myeloid	PTPRC	True	PTPRC	0.0005854074843227863	0.0005970149253731343
2	immune_myeloid	PTPRC	True	PTPRC	0.0030367623548954725	0.0030154121063211974
3	immune_myeloid	PTPRC	True	PTPRC	0.0029537021182477474	0.0032916392363396972
4	immune_myeloid	PTPRC	True	PTPRC	0.002081763232126832	0.002172024326672459
5	immune_myeloid	PTPRC	True	PTPRC	0.0	0.0
6	immune_myeloid	PTPRC	True	PTPRC	0.0015025903703644872	0.0010712372790573112
7	immune_myeloid	PTPRC	True	PTPRC	0.0013153619365766644	0.0010785824345146378
8	immune_myeloid	PTPRC	True	PTPRC	0.00107464543543756	0.0010895224260032686
9	immune_myeloid	PTPRC	True	PTPRC	0.004897390957921743	0.0046627292508548334
10	immune_myeloid	PTPRC	True	PTPRC	0.002775676315650344	0.0027580772261623326
11	immune_myeloid	PTPRC	True	PTPRC	1.8218942880630493	0.7478991596638656
12	immune_myeloid	PTPRC	True	PTPRC	1.2457255125045776	0.7834620334620335
13	immune_myeloid	PTPRC	True	PTPRC	0.0006931248353794217	0.0007386888273314866
14	immune_myeloid	PTPRC	True	PTPRC	0.00551670091226697	0.005703422053231939
15	immune_myeloid	PTPRC	True	PTPRC	0.0023645043838769197	0.003117063033941353
16	immune_myeloid	PTPRC	True	PTPRC	0.013365214690566063	0.011933174224343675
17	immune_myeloid	PTPRC	True	PTPRC	0.007042997516691685	0.00731981981981982
0	immune_myeloid	LYZ	True	LYZ	0.001009507104754448	0.0014048232264106766
1	immune_myeloid	LYZ	True	LYZ	0.0027476614341139793	0.003880597014925373
2	immune_myeloid	LYZ	True	LYZ	0.00507499510422349	0.005472414563323654
3	immune_myeloid	LYZ	True	LYZ	0.004166512284427881	0.004608294930875576
4	immune_myeloid	LYZ	True	LYZ	0.006093855947256088	0.005212858384013901
5	immune_myeloid	LYZ	True	LYZ	0.0	0.0
6	immune_myeloid	LYZ	True	LYZ	0.0012724532280117273	0.0019639350116050706
7	immune_myeloid	LYZ	True	LYZ	0.0016213832423090935	0.0018489984591679508
8	immune_myeloid	LYZ	True	LYZ	0.0014991607749834657	0.002360631923007082
9	immune_myeloid	LYZ	True	LYZ	0.004192660562694073	0.004973577867578489
10	immune_myeloid	LYZ	True	LYZ	0.0020361097995191813	0.002364066193853428
11	immune_myeloid	LYZ	True	LYZ	0.01575421914458275	0.008403361344537815
12	immune_myeloid	LYZ	True	LYZ	1.800912618637085	0.8603603603603603
13	immune_myeloid	LYZ	True	LYZ	0.0014315464068204165	0.0016620498614958448
14	immune_myeloid	LYZ	True	LYZ	0.005647299345582724	0.006518196632265073
15	immune_myeloid	LYZ	True	LYZ	0.0048976438120007515	0.005887785730778111
16	immune_myeloid	LYZ	True	LYZ	0.015511312521994114	0.01726800505405026
17	immune_myeloid	LYZ	True	LYZ	0.007956665940582752	0.010416666666666666
0	immune_myeloid	LST1	True	LST1	0.0016060436610132456	0.002107234839616015
1	immune_myeloid	LST1	True	LST1	0.0010472413850948215	0.0008955223880597015
2	immune_myeloid	LST1	True	LST1	0.0022010800894349813	0.0033504578959124413
3	immune_myeloid	LST1	True	LST1	0.003070762613788247	0.0029624753127057276
4	immune_myeloid	LST1	True	LST1	0.00033971629454754293	0.0008688097306689834
5	immune_myeloid	LST1	True	LST1	0.0	0.0
6	immune_myeloid	LST1	True	LST1	0.0011224981863051653	0.0016068559185859668
7	immune_myeloid	LST1	True	LST1	0.0011585340835154057	0.0015408320493066256
8	immune_myeloid	LST1	True	LST1	0.001228407840244472	0.002179044852006537
9	immune_myeloid	LST1	True	LST1	0.0016199249075725675	0.0023313646254274167
10	immune_myeloid	LST1	True	LST1	0.0019702804274857044	0.00256107171000788
11	immune_myeloid	LST1	True	LST1	0.08827170729637146	0.05567226890756303
12	immune_myeloid	LST1	True	LST1	0.8240486979484558	0.611969111969112
13	immune_myeloid	LST1	True	LST1	0.0009647096158005297	0.001569713758079409
14	immune_myeloid	LST1	True	LST1	0.0014956735540181398	0.0024443237370994023
15	immune_myeloid	LST1	True	LST1	0.002502265851944685	0.004156084045255137
16	immune_myeloid	LST1	True	LST1	0.005990160163491964	0.006036782254667977
17	immune_myeloid	LST1	True	LST1	0.0019745032768696547	0.003519144144144144
0	immune_myeloid	AIF1	True	AIF1	0.000579430372454226	0.0007024116132053383
1	immune_myeloid	AIF1	True	AIF1	0.0048529342748224735	0.005970149253731343
2	immune_myeloid	AIF1	True	AIF1	0.008348079398274422	0.008822872459236096
3	immune_myeloid	AIF1	True	AIF1	0.007686147931963205	0.005924950625411455
4	immune_myeloid	AIF1	True	AIF1	0.0030702115036547184	0.0034752389226759338
5	immune_myeloid	AIF1	True	AIF1	0.0	0.0
6	immune_myeloid	AIF1	True	AIF1	0.0010129004949703813	0.0008926977325477593
7	immune_myeloid	AIF1	True	AIF1	0.0011158253764733672	0.001386748844375963
8	immune_myeloid	AIF1	True	AIF1	0.003273559268563986	0.0034501543490103505
9	immune_myeloid	AIF1	True	AIF1	0.006292003206908703	0.008237488343176873
10	immune_myeloid	AIF1	True	AIF1	0.0020124518778175116	0.002364066193853428
11	immune_myeloid	AIF1	True	AIF1	0.035873156040906906	0.022058823529411766
12	immune_myeloid	AIF1	True	AIF1	2.355710983276367	0.9507722007722008
13	immune_myeloid	AIF1	True	AIF1	0.002548934193328023	0.0025854108956602033
14	immune_myeloid	AIF1	True	AIF1	0.005040602292865515	0.006518196632265073
15	immune_myeloid	AIF1	True	AIF1	0.005539687350392342	0.006349572846917571
16	immune_myeloid	AIF1	True	AIF1	0.015980422496795654	0.01530254106415836
17	immune_myeloid	AIF1	True	AIF1	0.01170948427170515	0.012809684684684684
0	immune_myeloid	CD68	True	CD68	0.5154831409454346	0.5135409349879029
1	immune_myeloid	CD68	True	CD68	0.6929988265037537	0.5847761194029851
2	immune_myeloid	CD68	True	CD68	0.3886682093143463	0.38619611346884075
3	immune_myeloid	CD68	True	CD68	0.056888170540332794	0.10072416063199473
4	immune_myeloid	CD68	True	CD68	0.4765393137931824	0.4070373588184188
5	immune_myeloid	CD68	True	CD68	0.1387224942445755	0.125
6	immune_myeloid	CD68	True	CD68	0.16059742867946625	0.2310301731833601
7	immune_myeloid	CD68	True	CD68	0.2711636424064636	0.25531587057010785
8	immune_myeloid	CD68	True	CD68	0.36574044823646545	0.44488832395133465
9	immune_myeloid	CD68	True	CD68	0.4557856619358063	0.4824370531551135
10	immune_myeloid	CD68	True	CD68	0.08891978114843369	0.11012608353033886
11	immune_myeloid	CD68	True	CD68	0.09473805129528046	0.06092436974789916
12	immune_myeloid	CD68	True	CD68	1.7092500925064087	0.8587516087516087
13	immune_myeloid	CD68	True	CD68	0.20968131721019745	0.259741458910434
14	immune_myeloid	CD68	True	CD68	0.3010616600513458	0.3367734926670288
15	immune_myeloid	CD68	True	CD68	0.2926318347454071	0.36400369429692914
16	immune_myeloid	CD68	True	CD68	0.17684149742126465	0.18643829846974588
17	immune_myeloid	CD68	True	CD68	0.29962193965911865	0.35036599099099097
0	immune_myeloid	TYROBP	True	TYROBP	0.0019748692866414785	0.0022633263092172013
1	immune_myeloid	TYROBP	True	TYROBP	0.008159969002008438	0.008955223880597015
2	immune_myeloid	TYROBP	True	TYROBP	0.014515392482280731	0.013625195443377262
3	immune_myeloid	TYROBP	True	TYROBP	0.0064692129381000996	0.0069124423963133645
4	immune_myeloid	TYROBP	True	TYROBP	0.00618811184540391	0.005212858384013901
5	immune_myeloid	TYROBP	True	TYROBP	0.0	0.0
6	immune_myeloid	TYROBP	True	TYROBP	0.0018359202658757567	0.0014283163720764148
7	immune_myeloid	TYROBP	True	TYROBP	0.00350779271684587	0.002773497688751926
8	immune_myeloid	TYROBP	True	TYROBP	0.003503194311633706	0.004358089704013074
9	immune_myeloid	TYROBP	True	TYROBP	0.010562949813902378	0.01196767174386074
10	immune_myeloid	TYROBP	True	TYROBP	0.005175251048058271	0.00512214342001576
11	immune_myeloid	TYROBP	True	TYROBP	0.5164895057678223	0.23004201680672268
12	immune_myeloid	TYROBP	True	TYROBP	2.5265822410583496	0.9617117117117117
13	immune_myeloid	TYROBP	True	TYROBP	0.0028302243445068598	0.0028624192059095105
14	immune_myeloid	TYROBP	True	TYROBP	0.014963759109377861	0.013851167843563281
15	immune_myeloid	TYROBP	True	TYROBP	0.010138741694390774	0.012814592472870007
16	immune_myeloid	TYROBP	True	TYROBP	0.0349891372025013	0.03299171697318545
17	immune_myeloid	TYROBP	True	TYROBP	0.018317343667149544	0.018158783783783782
0	immune_myeloid	FCGR3A	True	FCGR3A	0.00021645950619131327	0.00023413720440177945
1	immune_myeloid	FCGR3A	True	FCGR3A	0.0007302029989659786	0.0011940298507462687
2	immune_myeloid	FCGR3A	True	FCGR3A	0.0014249973464757204	0.0018985928076837167
3	immune_myeloid	FCGR3A	True	FCGR3A	0.001176759717054665	0.0013166556945358788
4	immune_myeloid	FCGR3A	True	FCGR3A	0.0013615754432976246	0.0017376194613379669
5	immune_myeloid	FCGR3A	True	FCGR3A	0.0	0.0
6	immune_myeloid	FCGR3A	True	FCGR3A	0.00046173075679689646	0.0005356186395286556
7	immune_myeloid	FCGR3A	True	FCGR3A	0.0012687118723988533	0.0009244992295839754
8	immune_myeloid	FCGR3A	True	FCGR3A	0.0002796409244183451	0.0005447612130016343
9	immune_myeloid	FCGR3A	True	FCGR3A	0.0005899977404624224	0.0012433944668946222
10	immune_myeloid	FCGR3A	True	FCGR3A	0.000322124978993088	0.000591016548463357
11	immune_myeloid	FCGR3A	True	FCGR3A	0.02869075909256935	0.014705882352941176
12	immune_myeloid	FCGR3A	True	FCGR3A	0.6998782753944397	0.43886743886743884
13	immune_myeloid	FCGR3A	True	FCGR3A	0.0001784150517778471	0.00018467220683287164
14	immune_myeloid	FCGR3A	True	FCGR3A	0.0009617814794182777	0.0010863661053775121
15	immune_myeloid	FCGR3A	True	FCGR3A	0.0021560515742748976	0.003117063033941353
16	immune_myeloid	FCGR3A	True	FCGR3A	0.0057546659372746944	0.0057560016846834195
17	immune_myeloid	FCGR3A	True	FCGR3A	0.0016596086788922548	0.0022522522522522522
0	immune_myeloid	C1QA	True	C1QA	0.0019286241149529815	0.0018730976352142356
1	immune_myeloid	C1QA	True	C1QA	0.007750792894512415	0.00835820895522388
2	immune_myeloid	C1QA	True	C1QA	0.011345322243869305	0.011726602635693546
3	immune_myeloid	C1QA	True	C1QA	0.007106548175215721	0.006254114549045424
4	immune_myeloid	C1QA	True	C1QA	0.004916742909699678	0.004344048653344918
5	immune_myeloid	C1QA	True	C1QA	0.0	0.0
6	immune_myeloid	C1QA	True	C1QA	0.0010170750319957733	0.0008926977325477593
7	immune_myeloid	C1QA	True	C1QA	0.0031758437398821115	0.002773497688751926
8	immune_myeloid	C1QA	True	C1QA	0.0026242700405418873	0.003086980207009261
9	immune_myeloid	C1QA	True	C1QA	0.012267302721738815	0.015387006527820952
10	immune_myeloid	C1QA	True	C1QA	0.005990192759782076	0.00591016548463357
11	immune_myeloid	C1QA	True	C1QA	0.01859348826110363	0.01050420168067227
12	immune_myeloid	C1QA	True	C1QA	2.645941734313965	0.8815958815958816
13	immune_myeloid	C1QA	True	C1QA	0.002894321456551552	0.003139427516158818
14	immune_myeloid	C1QA	True	C1QA	0.0071642897091805935	0.010320478001086366
15	immune_myeloid	C1QA	True	C1QA	0.007331646513193846	0.00819672131147541
16	immune_myeloid	C1QA	True	C1QA	0.020640643313527107	0.020637371893864945
17	immune_myeloid	C1QA	True	C1QA	0.02317262627184391	0.02393018018018018
0	immune_myeloid	C1QB	True	C1QB	0.0009530683164484799	0.001092640287208304
1	immune_myeloid	C1QB	True	C1QB	0.003547110827639699	0.004477611940298508
2	immune_myeloid	C1QB	True	C1QB	0.007831010036170483	0.007929417020326112
3	immune_myeloid	C1QB	True	C1QB	0.00558911357074976	0.004608294930875576
4	immune_myeloid	C1QB	True	C1QB	0.005755781661719084	0.0047784535186794095
5	immune_myeloid	C1QB	True	C1QB	0.0	0.0
6	immune_myeloid	C1QB	True	C1QB	0.00032295819255523384	0.0007141581860382074
7	immune_myeloid	C1QB	True	C1QB	0.0026284209452569485	0.0023112480739599386
8	immune_myeloid	C1QB	True	C1QB	0.0029714026022702456	0.00381332849101144
9	immune_myeloid	C1QB	True	C1QB	0.007000177167356014	0.008859185576624184
10	immune_myeloid	C1QB	True	C1QB	0.0043802750296890736	0.004137115839243499
11	immune_myeloid	C1QB	True	C1QB	0.015056117437779903	0.008403361344537815
12	immune_myeloid	C1QB	True	C1QB	2.3354668617248535	0.8346203346203346
13	immune_myeloid	C1QB	True	C1QB	0.0020766407251358032	0.00221606648199446
14	immune_myeloid	C1QB	True	C1QB	0.010852954350411892	0.011135252580119501
15	immune_myeloid	C1QB	True	C1QB	0.0062072803266346455	0.00727314707919649
16	immune_myeloid	C1QB	True	C1QB	0.014309470541775227	0.013758247929243296
17	immune_myeloid	C1QB	True	C1QB	0.01801479049026966	0.017877252252252254
0	t_nk	PTPRC	True	PTPRC	0.0008875217754393816	0.0008585030828065246
1	t_nk	PTPRC	True	PTPRC	0.0005854074843227863	0.0005970149253731343
2	t_nk	PTPRC	True	PTPRC	0.0030367623548954725	0.0030154121063211974
3	t_nk	PTPRC	True	PTPRC	0.0029537021182477474	0.0032916392363396972
4	t_nk	PTPRC	True	PTPRC	0.002081763232126832	0.002172024326672459
5	t_nk	PTPRC	True	PTPRC	0.0	0.0
6	t_nk	PTPRC	True	PTPRC	0.0015025903703644872	0.0010712372790573112
7	t_nk	PTPRC	True	PTPRC	0.0013153619365766644	0.0010785824345146378
8	t_nk	PTPRC	True	PTPRC	0.00107464543543756	0.0010895224260032686
9	t_nk	PTPRC	True	PTPRC	0.004897390957921743	0.0046627292508548334
10	t_nk	PTPRC	True	PTPRC	0.002775676315650344	0.0027580772261623326
11	t_nk	PTPRC	True	PTPRC	1.8218942880630493	0.7478991596638656
12	t_nk	PTPRC	True	PTPRC	1.2457255125045776	0.7834620334620335
13	t_nk	PTPRC	True	PTPRC	0.0006931248353794217	0.0007386888273314866
14	t_nk	PTPRC	True	PTPRC	0.00551670091226697	0.005703422053231939
15	t_nk	PTPRC	True	PTPRC	0.0023645043838769197	0.003117063033941353
16	t_nk	PTPRC	True	PTPRC	0.013365214690566063	0.011933174224343675
17	t_nk	PTPRC	True	PTPRC	0.007042997516691685	0.00731981981981982
0	t_nk	CD3D	True	CD3D	0.00021238336921669543	0.0003121829392023726
1	t_nk	CD3D	True	CD3D	0.0	0.0
2	t_nk	CD3D	True	CD3D	0.000781737850047648	0.0008934554389099843
3	t_nk	CD3D	True	CD3D	0.001186892855912447	0.0009874917709019092
4	t_nk	CD3D	True	CD3D	0.00013197693624533713	0.0004344048653344917
5	t_nk	CD3D	True	CD3D	0.0	0.0
6	t_nk	CD3D	True	CD3D	0.00040473471744917333	0.0005356186395286556
7	t_nk	CD3D	True	CD3D	0.0008255353313870728	0.0006163328197226503
8	t_nk	CD3D	True	CD3D	0.00017408870917279273	0.00018158707100054475
9	t_nk	CD3D	True	CD3D	0.0011655902490019798	0.0013988187752564502
10	t_nk	CD3D	True	CD3D	0.001189342699944973	0.001182033096926714
11	t_nk	CD3D	True	CD3D	0.8930071592330933	0.4422268907563025
12	t_nk	CD3D	True	CD3D	0.005126237869262695	0.0032175032175032173
13	t_nk	CD3D	True	CD3D	0.0003869413339998573	0.0002770083102493075
14	t_nk	CD3D	True	CD3D	0.002795384731143713	0.0021727322107550242
15	t_nk	CD3D	True	CD3D	0.0007833763957023621	0.0009235742322789194
16	t_nk	CD3D	True	CD3D	0.003229044610634446	0.0032289765548224065
17	t_nk	CD3D	True	CD3D	0.0009323177509941161	0.0014076576576576576
0	t_nk	CD3E	True	CD3E	0.00029980839462950826	0.0004682744088035589
1	t_nk	CD3E	True	CD3E	0.0001274604583159089	0.0005970149253731343
2	t_nk	CD3E	True	CD3E	0.0004842609923798591	0.0005584096493187402
3	t_nk	CD3E	True	CD3E	0.0001534571056254208	0.0003291639236339697
4	t_nk	CD3E	True	CD3E	0.0	0.0
5	t_nk	CD3E	True	CD3E	0.0	0.0
6	t_nk	CD3E	True	CD3E	0.00021152023691684008	0.0003570790930191037
7	t_nk	CD3E	True	CD3E	0.0008599270950071514	0.0009244992295839754
8	t_nk	CD3E	True	CD3E	0.0004327018395997584	0.0005447612130016343
9	t_nk	CD3E	True	CD3E	0.0005517334211617708	0.0006216972334473111
10	t_nk	CD3E	True	CD3E	0.0007062075310386717	0.0007880220646178094
11	t_nk	CD3E	True	CD3E	0.6966366767883301	0.3739495798319328
12	t_nk	CD3E	True	CD3E	0.002981386613100767	0.002574002574002574
13	t_nk	CD3E	True	CD3E	0.0004234878288116306	0.0004616805170821791
14	t_nk	CD3E	True	CD3E	0.0005620599258691072	0.0008147745790331341
15	t_nk	CD3E	True	CD3E	0.0005280659534037113	0.0005772338951743247
16	t_nk	CD3E	True	CD3E	0.0022914891596883535	0.002667415414853292
17	t_nk	CD3E	True	CD3E	0.0014573954977095127	0.0015484234234234234
0	t_nk	TRAC	True	TRAC	0.0007663315627723932	0.001092640287208304
1	t_nk	TRAC	True	TRAC	0.0017395190661773086	0.00208955223880597
2	t_nk	TRAC	True	TRAC	0.018771665170788765	0.01943265579629216
3	t_nk	TRAC	True	TRAC	0.008284026756882668	0.01119157340355497
4	t_nk	TRAC	True	TRAC	0.009068277664482594	0.01216333622936577
5	t_nk	TRAC	True	TRAC	0.0	0.0
6	t_nk	TRAC	True	TRAC	0.0034094355069100857	0.005356186395286556
7	t_nk	TRAC	True	TRAC	0.0013216278748586774	0.0010785824345146378
8	t_nk	TRAC	True	TRAC	0.00503364484757185	0.009442527692028328
9	t_nk	TRAC	True	TRAC	0.020516525954008102	0.02673298103823438
10	t_nk	TRAC	True	TRAC	0.0095591451972723	0.012017336485421592
11	t_nk	TRAC	True	TRAC	0.8440570831298828	0.41386554621848737
12	t_nk	TRAC	True	TRAC	0.006029847078025341	0.006113256113256113
13	t_nk	TRAC	True	TRAC	0.0027215115260332823	0.003970452446906741
14	t_nk	TRAC	True	TRAC	0.008696322329342365	0.012764801738185769
15	t_nk	TRAC	True	TRAC	0.0027131251990795135	0.0042715308242900025
16	t_nk	TRAC	True	TRAC	0.006019230466336012	0.006879123964621648
17	t_nk	TRAC	True	TRAC	0.004605542402714491	0.005771396396396396
0	t_nk	NKG7	True	NKG7	0.00011539589468156919	0.0001560914696011863
1	t_nk	NKG7	True	NKG7	0.0	0.0
2	t_nk	NKG7	True	NKG7	0.0010421493789181113	0.0012285012285012285
3	t_nk	NKG7	True	NKG7	0.000821420457214117	0.0006583278472679394
4	t_nk	NKG7	True	NKG7	0.0	0.0
5	t_nk	NKG7	True	NKG7	0.0	0.0
6	t_nk	NKG7	True	NKG7	0.0	0.0
7	t_nk	NKG7	True	NKG7	0.0	0.0
8	t_nk	NKG7	True	NKG7	0.0002964782761409879	0.0003631741420010895
9	t_nk	NKG7	True	NKG7	0.0004136501520406455	0.00046627292508548337
10	t_nk	NKG7	True	NKG7	0.00014085040311329067	0.0003940110323089047
11	t_nk	NKG7	True	NKG7	0.6050868034362793	0.23739495798319327
12	t_nk	NKG7	True	NKG7	0.004507150966674089	0.005148005148005148
13	t_nk	NKG7	True	NKG7	0.0001613573549548164	9.233610341643582e-05
14	t_nk	NKG7	True	NKG7	0.0017979958793148398	0.0016295491580662683
15	t_nk	NKG7	True	NKG7	0.0006151868728920817	0.0003463403371045948
16	t_nk	NKG7	True	NKG7	0.003928285092115402	0.003088586269830128
17	t_nk	NKG7	True	NKG7	0.0006170182605274022	0.0004222972972972973
0	t_nk	GNLY	True	GNLY	0.0005217817961238325	0.0006243658784047452
1	t_nk	GNLY	True	GNLY	0.0007564305560663342	0.0008955223880597015
2	t_nk	GNLY	True	GNLY	0.0004494509776122868	0.00044672771945499217
3	t_nk	GNLY	True	GNLY	0.01672668568789959	0.030612244897959183
4	t_nk	GNLY	True	GNLY	0.0004059750062879175	0.0008688097306689834
5	t_nk	GNLY	True	GNLY	0.06866326928138733	0.0625
6	t_nk	GNLY	True	GNLY	0.0008364442037418485	0.0007141581860382074
7	t_nk	GNLY	True	GNLY	0.0	0.0
8	t_nk	GNLY	True	GNLY	0.0010616612853482366	0.0018158707100054477
9	t_nk	GNLY	True	GNLY	0.00039523665327578783	0.00031084861672365556
10	t_nk	GNLY	True	GNLY	0.0006368610193021595	0.0003940110323089047
11	t_nk	GNLY	True	GNLY	0.20985320210456848	0.06722689075630252
12	t_nk	GNLY	True	GNLY	0.0013845758512616158	0.001287001287001287
13	t_nk	GNLY	True	GNLY	0.00017254242266062647	0.0002770083102493075
14	t_nk	GNLY	True	GNLY	0.0004947567940689623	0.0005431830526887561
15	t_nk	GNLY	True	GNLY	0.00027955719269812107	0.0003463403371045948
16	t_nk	GNLY	True	GNLY	0.0010699216509237885	0.0008423417099536712
17	t_nk	GNLY	True	GNLY	6.06008579779882e-05	0.00014076576576576576
0	t_nk	KLRD1	True	KLRD1	0.005909263622015715	0.008506985093264653
1	t_nk	KLRD1	True	KLRD1	0.005283771548420191	0.007164179104477612
2	t_nk	KLRD1	True	KLRD1	0.0039958530105650425	0.00625418807236989
3	t_nk	KLRD1	True	KLRD1	0.0028853437397629023	0.004608294930875576
4	t_nk	KLRD1	True	KLRD1	0.00902186706662178	0.008688097306689836
5	t_nk	KLRD1	True	KLRD1	0.0	0.0
6	t_nk	KLRD1	True	KLRD1	0.0034042205661535263	0.007320121406891627
7	t_nk	KLRD1	True	KLRD1	0.015279593877494335	0.017257318952234205
8	t_nk	KLRD1	True	KLRD1	0.006633218843489885	0.012529507899037588
9	t_nk	KLRD1	True	KLRD1	0.005716367624700069	0.009636307118433322
10	t_nk	KLRD1	True	KLRD1	0.0019354260293766856	0.00256107171000788
11	t_nk	KLRD1	True	KLRD1	0.10467157512903214	0.051470588235294115
12	t_nk	KLRD1	True	KLRD1	0.0020034692715853453	0.0028957528957528956
13	t_nk	KLRD1	True	KLRD1	0.0016568921273574233	0.0024007386888273315
14	t_nk	KLRD1	True	KLRD1	0.006684998981654644	0.011678435632808256
15	t_nk	KLRD1	True	KLRD1	0.005094853695482016	0.009120295543754329
16	t_nk	KLRD1	True	KLRD1	0.004201707895845175	0.004913659974729749
17	t_nk	KLRD1	True	KLRD1	0.004215427208691835	0.006475225225225225
0	b_plasma	MS4A1	True	MS4A1	0.0	0.0
1	b_plasma	MS4A1	True	MS4A1	0.0	0.0
2	b_plasma	MS4A1	True	MS4A1	0.0	0.0
3	b_plasma	MS4A1	True	MS4A1	0.0002881420077756047	0.0003291639236339697
4	b_plasma	MS4A1	True	MS4A1	0.0	0.0
5	b_plasma	MS4A1	True	MS4A1	0.0	0.0
6	b_plasma	MS4A1	True	MS4A1	0.0	0.0
7	b_plasma	MS4A1	True	MS4A1	0.0	0.0
8	b_plasma	MS4A1	True	MS4A1	0.0	0.0
9	b_plasma	MS4A1	True	MS4A1	0.0	0.0
10	b_plasma	MS4A1	True	MS4A1	0.0	0.0
11	b_plasma	MS4A1	True	MS4A1	0.06083929166197777	0.03361344537815126
12	b_plasma	MS4A1	True	MS4A1	0.007738607935607433	0.0032175032175032173
13	b_plasma	MS4A1	True	MS4A1	0.0	0.0
14	b_plasma	MS4A1	True	MS4A1	0.00022453417477663606	0.00027159152634437803
15	b_plasma	MS4A1	True	MS4A1	0.0	0.0
16	b_plasma	MS4A1	True	MS4A1	0.00016077912005130202	0.00014039028499227853
17	b_plasma	MS4A1	True	MS4A1	0.00021290458971634507	0.00014076576576576576
0	b_plasma	CD79A	True	CD79A	0.0015251024160534143	0.0025755092484195737
1	b_plasma	CD79A	True	CD79A	0.0013043329818174243	0.0014925373134328358
2	b_plasma	CD79A	True	CD79A	0.0007736810948699713	0.0011168192986374804
3	b_plasma	CD79A	True	CD79A	0.0006701793754473329	0.002304147465437788
4	b_plasma	CD79A	True	CD79A	0.0005123113514855504	0.0008688097306689834
5	b_plasma	CD79A	True	CD79A	0.0	0.0
6	b_plasma	CD79A	True	CD79A	0.0009071320528164506	0.0021424745581146223
7	b_plasma	CD79A	True	CD79A	0.0007849388639442623	0.0010785824345146378
8	b_plasma	CD79A	True	CD79A	0.0018897743429988623	0.0032685672780098057
9	b_plasma	CD79A	True	CD79A	0.0020977777894586325	0.003574759092322039
10	b_plasma	CD79A	True	CD79A	0.0019216506043449044	0.002364066193853428
11	b_plasma	CD79A	True	CD79A	0.027321888133883476	0.01680672268907563
12	b_plasma	CD79A	True	CD79A	0.0036940663121640682	0.0028957528957528956
13	b_plasma	CD79A	True	CD79A	0.000751389074139297	0.0012927054478301017
14	b_plasma	CD79A	True	CD79A	0.0011279205791652203	0.0021727322107550242
15	b_plasma	CD79A	True	CD79A	0.0009125453652814031	0.0016162549064881089
16	b_plasma	CD79A	True	CD79A	0.0006088202935643494	0.0005615611399691141
17	b_plasma	CD79A	True	CD79A	0.0006135987932793796	0.0011261261261261261
0	b_plasma	MZB1	True	MZB1	0.0015748562291264534	0.00296573792242254
1	b_plasma	MZB1	True	MZB1	0.004023401997983456	0.006567164179104477
2	b_plasma	MZB1	True	MZB1	0.00111016642767936	0.0015635470180924726
3	b_plasma	MZB1	True	MZB1	0.005902099423110485	0.012179065174456879
4	b_plasma	MZB1	True	MZB1	0.0004108141001779586	0.0008688097306689834
5	b_plasma	MZB1	True	MZB1	0.0	0.0
6	b_plasma	MZB1	True	MZB1	0.0006009722128510475	0.0014283163720764148
7	b_plasma	MZB1	True	MZB1	0.00013490581477526575	0.00015408320493066256
8	b_plasma	MZB1	True	MZB1	0.002617771038785577	0.004539676775013619
9	b_plasma	MZB1	True	MZB1	0.0015442688018083572	0.002953061858874728
10	b_plasma	MZB1	True	MZB1	0.00205389317125082	0.00256107171000788
11	b_plasma	MZB1	True	MZB1	0.007121325470507145	0.004201680672268907
12	b_plasma	MZB1	True	MZB1	0.004288728814572096	0.004182754182754183
13	b_plasma	MZB1	True	MZB1	0.0008050656178966165	0.0012927054478301017
14	b_plasma	MZB1	True	MZB1	0.0022270106710493565	0.0035306898424769147
15	b_plasma	MZB1	True	MZB1	0.0014398496132344007	0.0021934888016624334
16	b_plasma	MZB1	True	MZB1	0.0016605723649263382	0.001544293134915064
17	b_plasma	MZB1	True	MZB1	0.0005737450555898249	0.0011261261261261261
0	b_plasma	JCHAIN	True	JCHAIN	0.0003747649025171995	0.0007804573480059315
1	b_plasma	JCHAIN	True	JCHAIN	0.0007073202868923545	0.0014925373134328358
2	b_plasma	JCHAIN	True	JCHAIN	0.0006581629277206957	0.0010051373687737324
3	b_plasma	JCHAIN	True	JCHAIN	0.0005414697807282209	0.0009874917709019092
4	b_plasma	JCHAIN	True	JCHAIN	0.000325204455293715	0.0004344048653344917
5	b_plasma	JCHAIN	True	JCHAIN	0.0	0.0
6	b_plasma	JCHAIN	True	JCHAIN	0.00037577212788164616	0.0005356186395286556
7	b_plasma	JCHAIN	True	JCHAIN	0.0	0.0
8	b_plasma	JCHAIN	True	JCHAIN	4.9029527872335166e-05	0.00018158707100054475
9	b_plasma	JCHAIN	True	JCHAIN	0.0012575613800436258	0.0018650917003419335
10	b_plasma	JCHAIN	True	JCHAIN	0.0009293630137108266	0.0009850275807722615
11	b_plasma	JCHAIN	True	JCHAIN	0.024992413818836212	0.011554621848739496
12	b_plasma	JCHAIN	True	JCHAIN	0.0004571087774820626	0.0006435006435006435
13	b_plasma	JCHAIN	True	JCHAIN	0.0005198914441280067	0.0009233610341643582
14	b_plasma	JCHAIN	True	JCHAIN	0.0022599969524890184	0.0032590983161325366
15	b_plasma	JCHAIN	True	JCHAIN	0.0009403842850588262	0.001385361348418379
16	b_plasma	JCHAIN	True	JCHAIN	0.0008446543361060321	0.0009827319949459498
17	b_plasma	JCHAIN	True	JCHAIN	0.00019236798107158393	0.0004222972972972973
0	b_plasma	IGHG1	True	IGHG1	0.0	0.0
1	b_plasma	IGHG1	True	IGHG1	0.003730240510776639	0.004477611940298508
2	b_plasma	IGHG1	True	IGHG1	0.00451846094802022	0.00569577842305115
3	b_plasma	IGHG1	True	IGHG1	0.0016358384164050221	0.0016458196181698486
4	b_plasma	IGHG1	True	IGHG1	0.0019104470266029239	0.0026064291920069507
5	b_plasma	IGHG1	True	IGHG1	0.0	0.0
6	b_plasma	IGHG1	True	IGHG1	0.0002229371457360685	0.00017853954650955185
7	b_plasma	IGHG1	True	IGHG1	0.0	0.0
8	b_plasma	IGHG1	True	IGHG1	0.00031862809555605054	0.0003631741420010895
9	b_plasma	IGHG1	True	IGHG1	0.008164850994944572	0.011501398818775257
10	b_plasma	IGHG1	True	IGHG1	0.000622853054665029	0.0007880220646178094
11	b_plasma	IGHG1	True	IGHG1	0.013859865255653858	0.0021008403361344537
12	b_plasma	IGHG1	True	IGHG1	0.0	0.0
13	b_plasma	IGHG1	True	IGHG1	0.0	0.0
14	b_plasma	IGHG1	True	IGHG1	0.0018305282574146986	0.0016295491580662683
15	b_plasma	IGHG1	True	IGHG1	0.00021879714040551335	0.0004617871161394597
16	b_plasma	IGHG1	True	IGHG1	0.00022513388830702752	0.00028078056998455706
17	b_plasma	IGHG1	True	IGHG1	0.00015940109733492136	0.00014076576576576576
0	b_plasma	XBP1	True	XBP1	1.2288316488265991	0.8101927729649575
1	b_plasma	XBP1	True	XBP1	0.9563383460044861	0.7283582089552239
2	b_plasma	XBP1	True	XBP1	0.5874110460281372	0.5383069019432656
3	b_plasma	XBP1	True	XBP1	0.3650006055831909	0.38545095457537853
4	b_plasma	XBP1	True	XBP1	0.6908386945724487	0.5060816681146829
5	b_plasma	XBP1	True	XBP1	0.5310554504394531	0.5
6	b_plasma	XBP1	True	XBP1	1.8265596628189087	0.9235850740939118
7	b_plasma	XBP1	True	XBP1	1.1509507894515991	0.7154083204930662
8	b_plasma	XBP1	True	XBP1	1.137412428855896	0.7693844198293082
9	b_plasma	XBP1	True	XBP1	0.8996546268463135	0.7028287224121853
10	b_plasma	XBP1	True	XBP1	0.6239142417907715	0.48207249802994484
11	b_plasma	XBP1	True	XBP1	0.5735965371131897	0.32983193277310924
12	b_plasma	XBP1	True	XBP1	0.5239315629005432	0.4424066924066924
13	b_plasma	XBP1	True	XBP1	1.0676677227020264	0.7751615881809788
14	b_plasma	XBP1	True	XBP1	0.8755068182945251	0.7126561651276481
15	b_plasma	XBP1	True	XBP1	1.1233088970184326	0.8182867697991226
16	b_plasma	XBP1	True	XBP1	0.6528410911560059	0.5257616172960831
17	b_plasma	XBP1	True	XBP1	1.0603358745574951	0.7554898648648649
0	cycling	MKI67	True	MKI67	0.00011186349001945928	0.00023413720440177945
1	cycling	MKI67	True	MKI67	0.00015465225442312658	0.00029850746268656717
2	cycling	MKI67	True	MKI67	0.0007788861985318363	0.0008934554389099843
3	cycling	MKI67	True	MKI67	0.005907721817493439	0.005595786701777485
4	cycling	MKI67	True	MKI67	0.0004475825699046254	0.0008688097306689834
5	cycling	MKI67	True	MKI67	0.0	0.0
6	cycling	MKI67	True	MKI67	0.0007934658788144588	0.0005356186395286556
7	cycling	MKI67	True	MKI67	0.0	0.0
8	cycling	MKI67	True	MKI67	0.0002531460777390748	0.0003631741420010895
9	cycling	MKI67	True	MKI67	0.0004291489312890917	0.000777121541809139
10	cycling	MKI67	True	MKI67	0.0067457715049386024	0.004334121355397951
11	cycling	MKI67	True	MKI67	0.02217409759759903	0.015756302521008403
12	cycling	MKI67	True	MKI67	0.012268341146409512	0.0074002574002574005
13	cycling	MKI67	True	MKI67	9.500224405201152e-05	9.233610341643582e-05
14	cycling	MKI67	True	MKI67	0.02082972414791584	0.016295491580662683
15	cycling	MKI67	True	MKI67	6.78358119330369e-05	0.00023089355806972986
16	cycling	MKI67	True	MKI67	0.0009576622396707535	0.0008423417099536712
17	cycling	MKI67	True	MKI67	0.0009195605525746942	0.0009853603603603603
0	cycling	TOP2A	True	TOP2A	0.0014441245002672076	0.0019511433700148287
1	cycling	TOP2A	True	TOP2A	0.002324966713786125	0.0029850746268656717
2	cycling	TOP2A	True	TOP2A	0.00693823117762804	0.009046236318963593
3	cycling	TOP2A	True	TOP2A	0.013662353157997131	0.019091507570770244
4	cycling	TOP2A	True	TOP2A	0.0036459846887737513	0.0047784535186794095
5	cycling	TOP2A	True	TOP2A	0.0	0.0
6	cycling	TOP2A	True	TOP2A	0.0011928732274100184	0.0017853954650955187
7	cycling	TOP2A	True	TOP2A	0.002241766545921564	0.002003081664098613
8	cycling	TOP2A	True	TOP2A	0.002344213891774416	0.00381332849101144
9	cycling	TOP2A	True	TOP2A	0.004382880870252848	0.006683245259558595
10	cycling	TOP2A	True	TOP2A	0.013528079725801945	0.013002364066193853
11	cycling	TOP2A	True	TOP2A	0.043022386729717255	0.0273109243697479
12	cycling	TOP2A	True	TOP2A	0.01859179325401783	0.015444015444015444
13	cycling	TOP2A	True	TOP2A	0.0014136065728962421	0.001569713758079409
14	cycling	TOP2A	True	TOP2A	0.02494138851761818	0.020369364475828353
15	cycling	TOP2A	True	TOP2A	0.0016447351081296802	0.002770722696836758
16	cycling	TOP2A	True	TOP2A	0.00453413650393486	0.005054050259722027
17	cycling	TOP2A	True	TOP2A	0.0026830430142581463	0.003941441441441441
0	cycling	UBE2C	True	UBE2C	0.0009483442408964038	0.00148286896121127
1	cycling	UBE2C	True	UBE2C	0.001438819570466876	0.001791044776119403
2	cycling	UBE2C	True	UBE2C	0.002393631264567375	0.0036855036855036856
3	cycling	UBE2C	True	UBE2C	0.006277943961322308	0.007241606319947334
4	cycling	UBE2C	True	UBE2C	0.0009308629669249058	0.0017376194613379669
5	cycling	UBE2C	True	UBE2C	0.0	0.0
6	cycling	UBE2C	True	UBE2C	0.0015898130368441343	0.002499553651133726
7	cycling	UBE2C	True	UBE2C	0.0003769185277633369	0.0004622496147919877
8	cycling	UBE2C	True	UBE2C	0.001984194153919816	0.0032685672780098057
9	cycling	UBE2C	True	UBE2C	0.0011145594762638211	0.0018650917003419335
10	cycling	UBE2C	True	UBE2C	0.0077935392037034035	0.007486209613869189
11	cycling	UBE2C	True	UBE2C	0.019017767161130905	0.01365546218487395
12	cycling	UBE2C	True	UBE2C	0.012358268722891808	0.011904761904761904
13	cycling	UBE2C	True	UBE2C	0.001925593358464539	0.003139427516158818
14	cycling	UBE2C	True	UBE2C	0.018792178481817245	0.017925040738728953
15	cycling	UBE2C	True	UBE2C	0.0016339506255462766	0.003117063033941353
16	cycling	UBE2C	True	UBE2C	0.0027928885538131	0.0037905376947915204
17	cycling	UBE2C	True	UBE2C	0.00174176343716681	0.0032376126126126125
0	cycling	HMGB2	True	HMGB2	0.4833777844905853	0.4998048856629985
1	cycling	HMGB2	True	HMGB2	0.487600713968277	0.49014925373134327
2	cycling	HMGB2	True	HMGB2	0.37011757493019104	0.3777082867991959
3	cycling	HMGB2	True	HMGB2	0.5920621752738953	0.5427913100724161
4	cycling	HMGB2	True	HMGB2	0.7457670569419861	0.5673327541268463
5	cycling	HMGB2	True	HMGB2	0.3649832606315613	0.3125
6	cycling	HMGB2	True	HMGB2	0.8535866141319275	0.7264774147473665
7	cycling	HMGB2	True	HMGB2	0.9446736574172974	0.6516178736517719
8	cycling	HMGB2	True	HMGB2	0.7687121629714966	0.7143635373161431
9	cycling	HMGB2	True	HMGB2	0.6446320414543152	0.6035125893689773
10	cycling	HMGB2	True	HMGB2	0.4634324908256531	0.42533490937746254
11	cycling	HMGB2	True	HMGB2	0.5851084589958191	0.31512605042016806
12	cycling	HMGB2	True	HMGB2	0.4132238030433655	0.37805662805662804
13	cycling	HMGB2	True	HMGB2	0.722335696220398	0.6548476454293629
14	cycling	HMGB2	True	HMGB2	0.3130808174610138	0.3430200977729495
15	cycling	HMGB2	True	HMGB2	0.28160396218299866	0.358115908566151
16	cycling	HMGB2	True	HMGB2	0.4172643721103668	0.3727362066544995
17	cycling	HMGB2	True	HMGB2	0.3918266296386719	0.42173423423423423
0	cycling	CENPF	True	CENPF	0.006331743206828833	0.00967767111527355
1	cycling	CENPF	True	CENPF	0.004714209586381912	0.005373134328358209
2	cycling	CENPF	True	CENPF	0.015221379697322845	0.017645744918472192
3	cycling	CENPF	True	CENPF	0.038070738315582275	0.04838709677419355
4	cycling	CENPF	True	CENPF	0.004149238578975201	0.005212858384013901
5	cycling	CENPF	True	CENPF	0.0	0.0
6	cycling	CENPF	True	CENPF	0.006202392745763063	0.00946259596500625
7	cycling	CENPF	True	CENPF	0.005399549379944801	0.005084745762711864
8	cycling	CENPF	True	CENPF	0.009420009329915047	0.014708552751044126
9	cycling	CENPF	True	CENPF	0.010662880726158619	0.016008703761268263
10	cycling	CENPF	True	CENPF	0.022408990189433098	0.02127659574468085
11	cycling	CENPF	True	CENPF	0.06434115022420883	0.03991596638655462
12	cycling	CENPF	True	CENPF	0.03925947844982147	0.03346203346203346
13	cycling	CENPF	True	CENPF	0.0046122935600578785	0.007017543859649123
14	cycling	CENPF	True	CENPF	0.044068966060876846	0.035850081477457905
15	cycling	CENPF	True	CENPF	0.004870337899774313	0.00727314707919649
16	cycling	CENPF	True	CENPF	0.008373221382498741	0.007861855959567598
17	cycling	CENPF	True	CENPF	0.008201735094189644	0.011120495495495495
0	cycling	TYMS	True	TYMS	0.0357716828584671	0.04870053851557012
1	cycling	TYMS	True	TYMS	0.00988538283854723	0.013432835820895522
2	cycling	TYMS	True	TYMS	0.010613290593028069	0.013513513513513514
3	cycling	TYMS	True	TYMS	0.027187585830688477	0.035878867676102696
4	cycling	TYMS	True	TYMS	0.007440161891281605	0.006516072980017376
5	cycling	TYMS	True	TYMS	0.0	0.0
6	cycling	TYMS	True	TYMS	0.024654770269989967	0.04284949116229245
7	cycling	TYMS	True	TYMS	0.016071010380983353	0.017103235747303543
8	cycling	TYMS	True	TYMS	0.011750060133635998	0.02287997094606864
9	cycling	TYMS	True	TYMS	0.006995098665356636	0.010568852968604289
10	cycling	TYMS	True	TYMS	0.025670640170574188	0.02797478329393223
11	cycling	TYMS	True	TYMS	0.015867920592427254	0.012605042016806723
12	cycling	TYMS	True	TYMS	0.010480406694114208	0.01126126126126126
13	cycling	TYMS	True	TYMS	0.014587393961846828	0.02059095106186519
14	cycling	TYMS	True	TYMS	0.05440473556518555	0.06382400869092884
15	cycling	TYMS	True	TYMS	0.01811753399670124	0.028746247979681366
16	cycling	TYMS	True	TYMS	0.014946723356842995	0.015864102204127473
17	cycling	TYMS	True	TYMS	0.015609831549227238	0.023507882882882882
0	erythrocyte	HBB	True	HBB	0.0001245342573383823	0.0001560914696011863
1	erythrocyte	HBB	True	HBB	0.0	0.0
2	erythrocyte	HBB	True	HBB	0.0781281515955925	0.07460352914898369
3	erythrocyte	HBB	True	HBB	0.07145180553197861	0.05892034233048058
4	erythrocyte	HBB	True	HBB	0.12630583345890045	0.10599478714161599
5	erythrocyte	HBB	True	HBB	0.18868473172187805	0.125
6	erythrocyte	HBB	True	HBB	0.03481011837720871	0.027316550615961437
7	erythrocyte	HBB	True	HBB	0.12936842441558838	0.10755007704160247
8	erythrocyte	HBB	True	HBB	0.0005422335816547275	0.0003631741420010895
9	erythrocyte	HBB	True	HBB	0.01674634963274002	0.017096673919801058
10	erythrocyte	HBB	True	HBB	0.05114436894655228	0.04393223010244287
11	erythrocyte	HBB	True	HBB	0.20946712791919708	0.05777310924369748
12	erythrocyte	HBB	True	HBB	0.057054292410612106	0.04665379665379665
13	erythrocyte	HBB	True	HBB	0.0190944392234087	0.018928901200369344
14	erythrocyte	HBB	True	HBB	0.0743512287735939	0.07984790874524715
15	erythrocyte	HBB	True	HBB	0.0601593554019928	0.0727314707919649
16	erythrocyte	HBB	True	HBB	0.18200242519378662	0.15793907061631335
17	erythrocyte	HBB	True	HBB	0.010987689718604088	0.008445945945945946
0	erythrocyte	HBA1	True	HBA1	0.0006233956664800644	0.0007804573480059315
1	erythrocyte	HBA1	True	HBA1	0.0006648548296652734	0.0011940298507462687
2	erythrocyte	HBA1	True	HBA1	0.010432548820972443	0.008264462809917356
3	erythrocyte	HBA1	True	HBA1	0.008727163076400757	0.008229098090849244
4	erythrocyte	HBA1	True	HBA1	0.015572081319987774	0.011728931364031277
5	erythrocyte	HBA1	True	HBA1	0.05509655550122261	0.0625
6	erythrocyte	HBA1	True	HBA1	0.010309014469385147	0.0058918050348152114
7	erythrocyte	HBA1	True	HBA1	0.01636512018740177	0.010631741140215716
8	erythrocyte	HBA1	True	HBA1	0.00057744060177356	0.0012711094970038134
9	erythrocyte	HBA1	True	HBA1	0.004316842649132013	0.00419645632576935
10	erythrocyte	HBA1	True	HBA1	0.009377176873385906	0.009850275807722617
11	erythrocyte	HBA1	True	HBA1	0.11241127550601959	0.029411764705882353
12	erythrocyte	HBA1	True	HBA1	0.006028084550052881	0.0054697554697554695
13	erythrocyte	HBA1	True	HBA1	0.003017197595909238	0.003139427516158818
14	erythrocyte	HBA1	True	HBA1	0.012228714302182198	0.014394350896252036
15	erythrocyte	HBA1	True	HBA1	0.006613732781261206	0.006118679288847841
16	erythrocyte	HBA1	True	HBA1	0.027697011828422546	0.02498947072862558
17	erythrocyte	HBA1	True	HBA1	0.0025202713441103697	0.0019707207207207205
0	erythrocyte	HBA2	True	HBA2	0.0002761147916316986	0.00039022867400296575
1	erythrocyte	HBA2	True	HBA2	0.00018733259639702737	0.0005970149253731343
2	erythrocyte	HBA2	True	HBA2	0.018506189808249474	0.015858834040652223
3	erythrocyte	HBA2	True	HBA2	0.01701371744275093	0.015141540487162607
4	erythrocyte	HBA2	True	HBA2	0.02848508395254612	0.02041702867072111
5	erythrocyte	HBA2	True	HBA2	0.025611110031604767	0.0625
6	erythrocyte	HBA2	True	HBA2	0.014866149984300137	0.00767720049991073
7	erythrocyte	HBA2	True	HBA2	0.030471239238977432	0.021879815100154083
8	erythrocyte	HBA2	True	HBA2	0.0006993336137384176	0.0010895224260032686
9	erythrocyte	HBA2	True	HBA2	0.006718198303133249	0.005906123717749456
10	erythrocyte	HBA2	True	HBA2	0.01381669845432043	0.012214342001576044
11	erythrocyte	HBA2	True	HBA2	0.12360431998968124	0.029411764705882353
12	erythrocyte	HBA2	True	HBA2	0.009163657203316689	0.007078507078507079
13	erythrocyte	HBA2	True	HBA2	0.004458239767700434	0.003231763619575254
14	erythrocyte	HBA2	True	HBA2	0.016205962747335434	0.017110266159695818
15	erythrocyte	HBA2	True	HBA2	0.010733813047409058	0.011544677903486492
16	erythrocyte	HBA2	True	HBA2	0.047601550817489624	0.04239786606766812
17	erythrocyte	HBA2	True	HBA2	0.0028929896652698517	0.0021114864864864866
0	erythrocyte	ALAS2	True	ALAS2	9.832437353907153e-05	0.0001560914696011863
1	erythrocyte	ALAS2	True	ALAS2	0.0002751327119767666	0.00029850746268656717
2	erythrocyte	ALAS2	True	ALAS2	0.0007687452016398311	0.0006700915791824883
3	erythrocyte	ALAS2	True	ALAS2	0.0010674541117623448	0.0006583278472679394
4	erythrocyte	ALAS2	True	ALAS2	0.00029816108872182667	0.0004344048653344917
5	erythrocyte	ALAS2	True	ALAS2	0.0	0.0
6	erythrocyte	ALAS2	True	ALAS2	0.00023122304992284626	0.00017853954650955185
7	erythrocyte	ALAS2	True	ALAS2	0.0003757420345209539	0.0004622496147919877
8	erythrocyte	ALAS2	True	ALAS2	0.0001018022230709903	0.00018158707100054475
9	erythrocyte	ALAS2	True	ALAS2	0.0	0.0
10	erythrocyte	ALAS2	True	ALAS2	0.0	0.0
11	erythrocyte	ALAS2	True	ALAS2	0.03996596857905388	0.015756302521008403
12	erythrocyte	ALAS2	True	ALAS2	0.00046200587530620396	0.0006435006435006435
13	erythrocyte	ALAS2	True	ALAS2	7.335952250286937e-05	9.233610341643582e-05
14	erythrocyte	ALAS2	True	ALAS2	0.0	0.0
15	erythrocyte	ALAS2	True	ALAS2	0.0004949524300172925	0.0003463403371045948
16	erythrocyte	ALAS2	True	ALAS2	0.00041285966290161014	0.0005615611399691141
17	erythrocyte	ALAS2	True	ALAS2	0.0005502378335222602	0.0005630630630630631
0	erythrocyte	SLC4A1	True	SLC4A1	0.0044851647689938545	0.008194802154062281
1	erythrocyte	SLC4A1	True	SLC4A1	0.010395360179245472	0.014925373134328358
2	erythrocyte	SLC4A1	True	SLC4A1	0.00448487838730216	0.006812597721688631
3	erythrocyte	SLC4A1	True	SLC4A1	0.0023941779509186745	0.004279131007241606
4	erythrocyte	SLC4A1	True	SLC4A1	0.0026636519469320774	0.0030408340573414424
5	erythrocyte	SLC4A1	True	SLC4A1	0.0	0.0
6	erythrocyte	SLC4A1	True	SLC4A1	0.0017071120673790574	0.0028566327441528296
7	erythrocyte	SLC4A1	True	SLC4A1	0.002765432931482792	0.002773497688751926
8	erythrocyte	SLC4A1	True	SLC4A1	0.0021699147764593363	0.0032685672780098057
9	erythrocyte	SLC4A1	True	SLC4A1	0.0018321642419323325	0.003108486167236556
10	erythrocyte	SLC4A1	True	SLC4A1	0.001416132552549243	0.0017730496453900709
11	erythrocyte	SLC4A1	True	SLC4A1	0.03461460396647453	0.014705882352941176
12	erythrocyte	SLC4A1	True	SLC4A1	0.0026100552640855312	0.0028957528957528956
13	erythrocyte	SLC4A1	True	SLC4A1	0.007692156359553337	0.010433979686057249
14	erythrocyte	SLC4A1	True	SLC4A1	0.002547832438722253	0.0043454644215100485
15	erythrocyte	SLC4A1	True	SLC4A1	0.005276631098240614	0.00819672131147541
16	erythrocyte	SLC4A1	True	SLC4A1	0.008046358823776245	0.00954653937947494
17	erythrocyte	SLC4A1	True	SLC4A1	0.001816732925362885	0.003519144144144144
