k	program	rank	gene
5	1	1	GPX3
5	1	2	MT1X
5	1	3	DDIT4
5	1	4	MT1E
5	1	5	GALNT15
5	1	6	MT1M
5	1	7	SUN2
5	1	8	MT2A
5	1	9	RBP4
5	1	10	ANGPTL7
5	1	11	FAXDC2
5	1	12	GPM6B
5	1	13	SOCS3
5	1	14	TXNIP
5	1	15	CDA
5	1	16	FOS
5	1	17	CYP4B1
5	1	18	RASD1
5	1	19	GADD45B
5	1	20	FRZB
5	1	21	OXA1L
5	1	22	MMP3
5	1	23	ADCY2
5	1	24	JUN
5	1	25	CHI3L1
5	1	26	MUC20-OT1
5	1	27	ACADL
5	1	28	NR1D1
5	1	29	RIPOR2
5	1	30	CCDC3
5	1	31	FBXO2
5	1	32	DCN
5	1	33	FBLN1
5	1	34	MEG3
5	1	35	CITED2
5	1	36	IGFBP6
5	1	37	STC2
5	1	38	COMP
5	1	39	MTHFD2
5	1	40	PRELP
5	1	41	GLUL
5	1	42	ATOH8
5	1	43	ID1
5	1	44	CPAMD8
5	1	45	RGS16
5	1	46	CYR61
5	1	47	BTG2
5	1	48	NEAT1
5	1	49	C9orf3
5	1	50	PCDH17
5	1	51	ILF3-DT
5	1	52	C2orf40
5	1	53	PLPP3
5	1	54	SLPI
5	1	55	FKBP5
5	1	56	C1QTNF7
5	1	57	TMEM204
5	1	58	DLX5
5	1	59	CTGF
5	1	60	ITGA10
5	1	61	SOD2
5	1	62	MT1G
5	1	63	PDK4
5	1	64	CD14
5	1	65	POU3F1
5	1	66	CKB
5	1	67	BCL6
5	1	68	MT1A
5	1	69	ZNF703
5	1	70	DIO3OS
5	1	71	ADM
5	1	72	HIST1H1C
5	1	73	DEPP1
5	1	74	LAG3
5	1	75	IL6R
5	1	76	DUSP1
5	1	77	AHNAK2
5	1	78	TPRG1
5	1	79	LOX
5	1	80	MT1F
5	1	81	CORO6
5	1	82	SLC25A37
5	1	83	ANGPTL5
5	1	84	NR4A1
5	1	85	ADAMTSL4
5	1	86	AR
5	1	87	APOD
5	1	88	MT1H
5	1	89	PIK3R1
5	1	90	TIMP4
5	1	91	SEPT11
5	1	92	MYC
5	1	93	MAFB
5	1	94	NXPE4
5	1	95	SCIN
5	1	96	Z93241.1
5	1	97	MYO10
5	1	98	IER5
5	1	99	AC008592.5
5	1	100	CHAD
5	2	1	RPS17
5	2	2	RPL17
5	2	3	MIF
5	2	4	VEGFA
5	2	5	EEF1G
5	2	6	GAS5
5	2	7	NME2
5	2	8	SNHG29
5	2	9	RNASEK
5	2	10	GABARAP
5	2	11	SEPTIN7
5	2	12	BMP2
5	2	13	SNHG5
5	2	14	TNFRSF12A
5	2	15	SERPINA3
5	2	16	ECRG4
5	2	17	FGF2
5	2	18	PAPSS2
5	2	19	HSPA5
5	2	20	CHAC1
5	2	21	SERPINA1
5	2	22	SOX9
5	2	23	RCAN1
5	2	24	MICOS10
5	2	25	INHBA
5	2	26	FOSL1
5	2	27	FOXC2
5	2	28	GLIS3
5	2	29	EGR1
5	2	30	PTGS2
5	2	31	KDM6B
5	2	32	FNIP2
5	2	33	CILP
5	2	34	KIAA0040
5	2	35	CDKN1A
5	2	36	SDF2L1
5	2	37	BNIP3
5	2	38	SIPA1L2
5	2	39	H19
5	2	40	ANGPTL4
5	2	41	CCN1
5	2	42	SLC2A1
5	2	43	CHD2
5	2	44	BHLHE40
5	2	45	ERRFI1
5	2	46	CDON
5	2	47	SEPTIN2
5	2	48	EGLN3
5	2	49	S100A1
5	2	50	TNFRSF10D
5	2	51	TCEAL2
5	2	52	COL2A1
5	2	53	STK38L
5	2	54	SLC7A11
5	2	55	HMOX1
5	2	56	ABI3BP
5	2	57	LIF
5	2	58	CHST3
5	2	59	PTGES
5	2	60	IL11
5	2	61	TIAM2
5	2	62	PHLDA2
5	2	63	EGR3
5	2	64	MIA
5	2	65	ANK3
5	2	66	ATXN7
5	2	67	CA9
5	2	68	ACAN
5	2	69	PPP1R15A
5	2	70	SNHG14
5	2	71	CLU
5	2	72	OGN
5	2	73	CHAD
5	2	74	TSC22D1
5	2	75	TIPARP
5	2	76	CRIP1
5	2	77	WWP2
5	2	78	RFLNB
5	2	79	DDIT4L
5	2	80	BGN
5	2	81	ZNF395
5	2	82	BIRC3
5	2	83	SLC16A10
5	2	84	FHL2
5	2	85	EIF4EBP1
5	2	86	CCN2
5	2	87	FAM43A
5	2	88	IFITM10
5	2	89	VSIG10L2
5	2	90	CILP2
5	2	91	NFATC2
5	2	92	PRELP
5	2	93	DNAJB1
5	2	94	PLEKHA1
5	2	95	COL11A1
5	2	96	HSPH1
5	2	97	ADSSL1
5	2	98	PDE4B
5	2	99	NFKBIZ
5	2	100	ATP1B1
5	3	1	SERPINF1
5	3	2	C1R
5	3	3	C1S
5	3	4	COL14A1
5	3	5	EFEMP1
5	3	6	SFRP1
5	3	7	CXCL12
5	3	8	EPHX1
5	3	9	MMP2
5	3	10	IGFBP4
5	3	11	SELENOP
5	3	12	BASP1
5	3	13	CYP1B1
5	3	14	IGF1
5	3	15	CFD
5	3	16	AHR
5	3	17	EBF1
5	3	18	SRPX
5	3	19	TMSB10
5	3	20	CALD1
5	3	21	PLTP
5	3	22	PLPP1
5	3	23	ZFP36L1
5	3	24	PLA2G2A
5	3	25	GGT5
5	3	26	PODN
5	3	27	PTGFR
5	3	28	GSN
5	3	29	DCLK1
5	3	30	MARCKS
5	3	31	ITM2A
5	3	32	KCNE4
5	3	33	GPNMB
5	3	34	C3
5	3	35	FILIP1L
5	3	36	CCN5
5	3	37	ZFP36L2
5	3	38	MT-ND3
5	3	39	FBLN2
5	3	40	LAMB1
5	3	41	MYL9
5	3	42	KCTD12
5	3	43	AKR1C3
5	3	44	PDGFRA
5	3	45	LGALS3BP
5	3	46	FSTL1
5	3	47	VCAN
5	3	48	CRISPLD1
5	3	49	AKR1C1
5	3	50	C7
5	3	51	TSHZ2
5	3	52	NFIB
5	3	53	ANGPTL1
5	3	54	OLFML3
5	3	55	NR2F2
5	3	56	MT-ATP6
5	3	57	TWIST1
5	3	58	TMEM176B
5	3	59	HSPH1
5	3	60	PTGER4
5	3	61	MGST1
5	3	62	MT-ND1
5	3	63	THY1
5	3	64	BICC1
5	3	65	SFRP2
5	3	66	ADD3
5	3	67	TMEM176A
5	3	68	MT-CYB
5	3	69	SAMHD1
5	3	70	CELF2
5	3	71	FBLN1
5	3	72	CFH
5	3	73	FYN
5	3	74	C16orf89
5	3	75	NID1
5	3	76	PDE5A
5	3	77	PPP1R15A
5	3	78	MFAP5
5	3	79	PCDH18
5	3	80	MT-CO1
5	3	81	NRP1
5	3	82	MAP1B
5	3	83	OLFML1
5	3	84	HLA-DRB1
5	3	85	PDGFRL
5	3	86	COL6A2
5	3	87	PDGFRB
5	3	88	CAMK2N1
5	3	89	RARRES2
5	3	90	AKAP12
5	3	91	THBS2
5	3	92	FBN1
5	3	93	JUN
5	3	94	PRSS23
5	3	95	GEM
5	3	96	LIMA1
5	3	97	LAMA4
5	3	98	VIT
5	3	99	HELLPAR
5	3	100	ADAMTS1
5	4	1	SPARC
5	4	2	COL1A2
5	4	3	ASPN
5	4	4	COL5A2
5	4	5	COL3A1
5	4	6	DPT
5	4	7	COL5A1
5	4	8	COL1A1
5	4	9	CRLF1
5	4	10	TGFBI
5	4	11	S100A4
5	4	12	CCND1
5	4	13	DKK3
5	4	14	FN1
5	4	15	FMOD
5	4	16	ANGPTL2
5	4	17	LOXL2
5	4	18	MXRA5
5	4	19	ISLR
5	4	20	AQP1
5	4	21	PRDX4
5	4	22	TSPAN2
5	4	23	S100A10
5	4	24	LUM
5	4	25	LGALS1
5	4	26	COL6A1
5	4	27	TREM1
5	4	28	COL6A2
5	4	29	CAPS
5	4	30	HTRA1
5	4	31	C12orf75
5	4	32	FAP
5	4	33	ITGB1
5	4	34	FNDC1
5	4	35	OGN
5	4	36	LRRC15
5	4	37	BGN
5	4	38	COL15A1
5	4	39	ANXA2
5	4	40	NDUFA4L2
5	4	41	SCX
5	4	42	COL6A3
5	4	43	COL8A1
5	4	44	P4HB
5	4	45	TNC
5	4	46	S100A6
5	4	47	ABHD2
5	4	48	SCRG1
5	4	49	IGFBP7
5	4	50	ANO1
5	4	51	SRPX2
5	4	52	NBL1
5	4	53	PPP1R14B
5	4	54	SMOC1
5	4	55	ATP1B1
5	4	56	LTBP1
5	4	57	POSTN
5	4	58	CD70
5	4	59	PRSS23
5	4	60	HSPG2
5	4	61	CD55
5	4	62	THBS3
5	4	63	TIMP1
5	4	64	RFLNB
5	4	65	TUBA1A
5	4	66	AEBP1
5	4	67	ENPP1
5	4	68	THY1
5	4	69	CRABP2
5	4	70	TMSB4X
5	4	71	TNFRSF11B
5	4	72	C9orf3
5	4	73	WISP1
5	4	74	EMP3
5	4	75	FXYD6
5	4	76	CST6
5	4	77	TPM1
5	4	78	PXDN
5	4	79	SMOC2
5	4	80	SERPINE1
5	4	81	SERPINA5
5	4	82	MICAL2
5	4	83	C1QTNF3
5	4	84	CILP2
5	4	85	TNFAIP6
5	4	86	CCDC80
5	4	87	RAI14
5	4	88	SLN
5	4	89	FSTL1
5	4	90	TPPP3
5	4	91	TYMP
5	4	92	ADAMTS6
5	4	93	PART1
5	4	94	MATN2
5	4	95	COL2A1
5	4	96	EDIL3
5	4	97	ITGA11
5	4	98	SPON2
5	4	99	COL11A1
5	4	100	CDH13
5	5	1	PRG4
5	5	2	ITGBL1
5	5	3	CLIC5
5	5	4	TMEM196
5	5	5	TIMP3
5	5	6	DNASE1L3
5	5	7	SPARCL1
5	5	8	ZNF385B
5	5	9	ITGB8
5	5	10	CRTAC1
5	5	11	HBEGF
5	5	12	HHIP
5	5	13	PCSK6
5	5	14	GABRA4
5	5	15	GPR1
5	5	16	HTRA4
5	5	17	DIRC3
5	5	18	TSPAN15
5	5	19	SEMA3A
5	5	20	APLP2
5	5	21	GFPT2
5	5	22	CFI
5	5	23	SEMA5A
5	5	24	NTN4
5	5	25	HHIP-AS1
5	5	26	COLEC12
5	5	27	CREB5
5	5	28	SMIM14
5	5	29	SCARA5
5	5	30	MTUS2
5	5	31	HAS1
5	5	32	CHST2
5	5	33	ITM2B
5	5	34	HTRA1
5	5	35	COL22A1
5	5	36	APBB1IP
5	5	37	SELP
5	5	38	SEMA3C
5	5	39	TFPI
5	5	40	SLC2A12
5	5	41	BTC
5	5	42	SORBS2
5	5	43	FGF10
5	5	44	CTTNBP2
5	5	45	TPPP3
5	5	46	GJB2
5	5	47	ITGA6
5	5	48	MAL
5	5	49	AC004540.2
5	5	50	EPB41L3
5	5	51	TWISTNB
5	5	52	S100A4
5	5	53	PPM1L
5	5	54	ARL2
5	5	55	DLX4
5	5	56	TSPAN7
5	5	57	DLX3
5	5	58	FGL2
5	5	59	PPP1R1A
5	5	60	ARHGAP28
5	5	61	ENPP4
5	5	62	GJB6
5	5	63	KHDRBS3
5	5	64	MT-CYB
5	5	65	EPB41L1
5	5	66	CLUL1
5	5	67	C11orf96
5	5	68	F5
5	5	69	ZEB2
5	5	70	EFNB2
5	5	71	CSF1
5	5	72	CXCL1
5	5	73	TMSB4X
5	5	74	MYPN
5	5	75	PLEKHA1
5	5	76	TMEM100
5	5	77	EREG
5	5	78	NDNF
5	5	79	PMAIP1
5	5	80	AC005062.1
5	5	81	FN1
5	5	82	EMP3
5	5	83	DEFB1
5	5	84	MT-CO1
5	5	85	PDGFD
5	5	86	SHANK2
5	5	87	CADM3
5	5	88	CRIP1
5	5	89	SAMD5
5	5	90	PHACTR2
5	5	91	BST2
5	5	92	MT-CO2
5	5	93	MT-CO3
5	5	94	GPR183
5	5	95	TOX3
5	5	96	VSIG10L2
5	5	97	THBS4
5	5	98	MT-ATP6
5	5	99	S100A6
5	5	100	IFI27
6	1	1	GPX3
6	1	2	MT1X
6	1	3	DDIT4
6	1	4	GALNT15
6	1	5	MT1E
6	1	6	MT1M
6	1	7	SUN2
6	1	8	MT2A
6	1	9	ANGPTL7
6	1	10	RBP4
6	1	11	FAXDC2
6	1	12	GPM6B
6	1	13	TXNIP
6	1	14	CYP4B1
6	1	15	SOCS3
6	1	16	CDA
6	1	17	FOS
6	1	18	RASD1
6	1	19	OXA1L
6	1	20	MMP3
6	1	21	ADCY2
6	1	22	GADD45B
6	1	23	CHI3L1
6	1	24	MUC20-OT1
6	1	25	IGFBP6
6	1	26	JUN
6	1	27	RIPOR2
6	1	28	ACADL
6	1	29	FRZB
6	1	30	CCDC3
6	1	31	NR1D1
6	1	32	FBLN1
6	1	33	NEAT1
6	1	34	MTHFD2
6	1	35	MEG3
6	1	36	GLUL
6	1	37	STC2
6	1	38	CITED2
6	1	39	ATOH8
6	1	40	BTG2
6	1	41	CPAMD8
6	1	42	PLPP3
6	1	43	FBXO2
6	1	44	FKBP5
6	1	45	ILF3-DT
6	1	46	PCDH17
6	1	47	SOD2
6	1	48	RGS16
6	1	49	ID1
6	1	50	SLPI
6	1	51	DCN
6	1	52	C1QTNF7
6	1	53	TMEM204
6	1	54	DLX5
6	1	55	PDK4
6	1	56	AHNAK2
6	1	57	BCL6
6	1	58	CYR61
6	1	59	PRELP
6	1	60	COMP
6	1	61	MT1A
6	1	62	POU3F1
6	1	63	ITGA10
6	1	64	DIO3OS
6	1	65	ZNF703
6	1	66	IL6R
6	1	67	HIST1H1C
6	1	68	CD14
6	1	69	MT1G
6	1	70	DEPP1
6	1	71	PIK3R1
6	1	72	C9orf3
6	1	73	LOX
6	1	74	ADM
6	1	75	SEPT11
6	1	76	ADAMTSL4
6	1	77	CORO6
6	1	78	CKB
6	1	79	CTGF
6	1	80	SLC25A37
6	1	81	AR
6	1	82	MAFB
6	1	83	DUSP1
6	1	84	APOD
6	1	85	ANGPTL5
6	1	86	MYO10
6	1	87	MYC
6	1	88	NR4A1
6	1	89	MT1F
6	1	90	TPRG1
6	1	91	DPP4
6	1	92	NXPE4
6	1	93	TGFBR3
6	1	94	LAG3
6	1	95	Z93241.1
6	1	96	AC008592.5
6	1	97	ZNF292
6	1	98	MTSS1
6	1	99	EFNA1
6	1	100	NET1
6	2	1	SCRG1
6	2	2	FMOD
6	2	3	SBSPON
6	2	4	PRDX4
6	2	5	COL2A1
6	2	6	OGN
6	2	7	CILP2
6	2	8	HTRA1
6	2	9	CLU
6	2	10	TSPAN2
6	2	11	MGP
6	2	12	CRLF1
6	2	13	FN1
6	2	14	CILP
6	2	15	NDUFA4L2
6	2	16	LUM
6	2	17	S100A1
6	2	18	COMP
6	2	19	PRELP
6	2	20	SERPINA5
6	2	21	CLEC3A
6	2	22	MIA
6	2	23	COL11A1
6	2	24	PAPSS2
6	2	25	FIBIN
6	2	26	C2orf40
6	2	27	FXYD6
6	2	28	SPARC
6	2	29	SCX
6	2	30	SMOC2
6	2	31	TNFRSF11B
6	2	32	CAPS
6	2	33	BGN
6	2	34	COL9A3
6	2	35	TRPV4
6	2	36	COL11A2
6	2	37	SRPX2
6	2	38	PCSK1N
6	2	39	C9orf3
6	2	40	ADAMTS6
6	2	41	FGFBP2
6	2	42	SERPINA1
6	2	43	PART1
6	2	44	CD55
6	2	45	P4HB
6	2	46	DPT
6	2	47	SMOC1
6	2	48	COL9A2
6	2	49	DCN
6	2	50	TNFAIP6
6	2	51	AQP3
6	2	52	ABI3BP
6	2	53	HAPLN1
6	2	54	CLIC3
6	2	55	COLGALT2
6	2	56	ANGPTL2
6	2	57	COL15A1
6	2	58	ACAN
6	2	59	CCDC80
6	2	60	GAS1
6	2	61	TREM1
6	2	62	ATP1B1
6	2	63	ASPN
6	2	64	HRCT1
6	2	65	FBXO2
6	2	66	SPINT2
6	2	67	DYSF
6	2	68	COL5A1
6	2	69	GDF5
6	2	70	COL3A1
6	2	71	CRYAB
6	2	72	ADGRG2
6	2	73	FGF18
6	2	74	PTGES
6	2	75	DNER
6	2	76	TNNT3
6	2	77	SDC1
6	2	78	SLC16A10
6	2	79	STK38L
6	2	80	SOX11
6	2	81	CYR61
6	2	82	CTGF
6	2	83	COL5A2
6	2	84	TIMP1
6	2	85	AL078639.1
6	2	86	CST6
6	2	87	ADAMTSL2
6	2	88	TIMP4
6	2	89	HLA-DQB1
6	2	90	AMTN
6	2	91	RSPO2
6	2	92	FGF1
6	2	93	WISP1
6	2	94	SRM
6	2	95	AC093496.1
6	2	96	FGF2
6	2	97	SDK2
6	2	98	MSMO1
6	2	99	RGCC
6	2	100	BMPER
6	3	1	SERPINF1
6	3	2	C1S
6	3	3	C1R
6	3	4	CXCL12
6	3	5	EFEMP1
6	3	6	SFRP1
6	3	7	EPHX1
6	3	8	IGFBP4
6	3	9	CFD
6	3	10	SELENOP
6	3	11	COL14A1
6	3	12	SRPX
6	3	13	CYP1B1
6	3	14	IGF1
6	3	15	PLA2G2A
6	3	16	MMP2
6	3	17	EBF1
6	3	18	PTGFR
6	3	19	PODN
6	3	20	AHR
6	3	21	GGT5
6	3	22	C3
6	3	23	PLTP
6	3	24	GSN
6	3	25	ZFP36L1
6	3	26	PLPP1
6	3	27	BASP1
6	3	28	ITM2A
6	3	29	DCLK1
6	3	30	KCNE4
6	3	31	MT-ND3
6	3	32	C7
6	3	33	CCN5
6	3	34	ZFP36L2
6	3	35	TMEM176B
6	3	36	LGALS3BP
6	3	37	MGST1
6	3	38	FBLN2
6	3	39	TMEM176A
6	3	40	MT-ND1
6	3	41	OLFML3
6	3	42	LAMB1
6	3	43	PTGER4
6	3	44	KCTD12
6	3	45	TMSB10
6	3	46	FILIP1L
6	3	47	MT-ATP6
6	3	48	C16orf89
6	3	49	AKR1C3
6	3	50	AKR1C1
6	3	51	PDGFRA
6	3	52	FBLN1
6	3	53	NR2F2
6	3	54	CRISPLD1
6	3	55	VCAN
6	3	56	CALD1
6	3	57	HLA-DRB1
6	3	58	NFIB
6	3	59	MARCKS
6	3	60	SFRP2
6	3	61	RARRES2
6	3	62	PCDH18
6	3	63	MT-CYB
6	3	64	GPNMB
6	3	65	MT-CO1
6	3	66	JUN
6	3	67	C6
6	3	68	IRX3
6	3	69	TSHZ2
6	3	70	HSPH1
6	3	71	NID1
6	3	72	BICC1
6	3	73	SAMHD1
6	3	74	ANGPT1
6	3	75	TWIST1
6	3	76	CFH
6	3	77	ABCA8
6	3	78	VIT
6	3	79	PDE5A
6	3	80	OLFML1
6	3	81	ADD3
6	3	82	FYN
6	3	83	CD74
6	3	84	PDGFRL
6	3	85	ANGPTL1
6	3	86	CYGB
6	3	87	FGF7
6	3	88	APOE
6	3	89	MT-ND2
6	3	90	ADAMTS1
6	3	91	ENPP2
6	3	92	AGTR1
6	3	93	FMO2
6	3	94	WISP2
6	3	95	HELLPAR
6	3	96	SCG2
6	3	97	MT-CO2
6	3	98	PTN
6	3	99	PLPP3
6	3	100	MYL9
6	4	1	RPS17
6	4	2	RPL17
6	4	3	EEF1G
6	4	4	MIF
6	4	5	GAS5
6	4	6	NME2
6	4	7	SNHG29
6	4	8	VEGFA
6	4	9	RNASEK
6	4	10	GABARAP
6	4	11	SEPTIN7
6	4	12	SNHG5
6	4	13	SERPINA3
6	4	14	BMP2
6	4	15	TNFRSF12A
6	4	16	MICOS10
6	4	17	HSPA5
6	4	18	ECRG4
6	4	19	FOSL1
6	4	20	CHAC1
6	4	21	FGF2
6	4	22	EGR1
6	4	23	CDKN1A
6	4	24	SOX9
6	4	25	PTGS2
6	4	26	CHD2
6	4	27	ERRFI1
6	4	28	FNIP2
6	4	29	KDM6B
6	4	30	SEPTIN2
6	4	31	CCN1
6	4	32	GLIS3
6	4	33	KIAA0040
6	4	34	ANGPTL4
6	4	35	RCAN1
6	4	36	INHBA
6	4	37	BNIP3
6	4	38	SDF2L1
6	4	39	SLC2A1
6	4	40	BHLHE40
6	4	41	SIPA1L2
6	4	42	HMOX1
6	4	43	PPP1R15A
6	4	44	H19
6	4	45	FOXC2
6	4	46	EGLN3
6	4	47	CRIP1
6	4	48	TNFRSF10D
6	4	49	ATXN7
6	4	50	PAPSS2
6	4	51	SOD2
6	4	52	TIPARP
6	4	53	CDON
6	4	54	SNHG14
6	4	55	CCN2
6	4	56	EGR3
6	4	57	ABL2
6	4	58	ARID5B
6	4	59	LIF
6	4	60	ZNF395
6	4	61	SLC7A11
6	4	62	SERPINA1
6	4	63	PHLDA2
6	4	64	FHL2
6	4	65	HSPH1
6	4	66	RFLNB
6	4	67	BIRC3
6	4	68	EGLN2
6	4	69	KCNQ1OT1
6	4	70	GEM
6	4	71	TIAM2
6	4	72	DNAJB1
6	4	73	IL11
6	4	74	NAMPT
6	4	75	NFKBIZ
6	4	76	RND3
6	4	77	ELL2
6	4	78	ICAM1
6	4	79	DDIT4L
6	4	80	EIF4EBP1
6	4	81	SPEN
6	4	82	CA9
6	4	83	CHST3
6	4	84	MIR222HG
6	4	85	USP53
6	4	86	PTGES
6	4	87	ANK3
6	4	88	PDE4B
6	4	89	HILPDA
6	4	90	AL627171.2
6	4	91	TCEAL2
6	4	92	DST
6	4	93	MAT2A
6	4	94	DGKI
6	4	95	C2CD4B
6	4	96	CILP
6	4	97	AL021155.5
6	4	98	NFATC2
6	4	99	EZR
6	4	100	USP9Y
6	5	1	COL1A1
6	5	2	COL1A2
6	5	3	LGALS1
6	5	4	COL6A1
6	5	5	DKK3
6	5	6	COL6A2
6	5	7	MXRA5
6	5	8	COL5A2
6	5	9	TGFBI
6	5	10	COL6A3
6	5	11	ITGB1
6	5	12	POSTN
6	5	13	CCND1
6	5	14	AQP1
6	5	15	LOXL2
6	5	16	SPARC
6	5	17	TMSB4X
6	5	18	FNDC1
6	5	19	S100A10
6	5	20	ASPN
6	5	21	COL3A1
6	5	22	LRRC15
6	5	23	S100A4
6	5	24	COL5A1
6	5	25	CD70
6	5	26	C12orf75
6	5	27	ANXA2
6	5	28	TPM1
6	5	29	CRABP2
6	5	30	FSTL1
6	5	31	SPON2
6	5	32	NBL1
6	5	33	FAP
6	5	34	TNC
6	5	35	ISLR
6	5	36	ABHD2
6	5	37	PPP1R14B
6	5	38	COL8A1
6	5	39	PRSS23
6	5	40	C1QTNF3
6	5	41	DPT
6	5	42	THY1
6	5	43	FLNA
6	5	44	AEBP1
6	5	45	ANTXR1
6	5	46	CTHRC1
6	5	47	ANLN
6	5	48	CADM1
6	5	49	CENPF
6	5	50	ASPM
6	5	51	UBE2C
6	5	52	TOP2A
6	5	53	RAB31
6	5	54	LTBP1
6	5	55	ANO1
6	5	56	FBN1
6	5	57	ANGPTL2
6	5	58	SLN
6	5	59	MYL9
6	5	60	CALD1
6	5	61	TMSB10
6	5	62	MICAL2
6	5	63	FAT1
6	5	64	EDIL3
6	5	65	CEP55
6	5	66	COL12A1
6	5	67	TPX2
6	5	68	MKI67
6	5	69	TPPP3
6	5	70	IGFBP7
6	5	71	HSPG2
6	5	72	PIMREG
6	5	73	LRRC17
6	5	74	S100A6
6	5	75	DIAPH3
6	5	76	SULF1
6	5	77	TUBA1A
6	5	78	ELN
6	5	79	IL32
6	5	80	MAP1B
6	5	81	ENPP1
6	5	82	PDGFRB
6	5	83	THBS3
6	5	84	CCNB2
6	5	85	CDH13
6	5	86	PXDN
6	5	87	CDK1
6	5	88	RFLNB
6	5	89	SSC5D
6	5	90	BIRC5
6	5	91	TAGLN
6	5	92	PLEC
6	5	93	GAP43
6	5	94	COL4A2
6	5	95	GJA1
6	5	96	SERPINE1
6	5	97	CDH11
6	5	98	ITGA11
6	5	99	MATN2
6	5	100	LIMA1
6	6	1	PRG4
6	6	2	ITGBL1
6	6	3	CLIC5
6	6	4	TIMP3
6	6	5	TMEM196
6	6	6	DNASE1L3
6	6	7	SPARCL1
6	6	8	ZNF385B
6	6	9	CRTAC1
6	6	10	ITGB8
6	6	11	HHIP
6	6	12	HBEGF
6	6	13	PCSK6
6	6	14	GABRA4
6	6	15	GPR1
6	6	16	HTRA4
6	6	17	DIRC3
6	6	18	TSPAN15
6	6	19	SEMA3A
6	6	20	APLP2
6	6	21	GFPT2
6	6	22	CFI
6	6	23	SEMA5A
6	6	24	NTN4
6	6	25	SMIM14
6	6	26	HHIP-AS1
6	6	27	CREB5
6	6	28	COLEC12
6	6	29	SCARA5
6	6	30	MTUS2
6	6	31	HTRA1
6	6	32	ITM2B
6	6	33	HAS1
6	6	34	CHST2
6	6	35	COL22A1
6	6	36	SEMA3C
6	6	37	APBB1IP
6	6	38	SELP
6	6	39	TFPI
6	6	40	SLC2A12
6	6	41	BTC
6	6	42	SORBS2
6	6	43	TPPP3
6	6	44	S100A4
6	6	45	GJB2
6	6	46	FGF10
6	6	47	CTTNBP2
6	6	48	ARL2
6	6	49	EPB41L3
6	6	50	ITGA6
6	6	51	MAL
6	6	52	AC004540.2
6	6	53	TWISTNB
6	6	54	PPM1L
6	6	55	DLX4
6	6	56	DLX3
6	6	57	TSPAN7
6	6	58	PPP1R1A
6	6	59	FGL2
6	6	60	ARHGAP28
6	6	61	ENPP4
6	6	62	MT-CYB
6	6	63	GJB6
6	6	64	KHDRBS3
6	6	65	TMSB4X
6	6	66	CLUL1
6	6	67	EPB41L1
6	6	68	F5
6	6	69	CSF1
6	6	70	ZEB2
6	6	71	C11orf96
6	6	72	EFNB2
6	6	73	CXCL1
6	6	74	EMP3
6	6	75	FN1
6	6	76	MYPN
6	6	77	TMEM100
6	6	78	PLEKHA1
6	6	79	EREG
6	6	80	NDNF
6	6	81	AC005062.1
6	6	82	DEFB1
6	6	83	PMAIP1
6	6	84	PDGFD
6	6	85	CADM3
6	6	86	MT-CO1
6	6	87	SHANK2
6	6	88	S100A6
6	6	89	MT-CO2
6	6	90	CRIP1
6	6	91	PHACTR2
6	6	92	SAMD5
6	6	93	BST2
6	6	94	MT-CO3
6	6	95	THBS4
6	6	96	GPR183
6	6	97	TOX3
6	6	98	NBL1
6	6	99	IFI27
6	6	100	LIMA1
7	1	1	GPX3
7	1	2	MT1X
7	1	3	DDIT4
7	1	4	GALNT15
7	1	5	MT1E
7	1	6	MT1M
7	1	7	SUN2
7	1	8	MT2A
7	1	9	ANGPTL7
7	1	10	RBP4
7	1	11	FAXDC2
7	1	12	GPM6B
7	1	13	CYP4B1
7	1	14	TXNIP
7	1	15	SOCS3
7	1	16	CDA
7	1	17	FOS
7	1	18	RASD1
7	1	19	OXA1L
7	1	20	MMP3
7	1	21	JUN
7	1	22	ADCY2
7	1	23	IGFBP6
7	1	24	FBLN1
7	1	25	CHI3L1
7	1	26	RIPOR2
7	1	27	GADD45B
7	1	28	MUC20-OT1
7	1	29	ACADL
7	1	30	CCDC3
7	1	31	GLUL
7	1	32	MTHFD2
7	1	33	NEAT1
7	1	34	NR1D1
7	1	35	MEG3
7	1	36	FRZB
7	1	37	CITED2
7	1	38	ATOH8
7	1	39	PLPP3
7	1	40	STC2
7	1	41	BTG2
7	1	42	SOD2
7	1	43	FKBP5
7	1	44	CPAMD8
7	1	45	SLPI
7	1	46	PCDH17
7	1	47	ILF3-DT
7	1	48	PDK4
7	1	49	C1QTNF7
7	1	50	RGS16
7	1	51	ID1
7	1	52	CYR61
7	1	53	FBXO2
7	1	54	TMEM204
7	1	55	BCL6
7	1	56	AHNAK2
7	1	57	DLX5
7	1	58	MT1A
7	1	59	DEPP1
7	1	60	DIO3OS
7	1	61	DCN
7	1	62	POU3F1
7	1	63	MT1G
7	1	64	ZNF703
7	1	65	IL6R
7	1	66	CORO6
7	1	67	ADAMTSL4
7	1	68	CD14
7	1	69	HIST1H1C
7	1	70	SEPT11
7	1	71	LOX
7	1	72	ADM
7	1	73	COMP
7	1	74	C9orf3
7	1	75	CKB
7	1	76	PRELP
7	1	77	PIK3R1
7	1	78	ITGA10
7	1	79	CTGF
7	1	80	APOD
7	1	81	DUSP1
7	1	82	MAFB
7	1	83	MYC
7	1	84	AR
7	1	85	NR4A1
7	1	86	TGFBR3
7	1	87	ACKR3
7	1	88	SLC25A37
7	1	89	MT1F
7	1	90	DPP4
7	1	91	AC008592.5
7	1	92	ANGPTL5
7	1	93	MYO10
7	1	94	TSKU
7	1	95	NXPE4
7	1	96	EFNA1
7	1	97	MTSS1
7	1	98	LINC01088
7	1	99	MT1H
7	1	100	GLRX
7	2	1	SCRG1
7	2	2	FMOD
7	2	3	SBSPON
7	2	4	PRDX4
7	2	5	COL2A1
7	2	6	CLU
7	2	7	CILP2
7	2	8	HTRA1
7	2	9	OGN
7	2	10	MGP
7	2	11	CRLF1
7	2	12	TSPAN2
7	2	13	NDUFA4L2
7	2	14	FN1
7	2	15	CILP
7	2	16	S100A1
7	2	17	COMP
7	2	18	LUM
7	2	19	PRELP
7	2	20	SERPINA5
7	2	21	CLEC3A
7	2	22	MIA
7	2	23	C2orf40
7	2	24	PAPSS2
7	2	25	COL11A1
7	2	26	FXYD6
7	2	27	TNFRSF11B
7	2	28	FIBIN
7	2	29	CAPS
7	2	30	SCX
7	2	31	SMOC2
7	2	32	COL9A3
7	2	33	BGN
7	2	34	TRPV4
7	2	35	SPARC
7	2	36	COL11A2
7	2	37	SRPX2
7	2	38	PCSK1N
7	2	39	C9orf3
7	2	40	FGFBP2
7	2	41	SERPINA1
7	2	42	CD55
7	2	43	ADAMTS6
7	2	44	PART1
7	2	45	P4HB
7	2	46	SMOC1
7	2	47	DPT
7	2	48	COL9A2
7	2	49	TNFAIP6
7	2	50	DCN
7	2	51	AQP3
7	2	52	ABI3BP
7	2	53	CLIC3
7	2	54	HAPLN1
7	2	55	FBXO2
7	2	56	COL15A1
7	2	57	TREM1
7	2	58	GAS1
7	2	59	ACAN
7	2	60	COLGALT2
7	2	61	CCDC80
7	2	62	SPINT2
7	2	63	HRCT1
7	2	64	ATP1B1
7	2	65	ANGPTL2
7	2	66	CRYAB
7	2	67	GDF5
7	2	68	DYSF
7	2	69	ADGRG2
7	2	70	DNER
7	2	71	ASPN
7	2	72	FGF18
7	2	73	PTGES
7	2	74	TNNT3
7	2	75	SDC1
7	2	76	SOX11
7	2	77	STK38L
7	2	78	SLC16A10
7	2	79	COL5A1
7	2	80	CYR61
7	2	81	COL3A1
7	2	82	CTGF
7	2	83	AL078639.1
7	2	84	TIMP1
7	2	85	AMTN
7	2	86	ADAMTSL2
7	2	87	TIMP4
7	2	88	HLA-DQB1
7	2	89	CST6
7	2	90	COL5A2
7	2	91	FGF1
7	2	92	RSPO2
7	2	93	SRM
7	2	94	AC093496.1
7	2	95	WISP1
7	2	96	FGF2
7	2	97	SDK2
7	2	98	MSMO1
7	2	99	RGCC
7	2	100	RET
7	3	1	RPS17
7	3	2	RPL17
7	3	3	EEF1G
7	3	4	GAS5
7	3	5	MIF
7	3	6	NME2
7	3	7	SNHG29
7	3	8	VEGFA
7	3	9	RNASEK
7	3	10	GABARAP
7	3	11	SEPTIN7
7	3	12	SNHG5
7	3	13	SERPINA3
7	3	14	BMP2
7	3	15	MICOS10
7	3	16	TNFRSF12A
7	3	17	HSPA5
7	3	18	ECRG4
7	3	19	FOSL1
7	3	20	CHAC1
7	3	21	EGR1
7	3	22	FGF2
7	3	23	CDKN1A
7	3	24	SOX9
7	3	25	CHD2
7	3	26	PTGS2
7	3	27	ERRFI1
7	3	28	SEPTIN2
7	3	29	FNIP2
7	3	30	KDM6B
7	3	31	CCN1
7	3	32	GLIS3
7	3	33	KIAA0040
7	3	34	ANGPTL4
7	3	35	RCAN1
7	3	36	BNIP3
7	3	37	INHBA
7	3	38	BHLHE40
7	3	39	SDF2L1
7	3	40	SLC2A1
7	3	41	SIPA1L2
7	3	42	PPP1R15A
7	3	43	H19
7	3	44	HMOX1
7	3	45	FOXC2
7	3	46	EGLN3
7	3	47	CRIP1
7	3	48	ATXN7
7	3	49	TNFRSF10D
7	3	50	PAPSS2
7	3	51	TIPARP
7	3	52	SOD2
7	3	53	CCN2
7	3	54	SNHG14
7	3	55	CDON
7	3	56	EGR3
7	3	57	ABL2
7	3	58	ARID5B
7	3	59	LIF
7	3	60	ZNF395
7	3	61	SLC7A11
7	3	62	SERPINA1
7	3	63	PHLDA2
7	3	64	HSPH1
7	3	65	BIRC3
7	3	66	FHL2
7	3	67	KCNQ1OT1
7	3	68	EGLN2
7	3	69	RFLNB
7	3	70	GEM
7	3	71	TIAM2
7	3	72	NFKBIZ
7	3	73	DNAJB1
7	3	74	NAMPT
7	3	75	ELL2
7	3	76	IL11
7	3	77	RND3
7	3	78	DDIT4L
7	3	79	SPEN
7	3	80	ICAM1
7	3	81	USP53
7	3	82	CHST3
7	3	83	CA9
7	3	84	ANK3
7	3	85	EIF4EBP1
7	3	86	DST
7	3	87	MIR222HG
7	3	88	AL627171.2
7	3	89	CILP
7	3	90	PDE4B
7	3	91	TCEAL2
7	3	92	HILPDA
7	3	93	PTGES
7	3	94	AL021155.5
7	3	95	MAT2A
7	3	96	DGKI
7	3	97	C2CD4B
7	3	98	USP9Y
7	3	99	SLC25A37
7	3	100	NFATC2
7	4	1	SERPINF1
7	4	2	C1S
7	4	3	C1R
7	4	4	CXCL12
7	4	5	EFEMP1
7	4	6	SFRP1
7	4	7	EPHX1
7	4	8	IGFBP4
7	4	9	CFD
7	4	10	SELENOP
7	4	11	COL14A1
7	4	12	SRPX
7	4	13	CYP1B1
7	4	14	IGF1
7	4	15	PLA2G2A
7	4	16	MMP2
7	4	17	PTGFR
7	4	18	EBF1
7	4	19	PODN
7	4	20	AHR
7	4	21	GGT5
7	4	22	C3
7	4	23	PLTP
7	4	24	GSN
7	4	25	ZFP36L1
7	4	26	PLPP1
7	4	27	ITM2A
7	4	28	BASP1
7	4	29	DCLK1
7	4	30	KCNE4
7	4	31	MT-ND3
7	4	32	C7
7	4	33	CCN5
7	4	34	ZFP36L2
7	4	35	TMEM176B
7	4	36	LGALS3BP
7	4	37	MGST1
7	4	38	FBLN2
7	4	39	TMEM176A
7	4	40	MT-ND1
7	4	41	PTGER4
7	4	42	KCTD12
7	4	43	OLFML3
7	4	44	LAMB1
7	4	45	C16orf89
7	4	46	MT-ATP6
7	4	47	TMSB10
7	4	48	FILIP1L
7	4	49	AKR1C1
7	4	50	HLA-DRB1
7	4	51	AKR1C3
7	4	52	PDGFRA
7	4	53	NR2F2
7	4	54	RARRES2
7	4	55	VCAN
7	4	56	FBLN1
7	4	57	CRISPLD1
7	4	58	NFIB
7	4	59	SFRP2
7	4	60	MT-CYB
7	4	61	PCDH18
7	4	62	MT-CO1
7	4	63	MARCKS
7	4	64	C6
7	4	65	CALD1
7	4	66	JUN
7	4	67	IRX3
7	4	68	HSPH1
7	4	69	ANGPT1
7	4	70	NID1
7	4	71	GPNMB
7	4	72	BICC1
7	4	73	TSHZ2
7	4	74	SAMHD1
7	4	75	ABCA8
7	4	76	TWIST1
7	4	77	CFH
7	4	78	VIT
7	4	79	CD74
7	4	80	PDE5A
7	4	81	OLFML1
7	4	82	FYN
7	4	83	FGF7
7	4	84	ADD3
7	4	85	CYGB
7	4	86	APOE
7	4	87	ADAMTS1
7	4	88	MT-ND2
7	4	89	FMO2
7	4	90	PDGFRL
7	4	91	ENPP2
7	4	92	AGTR1
7	4	93	ANGPTL1
7	4	94	HELLPAR
7	4	95	SCG2
7	4	96	PTGDS
7	4	97	MT-CO2
7	4	98	PTN
7	4	99	WISP2
7	4	100	PPP1R15A
7	5	1	COL1A1
7	5	2	COL1A2
7	5	3	COL6A1
7	5	4	LGALS1
7	5	5	DKK3
7	5	6	MXRA5
7	5	7	COL5A2
7	5	8	TGFBI
7	5	9	COL6A2
7	5	10	COL6A3
7	5	11	POSTN
7	5	12	ITGB1
7	5	13	SPARC
7	5	14	FNDC1
7	5	15	AQP1
7	5	16	ASPN
7	5	17	CCND1
7	5	18	LOXL2
7	5	19	COL3A1
7	5	20	TMSB4X
7	5	21	LRRC15
7	5	22	S100A4
7	5	23	S100A10
7	5	24	COL5A1
7	5	25	TPM1
7	5	26	CRABP2
7	5	27	SPON2
7	5	28	TNC
7	5	29	NBL1
7	5	30	FSTL1
7	5	31	FAP
7	5	32	ISLR
7	5	33	ANXA2
7	5	34	COL8A1
7	5	35	C1QTNF3
7	5	36	ABHD2
7	5	37	C12orf75
7	5	38	AEBP1
7	5	39	DPT
7	5	40	THY1
7	5	41	ANTXR1
7	5	42	PRSS23
7	5	43	CADM1
7	5	44	CTHRC1
7	5	45	PPP1R14B
7	5	46	FLNA
7	5	47	CD70
7	5	48	RAB31
7	5	49	ANGPTL2
7	5	50	LTBP1
7	5	51	MYL9
7	5	52	EDIL3
7	5	53	COL12A1
7	5	54	FBN1
7	5	55	CALD1
7	5	56	SLN
7	5	57	ANO1
7	5	58	MICAL2
7	5	59	FAT1
7	5	60	LRRC17
7	5	61	IGFBP7
7	5	62	HSPG2
7	5	63	TPPP3
7	5	64	TMSB10
7	5	65	PDGFRB
7	5	66	ELN
7	5	67	IL32
7	5	68	ENPP1
7	5	69	THBS3
7	5	70	SULF1
7	5	71	S100A6
7	5	72	TUBA1A
7	5	73	SSC5D
7	5	74	TAGLN
7	5	75	PXDN
7	5	76	CDH13
7	5	77	RFLNB
7	5	78	MAP1B
7	5	79	ITGA11
7	5	80	GJA1
7	5	81	CDH11
7	5	82	GAP43
7	5	83	COL4A2
7	5	84	SERPINE1
7	5	85	PLEC
7	5	86	MATN2
7	5	87	LIMA1
7	5	88	TMEM119
7	5	89	ARL4C
7	5	90	HMCN1
7	5	91	DST
7	5	92	TNFSF11
7	5	93	MARCKS
7	5	94	FRMD6
7	5	95	COL5A3
7	5	96	THBS2
7	5	97	TNXB
7	5	98	SEMA3C
7	5	99	RAI14
7	5	100	TYMP
7	6	1	PRG4
7	6	2	ITGBL1
7	6	3	CLIC5
7	6	4	TIMP3
7	6	5	TMEM196
7	6	6	DNASE1L3
7	6	7	SPARCL1
7	6	8	ZNF385B
7	6	9	CRTAC1
7	6	10	ITGB8
7	6	11	HHIP
7	6	12	HBEGF
7	6	13	PCSK6
7	6	14	GABRA4
7	6	15	GPR1
7	6	16	HTRA4
7	6	17	DIRC3
7	6	18	TSPAN15
7	6	19	SEMA3A
7	6	20	APLP2
7	6	21	GFPT2
7	6	22	CFI
7	6	23	SEMA5A
7	6	24	NTN4
7	6	25	SMIM14
7	6	26	HHIP-AS1
7	6	27	CREB5
7	6	28	COLEC12
7	6	29	SCARA5
7	6	30	MTUS2
7	6	31	HTRA1
7	6	32	ITM2B
7	6	33	CHST2
7	6	34	HAS1
7	6	35	COL22A1
7	6	36	SEMA3C
7	6	37	APBB1IP
7	6	38	SELP
7	6	39	TFPI
7	6	40	SLC2A12
7	6	41	BTC
7	6	42	SORBS2
7	6	43	TPPP3
7	6	44	S100A4
7	6	45	FGF10
7	6	46	CTTNBP2
7	6	47	GJB2
7	6	48	ARL2
7	6	49	ITGA6
7	6	50	EPB41L3
7	6	51	MAL
7	6	52	AC004540.2
7	6	53	TWISTNB
7	6	54	PPM1L
7	6	55	DLX4
7	6	56	DLX3
7	6	57	TSPAN7
7	6	58	PPP1R1A
7	6	59	FGL2
7	6	60	ARHGAP28
7	6	61	ENPP4
7	6	62	MT-CYB
7	6	63	GJB6
7	6	64	KHDRBS3
7	6	65	CLUL1
7	6	66	TMSB4X
7	6	67	EPB41L1
7	6	68	F5
7	6	69	CSF1
7	6	70	ZEB2
7	6	71	C11orf96
7	6	72	EFNB2
7	6	73	CXCL1
7	6	74	EMP3
7	6	75	FN1
7	6	76	MYPN
7	6	77	TMEM100
7	6	78	PLEKHA1
7	6	79	NDNF
7	6	80	EREG
7	6	81	AC005062.1
7	6	82	DEFB1
7	6	83	PMAIP1
7	6	84	PDGFD
7	6	85	CADM3
7	6	86	MT-CO1
7	6	87	SHANK2
7	6	88	S100A6
7	6	89	MT-CO2
7	6	90	CRIP1
7	6	91	PHACTR2
7	6	92	SAMD5
7	6	93	BST2
7	6	94	MT-CO3
7	6	95	THBS4
7	6	96	GPR183
7	6	97	TOX3
7	6	98	IFI27
7	6	99	LIMA1
7	6	100	NBL1
7	7	1	ASPM
7	7	2	ANLN
7	7	3	TOP2A
7	7	4	CENPF
7	7	5	CEP55
7	7	6	UBE2C
7	7	7	TPX2
7	7	8	MKI67
7	7	9	PIMREG
7	7	10	CCNB2
7	7	11	BIRC5
7	7	12	DEPDC1
7	7	13	CDK1
7	7	14	DIAPH3
7	7	15	PBK
7	7	16	CENPE
7	7	17	NUSAP1
7	7	18	CDC20
7	7	19	STMN1
7	7	20	TYMS
7	7	21	LGALS1
7	7	22	HIST1H1B
7	7	23	CD70
7	7	24	ESCO2
7	7	25	CIT
7	7	26	TFPI2
7	7	27	C12orf75
7	7	28	MYEF2
7	7	29	HIST1H3G
7	7	30	SMC2
7	7	31	CA1
7	7	32	AHSP
7	7	33	HBM
7	7	34	HLA-DRA
7	7	35	HLA-DQA1
7	7	36	ITGB1
7	7	37	PTPRC
7	7	38	S100A10
7	7	39	SLC4A8
7	7	40	NAV2
7	7	41	FCER1G
7	7	42	ALAS2
7	7	43	MYBL1
7	7	44	PPP1R14B
7	7	45	COL6A1
7	7	46	TYROBP
7	7	47	C1QA
7	7	48	LYZ
7	7	49	NSD2
7	7	50	CLEC2B
7	7	51	OLFML2B
7	7	52	AIF1
7	7	53	ANXA2
7	7	54	FAM111B
7	7	55	C1QB
7	7	56	MAP4K4
7	7	57	NRP2
7	7	58	MAP1B
7	7	59	EMB
7	7	60	MS4A6A
7	7	61	CYBB
7	7	62	TMSB10
7	7	63	C1QC
7	7	64	CD3D
7	7	65	FHL2
7	7	66	RGS1
7	7	67	LMNB1
7	7	68	HIST1H2AL
7	7	69	FOLR2
7	7	70	TNFRSF12A
7	7	71	VSIG4
7	7	72	RNASE1
7	7	73	CD74
7	7	74	MARCO
7	7	75	BCL11B
7	7	76	MS4A7
7	7	77	HBD
7	7	78	FCER1A
7	7	79	UCP2
7	7	80	CDC25B
7	7	81	PODXL
7	7	82	C21orf58
7	7	83	CEP152
7	7	84	SYNE2
7	7	85	CCND1
7	7	86	ALCAM
7	7	87	TM4SF1
7	7	88	CD37
7	7	89	ANPEP
7	7	90	ALOX5AP
7	7	91	CD52
7	7	92	ITGA6
7	7	93	FLNA
7	7	94	ORC6
7	7	95	COL6A2
7	7	96	FCGR2B
7	7	97	CXCR4
7	7	98	CD163
7	7	99	COL6A3
7	7	100	HBA1
8	1	1	GPX3
8	1	2	MT1X
8	1	3	DDIT4
8	1	4	GALNT15
8	1	5	MT1E
8	1	6	MT1M
8	1	7	SUN2
8	1	8	MT2A
8	1	9	ANGPTL7
8	1	10	RBP4
8	1	11	FAXDC2
8	1	12	GPM6B
8	1	13	CYP4B1
8	1	14	TXNIP
8	1	15	CDA
8	1	16	SOCS3
8	1	17	FOS
8	1	18	OXA1L
8	1	19	JUN
8	1	20	MMP3
8	1	21	RASD1
8	1	22	FBLN1
8	1	23	CHI3L1
8	1	24	GLUL
8	1	25	IGFBP6
8	1	26	ADCY2
8	1	27	RIPOR2
8	1	28	MUC20-OT1
8	1	29	MTHFD2
8	1	30	NEAT1
8	1	31	GADD45B
8	1	32	ACADL
8	1	33	CCDC3
8	1	34	MEG3
8	1	35	NR1D1
8	1	36	PLPP3
8	1	37	CITED2
8	1	38	ATOH8
8	1	39	BTG2
8	1	40	SOD2
8	1	41	STC2
8	1	42	FRZB
8	1	43	FKBP5
8	1	44	SLPI
8	1	45	PDK4
8	1	46	ILF3-DT
8	1	47	PCDH17
8	1	48	C1QTNF7
8	1	49	TMEM204
8	1	50	CPAMD8
8	1	51	DEPP1
8	1	52	CYR61
8	1	53	BCL6
8	1	54	ID1
8	1	55	RGS16
8	1	56	DIO3OS
8	1	57	MT1A
8	1	58	AHNAK2
8	1	59	POU3F1
8	1	60	MT1G
8	1	61	ADAMTSL4
8	1	62	CORO6
8	1	63	LOX
8	1	64	FBXO2
8	1	65	DLX5
8	1	66	SEPT11
8	1	67	IL6R
8	1	68	ADM
8	1	69	APOD
8	1	70	HIST1H1C
8	1	71	ZNF703
8	1	72	CD14
8	1	73	DUSP1
8	1	74	PIK3R1
8	1	75	ACKR3
8	1	76	MAFB
8	1	77	MYC
8	1	78	TGFBR3
8	1	79	SLC25A37
8	1	80	DCN
8	1	81	AC008592.5
8	1	82	CTGF
8	1	83	TSKU
8	1	84	CKB
8	1	85	NR4A1
8	1	86	AR
8	1	87	ITGA10
8	1	88	DPP4
8	1	89	GLRX
8	1	90	C9orf3
8	1	91	LINC01088
8	1	92	MT1F
8	1	93	EFNA1
8	1	94	H6PD
8	1	95	MYO10
8	1	96	LTBP4
8	1	97	MTSS1
8	1	98	WDR73
8	1	99	AC023157.3
8	1	100	MT1H
8	2	1	SCRG1
8	2	2	FMOD
8	2	3	PRDX4
8	2	4	SBSPON
8	2	5	COL2A1
8	2	6	HTRA1
8	2	7	CLU
8	2	8	CRLF1
8	2	9	CILP2
8	2	10	OGN
8	2	11	FN1
8	2	12	MGP
8	2	13	NDUFA4L2
8	2	14	TSPAN2
8	2	15	CILP
8	2	16	S100A1
8	2	17	LUM
8	2	18	COMP
8	2	19	PRELP
8	2	20	CAPS
8	2	21	TNFRSF11B
8	2	22	SERPINA5
8	2	23	MIA
8	2	24	C2orf40
8	2	25	CLEC3A
8	2	26	PAPSS2
8	2	27	FXYD6
8	2	28	COL11A1
8	2	29	SCX
8	2	30	FIBIN
8	2	31	CD55
8	2	32	TRPV4
8	2	33	SPARC
8	2	34	BGN
8	2	35	SRPX2
8	2	36	COL9A3
8	2	37	SMOC2
8	2	38	C9orf3
8	2	39	COL11A2
8	2	40	PCSK1N
8	2	41	FGFBP2
8	2	42	ADAMTS6
8	2	43	SERPINA1
8	2	44	P4HB
8	2	45	PART1
8	2	46	TNFAIP6
8	2	47	SMOC1
8	2	48	DPT
8	2	49	TREM1
8	2	50	AQP3
8	2	51	CLIC3
8	2	52	COL9A2
8	2	53	ABI3BP
8	2	54	CCDC80
8	2	55	DCN
8	2	56	HAPLN1
8	2	57	GAS1
8	2	58	COL15A1
8	2	59	DYSF
8	2	60	HRCT1
8	2	61	CRYAB
8	2	62	FBXO2
8	2	63	ANGPTL2
8	2	64	COLGALT2
8	2	65	SPINT2
8	2	66	ATP1B1
8	2	67	ADGRG2
8	2	68	GDF5
8	2	69	ACAN
8	2	70	PTGES
8	2	71	DNER
8	2	72	ASPN
8	2	73	FGF18
8	2	74	SOX11
8	2	75	SLC16A10
8	2	76	TNNT3
8	2	77	CYR61
8	2	78	COL5A1
8	2	79	STK38L
8	2	80	SDC1
8	2	81	COL3A1
8	2	82	TIMP1
8	2	83	CTGF
8	2	84	AMTN
8	2	85	AL078639.1
8	2	86	ADAMTSL2
8	2	87	EMP3
8	2	88	CST6
8	2	89	TIMP4
8	2	90	WISP1
8	2	91	RSPO2
8	2	92	AC093496.1
8	2	93	HLA-DQB1
8	2	94	RET
8	2	95	SRM
8	2	96	MSMO1
8	2	97	FGF1
8	2	98	COL5A2
8	2	99	SDK2
8	2	100	RGCC
8	3	1	RPS17
8	3	2	RPL17
8	3	3	EEF1G
8	3	4	GAS5
8	3	5	MIF
8	3	6	NME2
8	3	7	SNHG29
8	3	8	VEGFA
8	3	9	RNASEK
8	3	10	GABARAP
8	3	11	SEPTIN7
8	3	12	SNHG5
8	3	13	SERPINA3
8	3	14	BMP2
8	3	15	TNFRSF12A
8	3	16	MICOS10
8	3	17	ECRG4
8	3	18	HSPA5
8	3	19	FOSL1
8	3	20	CHAC1
8	3	21	EGR1
8	3	22	CDKN1A
8	3	23	FGF2
8	3	24	KDM6B
8	3	25	PTGS2
8	3	26	CHD2
8	3	27	SOX9
8	3	28	GLIS3
8	3	29	FNIP2
8	3	30	SEPTIN2
8	3	31	CCN1
8	3	32	KIAA0040
8	3	33	ERRFI1
8	3	34	INHBA
8	3	35	RCAN1
8	3	36	PPP1R15A
8	3	37	HMOX1
8	3	38	BHLHE40
8	3	39	BNIP3
8	3	40	SIPA1L2
8	3	41	ANGPTL4
8	3	42	SDF2L1
8	3	43	H19
8	3	44	SLC2A1
8	3	45	FOXC2
8	3	46	CRIP1
8	3	47	ATXN7
8	3	48	TIPARP
8	3	49	PAPSS2
8	3	50	TNFRSF10D
8	3	51	CCN2
8	3	52	EGLN3
8	3	53	SNHG14
8	3	54	CDON
8	3	55	ABL2
8	3	56	EGR3
8	3	57	ARID5B
8	3	58	SOD2
8	3	59	LIF
8	3	60	SLC7A11
8	3	61	HSPH1
8	3	62	GEM
8	3	63	KCNQ1OT1
8	3	64	BIRC3
8	3	65	FHL2
8	3	66	ZNF395
8	3	67	PHLDA2
8	3	68	TIAM2
8	3	69	EGLN2
8	3	70	SERPINA1
8	3	71	NFKBIZ
8	3	72	DNAJB1
8	3	73	RFLNB
8	3	74	IL11
8	3	75	RND3
8	3	76	ELL2
8	3	77	DST
8	3	78	SPEN
8	3	79	CILP
8	3	80	USP53
8	3	81	CHST3
8	3	82	DDIT4L
8	3	83	NAMPT
8	3	84	MIR222HG
8	3	85	ANK3
8	3	86	ICAM1
8	3	87	AL627171.2
8	3	88	PDE4B
8	3	89	MAT2A
8	3	90	DGKI
8	3	91	NFATC2
8	3	92	CA9
8	3	93	TCEAL2
8	3	94	EZR
8	3	95	STK38L
8	3	96	EIF4EBP1
8	3	97	AL021155.5
8	3	98	USP9Y
8	3	99	C2CD4B
8	3	100	DDX17
8	4	1	SERPINF1
8	4	2	C1S
8	4	3	C1R
8	4	4	CXCL12
8	4	5	EFEMP1
8	4	6	SFRP1
8	4	7	EPHX1
8	4	8	IGFBP4
8	4	9	CFD
8	4	10	SELENOP
8	4	11	COL14A1
8	4	12	SRPX
8	4	13	IGF1
8	4	14	CYP1B1
8	4	15	PLA2G2A
8	4	16	PTGFR
8	4	17	EBF1
8	4	18	MMP2
8	4	19	AHR
8	4	20	PODN
8	4	21	GGT5
8	4	22	C3
8	4	23	PLTP
8	4	24	GSN
8	4	25	ZFP36L1
8	4	26	PLPP1
8	4	27	ITM2A
8	4	28	KCNE4
8	4	29	BASP1
8	4	30	DCLK1
8	4	31	C7
8	4	32	MT-ND3
8	4	33	CCN5
8	4	34	TMEM176B
8	4	35	ZFP36L2
8	4	36	LGALS3BP
8	4	37	MGST1
8	4	38	TMEM176A
8	4	39	FBLN2
8	4	40	MT-ND1
8	4	41	C16orf89
8	4	42	PTGER4
8	4	43	KCTD12
8	4	44	MT-ATP6
8	4	45	OLFML3
8	4	46	LAMB1
8	4	47	TMSB10
8	4	48	FILIP1L
8	4	49	AKR1C3
8	4	50	AKR1C1
8	4	51	VCAN
8	4	52	PDGFRA
8	4	53	NR2F2
8	4	54	RARRES2
8	4	55	SFRP2
8	4	56	HLA-DRB1
8	4	57	CRISPLD1
8	4	58	MT-CYB
8	4	59	NFIB
8	4	60	PCDH18
8	4	61	FBLN1
8	4	62	MT-CO1
8	4	63	C6
8	4	64	HSPH1
8	4	65	CALD1
8	4	66	IRX3
8	4	67	ANGPT1
8	4	68	MARCKS
8	4	69	JUN
8	4	70	NID1
8	4	71	ABCA8
8	4	72	BICC1
8	4	73	TSHZ2
8	4	74	PDE5A
8	4	75	TWIST1
8	4	76	OLFML1
8	4	77	VIT
8	4	78	SAMHD1
8	4	79	GPNMB
8	4	80	CFH
8	4	81	FGF7
8	4	82	APOE
8	4	83	FYN
8	4	84	ADD3
8	4	85	CYGB
8	4	86	FMO2
8	4	87	ENPP2
8	4	88	HELLPAR
8	4	89	ADAMTS1
8	4	90	SCG2
8	4	91	PTGDS
8	4	92	AGTR1
8	4	93	ANGPTL1
8	4	94	PTN
8	4	95	MT-ND2
8	4	96	PDGFRL
8	4	97	MT-CO2
8	4	98	CD74
8	4	99	CES1
8	4	100	PPP1R15A
8	5	1	COL1A1
8	5	2	COL1A2
8	5	3	COL6A1
8	5	4	LGALS1
8	5	5	MXRA5
8	5	6	COL5A2
8	5	7	DKK3
8	5	8	TGFBI
8	5	9	COL6A2
8	5	10	POSTN
8	5	11	COL6A3
8	5	12	ITGB1
8	5	13	FNDC1
8	5	14	SPARC
8	5	15	ASPN
8	5	16	COL3A1
8	5	17	LOXL2
8	5	18	CCND1
8	5	19	AQP1
8	5	20	TMSB4X
8	5	21	LRRC15
8	5	22	TPM1
8	5	23	COL5A1
8	5	24	SPON2
8	5	25	TNC
8	5	26	S100A4
8	5	27	CRABP2
8	5	28	NBL1
8	5	29	S100A10
8	5	30	FSTL1
8	5	31	FAP
8	5	32	COL8A1
8	5	33	C1QTNF3
8	5	34	AEBP1
8	5	35	ISLR
8	5	36	ABHD2
8	5	37	THY1
8	5	38	DPT
8	5	39	ANXA2
8	5	40	ANTXR1
8	5	41	CADM1
8	5	42	CTHRC1
8	5	43	C12orf75
8	5	44	PRSS23
8	5	45	FLNA
8	5	46	ANGPTL2
8	5	47	COL12A1
8	5	48	MYL9
8	5	49	RAB31
8	5	50	EDIL3
8	5	51	PPP1R14B
8	5	52	CALD1
8	5	53	LTBP1
8	5	54	FBN1
8	5	55	CD70
8	5	56	SLN
8	5	57	FAT1
8	5	58	MICAL2
8	5	59	LRRC17
8	5	60	ANO1
8	5	61	PDGFRB
8	5	62	HSPG2
8	5	63	ELN
8	5	64	IGFBP7
8	5	65	TMSB10
8	5	66	THBS3
8	5	67	IL32
8	5	68	TPPP3
8	5	69	TAGLN
8	5	70	SSC5D
8	5	71	ENPP1
8	5	72	TUBA1A
8	5	73	SULF1
8	5	74	CDH11
8	5	75	PXDN
8	5	76	GJA1
8	5	77	ITGA11
8	5	78	COL4A2
8	5	79	S100A6
8	5	80	RFLNB
8	5	81	TMEM119
8	5	82	LIMA1
8	5	83	MAP1B
8	5	84	SERPINE1
8	5	85	MATN2
8	5	86	ARL4C
8	5	87	CDH13
8	5	88	GAP43
8	5	89	HMCN1
8	5	90	MARCKS
8	5	91	PLEC
8	5	92	THBS2
8	5	93	FRMD6
8	5	94	TNFSF11
8	5	95	COL5A3
8	5	96	DST
8	5	97	ENAH
8	5	98	RAI14
8	5	99	CEMIP
8	5	100	COL4A1
8	6	1	PRG4
8	6	2	ITGBL1
8	6	3	CLIC5
8	6	4	TMEM196
8	6	5	TIMP3
8	6	6	DNASE1L3
8	6	7	SPARCL1
8	6	8	ZNF385B
8	6	9	ITGB8
8	6	10	CRTAC1
8	6	11	HHIP
8	6	12	HBEGF
8	6	13	PCSK6
8	6	14	GABRA4
8	6	15	GPR1
8	6	16	HTRA4
8	6	17	DIRC3
8	6	18	TSPAN15
8	6	19	SEMA3A
8	6	20	APLP2
8	6	21	CFI
8	6	22	GFPT2
8	6	23	SEMA5A
8	6	24	NTN4
8	6	25	SMIM14
8	6	26	HHIP-AS1
8	6	27	COLEC12
8	6	28	CREB5
8	6	29	SCARA5
8	6	30	MTUS2
8	6	31	ITM2B
8	6	32	CHST2
8	6	33	HAS1
8	6	34	HTRA1
8	6	35	COL22A1
8	6	36	SEMA3C
8	6	37	APBB1IP
8	6	38	SELP
8	6	39	TFPI
8	6	40	SLC2A12
8	6	41	BTC
8	6	42	SORBS2
8	6	43	TPPP3
8	6	44	FGF10
8	6	45	S100A4
8	6	46	CTTNBP2
8	6	47	GJB2
8	6	48	ITGA6
8	6	49	MAL
8	6	50	ARL2
8	6	51	AC004540.2
8	6	52	EPB41L3
8	6	53	TWISTNB
8	6	54	PPM1L
8	6	55	DLX4
8	6	56	TSPAN7
8	6	57	DLX3
8	6	58	FGL2
8	6	59	PPP1R1A
8	6	60	ARHGAP28
8	6	61	ENPP4
8	6	62	MT-CYB
8	6	63	GJB6
8	6	64	KHDRBS3
8	6	65	CLUL1
8	6	66	EPB41L1
8	6	67	TMSB4X
8	6	68	F5
8	6	69	CSF1
8	6	70	ZEB2
8	6	71	EFNB2
8	6	72	C11orf96
8	6	73	CXCL1
8	6	74	TMEM100
8	6	75	MYPN
8	6	76	EMP3
8	6	77	PLEKHA1
8	6	78	FN1
8	6	79	AC005062.1
8	6	80	NDNF
8	6	81	PDGFD
8	6	82	EREG
8	6	83	CADM3
8	6	84	PMAIP1
8	6	85	MT-CO1
8	6	86	SHANK2
8	6	87	DEFB1
8	6	88	MT-CO2
8	6	89	PHACTR2
8	6	90	SAMD5
8	6	91	CRIP1
8	6	92	BST2
8	6	93	S100A6
8	6	94	MT-CO3
8	6	95	THBS4
8	6	96	TOX3
8	6	97	LIMA1
8	6	98	MT-ATP6
8	6	99	IFI27
8	6	100	NBL1
8	7	1	AIF1
8	7	2	C1QA
8	7	3	C1QB
8	7	4	CYBB
8	7	5	TYROBP
8	7	6	C1QC
8	7	7	FOLR2
8	7	8	MS4A6A
8	7	9	RNASE1
8	7	10	HLA-DRA
8	7	11	MARCO
8	7	12	HLA-DQA1
8	7	13	MS4A7
8	7	14	VSIG4
8	7	15	LYZ
8	7	16	CD74
8	7	17	CD163
8	7	18	S100A8
8	7	19	FCER1G
8	7	20	EMB
8	7	21	ALOX5AP
8	7	22	MS4A4A
8	7	23	FCGR3A
8	7	24	PTPRC
8	7	25	FCGR2B
8	7	26	HLA-DRB1
8	7	27	LILRB5
8	7	28	LAPTM5
8	7	29	CD37
8	7	30	RGS1
8	7	31	FCER1A
8	7	32	LYVE1
8	7	33	HLA-DRB5
8	7	34	CD52
8	7	35	S100A9
8	7	36	HPGDS
8	7	37	STAB1
8	7	38	HLA-DQB1
8	7	39	CD3D
8	7	40	CD69
8	7	41	HCST
8	7	42	SAMSN1
8	7	43	SRGN
8	7	44	GMFG
8	7	45	CCL4L2
8	7	46	CCL4
8	7	47	CXCR4
8	7	48	CD48
8	7	49	GIMAP7
8	7	50	TPSAB1
8	7	51	MARCH1
8	7	52	CPVL
8	7	53	RAC2
8	7	54	CCL3
8	7	55	P2RY14
8	7	56	CCL5
8	7	57	TRBC2
8	7	58	TPSB2
8	7	59	MS4A2
8	7	60	CPA3
8	7	61	GPR65
8	7	62	NKG7
8	7	63	ADAM28
8	7	64	TRBC1
8	7	65	LTB
8	7	66	IL7R
8	7	67	NCKAP1L
8	7	68	PECAM1
8	7	69	IKZF1
8	7	70	GZMA
8	7	71	CCL3L1
8	7	72	KLRB1
8	7	73	CD93
8	7	74	TRAC
8	7	75	RUNX3
8	7	76	BCL11B
8	7	77	CTSG
8	7	78	HPGD
8	7	79	BTK
8	7	80	IL18
8	7	81	CXCL8
8	7	82	TNFAIP3
8	7	83	ENTPD1
8	7	84	TNF
8	7	85	GPR183
8	7	86	FCN1
8	7	87	CIITA
8	7	88	AREG
8	7	89	RHOH
8	7	90	FYB1
8	7	91	GZMK
8	7	92	HDC
8	7	93	CD36
8	7	94	IFI30
8	7	95	EMCN
8	7	96	CLEC2B
8	7	97	FTH1
8	7	98	SLC18A2
8	7	99	CD83
8	7	100	INPP5D
8	8	1	ANLN
8	8	2	ASPM
8	8	3	TOP2A
8	8	4	CENPF
8	8	5	CEP55
8	8	6	UBE2C
8	8	7	TPX2
8	8	8	MKI67
8	8	9	PIMREG
8	8	10	CCNB2
8	8	11	BIRC5
8	8	12	DEPDC1
8	8	13	CDK1
8	8	14	DIAPH3
8	8	15	PBK
8	8	16	CENPE
8	8	17	NUSAP1
8	8	18	CDC20
8	8	19	STMN1
8	8	20	TYMS
8	8	21	LGALS1
8	8	22	HIST1H1B
8	8	23	CD70
8	8	24	ESCO2
8	8	25	CIT
8	8	26	TFPI2
8	8	27	C12orf75
8	8	28	MYEF2
8	8	29	HIST1H3G
8	8	30	SMC2
8	8	31	CA1
8	8	32	AHSP
8	8	33	HBM
8	8	34	S100A10
8	8	35	ITGB1
8	8	36	PPP1R14B
8	8	37	ANXA2
8	8	38	SLC4A8
8	8	39	NAV2
8	8	40	COL6A1
8	8	41	MYBL1
8	8	42	ALAS2
8	8	43	NSD2
8	8	44	MAP1B
8	8	45	OLFML2B
8	8	46	MAP4K4
8	8	47	FAM111B
8	8	48	TMSB10
8	8	49	NRP2
8	8	50	FHL2
8	8	51	CLEC2B
8	8	52	TNFRSF12A
8	8	53	CCND1
8	8	54	HIST1H2AL
8	8	55	PODXL
8	8	56	LMNB1
8	8	57	ITGA6
8	8	58	ANPEP
8	8	59	EMP3
8	8	60	COL6A2
8	8	61	HBD
8	8	62	UCP2
8	8	63	EZR
8	8	64	SYNE2
8	8	65	CEP152
8	8	66	CDC25B
8	8	67	TM4SF1
8	8	68	ALCAM
8	8	69	FLNA
8	8	70	C21orf58
8	8	71	COL6A3
8	8	72	S100A6
8	8	73	COL15A1
8	8	74	ORC6
8	8	75	CKB
8	8	76	CD82
8	8	77	TCF19
8	8	78	HBA1
8	8	79	HBB
8	8	80	PLEC
8	8	81	ITGA3
8	8	82	PTPRC
8	8	83	FOSL1
8	8	84	PHLDA2
8	8	85	KRT16
8	8	86	HSD3B7
8	8	87	ITGA5
8	8	88	CDH13
8	8	89	TYMP
8	8	90	HLA-DRA
8	8	91	BCL11B
8	8	92	BIRC3
8	8	93	HLA-DQA1
8	8	94	NHSL1
8	8	95	SULF1
8	8	96	PRSS23
8	8	97	ADAMTS4
8	8	98	RRAD
8	8	99	KLF6
8	8	100	CDKN2A
9	1	1	GPX3
9	1	2	MT1X
9	1	3	GALNT15
9	1	4	DDIT4
9	1	5	SUN2
9	1	6	MT1E
9	1	7	MT1M
9	1	8	MT2A
9	1	9	GPM6B
9	1	10	CYP4B1
9	1	11	FAXDC2
9	1	12	GLUL
9	1	13	TXNIP
9	1	14	RBP4
9	1	15	CDA
9	1	16	PLPP3
9	1	17	FBLN1
9	1	18	ANGPTL7
9	1	19	MMP3
9	1	20	MTHFD2
9	1	21	JUN
9	1	22	OXA1L
9	1	23	RIPOR2
9	1	24	NEAT1
9	1	25	IGFBP6
9	1	26	ADCY2
9	1	27	CHI3L1
9	1	28	SOD2
9	1	29	SOCS3
9	1	30	ACKR3
9	1	31	MEG3
9	1	32	FOS
9	1	33	MUC20-OT1
9	1	34	ACADL
9	1	35	CCDC3
9	1	36	RASD1
9	1	37	PDK4
9	1	38	DEPP1
9	1	39	TGFBR3
9	1	40	SLPI
9	1	41	FKBP5
9	1	42	ATOH8
9	1	43	BTG2
9	1	44	NR1D1
9	1	45	APOD
9	1	46	TSKU
9	1	47	CORO6
9	1	48	ADAMTSL4
9	1	49	BCL6
9	1	50	CITED2
9	1	51	DIO3OS
9	1	52	LINC01088
9	1	53	IL6R
9	1	54	ADAMTS5
9	1	55	MT1G
9	1	56	SEPT11
9	1	57	PCDH17
9	1	58	DPP4
9	1	59	DUSP1
9	1	60	GLRX
9	1	61	MYC
9	1	62	LOX
9	1	63	HIST1H1C
9	1	64	C1QTNF7
9	1	65	AC008592.5
9	1	66	ILF3-DT
9	1	67	LTBP4
9	1	68	H6PD
9	1	69	MT1A
9	1	70	AHNAK2
9	1	71	DHCR24
9	1	72	PIK3R1
9	1	73	GSN
9	1	74	TMEM204
9	1	75	SLC7A8
9	1	76	MTSS1
9	1	77	MYOC
9	1	78	GADD45B
9	1	79	POU3F1
9	1	80	MAOA
9	1	81	EFNA1
9	1	82	MT1F
9	1	83	SAA1
9	1	84	STC2
9	1	85	ZNF703
9	1	86	CDH13
9	1	87	CYR61
9	1	88	ADM
9	1	89	NR4A1
9	1	90	WDR73
9	1	91	PHIP
9	1	92	FTH1
9	1	93	AC023157.3
9	1	94	INSIG1
9	1	95	CD14
9	1	96	CKB
9	1	97	IZUMO4
9	1	98	AR
9	1	99	AMOTL2
9	1	100	SLC25A37
9	2	1	SCRG1
9	2	2	COMP
9	2	3	FMOD
9	2	4	CILP2
9	2	5	C2orf40
9	2	6	MGP
9	2	7	CILP
9	2	8	DCN
9	2	9	PRELP
9	2	10	SBSPON
9	2	11	FIBIN
9	2	12	CLEC3A
9	2	13	COL9A3
9	2	14	COL2A1
9	2	15	ACAN
9	2	16	SMOC2
9	2	17	BGN
9	2	18	FRZB
9	2	19	C9orf3
9	2	20	FBXO2
9	2	21	SCX
9	2	22	CHAD
9	2	23	FGFBP2
9	2	24	COL11A1
9	2	25	S100A1
9	2	26	NDUFA4L2
9	2	27	CLU
9	2	28	SERPINA5
9	2	29	OGN
9	2	30	COL11A2
9	2	31	FXYD6
9	2	32	LUM
9	2	33	COL9A2
9	2	34	TSPAN2
9	2	35	PRDX4
9	2	36	SPINT2
9	2	37	HRCT1
9	2	38	SERPINA1
9	2	39	TSC22D1
9	2	40	AQP3
9	2	41	TNNT3
9	2	42	LTBP2
9	2	43	BBS9
9	2	44	SPARC
9	2	45	PART1
9	2	46	LAG3
9	2	47	HAPLN1
9	2	48	AL078639.1
9	2	49	RGS16
9	2	50	TCEAL2
9	2	51	KLF2
9	2	52	STK38L
9	2	53	COLGALT2
9	2	54	OMD
9	2	55	PAPSS2
9	2	56	CYR61
9	2	57	SERTAD4
9	2	58	TPRG1
9	2	59	ID1
9	2	60	C1QTNF4
9	2	61	SDC1
9	2	62	CTGF
9	2	63	EMILIN3
9	2	64	WWP2
9	2	65	PPP1R3C
9	2	66	TRPV4
9	2	67	TIMP4
9	2	68	GADD45B
9	2	69	PCSK1N
9	2	70	MIA
9	2	71	COL5A2
9	2	72	FGFR3
9	2	73	GREM1
9	2	74	P4HB
9	2	75	LEFTY2
9	2	76	FOXC2
9	2	77	BMPER
9	2	78	ITGA10
9	2	79	IER5
9	2	80	BHLHE41
9	2	81	MAP2K6
9	2	82	FAM180B
9	2	83	GDF10
9	2	84	ENHO
9	2	85	IER3
9	2	86	ANGPTL2
9	2	87	SSTR2
9	2	88	SRPX2
9	2	89	CDKN1C
9	2	90	COL3A1
9	2	91	RAPGEF5
9	2	92	GDF5
9	2	93	COL15A1
9	2	94	THBS1
9	2	95	ASPN
9	2	96	CHST3
9	2	97	KIAA1549
9	2	98	MBNL1-AS1
9	2	99	CHI3L2
9	2	100	SLC40A1
9	3	1	RPS17
9	3	2	RPL17
9	3	3	EEF1G
9	3	4	GAS5
9	3	5	NME2
9	3	6	MIF
9	3	7	SNHG29
9	3	8	GABARAP
9	3	9	RNASEK
9	3	10	VEGFA
9	3	11	SEPTIN7
9	3	12	SNHG5
9	3	13	SERPINA3
9	3	14	BMP2
9	3	15	MICOS10
9	3	16	TNFRSF12A
9	3	17	ECRG4
9	3	18	HSPA5
9	3	19	FOSL1
9	3	20	CHAC1
9	3	21	CDKN1A
9	3	22	EGR1
9	3	23	KDM6B
9	3	24	CHD2
9	3	25	FGF2
9	3	26	SEPTIN2
9	3	27	GLIS3
9	3	28	CCN1
9	3	29	PTGS2
9	3	30	FNIP2
9	3	31	SOX9
9	3	32	KIAA0040
9	3	33	ERRFI1
9	3	34	RCAN1
9	3	35	INHBA
9	3	36	PPP1R15A
9	3	37	HMOX1
9	3	38	SIPA1L2
9	3	39	BHLHE40
9	3	40	BNIP3
9	3	41	H19
9	3	42	TIPARP
9	3	43	ATXN7
9	3	44	FOXC2
9	3	45	CRIP1
9	3	46	ANGPTL4
9	3	47	SDF2L1
9	3	48	SLC2A1
9	3	49	CCN2
9	3	50	TNFRSF10D
9	3	51	SNHG14
9	3	52	PAPSS2
9	3	53	ABL2
9	3	54	ARID5B
9	3	55	SOD2
9	3	56	CDON
9	3	57	EGLN3
9	3	58	EGR3
9	3	59	LIF
9	3	60	SLC7A11
9	3	61	HSPH1
9	3	62	KCNQ1OT1
9	3	63	GEM
9	3	64	BIRC3
9	3	65	NFKBIZ
9	3	66	FHL2
9	3	67	EGLN2
9	3	68	DST
9	3	69	DNAJB1
9	3	70	RND3
9	3	71	SPEN
9	3	72	ELL2
9	3	73	ZNF395
9	3	74	TIAM2
9	3	75	USP53
9	3	76	CILP
9	3	77	RFLNB
9	3	78	PHLDA2
9	3	79	SERPINA1
9	3	80	CHST3
9	3	81	NAMPT
9	3	82	MIR222HG
9	3	83	MAT2A
9	3	84	AL627171.2
9	3	85	IL11
9	3	86	DDIT4L
9	3	87	ANK3
9	3	88	PDE4B
9	3	89	EZR
9	3	90	DGKI
9	3	91	ICAM1
9	3	92	NFATC2
9	3	93	AL021155.5
9	3	94	STK38L
9	3	95	DDX17
9	3	96	TCEAL2
9	3	97	CA9
9	3	98	USP9Y
9	3	99	BTG2
9	3	100	C2CD4B
9	4	1	SERPINF1
9	4	2	CXCL12
9	4	3	C1S
9	4	4	C1R
9	4	5	SFRP1
9	4	6	EFEMP1
9	4	7	IGFBP4
9	4	8	EPHX1
9	4	9	COL14A1
9	4	10	CFD
9	4	11	SELENOP
9	4	12	IGF1
9	4	13	SRPX
9	4	14	CYP1B1
9	4	15	PLA2G2A
9	4	16	PTGFR
9	4	17	AHR
9	4	18	GGT5
9	4	19	EBF1
9	4	20	MMP2
9	4	21	PODN
9	4	22	C3
9	4	23	PLTP
9	4	24	ZFP36L1
9	4	25	PLPP1
9	4	26	ITM2A
9	4	27	C7
9	4	28	KCNE4
9	4	29	DCLK1
9	4	30	GSN
9	4	31	BASP1
9	4	32	CCN5
9	4	33	MT-ND3
9	4	34	TMEM176B
9	4	35	LGALS3BP
9	4	36	TMEM176A
9	4	37	ZFP36L2
9	4	38	C16orf89
9	4	39	KCTD12
9	4	40	MGST1
9	4	41	FBLN2
9	4	42	LAMB1
9	4	43	MT-ND1
9	4	44	FILIP1L
9	4	45	PTGER4
9	4	46	VCAN
9	4	47	TMSB10
9	4	48	OLFML3
9	4	49	AKR1C3
9	4	50	PDGFRA
9	4	51	HLA-DRB1
9	4	52	MT-ATP6
9	4	53	AKR1C1
9	4	54	SFRP2
9	4	55	RARRES2
9	4	56	CRISPLD1
9	4	57	NR2F2
9	4	58	ANGPT1
9	4	59	HSPH1
9	4	60	NFIB
9	4	61	C6
9	4	62	PCDH18
9	4	63	CALD1
9	4	64	MARCKS
9	4	65	MT-CO1
9	4	66	PDE5A
9	4	67	NID1
9	4	68	IRX3
9	4	69	MT-CYB
9	4	70	BICC1
9	4	71	ABCA8
9	4	72	TSHZ2
9	4	73	OLFML1
9	4	74	PTGDS
9	4	75	APOE
9	4	76	TWIST1
9	4	77	FGF7
9	4	78	FBLN1
9	4	79	JUN
9	4	80	SCG2
9	4	81	FMO2
9	4	82	HELLPAR
9	4	83	PTN
9	4	84	ENPP2
9	4	85	CFH
9	4	86	VIT
9	4	87	SAMHD1
9	4	88	CYGB
9	4	89	ADD3
9	4	90	ANGPTL1
9	4	91	FYN
9	4	92	ADAMTS1
9	4	93	CD74
9	4	94	GPNMB
9	4	95	ABCC9
9	4	96	CES1
9	4	97	AGTR1
9	4	98	HLA-DRB5
9	4	99	PPP1R15A
9	4	100	PCDH9
9	5	1	COL1A1
9	5	2	COL1A2
9	5	3	COL6A1
9	5	4	COL5A2
9	5	5	LGALS1
9	5	6	POSTN
9	5	7	MXRA5
9	5	8	TGFBI
9	5	9	COL6A2
9	5	10	COL6A3
9	5	11	DKK3
9	5	12	FNDC1
9	5	13	SPARC
9	5	14	COL3A1
9	5	15	ITGB1
9	5	16	ASPN
9	5	17	TPM1
9	5	18	LRRC15
9	5	19	LOXL2
9	5	20	TMSB4X
9	5	21	SPON2
9	5	22	COL5A1
9	5	23	TNC
9	5	24	CCND1
9	5	25	AQP1
9	5	26	CRABP2
9	5	27	AEBP1
9	5	28	C1QTNF3
9	5	29	NBL1
9	5	30	FSTL1
9	5	31	S100A4
9	5	32	CTHRC1
9	5	33	COL8A1
9	5	34	FAP
9	5	35	S100A10
9	5	36	CADM1
9	5	37	ANTXR1
9	5	38	THY1
9	5	39	DPT
9	5	40	ANXA2
9	5	41	ABHD2
9	5	42	C12orf75
9	5	43	COL12A1
9	5	44	MYL9
9	5	45	ISLR
9	5	46	FLNA
9	5	47	EDIL3
9	5	48	ANGPTL2
9	5	49	CALD1
9	5	50	RAB31
9	5	51	PRSS23
9	5	52	LRRC17
9	5	53	FAT1
9	5	54	MICAL2
9	5	55	FBN1
9	5	56	PPP1R14B
9	5	57	LTBP1
9	5	58	PDGFRB
9	5	59	SLN
9	5	60	CD70
9	5	61	TMSB10
9	5	62	ELN
9	5	63	HSPG2
9	5	64	TAGLN
9	5	65	ANO1
9	5	66	IL32
9	5	67	THBS3
9	5	68	IGFBP7
9	5	69	TUBA1A
9	5	70	CDH11
9	5	71	SSC5D
9	5	72	COL4A2
9	5	73	ITGA11
9	5	74	TMEM119
9	5	75	PXDN
9	5	76	ARL4C
9	5	77	GJA1
9	5	78	LIMA1
9	5	79	ENPP1
9	5	80	SULF1
9	5	81	MAP1B
9	5	82	THBS2
9	5	83	MARCKS
9	5	84	HMCN1
9	5	85	MATN2
9	5	86	TPPP3
9	5	87	SERPINE1
9	5	88	RFLNB
9	5	89	FRMD6
9	5	90	COL5A3
9	5	91	ENAH
9	5	92	CDH13
9	5	93	S100A6
9	5	94	TNFSF11
9	5	95	PLEC
9	5	96	GAP43
9	5	97	COL4A1
9	5	98	BASP1
9	5	99	CEMIP
9	5	100	DST
9	6	1	PRG4
9	6	2	ITGBL1
9	6	3	CLIC5
9	6	4	TMEM196
9	6	5	DNASE1L3
9	6	6	SPARCL1
9	6	7	ZNF385B
9	6	8	TIMP3
9	6	9	ITGB8
9	6	10	HBEGF
9	6	11	GABRA4
9	6	12	GPR1
9	6	13	HHIP
9	6	14	PCSK6
9	6	15	DIRC3
9	6	16	HTRA4
9	6	17	CRTAC1
9	6	18	TSPAN15
9	6	19	APLP2
9	6	20	CFI
9	6	21	SEMA3A
9	6	22	SEMA5A
9	6	23	COLEC12
9	6	24	SCARA5
9	6	25	NTN4
9	6	26	GFPT2
9	6	27	CREB5
9	6	28	MTUS2
9	6	29	CHST2
9	6	30	HHIP-AS1
9	6	31	COL22A1
9	6	32	ITM2B
9	6	33	HAS1
9	6	34	SELP
9	6	35	SMIM14
9	6	36	APBB1IP
9	6	37	SEMA3C
9	6	38	TFPI
9	6	39	FGF10
9	6	40	CTTNBP2
9	6	41	MAL
9	6	42	ITGA6
9	6	43	AC004540.2
9	6	44	TWISTNB
9	6	45	HTRA1
9	6	46	GJB2
9	6	47	PPM1L
9	6	48	SLC2A12
9	6	49	S100A4
9	6	50	BTC
9	6	51	TPPP3
9	6	52	SORBS2
9	6	53	TSPAN7
9	6	54	FGL2
9	6	55	PPP1R1A
9	6	56	MT-CYB
9	6	57	ARHGAP28
9	6	58	ARL2
9	6	59	KHDRBS3
9	6	60	GJB6
9	6	61	DLX3
9	6	62	ENPP4
9	6	63	EPB41L3
9	6	64	CLUL1
9	6	65	EPB41L1
9	6	66	TMSB4X
9	6	67	DLX4
9	6	68	EFNB2
9	6	69	CXCL1
9	6	70	F5
9	6	71	CSF1
9	6	72	ZEB2
9	6	73	MYPN
9	6	74	MT-CO1
9	6	75	AC005062.1
9	6	76	MT-CO3
9	6	77	PDGFD
9	6	78	NDNF
9	6	79	TMEM100
9	6	80	C11orf96
9	6	81	MT-CO2
9	6	82	EREG
9	6	83	MT-ATP6
9	6	84	CADM3
9	6	85	SHANK2
9	6	86	MT-ND3
9	6	87	BST2
9	6	88	PLEKHA1
9	6	89	LIMA1
9	6	90	SAMD5
9	6	91	TOX3
9	6	92	PMAIP1
9	6	93	STEAP4
9	6	94	PHACTR2
9	6	95	THBS4
9	6	96	EMP3
9	6	97	IFI27
9	6	98	OLFM3
9	6	99	GPR183
9	6	100	LAMA4
9	7	1	CRLF1
9	7	2	CD55
9	7	3	FN1
9	7	4	HTRA1
9	7	5	TREM1
9	7	6	TNFAIP6
9	7	7	DYSF
9	7	8	SMOC1
9	7	9	CCDC80
9	7	10	CAPS
9	7	11	NECTIN4
9	7	12	TNFRSF11B
9	7	13	ADGRG2
9	7	14	PRDX4
9	7	15	SLC7A2
9	7	16	IGFBP5
9	7	17	AMTN
9	7	18	PTGES
9	7	19	ADAMTS6
9	7	20	CRTAC1
9	7	21	ISLR
9	7	22	CLU
9	7	23	EMP3
9	7	24	RET
9	7	25	S100A6
9	7	26	GAS1
9	7	27	PRG4
9	7	28	SLC16A10
9	7	29	TIMP3
9	7	30	MIA
9	7	31	S100A3
9	7	32	HSD3B7
9	7	33	S100A4
9	7	34	SMIM14
9	7	35	SRPX2
9	7	36	AQP1
9	7	37	DPT
9	7	38	DEFB1
9	7	39	TIMP1
9	7	40	PRSS23
9	7	41	SOX11
9	7	42	TRPV4
9	7	43	TYMP
9	7	44	HMX1
9	7	45	CCND1
9	7	46	PTHLH
9	7	47	S100A10
9	7	48	ITPR3
9	7	49	NDUFA4L2
9	7	50	PAPSS2
9	7	51	CLIC3
9	7	52	PCSK1N
9	7	53	MSMO1
9	7	54	PPP1R14B
9	7	55	ADAMTSL2
9	7	56	EPB41L3
9	7	57	P4HB
9	7	58	SLC2A12
9	7	59	ABI3BP
9	7	60	SORBS2
9	7	61	SQLE
9	7	62	GFPT2
9	7	63	RAPGEF4
9	7	64	CXCL14
9	7	65	LY6D
9	7	66	FABP3
9	7	67	DNER
9	7	68	CRYAB
9	7	69	DLX4
9	7	70	OGN
9	7	71	TSPAN2
9	7	72	TPPP3
9	7	73	AOAH
9	7	74	LOXL2
9	7	75	IL11
9	7	76	SDF2L1
9	7	77	WISP1
9	7	78	BTC
9	7	79	AC093496.1
9	7	80	UCP2
9	7	81	ARL2
9	7	82	FAP
9	7	83	KRT17
9	7	84	CDON
9	7	85	CDH19
9	7	86	RFLNB
9	7	87	CLVS2
9	7	88	SHISAL2B
9	7	89	IGFBP1
9	7	90	LTBP1
9	7	91	SERPINE2
9	7	92	ANO1
9	7	93	C15orf48
9	7	94	ENPP1
9	7	95	FMOD
9	7	96	PHLDA2
9	7	97	TNXB
9	7	98	INHBA
9	7	99	COL15A1
9	7	100	PARP16
9	8	1	AIF1
9	8	2	C1QA
9	8	3	C1QB
9	8	4	CYBB
9	8	5	TYROBP
9	8	6	C1QC
9	8	7	FOLR2
9	8	8	MS4A6A
9	8	9	RNASE1
9	8	10	HLA-DRA
9	8	11	MARCO
9	8	12	HLA-DQA1
9	8	13	MS4A7
9	8	14	VSIG4
9	8	15	LYZ
9	8	16	CD74
9	8	17	CD163
9	8	18	S100A8
9	8	19	FCER1G
9	8	20	EMB
9	8	21	MS4A4A
9	8	22	ALOX5AP
9	8	23	FCGR3A
9	8	24	PTPRC
9	8	25	HLA-DRB1
9	8	26	FCGR2B
9	8	27	LILRB5
9	8	28	LAPTM5
9	8	29	CD37
9	8	30	RGS1
9	8	31	FCER1A
9	8	32	LYVE1
9	8	33	HLA-DRB5
9	8	34	S100A9
9	8	35	CD52
9	8	36	STAB1
9	8	37	HPGDS
9	8	38	HLA-DQB1
9	8	39	CD3D
9	8	40	CD69
9	8	41	HCST
9	8	42	SAMSN1
9	8	43	SRGN
9	8	44	GMFG
9	8	45	CCL4L2
9	8	46	CCL4
9	8	47	CXCR4
9	8	48	GIMAP7
9	8	49	CD48
9	8	50	TPSAB1
9	8	51	MARCH1
9	8	52	CPVL
9	8	53	CCL3
9	8	54	P2RY14
9	8	55	RAC2
9	8	56	CCL5
9	8	57	TRBC2
9	8	58	MS4A2
9	8	59	TPSB2
9	8	60	CPA3
9	8	61	GPR65
9	8	62	NKG7
9	8	63	ADAM28
9	8	64	TRBC1
9	8	65	NCKAP1L
9	8	66	LTB
9	8	67	IL7R
9	8	68	PECAM1
9	8	69	IKZF1
9	8	70	CCL3L1
9	8	71	GZMA
9	8	72	KLRB1
9	8	73	CD93
9	8	74	TRAC
9	8	75	RUNX3
9	8	76	BCL11B
9	8	77	CTSG
9	8	78	HPGD
9	8	79	BTK
9	8	80	IL18
9	8	81	CXCL8
9	8	82	TNFAIP3
9	8	83	TNF
9	8	84	ENTPD1
9	8	85	GPR183
9	8	86	CIITA
9	8	87	FCN1
9	8	88	AREG
9	8	89	FYB1
9	8	90	RHOH
9	8	91	HDC
9	8	92	GZMK
9	8	93	CD36
9	8	94	IFI30
9	8	95	EMCN
9	8	96	CLEC2B
9	8	97	INPP5D
9	8	98	FTH1
9	8	99	SLC18A2
9	8	100	CD83
9	9	1	ANLN
9	9	2	ASPM
9	9	3	TOP2A
9	9	4	CENPF
9	9	5	CEP55
9	9	6	UBE2C
9	9	7	TPX2
9	9	8	MKI67
9	9	9	PIMREG
9	9	10	CCNB2
9	9	11	BIRC5
9	9	12	DEPDC1
9	9	13	CDK1
9	9	14	DIAPH3
9	9	15	PBK
9	9	16	CENPE
9	9	17	NUSAP1
9	9	18	CDC20
9	9	19	STMN1
9	9	20	TYMS
9	9	21	LGALS1
9	9	22	HIST1H1B
9	9	23	CD70
9	9	24	ESCO2
9	9	25	CIT
9	9	26	TFPI2
9	9	27	C12orf75
9	9	28	MYEF2
9	9	29	HIST1H3G
9	9	30	SMC2
9	9	31	CA1
9	9	32	AHSP
9	9	33	HBM
9	9	34	S100A10
9	9	35	ITGB1
9	9	36	ANXA2
9	9	37	PPP1R14B
9	9	38	SLC4A8
9	9	39	NAV2
9	9	40	COL6A1
9	9	41	MYBL1
9	9	42	ALAS2
9	9	43	NSD2
9	9	44	MAP1B
9	9	45	OLFML2B
9	9	46	FAM111B
9	9	47	MAP4K4
9	9	48	NRP2
9	9	49	TMSB10
9	9	50	FHL2
9	9	51	CLEC2B
9	9	52	CCND1
9	9	53	TNFRSF12A
9	9	54	HIST1H2AL
9	9	55	PODXL
9	9	56	LMNB1
9	9	57	ITGA6
9	9	58	ANPEP
9	9	59	EMP3
9	9	60	EZR
9	9	61	HBD
9	9	62	SYNE2
9	9	63	COL6A2
9	9	64	UCP2
9	9	65	CEP152
9	9	66	CDC25B
9	9	67	ALCAM
9	9	68	C21orf58
9	9	69	FLNA
9	9	70	TM4SF1
9	9	71	PTPRC
9	9	72	COL6A3
9	9	73	S100A6
9	9	74	COL15A1
9	9	75	ORC6
9	9	76	CKB
9	9	77	TCF19
9	9	78	CD82
9	9	79	PLEC
9	9	80	HBA1
9	9	81	HBB
9	9	82	HLA-DRA
9	9	83	ITGA3
9	9	84	CD3D
9	9	85	BCL11B
9	9	86	HLA-DQA1
9	9	87	FOSL1
9	9	88	CDH13
9	9	89	PHLDA2
9	9	90	HSD3B7
9	9	91	ITGA5
9	9	92	BIRC3
9	9	93	KRT16
9	9	94	TYMP
9	9	95	NHSL1
9	9	96	CCDC88A
9	9	97	SULF1
9	9	98	RRAD
9	9	99	KLF6
9	9	100	PRSS23
10	1	1	GPX3
10	1	2	MT1X
10	1	3	GALNT15
10	1	4	DDIT4
10	1	5	SUN2
10	1	6	MT1E
10	1	7	MT1M
10	1	8	MT2A
10	1	9	GPM6B
10	1	10	CYP4B1
10	1	11	GLUL
10	1	12	CDA
10	1	13	RBP4
10	1	14	FBLN1
10	1	15	PLPP3
10	1	16	TXNIP
10	1	17	MTHFD2
10	1	18	JUN
10	1	19	FAXDC2
10	1	20	MMP3
10	1	21	OXA1L
10	1	22	SOCS3
10	1	23	RIPOR2
10	1	24	CHI3L1
10	1	25	NEAT1
10	1	26	ANGPTL7
10	1	27	SOD2
10	1	28	FOS
10	1	29	IGFBP6
10	1	30	MEG3
10	1	31	ACKR3
10	1	32	MUC20-OT1
10	1	33	RASD1
10	1	34	ADCY2
10	1	35	ACADL
10	1	36	PDK4
10	1	37	SLPI
10	1	38	CCDC3
10	1	39	DEPP1
10	1	40	CITED2
10	1	41	APOD
10	1	42	TSKU
10	1	43	BTG2
10	1	44	TGFBR3
10	1	45	ATOH8
10	1	46	MYC
10	1	47	CORO6
10	1	48	FKBP5
10	1	49	ADAMTSL4
10	1	50	LINC01088
10	1	51	MT1G
10	1	52	SEPT11
10	1	53	GADD45B
10	1	54	GLRX
10	1	55	DIO3OS
10	1	56	NR1D1
10	1	57	LOX
10	1	58	MT1A
10	1	59	AC008592.5
10	1	60	DUSP1
10	1	61	PCDH17
10	1	62	BCL6
10	1	63	FTH1
10	1	64	ADAMTS5
10	1	65	IL6R
10	1	66	CYR61
10	1	67	GSN
10	1	68	TMEM204
10	1	69	LTBP4
10	1	70	DHCR24
10	1	71	EFNA1
10	1	72	ADM
10	1	73	NR4A1
10	1	74	ILF3-DT
10	1	75	HIST1H1C
10	1	76	POU3F1
10	1	77	H6PD
10	1	78	DPP4
10	1	79	SAA1
10	1	80	ATF3
10	1	81	MT1F
10	1	82	SLC7A8
10	1	83	CD14
10	1	84	INSIG1
10	1	85	ZNF703
10	1	86	MYOC
10	1	87	MTSS1
10	1	88	MAOA
10	1	89	ERRFI1
10	1	90	SLC2A3
10	1	91	CKB
10	1	92	HSPA1A
10	1	93	MAFB
10	1	94	STC2
10	1	95	C1QTNF7
10	1	96	NAMPT
10	1	97	AHNAK2
10	1	98	HSPA1B
10	1	99	WDR73
10	1	100	SLC25A37
10	2	1	SCRG1
10	2	2	COMP
10	2	3	CILP2
10	2	4	FMOD
10	2	5	C2orf40
10	2	6	MGP
10	2	7	SBSPON
10	2	8	CILP
10	2	9	DCN
10	2	10	PRELP
10	2	11	CLEC3A
10	2	12	COL2A1
10	2	13	COL9A3
10	2	14	FIBIN
10	2	15	ACAN
10	2	16	C9orf3
10	2	17	BGN
10	2	18	SMOC2
10	2	19	FBXO2
10	2	20	FRZB
10	2	21	SCX
10	2	22	FGFBP2
10	2	23	COL11A1
10	2	24	S100A1
10	2	25	CHAD
10	2	26	NDUFA4L2
10	2	27	SERPINA5
10	2	28	COL11A2
10	2	29	COL9A2
10	2	30	PRDX4
10	2	31	FXYD6
10	2	32	SPINT2
10	2	33	SERPINA1
10	2	34	CLU
10	2	35	TSPAN2
10	2	36	HRCT1
10	2	37	AQP3
10	2	38	TSC22D1
10	2	39	SPARC
10	2	40	OGN
10	2	41	LUM
10	2	42	TNNT3
10	2	43	RGS16
10	2	44	BBS9
10	2	45	CYR61
10	2	46	HAPLN1
10	2	47	KLF2
10	2	48	LTBP2
10	2	49	AL078639.1
10	2	50	TCEAL2
10	2	51	STK38L
10	2	52	LAG3
10	2	53	PART1
10	2	54	PAPSS2
10	2	55	ID1
10	2	56	CTGF
10	2	57	C1QTNF4
10	2	58	GADD45B
10	2	59	SDC1
10	2	60	EMILIN3
10	2	61	TRPV4
10	2	62	TPRG1
10	2	63	OMD
10	2	64	IER3
10	2	65	COLGALT2
10	2	66	TIMP4
10	2	67	SERTAD4
10	2	68	WWP2
10	2	69	P4HB
10	2	70	FOXC2
10	2	71	PCSK1N
10	2	72	IER5
10	2	73	MIA
10	2	74	FGFR3
10	2	75	PPP1R3C
10	2	76	COL5A2
10	2	77	GREM1
10	2	78	LEFTY2
10	2	79	GDF10
10	2	80	FAM180B
10	2	81	BMPER
10	2	82	ENHO
10	2	83	COL3A1
10	2	84	BHLHE41
10	2	85	MAP2K6
10	2	86	RGS3
10	2	87	CDKN1C
10	2	88	SRPX2
10	2	89	CRYAB
10	2	90	GDF5
10	2	91	TUBA1A
10	2	92	SSTR2
10	2	93	ITGA10
10	2	94	CHST3
10	2	95	EGR2
10	2	96	ANGPTL2
10	2	97	KIAA1549
10	2	98	COL15A1
10	2	99	ATP1B1
10	2	100	FGF18
10	3	1	CCN2
10	3	2	SEPTIN7
10	3	3	SNHG5
10	3	4	GABARAP
10	3	5	EEF1G
10	3	6	RPS17
10	3	7	RPL17
10	3	8	RNASEK
10	3	9	DST
10	3	10	SNHG14
10	3	11	NME2
10	3	12	SNHG29
10	3	13	GAS5
10	3	14	ECRG4
10	3	15	AL627171.2
10	3	16	SEPTIN2
10	3	17	MICOS10
10	3	18	PIK3R1
10	3	19	ECM2
10	3	20	USP53
10	3	21	MALAT1
10	3	22	PLCG2
10	3	23	DDX17
10	3	24	CRIP1
10	3	25	OGN
10	3	26	FTX
10	3	27	CILP
10	3	28	CCN1
10	3	29	MIR99AHG
10	3	30	SYNE1
10	3	31	UACA
10	3	32	THBS1
10	3	33	AL021155.5
10	3	34	EDIL3
10	3	35	CEP126
10	3	36	CCDC144A
10	3	37	KMT2A
10	3	38	ZNF704
10	3	39	DCN
10	3	40	LINC00342
10	3	41	UTRN
10	3	42	F5
10	3	43	AKR1C2
10	3	44	MACF1
10	3	45	ASPN
10	3	46	ABI3BP
10	3	47	TIPARP
10	3	48	PTPRD
10	3	49	TNRC6B
10	3	50	FZD8
10	3	51	NKTR
10	3	52	OMD
10	3	53	SYNM
10	3	54	ANK3
10	3	55	ANTXR1
10	3	56	TNC
10	3	57	MYO9A
10	3	58	STEAP2
10	3	59	LTBP2
10	3	60	BDP1
10	3	61	PLEKHH2
10	3	62	RIF1
10	3	63	NOVA1
10	3	64	PRELP
10	3	65	VPS13C
10	3	66	HLF
10	3	67	CHD2
10	3	68	PPP1R3C
10	3	69	ATF7IP
10	3	70	SPEN
10	3	71	OGA
10	3	72	HIST1H1E
10	3	73	TNRC6A
10	3	74	RNPC3
10	3	75	ZNF638
10	3	76	NXPE2
10	3	77	KIAA1109
10	3	78	COLGALT2
10	3	79	Z83843.1
10	3	80	MIF
10	3	81	FAT4
10	3	82	ATXN7
10	3	83	CP
10	3	84	CAMK1D
10	3	85	ZNF141
10	3	86	EGLN2
10	3	87	MXRA5
10	3	88	ITGA1
10	3	89	H19
10	3	90	PDGFRA
10	3	91	PDE4D
10	3	92	PRUNE2
10	3	93	METTL7A
10	3	94	CLU
10	3	95	C1QTNF7
10	3	96	KMT2C
10	3	97	COL12A1
10	3	98	ZNF292
10	3	99	ANKRD50
10	3	100	PTPN14
10	4	1	SERPINF1
10	4	2	CXCL12
10	4	3	C1S
10	4	4	C1R
10	4	5	EFEMP1
10	4	6	SFRP1
10	4	7	IGFBP4
10	4	8	EPHX1
10	4	9	CFD
10	4	10	SELENOP
10	4	11	SRPX
10	4	12	COL14A1
10	4	13	IGF1
10	4	14	CYP1B1
10	4	15	PLA2G2A
10	4	16	PTGFR
10	4	17	GGT5
10	4	18	AHR
10	4	19	PODN
10	4	20	MMP2
10	4	21	EBF1
10	4	22	C3
10	4	23	ZFP36L1
10	4	24	PLTP
10	4	25	ITM2A
10	4	26	PLPP1
10	4	27	KCNE4
10	4	28	GSN
10	4	29	C7
10	4	30	BASP1
10	4	31	MT-ND3
10	4	32	DCLK1
10	4	33	TMEM176B
10	4	34	LGALS3BP
10	4	35	TMEM176A
10	4	36	CCN5
10	4	37	ZFP36L2
10	4	38	MGST1
10	4	39	C16orf89
10	4	40	MT-ND1
10	4	41	FBLN2
10	4	42	TMSB10
10	4	43	MT-ATP6
10	4	44	PTGER4
10	4	45	KCTD12
10	4	46	HLA-DRB1
10	4	47	FILIP1L
10	4	48	LAMB1
10	4	49	RARRES2
10	4	50	AKR1C3
10	4	51	AKR1C1
10	4	52	VCAN
10	4	53	SFRP2
10	4	54	OLFML3
10	4	55	NR2F2
10	4	56	MT-CO1
10	4	57	HSPH1
10	4	58	MT-CYB
10	4	59	C6
10	4	60	PDGFRA
10	4	61	ANGPT1
10	4	62	PCDH18
10	4	63	CRISPLD1
10	4	64	NID1
10	4	65	MARCKS
10	4	66	IRX3
10	4	67	JUN
10	4	68	NFIB
10	4	69	APOE
10	4	70	ABCA8
10	4	71	PDE5A
10	4	72	FBLN1
10	4	73	CALD1
10	4	74	OLFML1
10	4	75	PTGDS
10	4	76	TWIST1
10	4	77	SCG2
10	4	78	FGF7
10	4	79	BICC1
10	4	80	CYGB
10	4	81	ADAMTS1
10	4	82	TSHZ2
10	4	83	ENPP2
10	4	84	GEM
10	4	85	VIT
10	4	86	HELLPAR
10	4	87	PPP1R15A
10	4	88	FMO2
10	4	89	MT-CO2
10	4	90	FYN
10	4	91	AGTR1
10	4	92	PTN
10	4	93	CD74
10	4	94	ADD3
10	4	95	SAMHD1
10	4	96	DNAJB1
10	4	97	ABCC9
10	4	98	CES1
10	4	99	ANGPTL1
10	4	100	GPNMB
10	5	1	VEGFA
10	5	2	TNFRSF12A
10	5	3	RPS17
10	5	4	BMP2
10	5	5	HSPA5
10	5	6	MIF
10	5	7	RPL17
10	5	8	FOSL1
10	5	9	PTGS2
10	5	10	SERPINA3
10	5	11	GAS5
10	5	12	EEF1G
10	5	13	KDM6B
10	5	14	SDF2L1
10	5	15	CDKN1A
10	5	16	ANGPTL4
10	5	17	NME2
10	5	18	SNHG29
10	5	19	INHBA
10	5	20	CHAC1
10	5	21	ERRFI1
10	5	22	RCAN1
10	5	23	SOX9
10	5	24	GLIS3
10	5	25	RNASEK
10	5	26	SLC2A1
10	5	27	BNIP3
10	5	28	FNIP2
10	5	29	FOXC2
10	5	30	FGF2
10	5	31	EGR1
10	5	32	PHLDA2
10	5	33	PPP1R15A
10	5	34	HMOX1
10	5	35	IL11
10	5	36	GABARAP
10	5	37	LIF
10	5	38	EGLN3
10	5	39	SEPTIN7
10	5	40	FHL2
10	5	41	SNHG5
10	5	42	SERPINA1
10	5	43	SIPA1L2
10	5	44	TNFRSF10D
10	5	45	BHLHE40
10	5	46	RFLNB
10	5	47	KIAA0040
10	5	48	GEM
10	5	49	EGR3
10	5	50	IER3
10	5	51	MICOS10
10	5	52	CHD2
10	5	53	SOD2
10	5	54	NAMPT
10	5	55	EIF4EBP1
10	5	56	ABL2
10	5	57	SLC7A11
10	5	58	ICAM1
10	5	59	PAPSS2
10	5	60	ARID5B
10	5	61	ZNF395
10	5	62	HSPH1
10	5	63	UPP1
10	5	64	BIRC3
10	5	65	C11orf96
10	5	66	DNAJB1
10	5	67	ECRG4
10	5	68	MAT2A
10	5	69	DGKI
10	5	70	HMGA1
10	5	71	PDE4B
10	5	72	MIR222HG
10	5	73	CCN1
10	5	74	H19
10	5	75	FAM43A
10	5	76	TIAM2
10	5	77	C2CD4B
10	5	78	ANKRD37
10	5	79	PHLDA1
10	5	80	TM4SF1
10	5	81	ATXN7
10	5	82	PTGES
10	5	83	CDON
10	5	84	NFKBIZ
10	5	85	BDKRB1
10	5	86	RNF144B
10	5	87	IRF1
10	5	88	IER5
10	5	89	PLEKHA1
10	5	90	RND3
10	5	91	LINC00511
10	5	92	MT2A
10	5	93	NFATC2
10	5	94	SERPINE2
10	5	95	HILPDA
10	5	96	EZR
10	5	97	DDIT4L
10	5	98	MEDAG
10	5	99	CHST3
10	5	100	SEPTIN2
10	6	1	PRG4
10	6	2	ITGBL1
10	6	3	CLIC5
10	6	4	TMEM196
10	6	5	DNASE1L3
10	6	6	SPARCL1
10	6	7	TIMP3
10	6	8	ZNF385B
10	6	9	HBEGF
10	6	10	ITGB8
10	6	11	GABRA4
10	6	12	GPR1
10	6	13	PCSK6
10	6	14	HHIP
10	6	15	DIRC3
10	6	16	HTRA4
10	6	17	TSPAN15
10	6	18	CRTAC1
10	6	19	APLP2
10	6	20	SEMA3A
10	6	21	CFI
10	6	22	SEMA5A
10	6	23	SCARA5
10	6	24	GFPT2
10	6	25	COLEC12
10	6	26	NTN4
10	6	27	CHST2
10	6	28	HAS1
10	6	29	MTUS2
10	6	30	COL22A1
10	6	31	HHIP-AS1
10	6	32	CREB5
10	6	33	APBB1IP
10	6	34	SELP
10	6	35	ITM2B
10	6	36	TFPI
10	6	37	SMIM14
10	6	38	SEMA3C
10	6	39	FGF10
10	6	40	CTTNBP2
10	6	41	MAL
10	6	42	TWISTNB
10	6	43	AC004540.2
10	6	44	GJB2
10	6	45	ITGA6
10	6	46	MT-CYB
10	6	47	HTRA1
10	6	48	S100A4
10	6	49	TSPAN7
10	6	50	TPPP3
10	6	51	BTC
10	6	52	PPM1L
10	6	53	PPP1R1A
10	6	54	SLC2A12
10	6	55	KHDRBS3
10	6	56	ARL2
10	6	57	FGL2
10	6	58	SORBS2
10	6	59	GJB6
10	6	60	ARHGAP28
10	6	61	CLUL1
10	6	62	ENPP4
10	6	63	DLX3
10	6	64	EFNB2
10	6	65	TMSB4X
10	6	66	EPB41L1
10	6	67	CXCL1
10	6	68	EPB41L3
10	6	69	MT-CO1
10	6	70	DLX4
10	6	71	MT-CO3
10	6	72	C11orf96
10	6	73	MT-CO2
10	6	74	CSF1
10	6	75	MYPN
10	6	76	MT-ATP6
10	6	77	EREG
10	6	78	MT-ND3
10	6	79	ZEB2
10	6	80	AC005062.1
10	6	81	F5
10	6	82	PDGFD
10	6	83	CADM3
10	6	84	TMEM100
10	6	85	SHANK2
10	6	86	PLEKHA1
10	6	87	PMAIP1
10	6	88	BST2
10	6	89	EMP3
10	6	90	MT-ND4
10	6	91	NDNF
10	6	92	TOX3
10	6	93	OLFM3
10	6	94	THBS4
10	6	95	SAMD5
10	6	96	GPR183
10	6	97	STEAP4
10	6	98	IFI27
10	6	99	S100A6
10	6	100	LIMA1
10	7	1	COL1A1
10	7	2	COL1A2
10	7	3	COL6A1
10	7	4	LGALS1
10	7	5	POSTN
10	7	6	COL5A2
10	7	7	COL6A2
10	7	8	SPARC
10	7	9	TGFBI
10	7	10	COL6A3
10	7	11	MXRA5
10	7	12	FNDC1
10	7	13	COL3A1
10	7	14	DKK3
10	7	15	SPON2
10	7	16	LOXL2
10	7	17	ITGB1
10	7	18	TPM1
10	7	19	TMSB4X
10	7	20	LRRC15
10	7	21	CRABP2
10	7	22	COL5A1
10	7	23	CTHRC1
10	7	24	ASPN
10	7	25	AEBP1
10	7	26	C1QTNF3
10	7	27	AQP1
10	7	28	CCND1
10	7	29	FAP
10	7	30	S100A10
10	7	31	TNC
10	7	32	THY1
10	7	33	NBL1
10	7	34	S100A4
10	7	35	ANXA2
10	7	36	FSTL1
10	7	37	COL8A1
10	7	38	DPT
10	7	39	MYL9
10	7	40	CADM1
10	7	41	C12orf75
10	7	42	ANTXR1
10	7	43	FLNA
10	7	44	TMSB10
10	7	45	PPP1R14B
10	7	46	ABHD2
10	7	47	COL12A1
10	7	48	LRRC17
10	7	49	CALD1
10	7	50	PRSS23
10	7	51	TAGLN
10	7	52	TUBA1A
10	7	53	RAB31
10	7	54	ANGPTL2
10	7	55	ELN
10	7	56	ISLR
10	7	57	CD70
10	7	58	SLN
10	7	59	MICAL2
10	7	60	FBN1
10	7	61	PDGFRB
10	7	62	FAT1
10	7	63	IGFBP7
10	7	64	IL32
10	7	65	EDIL3
10	7	66	LTBP1
10	7	67	ANO1
10	7	68	COL4A2
10	7	69	TMEM119
10	7	70	HSPG2
10	7	71	THBS3
10	7	72	ARL4C
10	7	73	CDH11
10	7	74	RFLNB
10	7	75	MARCKS
10	7	76	SSC5D
10	7	77	MAP1B
10	7	78	SERPINE1
10	7	79	THBS2
10	7	80	S100A6
10	7	81	GJA1
10	7	82	BASP1
10	7	83	HMCN1
10	7	84	COL5A3
10	7	85	PXDN
10	7	86	RGS3
10	7	87	TPPP3
10	7	88	COL4A1
10	7	89	ITGA11
10	7	90	LIMA1
10	7	91	FRMD6
10	7	92	NOV
10	7	93	MMP2
10	7	94	LRRC32
10	7	95	ENPP1
10	7	96	MATN2
10	7	97	GPNMB
10	7	98	TNFSF11
10	7	99	CEMIP
10	7	100	TNFRSF12A
10	8	1	CRLF1
10	8	2	CD55
10	8	3	FN1
10	8	4	HTRA1
10	8	5	TREM1
10	8	6	TNFAIP6
10	8	7	DYSF
10	8	8	SMOC1
10	8	9	CCDC80
10	8	10	CAPS
10	8	11	ADGRG2
10	8	12	NECTIN4
10	8	13	TNFRSF11B
10	8	14	SLC7A2
10	8	15	PRDX4
10	8	16	IGFBP5
10	8	17	CRTAC1
10	8	18	ADAMTS6
10	8	19	AMTN
10	8	20	ISLR
10	8	21	PTGES
10	8	22	CLU
10	8	23	GAS1
10	8	24	RET
10	8	25	EMP3
10	8	26	S100A6
10	8	27	SLC16A10
10	8	28	PRG4
10	8	29	TIMP3
10	8	30	S100A4
10	8	31	SMIM14
10	8	32	S100A3
10	8	33	HSD3B7
10	8	34	MIA
10	8	35	AQP1
10	8	36	SRPX2
10	8	37	DPT
10	8	38	TIMP1
10	8	39	PRSS23
10	8	40	DEFB1
10	8	41	CCND1
10	8	42	TYMP
10	8	43	SOX11
10	8	44	HMX1
10	8	45	PTHLH
10	8	46	S100A10
10	8	47	NDUFA4L2
10	8	48	TRPV4
10	8	49	ITPR3
10	8	50	EPB41L3
10	8	51	PAPSS2
10	8	52	CLIC3
10	8	53	PPP1R14B
10	8	54	PCSK1N
10	8	55	ADAMTSL2
10	8	56	SLC2A12
10	8	57	SORBS2
10	8	58	OGN
10	8	59	GFPT2
10	8	60	RAPGEF4
10	8	61	TPPP3
10	8	62	ABI3BP
10	8	63	P4HB
10	8	64	MSMO1
10	8	65	LY6D
10	8	66	CXCL14
10	8	67	DLX4
10	8	68	FABP3
10	8	69	SQLE
10	8	70	CRYAB
10	8	71	TSPAN2
10	8	72	BTC
10	8	73	AOAH
10	8	74	UCP2
10	8	75	DNER
10	8	76	ARL2
10	8	77	WISP1
10	8	78	LUM
10	8	79	CDON
10	8	80	AC093496.1
10	8	81	LTBP1
10	8	82	TNXB
10	8	83	FAP
10	8	84	CLVS2
10	8	85	LOXL2
10	8	86	FMOD
10	8	87	CDH19
10	8	88	ITM2B
10	8	89	ANO1
10	8	90	COL15A1
10	8	91	ENPP1
10	8	92	SHISAL2B
10	8	93	IGFBP1
10	8	94	C15orf48
10	8	95	RGCC
10	8	96	PENK
10	8	97	PARP16
10	8	98	SLURP1
10	8	99	KRT17
10	8	100	ANGPTL2
10	9	1	AIF1
10	9	2	C1QA
10	9	3	C1QB
10	9	4	CYBB
10	9	5	TYROBP
10	9	6	C1QC
10	9	7	FOLR2
10	9	8	HLA-DRA
10	9	9	MS4A6A
10	9	10	RNASE1
10	9	11	MARCO
10	9	12	HLA-DQA1
10	9	13	MS4A7
10	9	14	VSIG4
10	9	15	LYZ
10	9	16	CD74
10	9	17	CD163
10	9	18	S100A8
10	9	19	FCER1G
10	9	20	EMB
10	9	21	ALOX5AP
10	9	22	FCGR3A
10	9	23	MS4A4A
10	9	24	PTPRC
10	9	25	HLA-DRB1
10	9	26	FCGR2B
10	9	27	LILRB5
10	9	28	LAPTM5
10	9	29	CD37
10	9	30	RGS1
10	9	31	FCER1A
10	9	32	LYVE1
10	9	33	HLA-DRB5
10	9	34	CD52
10	9	35	S100A9
10	9	36	STAB1
10	9	37	HPGDS
10	9	38	HLA-DQB1
10	9	39	CD3D
10	9	40	CD69
10	9	41	HCST
10	9	42	SAMSN1
10	9	43	SRGN
10	9	44	GMFG
10	9	45	CCL4L2
10	9	46	CCL4
10	9	47	CXCR4
10	9	48	CD48
10	9	49	GIMAP7
10	9	50	TPSAB1
10	9	51	MARCH1
10	9	52	CPVL
10	9	53	CCL3
10	9	54	RAC2
10	9	55	P2RY14
10	9	56	CCL5
10	9	57	TRBC2
10	9	58	TPSB2
10	9	59	NKG7
10	9	60	MS4A2
10	9	61	CPA3
10	9	62	GPR65
10	9	63	ADAM28
10	9	64	TRBC1
10	9	65	NCKAP1L
10	9	66	LTB
10	9	67	IL7R
10	9	68	PECAM1
10	9	69	GZMA
10	9	70	CCL3L1
10	9	71	IKZF1
10	9	72	KLRB1
10	9	73	CD93
10	9	74	TRAC
10	9	75	RUNX3
10	9	76	BCL11B
10	9	77	CTSG
10	9	78	HPGD
10	9	79	CXCL8
10	9	80	BTK
10	9	81	TNFAIP3
10	9	82	IL18
10	9	83	GPR183
10	9	84	TNF
10	9	85	ENTPD1
10	9	86	CIITA
10	9	87	FCN1
10	9	88	AREG
10	9	89	RHOH
10	9	90	FTH1
10	9	91	CD36
10	9	92	GZMK
10	9	93	HDC
10	9	94	FYB1
10	9	95	IFI30
10	9	96	CD83
10	9	97	CLEC2B
10	9	98	EMCN
10	9	99	INPP5D
10	9	100	SLC18A2
10	10	1	ANLN
10	10	2	ASPM
10	10	3	TOP2A
10	10	4	CENPF
10	10	5	CEP55
10	10	6	UBE2C
10	10	7	TPX2
10	10	8	MKI67
10	10	9	PIMREG
10	10	10	CCNB2
10	10	11	BIRC5
10	10	12	DEPDC1
10	10	13	CDK1
10	10	14	DIAPH3
10	10	15	PBK
10	10	16	CENPE
10	10	17	NUSAP1
10	10	18	CDC20
10	10	19	STMN1
10	10	20	TYMS
10	10	21	LGALS1
10	10	22	HIST1H1B
10	10	23	CD70
10	10	24	ESCO2
10	10	25	CIT
10	10	26	TFPI2
10	10	27	C12orf75
10	10	28	MYEF2
10	10	29	HIST1H3G
10	10	30	SMC2
10	10	31	CA1
10	10	32	AHSP
10	10	33	HBM
10	10	34	S100A10
10	10	35	ITGB1
10	10	36	ANXA2
10	10	37	PPP1R14B
10	10	38	NAV2
10	10	39	SLC4A8
10	10	40	MYBL1
10	10	41	COL6A1
10	10	42	ALAS2
10	10	43	NSD2
10	10	44	MAP1B
10	10	45	MAP4K4
10	10	46	FAM111B
10	10	47	OLFML2B
10	10	48	NRP2
10	10	49	TMSB10
10	10	50	FHL2
10	10	51	CLEC2B
10	10	52	CCND1
10	10	53	TNFRSF12A
10	10	54	PODXL
10	10	55	HIST1H2AL
10	10	56	LMNB1
10	10	57	ITGA6
10	10	58	ANPEP
10	10	59	EZR
10	10	60	SYNE2
10	10	61	EMP3
10	10	62	UCP2
10	10	63	CEP152
10	10	64	HBD
10	10	65	ALCAM
10	10	66	CDC25B
10	10	67	COL6A2
10	10	68	C21orf58
10	10	69	FLNA
10	10	70	TM4SF1
10	10	71	COL15A1
10	10	72	COL6A3
10	10	73	ORC6
10	10	74	TCF19
10	10	75	S100A6
10	10	76	CKB
10	10	77	CD82
10	10	78	PLEC
10	10	79	HBA1
10	10	80	HBB
10	10	81	PTPRC
10	10	82	ITGA3
10	10	83	CDH13
10	10	84	FOSL1
10	10	85	HLA-DRA
10	10	86	BCL11B
10	10	87	HSD3B7
10	10	88	ITGA5
10	10	89	SULF1
10	10	90	HLA-DQA1
10	10	91	CCDC88A
10	10	92	KRT16
10	10	93	PHLDA2
10	10	94	BIRC3
10	10	95	NHSL1
10	10	96	TYMP
10	10	97	CD3D
10	10	98	KLF6
10	10	99	PCNT
10	10	100	PRSS23
12	1	1	MT2A
12	1	2	MT1E
12	1	3	MT1X
12	1	4	MT1M
12	1	5	DDIT4
12	1	6	CHI3L1
12	1	7	GPX3
12	1	8	CDA
12	1	9	SOD2
12	1	10	SLC25A37
12	1	11	LOX
12	1	12	BNIP3
12	1	13	EGLN3
12	1	14	GLRX
12	1	15	AC008592.5
12	1	16	GALNT15
12	1	17	ERRFI1
12	1	18	MT1G
12	1	19	MTHFD2
12	1	20	EFNA1
12	1	21	TMEM204
12	1	22	MT1F
12	1	23	STC2
12	1	24	RASD1
12	1	25	ANGPTL4
12	1	26	TXNIP
12	1	27	NAMPT
12	1	28	ZNF395
12	1	29	ATOH8
12	1	30	PDK1
12	1	31	DNAH11
12	1	32	MT1H
12	1	33	HILPDA
12	1	34	FTH1
12	1	35	ADSSL1
12	1	36	ADM
12	1	37	MT1A
12	1	38	RNF144B
12	1	39	OXA1L
12	1	40	MUC20-OT1
12	1	41	ACKR3
12	1	42	NEAT1
12	1	43	RGCC
12	1	44	FOS
12	1	45	SAA1
12	1	46	POU3F1
12	1	47	LINC01554
12	1	48	LAG3
12	1	49	SLC2A5
12	1	50	RBP4
12	1	51	ANKRD37
12	1	52	CD14
12	1	53	AC007952.4
12	1	54	ICAM1
12	1	55	ADCY2
12	1	56	AL031777.3
12	1	57	GPM6B
12	1	58	BEX2
12	1	59	SOCS3
12	1	60	SPINT2
12	1	61	AP001160.1
12	1	62	ZNF292
12	1	63	MYO10
12	1	64	SUN2
12	1	65	TNFRSF10D
12	1	66	SLC2A1
12	1	67	SDC4
12	1	68	SLC7A2
12	1	69	SEPT11
12	1	70	RIPOR2
12	1	71	HSPB7
12	1	72	IL6R
12	1	73	WWP2
12	1	74	MMP3
12	1	75	SLPI
12	1	76	FBXO2
12	1	77	TIMP4
12	1	78	ILF3-DT
12	1	79	COL27A1
12	1	80	Z93241.1
12	1	81	UPP1
12	1	82	CRISPLD2
12	1	83	ACADL
12	1	84	CTGF
12	1	85	ITGA5
12	1	86	HIST1H1C
12	1	87	ZNF703
12	1	88	SERPINA1
12	1	89	ID1
12	1	90	APOD
12	1	91	THBD
12	1	92	AC023157.3
12	1	93	DSP
12	1	94	IER5
12	1	95	ELL2
12	1	96	TRIB3
12	1	97	FOXC2
12	1	98	DDIT4L
12	1	99	MYBPH
12	1	100	GTF2IRD2
12	2	1	SCRG1
12	2	2	COMP
12	2	3	CILP2
12	2	4	FMOD
12	2	5	C2orf40
12	2	6	MGP
12	2	7	CILP
12	2	8	SBSPON
12	2	9	DCN
12	2	10	PRELP
12	2	11	COL2A1
12	2	12	CLEC3A
12	2	13	COL9A3
12	2	14	FIBIN
12	2	15	ACAN
12	2	16	C9orf3
12	2	17	FBXO2
12	2	18	SMOC2
12	2	19	BGN
12	2	20	FRZB
12	2	21	SCX
12	2	22	FGFBP2
12	2	23	S100A1
12	2	24	COL11A1
12	2	25	SERPINA5
12	2	26	CHAD
12	2	27	COL11A2
12	2	28	NDUFA4L2
12	2	29	COL9A2
12	2	30	FXYD6
12	2	31	PRDX4
12	2	32	SPINT2
12	2	33	TSPAN2
12	2	34	CLU
12	2	35	HRCT1
12	2	36	SERPINA1
12	2	37	AQP3
12	2	38	SPARC
12	2	39	OGN
12	2	40	LUM
12	2	41	TSC22D1
12	2	42	TNNT3
12	2	43	RGS16
12	2	44	CYR61
12	2	45	BBS9
12	2	46	HAPLN1
12	2	47	KLF2
12	2	48	LTBP2
12	2	49	STK38L
12	2	50	AL078639.1
12	2	51	PAPSS2
12	2	52	TCEAL2
12	2	53	PART1
12	2	54	CTGF
12	2	55	ID1
12	2	56	LAG3
12	2	57	SDC1
12	2	58	GADD45B
12	2	59	TRPV4
12	2	60	TPRG1
12	2	61	C1QTNF4
12	2	62	EMILIN3
12	2	63	OMD
12	2	64	COLGALT2
12	2	65	SERTAD4
12	2	66	TIMP4
12	2	67	IER3
12	2	68	P4HB
12	2	69	PCSK1N
12	2	70	FOXC2
12	2	71	WWP2
12	2	72	MIA
12	2	73	IER5
12	2	74	FGFR3
12	2	75	COL5A2
12	2	76	PPP1R3C
12	2	77	LEFTY2
12	2	78	GREM1
12	2	79	GDF10
12	2	80	BMPER
12	2	81	SRPX2
12	2	82	ENHO
12	2	83	COL3A1
12	2	84	CRYAB
12	2	85	FAM180B
12	2	86	MAP2K6
12	2	87	GDF5
12	2	88	TUBA1A
12	2	89	CDKN1C
12	2	90	BHLHE41
12	2	91	RGS3
12	2	92	SSTR2
12	2	93	ITGA10
12	2	94	CHST3
12	2	95	EGR2
12	2	96	COL15A1
12	2	97	CKB
12	2	98	KIAA1549
12	2	99	ATP1B1
12	2	100	FGF18
12	3	1	CCN2
12	3	2	SEPTIN7
12	3	3	SNHG5
12	3	4	GABARAP
12	3	5	EEF1G
12	3	6	RPL17
12	3	7	RPS17
12	3	8	RNASEK
12	3	9	NME2
12	3	10	SNHG29
12	3	11	GAS5
12	3	12	ECRG4
12	3	13	SNHG14
12	3	14	DST
12	3	15	AL627171.2
12	3	16	SEPTIN2
12	3	17	MICOS10
12	3	18	PIK3R1
12	3	19	ECM2
12	3	20	USP53
12	3	21	MALAT1
12	3	22	DDX17
12	3	23	CRIP1
12	3	24	CCN1
12	3	25	PLCG2
12	3	26	CILP
12	3	27	OGN
12	3	28	FTX
12	3	29	MIR99AHG
12	3	30	AL021155.5
12	3	31	UACA
12	3	32	THBS1
12	3	33	SYNE1
12	3	34	CEP126
12	3	35	CCDC144A
12	3	36	KMT2A
12	3	37	DCN
12	3	38	EDIL3
12	3	39	ZNF704
12	3	40	LINC00342
12	3	41	UTRN
12	3	42	F5
12	3	43	AKR1C2
12	3	44	TIPARP
12	3	45	MACF1
12	3	46	ABI3BP
12	3	47	ASPN
12	3	48	OMD
12	3	49	TNRC6B
12	3	50	PTPRD
12	3	51	SYNM
12	3	52	FZD8
12	3	53	NKTR
12	3	54	ANK3
12	3	55	CHD2
12	3	56	PRELP
12	3	57	HIST1H1E
12	3	58	BDP1
12	3	59	PLEKHH2
12	3	60	MYO9A
12	3	61	ANTXR1
12	3	62	MIF
12	3	63	SPEN
12	3	64	RIF1
12	3	65	NOVA1
12	3	66	LTBP2
12	3	67	STEAP2
12	3	68	VPS13C
12	3	69	TNC
12	3	70	PPP1R3C
12	3	71	HLF
12	3	72	OGA
12	3	73	ATF7IP
12	3	74	RNPC3
12	3	75	NXPE2
12	3	76	ZNF638
12	3	77	TNRC6A
12	3	78	EGLN2
12	3	79	KIAA1109
12	3	80	ATXN7
12	3	81	Z83843.1
12	3	82	C1QTNF7
12	3	83	COLGALT2
12	3	84	H19
12	3	85	ITGA1
12	3	86	ZNF141
12	3	87	CLU
12	3	88	CAMK1D
12	3	89	METTL7A
12	3	90	FAT4
12	3	91	PDE4D
12	3	92	KMT2C
12	3	93	PRUNE2
12	3	94	PDGFRA
12	3	95	HIP1
12	3	96	AC253572.2
12	3	97	ZNF292
12	3	98	MXRA5
12	3	99	CMYA5
12	3	100	CP
12	4	1	GSN
12	4	2	PLPP3
12	4	3	FBLN1
12	4	4	IGFBP6
12	4	5	CYP4B1
12	4	6	MYOC
12	4	7	SUN2
12	4	8	TSKU
12	4	9	MT-ND2
12	4	10	LTBP4
12	4	11	JUN
12	4	12	GPX3
12	4	13	FBLN2
12	4	14	GLUL
12	4	15	ADAMTS5
12	4	16	CKB
12	4	17	ANGPTL5
12	4	18	S100A6
12	4	19	NTRK2
12	4	20	MT-ND4
12	4	21	LINC01088
12	4	22	LAMA2
12	4	23	MT-CYB
12	4	24	MT-CO2
12	4	25	MAOA
12	4	26	NOX4
12	4	27	MGST1
12	4	28	CCDC3
12	4	29	ATF3
12	4	30	MYC
12	4	31	MEG3
12	4	32	MT-ND1
12	4	33	FHL1
12	4	34	MT-ND5
12	4	35	MAMDC2
12	4	36	GPNMB
12	4	37	DEPP1
12	4	38	ANGPTL7
12	4	39	ABLIM1
12	4	40	DKK3
12	4	41	PDGFRL
12	4	42	DPP4
12	4	43	CDH13
12	4	44	KLF6
12	4	45	GPM6B
12	4	46	TGFBR3
12	4	47	ZFP36L2
12	4	48	LHFPL6
12	4	49	AMOTL2
12	4	50	ID3
12	4	51	C1QTNF7
12	4	52	PDK4
12	4	53	NR4A1
12	4	54	FAXDC2
12	4	55	PIK3R1
12	4	56	WISP2
12	4	57	RBMS3
12	4	58	EZR
12	4	59	CFD
12	4	60	CELF2
12	4	61	BTG2
12	4	62	CORO6
12	4	63	GALNT15
12	4	64	RBP4
12	4	65	ADAMTSL4
12	4	66	SAMHD1
12	4	67	GADD45G
12	4	68	DUSP1
12	4	69	DIO3OS
12	4	70	MT-ATP6
12	4	71	MMP3
12	4	72	CYR61
12	4	73	NR1D1
12	4	74	CRYAB
12	4	75	TNS2
12	4	76	SASH1
12	4	77	MT-CO3
12	4	78	GADD45B
12	4	79	RAMP2
12	4	80	STMN1
12	4	81	DHCR24
12	4	82	ECE1
12	4	83	ALDH1A1
12	4	84	METTL7A
12	4	85	ADH1B
12	4	86	HSPA1A
12	4	87	MT-CO1
12	4	88	SOCS3
12	4	89	STXBP6
12	4	90	C1S
12	4	91	CD34
12	4	92	ANXA2
12	4	93	C1R
12	4	94	ACKR4
12	4	95	MT-ND3
12	4	96	MAP1A
12	4	97	IRF1
12	4	98	NEGR1
12	4	99	VIT
12	4	100	RIPOR2
12	5	1	CXCL12
12	5	2	SFRP1
12	5	3	SERPINF1
12	5	4	EFEMP1
12	5	5	IGFBP4
12	5	6	C1R
12	5	7	C1S
12	5	8	IGF1
12	5	9	EPHX1
12	5	10	COL14A1
12	5	11	SRPX
12	5	12	PLA2G2A
12	5	13	CFD
12	5	14	SELENOP
12	5	15	CYP1B1
12	5	16	MMP2
12	5	17	PTGFR
12	5	18	PLTP
12	5	19	C3
12	5	20	AHR
12	5	21	EBF1
12	5	22	ZFP36L1
12	5	23	PLPP1
12	5	24	BASP1
12	5	25	TMEM176B
12	5	26	C7
12	5	27	PODN
12	5	28	TMEM176A
12	5	29	C16orf89
12	5	30	KCTD12
12	5	31	DCLK1
12	5	32	GGT5
12	5	33	LGALS3BP
12	5	34	CCN5
12	5	35	HLA-DRB1
12	5	36	ITM2A
12	5	37	KCNE4
12	5	38	PDGFRA
12	5	39	PTGDS
12	5	40	ENPP2
12	5	41	MT-ND3
12	5	42	AKR1C3
12	5	43	LAMB1
12	5	44	APOE
12	5	45	CRISPLD1
12	5	46	OLFML3
12	5	47	SCG2
12	5	48	ANGPT1
12	5	49	MGST1
12	5	50	AKR1C1
12	5	51	HELLPAR
12	5	52	PTGER4
12	5	53	ZFP36L2
12	5	54	PTN
12	5	55	VCAN
12	5	56	CFI
12	5	57	LBP
12	5	58	CD74
12	5	59	HLA-DRB5
12	5	60	OLFML1
12	5	61	RARRES2
12	5	62	TMSB10
12	5	63	SFRP2
12	5	64	MARCKS
12	5	65	IRX3
12	5	66	C6
12	5	67	FMO2
12	5	68	TWIST1
12	5	69	PCDH18
12	5	70	FGF7
12	5	71	BICC1
12	5	72	CES1
12	5	73	HSPH1
12	5	74	S1PR3
12	5	75	PCDH9
12	5	76	FILIP1L
12	5	77	CP
12	5	78	MT-ND1
12	5	79	SLC5A3
12	5	80	TSHZ2
12	5	81	GSN
12	5	82	WISP2
12	5	83	ANGPTL1
12	5	84	PDE5A
12	5	85	MT-ATP6
12	5	86	MGAT4C
12	5	87	MT-CO1
12	5	88	CD248
12	5	89	MEST
12	5	90	NFIB
12	5	91	SNED1
12	5	92	FBLN2
12	5	93	PLAU
12	5	94	FYN
12	5	95	GEM
12	5	96	ABCC9
12	5	97	CYGB
12	5	98	TNFSF13B
12	5	99	SPOCK1
12	5	100	NID1
12	6	1	COL1A1
12	6	2	COL1A2
12	6	3	COL6A1
12	6	4	COL5A2
12	6	5	POSTN
12	6	6	LGALS1
12	6	7	SPARC
12	6	8	COL6A2
12	6	9	TGFBI
12	6	10	COL3A1
12	6	11	MXRA5
12	6	12	FNDC1
12	6	13	COL6A3
12	6	14	LOXL2
12	6	15	DKK3
12	6	16	ITGB1
12	6	17	SPON2
12	6	18	COL5A1
12	6	19	LRRC15
12	6	20	TPM1
12	6	21	CRABP2
12	6	22	ASPN
12	6	23	CTHRC1
12	6	24	TMSB4X
12	6	25	AEBP1
12	6	26	C1QTNF3
12	6	27	CCND1
12	6	28	TNC
12	6	29	FAP
12	6	30	DPT
12	6	31	AQP1
12	6	32	FSTL1
12	6	33	NBL1
12	6	34	S100A10
12	6	35	COL8A1
12	6	36	THY1
12	6	37	S100A4
12	6	38	ANXA2
12	6	39	CADM1
12	6	40	C12orf75
12	6	41	MYL9
12	6	42	ANTXR1
12	6	43	ANGPTL2
12	6	44	LRRC17
12	6	45	ABHD2
12	6	46	FLNA
12	6	47	COL12A1
12	6	48	PRSS23
12	6	49	PPP1R14B
12	6	50	ELN
12	6	51	ISLR
12	6	52	TMSB10
12	6	53	CD70
12	6	54	RAB31
12	6	55	FBN1
12	6	56	MICAL2
12	6	57	EDIL3
12	6	58	TUBA1A
12	6	59	LTBP1
12	6	60	SLN
12	6	61	FAT1
12	6	62	PDGFRB
12	6	63	IL32
12	6	64	THBS3
12	6	65	CALD1
12	6	66	ARL4C
12	6	67	HSPG2
12	6	68	ANO1
12	6	69	TMEM119
12	6	70	CDH11
12	6	71	RFLNB
12	6	72	TAGLN
12	6	73	SSC5D
12	6	74	THBS2
12	6	75	SERPINE1
12	6	76	GJA1
12	6	77	BASP1
12	6	78	MARCKS
12	6	79	HMCN1
12	6	80	MMP2
12	6	81	RGS3
12	6	82	PXDN
12	6	83	IGFBP7
12	6	84	ITGA11
12	6	85	COL4A2
12	6	86	ENPP1
12	6	87	FRMD6
12	6	88	CEMIP
12	6	89	TPPP3
12	6	90	TNFSF11
12	6	91	NOV
12	6	92	LIMA1
12	6	93	COL5A3
12	6	94	TNFRSF12A
12	6	95	ENAH
12	6	96	BGN
12	6	97	SULF1
12	6	98	GPNMB
12	6	99	LRRC32
12	6	100	PLXDC1
12	7	1	PRG4
12	7	2	ITGBL1
12	7	3	CLIC5
12	7	4	TMEM196
12	7	5	DNASE1L3
12	7	6	SPARCL1
12	7	7	ZNF385B
12	7	8	TIMP3
12	7	9	HBEGF
12	7	10	ITGB8
12	7	11	GPR1
12	7	12	GABRA4
12	7	13	PCSK6
12	7	14	DIRC3
12	7	15	HHIP
12	7	16	HTRA4
12	7	17	TSPAN15
12	7	18	CRTAC1
12	7	19	APLP2
12	7	20	CFI
12	7	21	SEMA3A
12	7	22	SEMA5A
12	7	23	SCARA5
12	7	24	COLEC12
12	7	25	GFPT2
12	7	26	NTN4
12	7	27	CHST2
12	7	28	COL22A1
12	7	29	HAS1
12	7	30	MTUS2
12	7	31	HHIP-AS1
12	7	32	CREB5
12	7	33	APBB1IP
12	7	34	SELP
12	7	35	TFPI
12	7	36	ITM2B
12	7	37	SMIM14
12	7	38	FGF10
12	7	39	CTTNBP2
12	7	40	MAL
12	7	41	SEMA3C
12	7	42	TWISTNB
12	7	43	AC004540.2
12	7	44	GJB2
12	7	45	ITGA6
12	7	46	TSPAN7
12	7	47	HTRA1
12	7	48	PPP1R1A
12	7	49	MT-CYB
12	7	50	KHDRBS3
12	7	51	PPM1L
12	7	52	S100A4
12	7	53	TPPP3
12	7	54	SLC2A12
12	7	55	BTC
12	7	56	GJB6
12	7	57	FGL2
12	7	58	ARHGAP28
12	7	59	SORBS2
12	7	60	ARL2
12	7	61	CLUL1
12	7	62	ENPP4
12	7	63	EFNB2
12	7	64	DLX3
12	7	65	CXCL1
12	7	66	EPB41L1
12	7	67	TMSB4X
12	7	68	MT-CO1
12	7	69	DLX4
12	7	70	EPB41L3
12	7	71	C11orf96
12	7	72	MT-CO3
12	7	73	MT-CO2
12	7	74	MYPN
12	7	75	CSF1
12	7	76	EREG
12	7	77	MT-ATP6
12	7	78	AC005062.1
12	7	79	MT-ND3
12	7	80	ZEB2
12	7	81	PDGFD
12	7	82	CADM3
12	7	83	F5
12	7	84	TMEM100
12	7	85	SHANK2
12	7	86	PLEKHA1
12	7	87	BST2
12	7	88	PMAIP1
12	7	89	TOX3
12	7	90	OLFM3
12	7	91	GPR183
12	7	92	NDNF
12	7	93	SAMD5
12	7	94	MT-ND4
12	7	95	STEAP4
12	7	96	THBS4
12	7	97	IFI27
12	7	98	EMP3
12	7	99	ARHGAP20
12	7	100	PLCB1
12	8	1	TNFRSF12A
12	8	2	VEGFA
12	8	3	BMP2
12	8	4	HSPA5
12	8	5	RPS17
12	8	6	MIF
12	8	7	RPL17
12	8	8	PTGS2
12	8	9	KDM6B
12	8	10	FOSL1
12	8	11	CDKN1A
12	8	12	INHBA
12	8	13	SDF2L1
12	8	14	CHAC1
12	8	15	RCAN1
12	8	16	SERPINA3
12	8	17	GLIS3
12	8	18	EEF1G
12	8	19	NME2
12	8	20	GAS5
12	8	21	IL11
12	8	22	FGF2
12	8	23	FNIP2
12	8	24	SOX9
12	8	25	PHLDA2
12	8	26	SNHG29
12	8	27	ANGPTL4
12	8	28	HMOX1
12	8	29	PPP1R15A
12	8	30	LIF
12	8	31	FOXC2
12	8	32	RNASEK
12	8	33	SLC2A1
12	8	34	FHL2
12	8	35	EGR1
12	8	36	IER3
12	8	37	ERRFI1
12	8	38	GEM
12	8	39	RFLNB
12	8	40	SIPA1L2
12	8	41	ABL2
12	8	42	EGR3
12	8	43	GABARAP
12	8	44	SEPTIN7
12	8	45	BNIP3
12	8	46	KIAA0040
12	8	47	SLC7A11
12	8	48	TNFRSF10D
12	8	49	ARID5B
12	8	50	SERPINA1
12	8	51	PAPSS2
12	8	52	MICOS10
12	8	53	BHLHE40
12	8	54	HSPH1
12	8	55	SNHG5
12	8	56	BIRC3
12	8	57	MAT2A
12	8	58	CHD2
12	8	59	EIF4EBP1
12	8	60	C11orf96
12	8	61	DGKI
12	8	62	DNAJB1
12	8	63	ICAM1
12	8	64	EGLN3
12	8	65	NAMPT
12	8	66	TIAM2
12	8	67	EZR
12	8	68	TM4SF1
12	8	69	PDE4B
12	8	70	MIR222HG
12	8	71	NFATC2
12	8	72	UPP1
12	8	73	IRF1
12	8	74	CCN1
12	8	75	SOD2
12	8	76	HMGA1
12	8	77	MEDAG
12	8	78	BDKRB1
12	8	79	NFKBIZ
12	8	80	CDON
12	8	81	C2CD4B
12	8	82	PHLDA1
12	8	83	RND3
12	8	84	ZNF395
12	8	85	ATXN7
12	8	86	H19
12	8	87	ECRG4
12	8	88	NFKBIA
12	8	89	FAM43A
12	8	90	LINC00511
12	8	91	TNFAIP6
12	8	92	STK38L
12	8	93	ATF3
12	8	94	PLEKHA1
12	8	95	PTGES
12	8	96	CYTOR
12	8	97	NR4A3
12	8	98	INSIG1
12	8	99	CHST3
12	8	100	SLC4A7
12	9	1	CRLF1
12	9	2	CD55
12	9	3	FN1
12	9	4	HTRA1
12	9	5	TREM1
12	9	6	TNFAIP6
12	9	7	DYSF
12	9	8	CCDC80
12	9	9	SMOC1
12	9	10	ADGRG2
12	9	11	NECTIN4
12	9	12	CAPS
12	9	13	SLC7A2
12	9	14	IGFBP5
12	9	15	CRTAC1
12	9	16	TNFRSF11B
12	9	17	PRDX4
12	9	18	ADAMTS6
12	9	19	AMTN
12	9	20	CLU
12	9	21	PTGES
12	9	22	ISLR
12	9	23	RET
12	9	24	SLC16A10
12	9	25	PRG4
12	9	26	TIMP3
12	9	27	EMP3
12	9	28	GAS1
12	9	29	HSD3B7
12	9	30	SMIM14
12	9	31	S100A3
12	9	32	S100A6
12	9	33	MIA
12	9	34	S100A4
12	9	35	SOX11
12	9	36	TIMP1
12	9	37	DEFB1
12	9	38	TYMP
12	9	39	AQP1
12	9	40	NDUFA4L2
12	9	41	HMX1
12	9	42	PRSS23
12	9	43	SRPX2
12	9	44	CCND1
12	9	45	DPT
12	9	46	EPB41L3
12	9	47	ITPR3
12	9	48	PTHLH
12	9	49	SLC2A12
12	9	50	ADAMTSL2
12	9	51	S100A10
12	9	52	TRPV4
12	9	53	SORBS2
12	9	54	PCSK1N
12	9	55	OGN
12	9	56	GFPT2
12	9	57	DLX4
12	9	58	CLIC3
12	9	59	RAPGEF4
12	9	60	PAPSS2
12	9	61	PPP1R14B
12	9	62	FABP3
12	9	63	LY6D
12	9	64	CXCL14
12	9	65	TPPP3
12	9	66	P4HB
12	9	67	BTC
12	9	68	AOAH
12	9	69	MSMO1
12	9	70	ARL2
12	9	71	UCP2
12	9	72	CLVS2
12	9	73	WISP1
12	9	74	CDON
12	9	75	ABI3BP
12	9	76	AC093496.1
12	9	77	LUM
12	9	78	RGCC
12	9	79	SHISAL2B
12	9	80	SQLE
12	9	81	DNER
12	9	82	C15orf48
12	9	83	CDH19
12	9	84	ITM2B
12	9	85	HHIP-AS1
12	9	86	PENK
12	9	87	LTBP1
12	9	88	TSPAN2
12	9	89	ANO1
12	9	90	TNXB
12	9	91	SEMA3A
12	9	92	RSPO2
12	9	93	ANGPTL2
12	9	94	FAP
12	9	95	PARP16
12	9	96	IGFBP1
12	9	97	GDF5
12	9	98	FMOD
12	9	99	SLURP1
12	9	100	CRYAB
12	10	1	RGS5
12	10	2	ACTA2
12	10	3	GJA4
12	10	4	TINAGL1
12	10	5	ADGRF5
12	10	6	NR2F2
12	10	7	IGFBP7
12	10	8	COX4I2
12	10	9	MCAM
12	10	10	SYNPO2
12	10	11	PPP1R14A
12	10	12	TAGLN
12	10	13	NOTCH3
12	10	14	COL4A1
12	10	15	COL4A2
12	10	16	ARHGAP15
12	10	17	HES4
12	10	18	NRXN1
12	10	19	CD36
12	10	20	PLP1
12	10	21	HIGD1B
12	10	22	FHL5
12	10	23	NGFR
12	10	24	EDNRA
12	10	25	LINC01197
12	10	26	CALD1
12	10	27	SCN4B
12	10	28	CHN1
12	10	29	RNF152
12	10	30	MAP1B
12	10	31	GUCY1B1
12	10	32	CDH19
12	10	33	PLN
12	10	34	GGT5
12	10	35	FILIP1L
12	10	36	FOXS1
12	10	37	CARMN
12	10	38	EBF2
12	10	39	GUCY1A1
12	10	40	EDNRB
12	10	41	OLFML2A
12	10	42	ADAMTS4
12	10	43	ID4
12	10	44	RCAN2
12	10	45	LINC00924
12	10	46	COL18A1
12	10	47	THY1
12	10	48	HEYL
12	10	49	KCNE4
12	10	50	SPARCL1
12	10	51	PDE5A
12	10	52	TBX2
12	10	53	AC027013.1
12	10	54	MYL9
12	10	55	SPRY1
12	10	56	MYH11
12	10	57	LMOD1
12	10	58	CCDC102B
12	10	59	CD200
12	10	60	AKAP12
12	10	61	SCN7A
12	10	62	NID1
12	10	63	PEAR1
12	10	64	HSPH1
12	10	65	NR2F2-AS1
12	10	66	ANGPT2
12	10	67	MYLK
12	10	68	LGI4
12	10	69	FABP4
12	10	70	TCIM
12	10	71	TMSB10
12	10	72	HSPA1A
12	10	73	CYGB
12	10	74	AHR
12	10	75	RARRES2
12	10	76	C3orf70
12	10	77	DMD
12	10	78	TFPI
12	10	79	CHL1
12	10	80	ADAMTS1
12	10	81	NRP1
12	10	82	CLDN1
12	10	83	HSPA1B
12	10	84	AF121898.1
12	10	85	GIMAP7
12	10	86	CPE
12	10	87	GPC3
12	10	88	SFRP2
12	10	89	ABCA8
12	10	90	COL5A3
12	10	91	JAG1
12	10	92	CALCRL
12	10	93	F2R
12	10	94	CAMK2N1
12	10	95	TPM1
12	10	96	STXBP6
12	10	97	LINC00989
12	10	98	LRRC32
12	10	99	EMCN
12	10	100	BCAM
12	11	1	AIF1
12	11	2	C1QA
12	11	3	C1QB
12	11	4	CYBB
12	11	5	TYROBP
12	11	6	C1QC
12	11	7	FOLR2
12	11	8	MS4A6A
12	11	9	RNASE1
12	11	10	HLA-DRA
12	11	11	MARCO
12	11	12	HLA-DQA1
12	11	13	MS4A7
12	11	14	VSIG4
12	11	15	LYZ
12	11	16	CD74
12	11	17	CD163
12	11	18	S100A8
12	11	19	FCER1G
12	11	20	EMB
12	11	21	FCGR3A
12	11	22	ALOX5AP
12	11	23	MS4A4A
12	11	24	PTPRC
12	11	25	HLA-DRB1
12	11	26	FCGR2B
12	11	27	LILRB5
12	11	28	LAPTM5
12	11	29	CD37
12	11	30	RGS1
12	11	31	FCER1A
12	11	32	HLA-DRB5
12	11	33	LYVE1
12	11	34	STAB1
12	11	35	HPGDS
12	11	36	S100A9
12	11	37	CD52
12	11	38	HLA-DQB1
12	11	39	CD3D
12	11	40	CD69
12	11	41	HCST
12	11	42	SAMSN1
12	11	43	CCL4L2
12	11	44	SRGN
12	11	45	GMFG
12	11	46	CCL4
12	11	47	CXCR4
12	11	48	CD48
12	11	49	TPSAB1
12	11	50	CPVL
12	11	51	MARCH1
12	11	52	CCL3
12	11	53	RAC2
12	11	54	GIMAP7
12	11	55	P2RY14
12	11	56	CCL5
12	11	57	TRBC2
12	11	58	MS4A2
12	11	59	TPSB2
12	11	60	CPA3
12	11	61	GPR65
12	11	62	NKG7
12	11	63	ADAM28
12	11	64	TRBC1
12	11	65	NCKAP1L
12	11	66	LTB
12	11	67	IL7R
12	11	68	CCL3L1
12	11	69	GZMA
12	11	70	IKZF1
12	11	71	KLRB1
12	11	72	PECAM1
12	11	73	TRAC
12	11	74	RUNX3
12	11	75	BCL11B
12	11	76	CD93
12	11	77	HPGD
12	11	78	CTSG
12	11	79	CXCL8
12	11	80	BTK
12	11	81	IL18
12	11	82	TNFAIP3
12	11	83	TNF
12	11	84	GPR183
12	11	85	FCN1
12	11	86	CIITA
12	11	87	ENTPD1
12	11	88	AREG
12	11	89	RHOH
12	11	90	HDC
12	11	91	FYB1
12	11	92	GZMK
12	11	93	FTH1
12	11	94	CD83
12	11	95	IFI30
12	11	96	CLEC2B
12	11	97	SLC18A2
12	11	98	INPP5D
12	11	99	AC104051.2
12	11	100	IL32
12	12	1	ANLN
12	12	2	ASPM
12	12	3	TOP2A
12	12	4	CENPF
12	12	5	CEP55
12	12	6	UBE2C
12	12	7	TPX2
12	12	8	MKI67
12	12	9	PIMREG
12	12	10	CCNB2
12	12	11	BIRC5
12	12	12	DEPDC1
12	12	13	CDK1
12	12	14	DIAPH3
12	12	15	PBK
12	12	16	CENPE
12	12	17	NUSAP1
12	12	18	CDC20
12	12	19	STMN1
12	12	20	TYMS
12	12	21	LGALS1
12	12	22	HIST1H1B
12	12	23	CD70
12	12	24	ESCO2
12	12	25	CIT
12	12	26	TFPI2
12	12	27	C12orf75
12	12	28	MYEF2
12	12	29	HIST1H3G
12	12	30	SMC2
12	12	31	CA1
12	12	32	AHSP
12	12	33	HBM
12	12	34	S100A10
12	12	35	ITGB1
12	12	36	NAV2
12	12	37	PPP1R14B
12	12	38	SLC4A8
12	12	39	ANXA2
12	12	40	MYBL1
12	12	41	COL6A1
12	12	42	ALAS2
12	12	43	NSD2
12	12	44	MAP4K4
12	12	45	FAM111B
12	12	46	OLFML2B
12	12	47	NRP2
12	12	48	MAP1B
12	12	49	FHL2
12	12	50	TMSB10
12	12	51	CCND1
12	12	52	CLEC2B
12	12	53	TNFRSF12A
12	12	54	PODXL
12	12	55	HIST1H2AL
12	12	56	LMNB1
12	12	57	ANPEP
12	12	58	ITGA6
12	12	59	UCP2
12	12	60	CEP152
12	12	61	EZR
12	12	62	ALCAM
12	12	63	EMP3
12	12	64	SYNE2
12	12	65	HBD
12	12	66	COL6A2
12	12	67	CDC25B
12	12	68	C21orf58
12	12	69	COL15A1
12	12	70	FLNA
12	12	71	COL6A3
12	12	72	TM4SF1
12	12	73	ORC6
12	12	74	CD82
12	12	75	TCF19
12	12	76	PLEC
12	12	77	S100A6
12	12	78	PTPRC
12	12	79	CKB
12	12	80	HBA1
12	12	81	HBB
12	12	82	ITGA3
12	12	83	FOSL1
12	12	84	CDH13
12	12	85	HSD3B7
12	12	86	ITGA5
12	12	87	HLA-DRA
12	12	88	SULF1
12	12	89	BCL11B
12	12	90	KRT16
12	12	91	HLA-DQA1
12	12	92	CCDC88A
12	12	93	TYMP
12	12	94	BIRC3
12	12	95	PHLDA2
12	12	96	PRSS23
12	12	97	NHSL1
12	12	98	CD3D
12	12	99	PCNT
12	12	100	SACS
14	1	1	MT1X
14	1	2	MT2A
14	1	3	MT1E
14	1	4	MT1M
14	1	5	DDIT4
14	1	6	GPX3
14	1	7	CHI3L1
14	1	8	CDA
14	1	9	GALNT15
14	1	10	SOD2
14	1	11	LOX
14	1	12	SLC25A37
14	1	13	MTHFD2
14	1	14	MT1G
14	1	15	AC008592.5
14	1	16	GLRX
14	1	17	BNIP3
14	1	18	EGLN3
14	1	19	ERRFI1
14	1	20	EFNA1
14	1	21	TMEM204
14	1	22	TXNIP
14	1	23	MT1F
14	1	24	RASD1
14	1	25	ATOH8
14	1	26	OXA1L
14	1	27	SUN2
14	1	28	STC2
14	1	29	MUC20-OT1
14	1	30	MT1H
14	1	31	GPM6B
14	1	32	PDK1
14	1	33	DNAH11
14	1	34	ZNF395
14	1	35	ACKR3
14	1	36	NEAT1
14	1	37	NAMPT
14	1	38	SAA1
14	1	39	MT1A
14	1	40	ANGPTL4
14	1	41	POU3F1
14	1	42	FTH1
14	1	43	RNF144B
14	1	44	RBP4
14	1	45	ADCY2
14	1	46	ADSSL1
14	1	47	RIPOR2
14	1	48	MMP3
14	1	49	FOS
14	1	50	RGCC
14	1	51	LINC01554
14	1	52	HILPDA
14	1	53	CD14
14	1	54	CTGF
14	1	55	ADM
14	1	56	AL031777.3
14	1	57	SLPI
14	1	58	SEPT11
14	1	59	AC007952.4
14	1	60	SLC2A5
14	1	61	AP001160.1
14	1	62	MYO10
14	1	63	LAG3
14	1	64	ACADL
14	1	65	FAXDC2
14	1	66	IL6R
14	1	67	SOCS3
14	1	68	SPINT2
14	1	69	ICAM1
14	1	70	SLC7A2
14	1	71	ZNF292
14	1	72	TIMP4
14	1	73	BEX2
14	1	74	ITGA5
14	1	75	AC023157.3
14	1	76	HSPB7
14	1	77	ANKRD37
14	1	78	ZNF703
14	1	79	ILF3-DT
14	1	80	Z93241.1
14	1	81	DSP
14	1	82	SDC4
14	1	83	ITGA10
14	1	84	GTF2IRD2
14	1	85	NET1
14	1	86	FBXO2
14	1	87	CITED2
14	1	88	POLR2J3-1
14	1	89	SLC2A1
14	1	90	HIST1H1C
14	1	91	ID1
14	1	92	TNFRSF10D
14	1	93	COL27A1
14	1	94	H6PD
14	1	95	FKBP5
14	1	96	MAFB
14	1	97	CRISPLD2
14	1	98	MYBPH
14	1	99	APOD
14	1	100	THBD
14	2	1	CCN2
14	2	2	SNHG5
14	2	3	GABARAP
14	2	4	SEPTIN7
14	2	5	EEF1G
14	2	6	RPL17
14	2	7	RPS17
14	2	8	GAS5
14	2	9	RNASEK
14	2	10	ECRG4
14	2	11	DST
14	2	12	SNHG29
14	2	13	SNHG14
14	2	14	AL627171.2
14	2	15	NME2
14	2	16	PIK3R1
14	2	17	SEPTIN2
14	2	18	MICOS10
14	2	19	USP53
14	2	20	DDX17
14	2	21	PLCG2
14	2	22	MALAT1
14	2	23	CILP
14	2	24	THBS1
14	2	25	ECM2
14	2	26	AL021155.5
14	2	27	UACA
14	2	28	FTX
14	2	29	DCN
14	2	30	MIR99AHG
14	2	31	CEP126
14	2	32	OGN
14	2	33	CCDC144A
14	2	34	SYNE1
14	2	35	ZNF704
14	2	36	CRIP1
14	2	37	KMT2A
14	2	38	CCN1
14	2	39	UTRN
14	2	40	LINC00342
14	2	41	ABI3BP
14	2	42	PRELP
14	2	43	NKTR
14	2	44	EDIL3
14	2	45	MACF1
14	2	46	OMD
14	2	47	F5
14	2	48	HIST1H1E
14	2	49	TNRC6B
14	2	50	ANK3
14	2	51	PLEKHH2
14	2	52	LTBP2
14	2	53	PPP1R3C
14	2	54	TIPARP
14	2	55	ASPN
14	2	56	RNPC3
14	2	57	AKR1C2
14	2	58	MYO9A
14	2	59	CHD2
14	2	60	OGA
14	2	61	BDP1
14	2	62	MIF
14	2	63	ZNF638
14	2	64	NOVA1
14	2	65	RIF1
14	2	66	PTPRD
14	2	67	NXPE2
14	2	68	STEAP2
14	2	69	TNRC6A
14	2	70	FZD8
14	2	71	SYNM
14	2	72	C1QTNF7
14	2	73	VPS13C
14	2	74	SPEN
14	2	75	ATF7IP
14	2	76	CHAD
14	2	77	HLF
14	2	78	ANGPTL7
14	2	79	ITGA1
14	2	80	FAXDC2
14	2	81	KIAA1109
14	2	82	COLGALT2
14	2	83	ZNF141
14	2	84	HIP1
14	2	85	Z83843.1
14	2	86	METTL7A
14	2	87	H19
14	2	88	AC253572.2
14	2	89	GALNT15
14	2	90	ZNF292
14	2	91	ANTXR1
14	2	92	CLU
14	2	93	PHC3
14	2	94	SHPRH
14	2	95	EGLN2
14	2	96	AHNAK2
14	2	97	CMYA5
14	2	98	CAMK1D
14	2	99	PDE4D
14	2	100	RAPGEF5
14	3	1	CKB
14	3	2	EMP3
14	3	3	S100A6
14	3	4	CRYAB
14	3	5	FHL1
14	3	6	FRZB
14	3	7	MT-ND5
14	3	8	ANXA2
14	3	9	EZR
14	3	10	ANGPTL5
14	3	11	GADD45G
14	3	12	GADD45B
14	3	13	RGS16
14	3	14	TUBA1A
14	3	15	MT-CO3
14	3	16	IER3
14	3	17	LEFTY2
14	3	18	MT-ND1
14	3	19	HSPB1
14	3	20	TPRG1
14	3	21	MT-ND4
14	3	22	LMO2
14	3	23	CHAD
14	3	24	IGFBP6
14	3	25	FGFBP2
14	3	26	CLU
14	3	27	C9orf3
14	3	28	FBXO2
14	3	29	COMP
14	3	30	MT-ND4L
14	3	31	HES1
14	3	32	MT-ATP6
14	3	33	FAM180B
14	3	34	MBNL1-AS1
14	3	35	TNFRSF11B
14	3	36	RBP4
14	3	37	MT-CO1
14	3	38	MT-CYB
14	3	39	MT-CO2
14	3	40	NR1D1
14	3	41	DCN
14	3	42	GDF10
14	3	43	ID1
14	3	44	F13A1
14	3	45	BHLHE41
14	3	46	VCAN
14	3	47	S100A10
14	3	48	CPAMD8
14	3	49	BBS9
14	3	50	MT-ND3
14	3	51	C2orf40
14	3	52	ID3
14	3	53	NDUFA4L2
14	3	54	FABP5
14	3	55	S100A4
14	3	56	CAPS
14	3	57	TCEAL2
14	3	58	SERTAD4
14	3	59	KCNMA1
14	3	60	ENHO
14	3	61	CDH13
14	3	62	LGALS1
14	3	63	STK38L
14	3	64	PLAC9
14	3	65	TMSB10
14	3	66	CILP
14	3	67	NMB
14	3	68	AL078639.1
14	3	69	IER5
14	3	70	RAMP1
14	3	71	TNFAIP8L1
14	3	72	MGP
14	3	73	CCDC3
14	3	74	IGFBP7
14	3	75	PRELP
14	3	76	MTRNR2L12
14	3	77	SCX
14	3	78	HRCT1
14	3	79	GSN
14	3	80	MYOT
14	3	81	LINC01089
14	3	82	EMILIN3
14	3	83	WWP2
14	3	84	FXYD6
14	3	85	GNB5
14	3	86	RRAD
14	3	87	GAP43
14	3	88	PLK2
14	3	89	DEFB1
14	3	90	ADRA2A
14	3	91	KCNK15
14	3	92	MT-ND2
14	3	93	SOCS2
14	3	94	ABI3BP
14	3	95	AQP1
14	3	96	MEOX1
14	3	97	PHLDA2
14	3	98	AFF3
14	3	99	PRUNE2
14	3	100	PPP1R3C
14	4	1	SCRG1
14	4	2	FMOD
14	4	3	COL2A1
14	4	4	SBSPON
14	4	5	CILP2
14	4	6	CLEC3A
14	4	7	SMOC2
14	4	8	COL9A3
14	4	9	FIBIN
14	4	10	COL11A1
14	4	11	OGN
14	4	12	MGP
14	4	13	COMP
14	4	14	TSPAN2
14	4	15	COL11A2
14	4	16	C2orf40
14	4	17	ACAN
14	4	18	SPARC
14	4	19	BGN
14	4	20	CILP
14	4	21	COL9A2
14	4	22	PRELP
14	4	23	PRDX4
14	4	24	S100A1
14	4	25	SERPINA5
14	4	26	AQP3
14	4	27	HAPLN1
14	4	28	LUM
14	4	29	DCN
14	4	30	MIA
14	4	31	TNNT3
14	4	32	SCX
14	4	33	SPINT2
14	4	34	COL3A1
14	4	35	CTGF
14	4	36	SERPINA1
14	4	37	PAPSS2
14	4	38	P4HB
14	4	39	CYR61
14	4	40	C9orf3
14	4	41	COL5A2
14	4	42	FXYD6
14	4	43	ANGPTL2
14	4	44	PCSK1N
14	4	45	COL5A1
14	4	46	COLGALT2
14	4	47	PART1
14	4	48	HRCT1
14	4	49	TIMP4
14	4	50	ATP1B1
14	4	51	SDC1
14	4	52	HTRA1
14	4	53	SRPX2
14	4	54	NDUFA4L2
14	4	55	FBXO2
14	4	56	COL15A1
14	4	57	DPT
14	4	58	TRPV4
14	4	59	TSC22D1
14	4	60	FGFBP2
14	4	61	COL1A2
14	4	62	ASPN
14	4	63	CA9
14	4	64	CHI3L2
14	4	65	KLF2
14	4	66	COL13A1
14	4	67	DNER
14	4	68	FGF18
14	4	69	OMD
14	4	70	CLU
14	4	71	AEBP1
14	4	72	A2M
14	4	73	EGR2
14	4	74	FGFR3
14	4	75	CST6
14	4	76	NRGN
14	4	77	LTBP2
14	4	78	C1QTNF4
14	4	79	ADAMTS6
14	4	80	MAP2K6
14	4	81	LAG3
14	4	82	SHC4
14	4	83	BMPER
14	4	84	SRM
14	4	85	GREM1
14	4	86	KIAA1549
14	4	87	SRGN
14	4	88	DIO2
14	4	89	STK38L
14	4	90	GAS1
14	4	91	ISM1
14	4	92	ITGA10
14	4	93	AL078639.1
14	4	94	TF
14	4	95	NEBL
14	4	96	ADSSL1
14	4	97	CHAD
14	4	98	SUSD5
14	4	99	HLA-DQB1
14	4	100	SLC40A1
14	5	1	IGFBP4
14	5	2	CXCL12
14	5	3	SFRP1
14	5	4	COL14A1
14	5	5	EFEMP1
14	5	6	SERPINF1
14	5	7	IGF1
14	5	8	C1R
14	5	9	EPHX1
14	5	10	KCTD12
14	5	11	HLA-DRB1
14	5	12	C16orf89
14	5	13	C1S
14	5	14	PTGDS
14	5	15	AHR
14	5	16	PLTP
14	5	17	CRISPLD1
14	5	18	PTN
14	5	19	PLPP1
14	5	20	SELENOP
14	5	21	CFI
14	5	22	MMP2
14	5	23	PLA2G2A
14	5	24	PDGFRA
14	5	25	C7
14	5	26	LGALS3BP
14	5	27	CCN5
14	5	28	ENPP2
14	5	29	CYP1B1
14	5	30	SRPX
14	5	31	HLA-DRB5
14	5	32	MGAT4C
14	5	33	AKR1C3
14	5	34	TMEM176A
14	5	35	APOE
14	5	36	TMEM176B
14	5	37	ZFP36L1
14	5	38	PLAC9
14	5	39	VCAN
14	5	40	PTGFR
14	5	41	CD74
14	5	42	ANGPTL1
14	5	43	THY1
14	5	44	EBF1
14	5	45	PRSS23
14	5	46	TMSB10
14	5	47	DCLK1
14	5	48	ANGPT1
14	5	49	SLC5A3
14	5	50	LAMA4
14	5	51	BASP1
14	5	52	OLFML1
14	5	53	PDE5A
14	5	54	KCNE4
14	5	55	OLFML3
14	5	56	MARCKS
14	5	57	MT-ND3
14	5	58	SCG2
14	5	59	ITM2A
14	5	60	CFD
14	5	61	HELLPAR
14	5	62	GGT5
14	5	63	MDK
14	5	64	LAMB1
14	5	65	MTRNR2L12
14	5	66	LBP
14	5	67	MEST
14	5	68	TNFSF13B
14	5	69	FMO2
14	5	70	FGL2
14	5	71	SFRP2
14	5	72	MRPS6
14	5	73	NID2
14	5	74	CP
14	5	75	BST2
14	5	76	SNCG
14	5	77	C2
14	5	78	TSHZ2
14	5	79	PCDH9
14	5	80	S1PR3
14	5	81	FILIP1L
14	5	82	PLAU
14	5	83	OLFML2B
14	5	84	CD248
14	5	85	C3
14	5	86	CES1
14	5	87	RSPO3
14	5	88	CCDC80
14	5	89	AKR1C1
14	5	90	CTSH
14	5	91	NRP1
14	5	92	TMEM119
14	5	93	BICC1
14	5	94	NTNG1
14	5	95	TWIST1
14	5	96	HGF
14	5	97	HSPH1
14	5	98	FAM13C
14	5	99	CALD1
14	5	100	RARRES2
14	6	1	GSN
14	6	2	PLPP3
14	6	3	FBLN1
14	6	4	TSKU
14	6	5	FBLN2
14	6	6	CFD
14	6	7	GLUL
14	6	8	PODN
14	6	9	MYOC
14	6	10	MGST1
14	6	11	C1S
14	6	12	LAMA2
14	6	13	C1R
14	6	14	C3
14	6	15	MAOA
14	6	16	GPX3
14	6	17	ZFP36L2
14	6	18	JUN
14	6	19	ALDH1A1
14	6	20	VIT
14	6	21	SERPINF1
14	6	22	SUN2
14	6	23	SRPX
14	6	24	DEPP1
14	6	25	SAMHD1
14	6	26	CYP4B1
14	6	27	APOD
14	6	28	AGTR1
14	6	29	ADAMTS5
14	6	30	MT-ND2
14	6	31	ADH1B
14	6	32	LINC01088
14	6	33	NOX4
14	6	34	WISP2
14	6	35	LTBP4
14	6	36	GPNMB
14	6	37	PCDH18
14	6	38	ADH1C
14	6	39	CELF2
14	6	40	ACKR4
14	6	41	PDGFRL
14	6	42	RBMS3
14	6	43	CLSTN2
14	6	44	SELENOP
14	6	45	IGFBP6
14	6	46	FBLN5
14	6	47	PTGFR
14	6	48	RAMP2
14	6	49	DUSP1
14	6	50	ANTXR2
14	6	51	EBF1
14	6	52	GPC3
14	6	53	NEGR1
14	6	54	LHFPL6
14	6	55	PPL
14	6	56	AOX1
14	6	57	SASH1
14	6	58	ABLIM1
14	6	59	LAMC1
14	6	60	SVEP1
14	6	61	WNT11
14	6	62	AMOTL2
14	6	63	ADH4
14	6	64	PLA2G2A
14	6	65	MFAP5
14	6	66	MMP2
14	6	67	ECE1
14	6	68	ABCA6
14	6	69	MAMDC2
14	6	70	MMP14
14	6	71	ADD3
14	6	72	MT-CYB
14	6	73	PLTP
14	6	74	IRX3
14	6	75	MT-CO2
14	6	76	TGFBR3
14	6	77	PTGER4
14	6	78	ABCA8
14	6	79	NTRK2
14	6	80	TNS2
14	6	81	CCBE1
14	6	82	C6
14	6	83	ST3GAL5
14	6	84	MEDAG
14	6	85	OLFML3
14	6	86	PALM
14	6	87	CFH
14	6	88	IL33
14	6	89	ITM2A
14	6	90	PDK4
14	6	91	EPHX1
14	6	92	METTL7A
14	6	93	GADD45A
14	6	94	MFAP4
14	6	95	MEG3
14	6	96	GAS1
14	6	97	STXBP6
14	6	98	MT-ND4
14	6	99	PDLIM1
14	6	100	PIK3R1
14	7	1	COL1A1
14	7	2	COL1A2
14	7	3	COL6A1
14	7	4	POSTN
14	7	5	COL5A2
14	7	6	LGALS1
14	7	7	SPARC
14	7	8	TGFBI
14	7	9	COL6A2
14	7	10	COL3A1
14	7	11	MXRA5
14	7	12	COL6A3
14	7	13	FNDC1
14	7	14	LOXL2
14	7	15	DKK3
14	7	16	ITGB1
14	7	17	SPON2
14	7	18	COL5A1
14	7	19	LRRC15
14	7	20	TPM1
14	7	21	ASPN
14	7	22	CTHRC1
14	7	23	CRABP2
14	7	24	CCND1
14	7	25	AEBP1
14	7	26	TMSB4X
14	7	27	C1QTNF3
14	7	28	FAP
14	7	29	AQP1
14	7	30	FSTL1
14	7	31	TNC
14	7	32	DPT
14	7	33	COL8A1
14	7	34	NBL1
14	7	35	S100A10
14	7	36	S100A4
14	7	37	CADM1
14	7	38	C12orf75
14	7	39	THY1
14	7	40	ANXA2
14	7	41	MYL9
14	7	42	ANTXR1
14	7	43	ABHD2
14	7	44	FLNA
14	7	45	COL12A1
14	7	46	LRRC17
14	7	47	ANGPTL2
14	7	48	ELN
14	7	49	PPP1R14B
14	7	50	ISLR
14	7	51	FBN1
14	7	52	CD70
14	7	53	RAB31
14	7	54	PRSS23
14	7	55	MICAL2
14	7	56	LTBP1
14	7	57	TMSB10
14	7	58	SLN
14	7	59	EDIL3
14	7	60	FAT1
14	7	61	CALD1
14	7	62	PDGFRB
14	7	63	ANO1
14	7	64	IL32
14	7	65	RFLNB
14	7	66	HSPG2
14	7	67	TUBA1A
14	7	68	THBS3
14	7	69	ARL4C
14	7	70	TAGLN
14	7	71	CDH11
14	7	72	SSC5D
14	7	73	TMEM119
14	7	74	GJA1
14	7	75	SERPINE1
14	7	76	THBS2
14	7	77	BASP1
14	7	78	PXDN
14	7	79	MMP2
14	7	80	HMCN1
14	7	81	ENPP1
14	7	82	MARCKS
14	7	83	COL4A2
14	7	84	IGFBP7
14	7	85	ITGA11
14	7	86	RGS3
14	7	87	COL5A3
14	7	88	CEMIP
14	7	89	GPNMB
14	7	90	TNFSF11
14	7	91	FRMD6
14	7	92	LIMA1
14	7	93	TPPP3
14	7	94	MAP1B
14	7	95	TNFRSF12A
14	7	96	SULF1
14	7	97	NOV
14	7	98	MATN2
14	7	99	LRRC32
14	7	100	ENAH
14	8	1	PRG4
14	8	2	ITGBL1
14	8	3	CLIC5
14	8	4	TMEM196
14	8	5	DNASE1L3
14	8	6	ZNF385B
14	8	7	SPARCL1
14	8	8	TIMP3
14	8	9	GPR1
14	8	10	ITGB8
14	8	11	GABRA4
14	8	12	DIRC3
14	8	13	HBEGF
14	8	14	PCSK6
14	8	15	HTRA4
14	8	16	HHIP
14	8	17	TSPAN15
14	8	18	CRTAC1
14	8	19	APLP2
14	8	20	SEMA3A
14	8	21	SEMA5A
14	8	22	CFI
14	8	23	SCARA5
14	8	24	COLEC12
14	8	25	COL22A1
14	8	26	NTN4
14	8	27	CHST2
14	8	28	MTUS2
14	8	29	HHIP-AS1
14	8	30	CREB5
14	8	31	GFPT2
14	8	32	APBB1IP
14	8	33	SELP
14	8	34	TFPI
14	8	35	HAS1
14	8	36	CTTNBP2
14	8	37	MAL
14	8	38	FGF10
14	8	39	ITM2B
14	8	40	SMIM14
14	8	41	AC004540.2
14	8	42	SEMA3C
14	8	43	GJB2
14	8	44	TWISTNB
14	8	45	TSPAN7
14	8	46	PPP1R1A
14	8	47	ITGA6
14	8	48	HTRA1
14	8	49	PPM1L
14	8	50	GJB6
14	8	51	FGL2
14	8	52	ARHGAP28
14	8	53	SLC2A12
14	8	54	CLUL1
14	8	55	BTC
14	8	56	KHDRBS3
14	8	57	ENPP4
14	8	58	SORBS2
14	8	59	EPB41L1
14	8	60	S100A4
14	8	61	DLX3
14	8	62	TPPP3
14	8	63	MT-CYB
14	8	64	ARL2
14	8	65	DLX4
14	8	66	MYPN
14	8	67	EFNB2
14	8	68	EPB41L3
14	8	69	TMSB4X
14	8	70	CXCL1
14	8	71	PDGFD
14	8	72	CSF1
14	8	73	AC005062.1
14	8	74	ZEB2
14	8	75	TMEM100
14	8	76	SHANK2
14	8	77	EREG
14	8	78	TOX3
14	8	79	PLEKHA1
14	8	80	MT-CO1
14	8	81	F5
14	8	82	CADM3
14	8	83	BST2
14	8	84	OLFM3
14	8	85	THBS4
14	8	86	NDNF
14	8	87	MT-CO3
14	8	88	GPR183
14	8	89	MT-CO2
14	8	90	C11orf96
14	8	91	STEAP4
14	8	92	SAMD5
14	8	93	ARHGAP20
14	8	94	ADAMTSL1
14	8	95	LIMA1
14	8	96	PLCB1
14	8	97	IFI27
14	8	98	MT-ND3
14	8	99	LAMA4
14	8	100	PLEKHA2
14	9	1	VEGFA
14	9	2	HSPA5
14	9	3	TNFRSF12A
14	9	4	MIF
14	9	5	SDF2L1
14	9	6	ANGPTL4
14	9	7	IL11
14	9	8	BMP2
14	9	9	RPS17
14	9	10	RPL17
14	9	11	SERPINA3
14	9	12	SLC2A1
14	9	13	FGF2
14	9	14	BNIP3
14	9	15	EGLN3
14	9	16	EIF4EBP1
14	9	17	INHBA
14	9	18	BHLHE40
14	9	19	PTGS2
14	9	20	RFLNB
14	9	21	GAS5
14	9	22	SERPINA1
14	9	23	SOX9
14	9	24	SNHG29
14	9	25	NME2
14	9	26	FOSL1
14	9	27	EEF1G
14	9	28	ERRFI1
14	9	29	SIPA1L2
14	9	30	PAPSS2
14	9	31	FHL2
14	9	32	RNASEK
14	9	33	FOXC2
14	9	34	PHLDA2
14	9	35	RCAN1
14	9	36	CHAC1
14	9	37	SLC7A11
14	9	38	PTGES
14	9	39	ZNF395
14	9	40	SEPTIN7
14	9	41	COL2A1
14	9	42	UPP1
14	9	43	GABARAP
14	9	44	LIF
14	9	45	HILPDA
14	9	46	GLIS3
14	9	47	H19
14	9	48	ANKRD37
14	9	49	SNHG5
14	9	50	ECRG4
14	9	51	FNIP2
14	9	52	H1F0
14	9	53	KRT16
14	9	54	CDON
14	9	55	HMGA1
14	9	56	MICOS10
14	9	57	CA9
14	9	58	WNT7B
14	9	59	DDIT3
14	9	60	CHST3
14	9	61	TIAM2
14	9	62	TCEAL2
14	9	63	KDM6B
14	9	64	TGM2
14	9	65	EGR3
14	9	66	DGKI
14	9	67	PLEKHA1
14	9	68	WWP2
14	9	69	CHD2
14	9	70	VSIG10L2
14	9	71	MSMO1
14	9	72	MT3
14	9	73	TNFRSF10D
14	9	74	TRIB3
14	9	75	UNC5B
14	9	76	MIA
14	9	77	DDIT4L
14	9	78	P4HB
14	9	79	WNT16
14	9	80	SCD
14	9	81	STK38L
14	9	82	SPARC
14	9	83	FAM43A
14	9	84	FGF1
14	9	85	PGF
14	9	86	COL13A1
14	9	87	LOXL2
14	9	88	NCOR2
14	9	89	SERPINE2
14	9	90	PDE4B
14	9	91	COL5A1
14	9	92	SDC4
14	9	93	EGR1
14	9	94	ABI3BP
14	9	95	LINC00511
14	9	96	BGN
14	9	97	ATP1B1
14	9	98	FLT1
14	9	99	TM4SF1
14	9	100	CRISPLD2
14	10	1	GEM
14	10	2	CDKN1A
14	10	3	PPP1R15A
14	10	4	ABL2
14	10	5	MAT2A
14	10	6	HMOX1
14	10	7	KDM6B
14	10	8	IRF1
14	10	9	NFKBIA
14	10	10	MYC
14	10	11	IER3
14	10	12	SOCS3
14	10	13	ATF3
14	10	14	NR4A3
14	10	15	NFKBIZ
14	10	16	ARID5B
14	10	17	NR4A1
14	10	18	KCNQ1OT1
14	10	19	NR4A2
14	10	20	HSPH1
14	10	21	RND3
14	10	22	EGR1
14	10	23	ID4
14	10	24	IL6
14	10	25	CXCL2
14	10	26	TIPARP
14	10	27	PHLDA1
14	10	28	NAMPT
14	10	29	MIR222HG
14	10	30	C11orf96
14	10	31	GLIS3
14	10	32	DNAJB1
14	10	33	TUBB3
14	10	34	FNIP2
14	10	35	TNFAIP2
14	10	36	BTG2
14	10	37	PTGS2
14	10	38	SOD2
14	10	39	MEG8
14	10	40	RCAN1
14	10	41	ADAMTS1
14	10	42	BIRC3
14	10	43	FOSL1
14	10	44	ICAM1
14	10	45	CHAC1
14	10	46	AC020916.1
14	10	47	RPS17
14	10	48	CXCL3
14	10	49	KIAA0040
14	10	50	CCN1
14	10	51	ATXN7
14	10	52	TBX3
14	10	53	MT1A
14	10	54	SGK1
14	10	55	BMP2
14	10	56	EGR3
14	10	57	GADD45B
14	10	58	AC016831.1
14	10	59	LUCAT1
14	10	60	CHMP1B
14	10	61	BDKRB1
14	10	62	GABPB1-AS1
14	10	63	ELL2
14	10	64	TNFRSF10D
14	10	65	KIF1B
14	10	66	LIF
14	10	67	NEAT1
14	10	68	RGS2
14	10	69	VMP1
14	10	70	RGS16
14	10	71	TNFAIP3
14	10	72	EZR
14	10	73	EFNB2
14	10	74	ZNF331
14	10	75	TNFAIP6
14	10	76	CXCL1
14	10	77	ZFP36L1
14	10	78	INSIG1
14	10	79	EEF1G
14	10	80	RRAD
14	10	81	IER5
14	10	82	RDH10
14	10	83	AC058791.1
14	10	84	RPL17
14	10	85	CXCL8
14	10	86	INHBA
14	10	87	NABP1
14	10	88	AC016831.5
14	10	89	NFATC2
14	10	90	AKAP12
14	10	91	CCL2
14	10	92	HSPA1B
14	10	93	RND1
14	10	94	TSC22D1
14	10	95	PHLDA2
14	10	96	MEDAG
14	10	97	FOS
14	10	98	NME2
14	10	99	CD83
14	10	100	THUMPD3-AS1
14	11	1	CD55
14	11	2	CRLF1
14	11	3	FN1
14	11	4	TREM1
14	11	5	TNFAIP6
14	11	6	HTRA1
14	11	7	NECTIN4
14	11	8	DYSF
14	11	9	ADGRG2
14	11	10	CCDC80
14	11	11	SLC7A2
14	11	12	CAPS
14	11	13	AMTN
14	11	14	CRTAC1
14	11	15	SMOC1
14	11	16	EMP3
14	11	17	IGFBP5
14	11	18	RET
14	11	19	ISLR
14	11	20	TIMP3
14	11	21	S100A6
14	11	22	PRG4
14	11	23	TNFRSF11B
14	11	24	SMIM14
14	11	25	S100A4
14	11	26	CLU
14	11	27	HSD3B7
14	11	28	S100A3
14	11	29	PRSS23
14	11	30	SLC16A10
14	11	31	AQP1
14	11	32	DEFB1
14	11	33	ADAMTS6
14	11	34	GFPT2
14	11	35	EPB41L3
14	11	36	HMX1
14	11	37	TPPP3
14	11	38	S100A10
14	11	39	TYMP
14	11	40	PRDX4
14	11	41	ITPR3
14	11	42	PTGES
14	11	43	PTHLH
14	11	44	PPP1R14B
14	11	45	CCND1
14	11	46	SORBS2
14	11	47	TIMP1
14	11	48	SLC2A12
14	11	49	GAS1
14	11	50	BTC
14	11	51	ARL2
14	11	52	SOX11
14	11	53	RAPGEF4
14	11	54	FABP3
14	11	55	ADAMTSL2
14	11	56	DLX4
14	11	57	LY6D
14	11	58	CRIP1
14	11	59	NDUFA4L2
14	11	60	CXCL14
14	11	61	TNXB
14	11	62	CRYAB
14	11	63	AOAH
14	11	64	ITM2B
14	11	65	UCP2
14	11	66	PENK
14	11	67	HHIP-AS1
14	11	68	SQLE
14	11	69	CLIC3
14	11	70	CLVS2
14	11	71	SRPX2
14	11	72	TRPV4
14	11	73	DPT
14	11	74	SLURP1
14	11	75	MSMO1
14	11	76	MIA
14	11	77	CDON
14	11	78	RGCC
14	11	79	ANO1
14	11	80	ODAM
14	11	81	IGFBP1
14	11	82	SHISAL2B
14	11	83	SEMA3A
14	11	84	CDH19
14	11	85	HHIP
14	11	86	PHLDA2
14	11	87	ACKR3
14	11	88	KRT17
14	11	89	VSIG10L2
14	11	90	PARP16
14	11	91	PCSK1N
14	11	92	C15orf48
14	11	93	ENPP1
14	11	94	LTBP1
14	11	95	CPE
14	11	96	AC093496.1
14	11	97	ABI3BP
14	11	98	CBR3
14	11	99	C11orf96
14	11	100	RSPO2
14	12	1	RGS5
14	12	2	ACTA2
14	12	3	GJA4
14	12	4	TINAGL1
14	12	5	ADGRF5
14	12	6	NR2F2
14	12	7	IGFBP7
14	12	8	COX4I2
14	12	9	MCAM
14	12	10	SYNPO2
14	12	11	TAGLN
14	12	12	PPP1R14A
14	12	13	NOTCH3
14	12	14	COL4A1
14	12	15	ARHGAP15
14	12	16	COL4A2
14	12	17	HES4
14	12	18	CD36
14	12	19	NRXN1
14	12	20	PLP1
14	12	21	NGFR
14	12	22	FHL5
14	12	23	HIGD1B
14	12	24	EDNRA
14	12	25	LINC01197
14	12	26	CALD1
14	12	27	CHN1
14	12	28	SCN4B
14	12	29	RNF152
14	12	30	GGT5
14	12	31	GUCY1B1
14	12	32	PLN
14	12	33	CDH19
14	12	34	FOXS1
14	12	35	MAP1B
14	12	36	CARMN
14	12	37	FILIP1L
14	12	38	EBF2
14	12	39	GUCY1A1
14	12	40	THY1
14	12	41	EDNRB
14	12	42	COL18A1
14	12	43	LINC00924
14	12	44	OLFML2A
14	12	45	RCAN2
14	12	46	PDE5A
14	12	47	HEYL
14	12	48	KCNE4
14	12	49	MYL9
14	12	50	SPARCL1
14	12	51	ADAMTS4
14	12	52	AC027013.1
14	12	53	TBX2
14	12	54	SPRY1
14	12	55	ID4
14	12	56	MYH11
14	12	57	LMOD1
14	12	58	CCDC102B
14	12	59	CD200
14	12	60	NID1
14	12	61	PEAR1
14	12	62	SCN7A
14	12	63	NR2F2-AS1
14	12	64	ANGPT2
14	12	65	RARRES2
14	12	66	AKAP12
14	12	67	TMSB10
14	12	68	FABP4
14	12	69	LGI4
14	12	70	MYLK
14	12	71	CYGB
14	12	72	TCIM
14	12	73	SFRP2
14	12	74	NRP1
14	12	75	C3orf70
14	12	76	TFPI
14	12	77	AHR
14	12	78	ABCA8
14	12	79	GPC3
14	12	80	DMD
14	12	81	CPE
14	12	82	CHL1
14	12	83	HSPH1
14	12	84	GIMAP7
14	12	85	CLDN1
14	12	86	AF121898.1
14	12	87	HSPA1A
14	12	88	CALCRL
14	12	89	COL5A3
14	12	90	ITM2A
14	12	91	TPM1
14	12	92	CAMK2N1
14	12	93	JAG1
14	12	94	NEXN
14	12	95	LRRC32
14	12	96	FLRT2
14	12	97	OLFML2B
14	12	98	EMCN
14	12	99	LINC00989
14	12	100	GFRA1
14	13	1	AIF1
14	13	2	C1QA
14	13	3	C1QB
14	13	4	CYBB
14	13	5	TYROBP
14	13	6	C1QC
14	13	7	FOLR2
14	13	8	MS4A6A
14	13	9	RNASE1
14	13	10	HLA-DRA
14	13	11	MARCO
14	13	12	HLA-DQA1
14	13	13	MS4A7
14	13	14	VSIG4
14	13	15	LYZ
14	13	16	CD74
14	13	17	CD163
14	13	18	S100A8
14	13	19	FCER1G
14	13	20	EMB
14	13	21	FCGR3A
14	13	22	MS4A4A
14	13	23	ALOX5AP
14	13	24	PTPRC
14	13	25	FCGR2B
14	13	26	HLA-DRB1
14	13	27	LILRB5
14	13	28	LAPTM5
14	13	29	CD37
14	13	30	RGS1
14	13	31	FCER1A
14	13	32	LYVE1
14	13	33	HLA-DRB5
14	13	34	HPGDS
14	13	35	S100A9
14	13	36	STAB1
14	13	37	CD52
14	13	38	HLA-DQB1
14	13	39	CD3D
14	13	40	CD69
14	13	41	HCST
14	13	42	SAMSN1
14	13	43	CCL4L2
14	13	44	GMFG
14	13	45	SRGN
14	13	46	CCL4
14	13	47	CXCR4
14	13	48	TPSAB1
14	13	49	CD48
14	13	50	CPVL
14	13	51	MARCH1
14	13	52	CCL3
14	13	53	RAC2
14	13	54	P2RY14
14	13	55	GIMAP7
14	13	56	CCL5
14	13	57	TRBC2
14	13	58	MS4A2
14	13	59	TPSB2
14	13	60	CPA3
14	13	61	GPR65
14	13	62	NKG7
14	13	63	ADAM28
14	13	64	NCKAP1L
14	13	65	TRBC1
14	13	66	LTB
14	13	67	IL7R
14	13	68	CCL3L1
14	13	69	GZMA
14	13	70	IKZF1
14	13	71	KLRB1
14	13	72	PECAM1
14	13	73	TRAC
14	13	74	RUNX3
14	13	75	BCL11B
14	13	76	CD93
14	13	77	HPGD
14	13	78	CTSG
14	13	79	CXCL8
14	13	80	BTK
14	13	81	IL18
14	13	82	GPR183
14	13	83	TNFAIP3
14	13	84	TNF
14	13	85	FCN1
14	13	86	CIITA
14	13	87	ENTPD1
14	13	88	AREG
14	13	89	RHOH
14	13	90	HDC
14	13	91	FTH1
14	13	92	FYB1
14	13	93	GZMK
14	13	94	IFI30
14	13	95	CD83
14	13	96	CLEC2B
14	13	97	SLC18A2
14	13	98	AC104051.2
14	13	99	INPP5D
14	13	100	SPOCK2
14	14	1	ANLN
14	14	2	ASPM
14	14	3	TOP2A
14	14	4	CENPF
14	14	5	CEP55
14	14	6	UBE2C
14	14	7	TPX2
14	14	8	MKI67
14	14	9	PIMREG
14	14	10	CCNB2
14	14	11	BIRC5
14	14	12	DEPDC1
14	14	13	CDK1
14	14	14	DIAPH3
14	14	15	PBK
14	14	16	CENPE
14	14	17	NUSAP1
14	14	18	CDC20
14	14	19	STMN1
14	14	20	TYMS
14	14	21	LGALS1
14	14	22	HIST1H1B
14	14	23	CD70
14	14	24	ESCO2
14	14	25	CIT
14	14	26	TFPI2
14	14	27	C12orf75
14	14	28	MYEF2
14	14	29	HIST1H3G
14	14	30	SMC2
14	14	31	CA1
14	14	32	AHSP
14	14	33	HBM
14	14	34	S100A10
14	14	35	ITGB1
14	14	36	NAV2
14	14	37	SLC4A8
14	14	38	PPP1R14B
14	14	39	MYBL1
14	14	40	COL6A1
14	14	41	ANXA2
14	14	42	ALAS2
14	14	43	NSD2
14	14	44	MAP4K4
14	14	45	OLFML2B
14	14	46	FAM111B
14	14	47	NRP2
14	14	48	MAP1B
14	14	49	FHL2
14	14	50	CCND1
14	14	51	CLEC2B
14	14	52	TMSB10
14	14	53	TNFRSF12A
14	14	54	HIST1H2AL
14	14	55	PODXL
14	14	56	LMNB1
14	14	57	ANPEP
14	14	58	ITGA6
14	14	59	SYNE2
14	14	60	CEP152
14	14	61	ALCAM
14	14	62	COL6A2
14	14	63	UCP2
14	14	64	CDC25B
14	14	65	HBD
14	14	66	COL6A3
14	14	67	COL15A1
14	14	68	C21orf58
14	14	69	FLNA
14	14	70	TM4SF1
14	14	71	CD82
14	14	72	ORC6
14	14	73	EZR
14	14	74	TCF19
14	14	75	PLEC
14	14	76	PTPRC
14	14	77	HBA1
14	14	78	HBB
14	14	79	ITGA3
14	14	80	EMP3
14	14	81	FOSL1
14	14	82	HLA-DRA
14	14	83	SULF1
14	14	84	BCL11B
14	14	85	ITGA5
14	14	86	BIRC3
14	14	87	TYMP
14	14	88	HLA-DQA1
14	14	89	CDH13
14	14	90	CKB
14	14	91	CD3D
14	14	92	KRT16
14	14	93	NHSL1
14	14	94	S100A6
14	14	95	HSD3B7
14	14	96	CCDC88A
14	14	97	SACS
14	14	98	PRSS23
14	14	99	PCNT
14	14	100	AC068491.3
16	1	1	DST
16	1	2	PLCG2
16	1	3	MALAT1
16	1	4	EDIL3
16	1	5	TNC
16	1	6	MACF1
16	1	7	ECM2
16	1	8	FTX
16	1	9	ASPN
16	1	10	SYNE1
16	1	11	OGN
16	1	12	PTPRD
16	1	13	DDX17
16	1	14	ANTXR1
16	1	15	SNHG14
16	1	16	NKTR
16	1	17	MXRA5
16	1	18	CDON
16	1	19	F5
16	1	20	COL12A1
16	1	21	LTBP2
16	1	22	ZNF704
16	1	23	ITGA11
16	1	24	CCN2
16	1	25	STEAP2
16	1	26	CAMK1D
16	1	27	UACA
16	1	28	UTRN
16	1	29	TNRC6B
16	1	30	PIK3R1
16	1	31	CILP
16	1	32	COLGALT2
16	1	33	LUM
16	1	34	ABHD2
16	1	35	FAT4
16	1	36	PTPN14
16	1	37	GPR155
16	1	38	NEAT1
16	1	39	TNXB
16	1	40	SEPTIN2
16	1	41	AL627171.2
16	1	42	VPS13C
16	1	43	FZD8
16	1	44	A2M
16	1	45	TNRC6A
16	1	46	CEP126
16	1	47	MYO9A
16	1	48	KIAA1109
16	1	49	RIF1
16	1	50	OGA
16	1	51	SEPTIN7
16	1	52	MIR99AHG
16	1	53	ZNF638
16	1	54	KMT2A
16	1	55	KMT2C
16	1	56	SYNM
16	1	57	USP53
16	1	58	ENPP1
16	1	59	ATM
16	1	60	CCDC144A
16	1	61	ATF7IP
16	1	62	PDE4D
16	1	63	ZNF292
16	1	64	RIN2
16	1	65	PRUNE2
16	1	66	ANK2
16	1	67	ITGA1
16	1	68	NIN
16	1	69	SULF1
16	1	70	RAI14
16	1	71	SEMA3D
16	1	72	PDGFRA
16	1	73	OGT
16	1	74	APLP2
16	1	75	NTN1
16	1	76	PHC3
16	1	77	PKD1
16	1	78	MATN2
16	1	79	SETX
16	1	80	ANKRD50
16	1	81	COL5A2
16	1	82	HLF
16	1	83	MAMDC2
16	1	84	FMOD
16	1	85	PLEC
16	1	86	ANGPTL2
16	1	87	CRTAC1
16	1	88	ITGA10
16	1	89	AEBP1
16	1	90	ADAMTS6
16	1	91	MYO1D
16	1	92	COL15A1
16	1	93	ANKRD36C
16	1	94	SHPRH
16	1	95	LINC00342
16	1	96	SPEN
16	1	97	CCDC88A
16	1	98	PLEKHH2
16	1	99	CPLANE1
16	1	100	RNF213
16	2	1	MT2A
16	2	2	MT1E
16	2	3	MT1X
16	2	4	MT1M
16	2	5	CHI3L1
16	2	6	DDIT4
16	2	7	EGLN3
16	2	8	LOX
16	2	9	SLC25A37
16	2	10	AC008592.5
16	2	11	SOD2
16	2	12	GLRX
16	2	13	MT1G
16	2	14	BNIP3
16	2	15	CDA
16	2	16	ERRFI1
16	2	17	ANGPTL4
16	2	18	GPX3
16	2	19	EFNA1
16	2	20	TMEM204
16	2	21	ZNF395
16	2	22	HILPDA
16	2	23	DNAH11
16	2	24	MTHFD2
16	2	25	PDK1
16	2	26	RNF144B
16	2	27	MT1F
16	2	28	NAMPT
16	2	29	ADM
16	2	30	MT1H
16	2	31	FTH1
16	2	32	SLC2A5
16	2	33	GALNT15
16	2	34	ACKR3
16	2	35	RASD1
16	2	36	ADSSL1
16	2	37	LINC01554
16	2	38	MUC20-OT1
16	2	39	LAG3
16	2	40	SAA1
16	2	41	NEAT1
16	2	42	MT1A
16	2	43	POU3F1
16	2	44	SDC4
16	2	45	ICAM1
16	2	46	ANKRD37
16	2	47	OXA1L
16	2	48	SERPINA1
16	2	49	NDUFA4L2
16	2	50	AL031777.3
16	2	51	SLC2A1
16	2	52	AP001160.1
16	2	53	WWP2
16	2	54	HSPB7
16	2	55	CRISPLD2
16	2	56	STC2
16	2	57	UPP1
16	2	58	SPINT2
16	2	59	COL27A1
16	2	60	ZNF292
16	2	61	MYO10
16	2	62	THBD
16	2	63	ATOH8
16	2	64	TXNIP
16	2	65	TNFRSF10D
16	2	66	HAPLN1
16	2	67	SEPT11
16	2	68	MYBPH
16	2	69	CD14
16	2	70	DDIT4L
16	2	71	TRIB3
16	2	72	CHI3L2
16	2	73	BEX2
16	2	74	SLC7A2
16	2	75	AC007952.4
16	2	76	SERPINE2
16	2	77	ITGA5
16	2	78	RGCC
16	2	79	IER5
16	2	80	AC023157.3
16	2	81	FOS
16	2	82	FOXC2
16	2	83	ID1
16	2	84	C2orf40
16	2	85	POLR2J3-1
16	2	86	TGM2
16	2	87	NOS2
16	2	88	IL6R
16	2	89	APOD
16	2	90	P4HB
16	2	91	HSD3B7
16	2	92	RBP4
16	2	93	GTF2IRD2
16	2	94	TIMP4
16	2	95	FBXO2
16	2	96	SLPI
16	2	97	RASSF4
16	2	98	CTGF
16	2	99	RPRM
16	2	100	Z93241.1
16	3	1	EMP3
16	3	2	S100A6
16	3	3	ANXA2
16	3	4	FHL1
16	3	5	MT-ND5
16	3	6	CKB
16	3	7	CRYAB
16	3	8	EZR
16	3	9	MT-CO3
16	3	10	TUBA1A
16	3	11	GADD45G
16	3	12	MT-ND1
16	3	13	RGS16
16	3	14	MT-ND4
16	3	15	FRZB
16	3	16	ANGPTL5
16	3	17	IER3
16	3	18	GADD45B
16	3	19	HSPB1
16	3	20	MT-ATP6
16	3	21	MT-ND4L
16	3	22	C9orf3
16	3	23	S100A10
16	3	24	LEFTY2
16	3	25	MT-CYB
16	3	26	FGFBP2
16	3	27	MT-CO2
16	3	28	MT-CO1
16	3	29	CLU
16	3	30	HES1
16	3	31	FAM180B
16	3	32	LMO2
16	3	33	IGFBP6
16	3	34	TPRG1
16	3	35	MT-ND3
16	3	36	VCAN
16	3	37	TNFRSF11B
16	3	38	S100A4
16	3	39	GDF10
16	3	40	FBXO2
16	3	41	MBNL1-AS1
16	3	42	F13A1
16	3	43	ID1
16	3	44	NR1D1
16	3	45	CHAD
16	3	46	NDUFA4L2
16	3	47	RBP4
16	3	48	TMSB10
16	3	49	BHLHE41
16	3	50	C2orf40
16	3	51	CAPS
16	3	52	PLAC9
16	3	53	LGALS1
16	3	54	MTRNR2L12
16	3	55	FABP5
16	3	56	ID3
16	3	57	COMP
16	3	58	BBS9
16	3	59	GSN
16	3	60	SERTAD4
16	3	61	NMB
16	3	62	AQP1
16	3	63	DCN
16	3	64	AL078639.1
16	3	65	IGFBP7
16	3	66	KCNMA1
16	3	67	STK38L
16	3	68	CPAMD8
16	3	69	CDH13
16	3	70	TCEAL2
16	3	71	GAP43
16	3	72	PPP1R14B
16	3	73	TMSB4X
16	3	74	IER5
16	3	75	TNFAIP8L1
16	3	76	RAMP1
16	3	77	MT-ND2
16	3	78	SCX
16	3	79	ENHO
16	3	80	MGP
16	3	81	MEOX1
16	3	82	CILP
16	3	83	MYOT
16	3	84	HRCT1
16	3	85	LINC01089
16	3	86	MT-ATP8
16	3	87	RRAD
16	3	88	GNB5
16	3	89	ADRA2A
16	3	90	WWP2
16	3	91	PHLDA2
16	3	92	DKK3
16	3	93	IER5L
16	3	94	EMILIN3
16	3	95	KLF6
16	3	96	NFKBIA
16	3	97	PLK2
16	3	98	PRUNE2
16	3	99	MYOZ2
16	3	100	DEFB1
16	4	1	CXCL12
16	4	2	SFRP1
16	4	3	SERPINF1
16	4	4	EFEMP1
16	4	5	IGFBP4
16	4	6	C1R
16	4	7	COL14A1
16	4	8	C1S
16	4	9	EPHX1
16	4	10	IGF1
16	4	11	SELENOP
16	4	12	PLA2G2A
16	4	13	SRPX
16	4	14	CFD
16	4	15	PLTP
16	4	16	MMP2
16	4	17	CYP1B1
16	4	18	AHR
16	4	19	PTGFR
16	4	20	PLPP1
16	4	21	HLA-DRB1
16	4	22	CCN5
16	4	23	EBF1
16	4	24	C16orf89
16	4	25	LGALS3BP
16	4	26	C7
16	4	27	KCTD12
16	4	28	C3
16	4	29	TMEM176B
16	4	30	DCLK1
16	4	31	TMEM176A
16	4	32	ITM2A
16	4	33	CRISPLD1
16	4	34	PTGDS
16	4	35	ZFP36L1
16	4	36	PODN
16	4	37	PDGFRA
16	4	38	BASP1
16	4	39	GGT5
16	4	40	AKR1C3
16	4	41	PTN
16	4	42	CFI
16	4	43	OLFML3
16	4	44	MT-ND3
16	4	45	ENPP2
16	4	46	APOE
16	4	47	KCNE4
16	4	48	HLA-DRB5
16	4	49	ANGPT1
16	4	50	OLFML1
16	4	51	TMSB10
16	4	52	VCAN
16	4	53	CD74
16	4	54	PLAC9
16	4	55	ANGPTL1
16	4	56	MGST1
16	4	57	LAMB1
16	4	58	MGAT4C
16	4	59	FMO2
16	4	60	TSHZ2
16	4	61	SFRP2
16	4	62	MTRNR2L12
16	4	63	LAMA4
16	4	64	PRSS23
16	4	65	LBP
16	4	66	PDE5A
16	4	67	RARRES2
16	4	68	WISP2
16	4	69	AKR1C1
16	4	70	CD248
16	4	71	GSN
16	4	72	PTGER4
16	4	73	MARCKS
16	4	74	CES1
16	4	75	SCG2
16	4	76	FGL2
16	4	77	BICC1
16	4	78	HELLPAR
16	4	79	SLC5A3
16	4	80	MT-ND1
16	4	81	THY1
16	4	82	ZFP36L2
16	4	83	C6
16	4	84	TNFSF13B
16	4	85	FILIP1L
16	4	86	MT-ATP6
16	4	87	MEST
16	4	88	MFAP4
16	4	89	CP
16	4	90	S1PR3
16	4	91	FBLN2
16	4	92	PCDH9
16	4	93	IRX3
16	4	94	PLAU
16	4	95	FYN
16	4	96	FGF7
16	4	97	BST2
16	4	98	NFIB
16	4	99	MT-CO1
16	4	100	MRPS6
16	5	1	SCRG1
16	5	2	FMOD
16	5	3	COL2A1
16	5	4	CILP2
16	5	5	SBSPON
16	5	6	CLEC3A
16	5	7	COL9A3
16	5	8	FIBIN
16	5	9	SMOC2
16	5	10	COMP
16	5	11	COL11A1
16	5	12	MGP
16	5	13	COL11A2
16	5	14	TSPAN2
16	5	15	OGN
16	5	16	SPARC
16	5	17	C2orf40
16	5	18	ACAN
16	5	19	COL9A2
16	5	20	S100A1
16	5	21	PRELP
16	5	22	BGN
16	5	23	CILP
16	5	24	SERPINA5
16	5	25	PRDX4
16	5	26	AQP3
16	5	27	DCN
16	5	28	HAPLN1
16	5	29	LUM
16	5	30	SCX
16	5	31	TNNT3
16	5	32	MIA
16	5	33	SPINT2
16	5	34	CTGF
16	5	35	COL3A1
16	5	36	CYR61
16	5	37	P4HB
16	5	38	C9orf3
16	5	39	PAPSS2
16	5	40	FXYD6
16	5	41	SERPINA1
16	5	42	HRCT1
16	5	43	COL5A2
16	5	44	PCSK1N
16	5	45	TIMP4
16	5	46	COL5A1
16	5	47	SDC1
16	5	48	PART1
16	5	49	ANGPTL2
16	5	50	COLGALT2
16	5	51	ATP1B1
16	5	52	FBXO2
16	5	53	SRPX2
16	5	54	FGFBP2
16	5	55	TRPV4
16	5	56	HTRA1
16	5	57	DPT
16	5	58	TSC22D1
16	5	59	NDUFA4L2
16	5	60	COL1A2
16	5	61	KLF2
16	5	62	COL15A1
16	5	63	OMD
16	5	64	DNER
16	5	65	EGR2
16	5	66	FGF18
16	5	67	ASPN
16	5	68	FGFR3
16	5	69	C1QTNF4
16	5	70	CA9
16	5	71	COL13A1
16	5	72	CHAD
16	5	73	CST6
16	5	74	LTBP2
16	5	75	MAP2K6
16	5	76	NRGN
16	5	77	SRM
16	5	78	CHI3L2
16	5	79	CLU
16	5	80	AEBP1
16	5	81	STK38L
16	5	82	BMPER
16	5	83	SHC4
16	5	84	GAS1
16	5	85	KIAA1549
16	5	86	GREM1
16	5	87	A2M
16	5	88	CLIC3
16	5	89	ADAMTS6
16	5	90	LAG3
16	5	91	DIO2
16	5	92	FRZB
16	5	93	TF
16	5	94	ITGA10
16	5	95	SUSD5
16	5	96	FOXC2
16	5	97	NEBL
16	5	98	HLA-DQB1
16	5	99	FGF1
16	5	100	EMILIN3
16	6	1	GPX3
16	6	2	SUN2
16	6	3	CYP4B1
16	6	4	PLPP3
16	6	5	FBLN1
16	6	6	GLUL
16	6	7	GSN
16	6	8	TSKU
16	6	9	LINC01088
16	6	10	ADAMTS5
16	6	11	GALNT15
16	6	12	MYOC
16	6	13	GPM6B
16	6	14	JUN
16	6	15	IGFBP6
16	6	16	LAMA2
16	6	17	ANGPTL7
16	6	18	LTBP4
16	6	19	MAOA
16	6	20	NOX4
16	6	21	DEPP1
16	6	22	PDK4
16	6	23	DUSP1
16	6	24	CCDC3
16	6	25	AMOTL2
16	6	26	CORO6
16	6	27	FAXDC2
16	6	28	NTRK2
16	6	29	MMP3
16	6	30	ZFP36L2
16	6	31	MAMDC2
16	6	32	MGST1
16	6	33	PIK3R1
16	6	34	MEG3
16	6	35	C1QTNF7
16	6	36	FBLN2
16	6	37	TGFBR3
16	6	38	C1R
16	6	39	RIPOR2
16	6	40	PDGFRL
16	6	41	C1S
16	6	42	CYR61
16	6	43	GPNMB
16	6	44	TNS2
16	6	45	MT-ND2
16	6	46	ADAMTSL4
16	6	47	RBMS3
16	6	48	DIO3OS
16	6	49	APOD
16	6	50	LHFPL6
16	6	51	SASH1
16	6	52	WISP2
16	6	53	MYC
16	6	54	TXNIP
16	6	55	BCL6
16	6	56	IZUMO4
16	6	57	BTG2
16	6	58	FKBP5
16	6	59	METTL7A
16	6	60	ADH1B
16	6	61	SAMHD1
16	6	62	MMP14
16	6	63	ECE1
16	6	64	ALDH1A1
16	6	65	PODN
16	6	66	OXA1L
16	6	67	CFH
16	6	68	FOS
16	6	69	DHCR24
16	6	70	AOX1
16	6	71	MTHFD2
16	6	72	ANTXR2
16	6	73	RAMP2
16	6	74	NR4A1
16	6	75	H6PD
16	6	76	STMN1
16	6	77	AR
16	6	78	ABLIM1
16	6	79	DPP4
16	6	80	ADH4
16	6	81	NEAT1
16	6	82	ACADL
16	6	83	NEGR1
16	6	84	ATF3
16	6	85	ACKR3
16	6	86	DDIT4
16	6	87	ACKR4
16	6	88	CELF2
16	6	89	LAMC1
16	6	90	SLPI
16	6	91	PCDH18
16	6	92	ANGPTL5
16	6	93	OLFML3
16	6	94	ADCY2
16	6	95	VIT
16	6	96	C3
16	6	97	AGTR1
16	6	98	RNASEH2A
16	6	99	CFD
16	6	100	LAMA3
16	7	1	GABARAP
16	7	2	GAS5
16	7	3	RPL17
16	7	4	SNHG5
16	7	5	ECRG4
16	7	6	S100A1
16	7	7	SNHG29
16	7	8	EEF1G
16	7	9	RNASEK
16	7	10	RPS17
16	7	11	NME2
16	7	12	CCN2
16	7	13	SERPINA3
16	7	14	CHAD
16	7	15	AL021155.5
16	7	16	STC2
16	7	17	FRZB
16	7	18	SEPTIN7
16	7	19	ATOH8
16	7	20	MIF
16	7	21	AC253572.2
16	7	22	RGCC
16	7	23	THBS1
16	7	24	PRELP
16	7	25	DCN
16	7	26	TIPARP
16	7	27	CCN1
16	7	28	SCIN
16	7	29	MICOS10
16	7	30	ENHO
16	7	31	AL360012.1
16	7	32	ANGPTL7
16	7	33	HIST1H1E
16	7	34	TXNIP
16	7	35	HIP1
16	7	36	MT1E
16	7	37	ACTC1
16	7	38	ADCY2
16	7	39	FAXDC2
16	7	40	KIAA0040
16	7	41	DUSP2
16	7	42	ILF3-DT
16	7	43	COMP
16	7	44	TPRG1
16	7	45	HIST1H1C
16	7	46	TCEAL2
16	7	47	AL627171.2
16	7	48	AC005165.1
16	7	49	BHLHE41
16	7	50	USP53
16	7	51	EGR1
16	7	52	RBP4
16	7	53	BEX2
16	7	54	FBXO2
16	7	55	NXPE2
16	7	56	DSP
16	7	57	IGFBP6
16	7	58	EGLN2
16	7	59	AC007952.4
16	7	60	AC239799.2
16	7	61	DLX5
16	7	62	NR1D1
16	7	63	BTG2
16	7	64	ACADL
16	7	65	KNOP1
16	7	66	SOCS3
16	7	67	GALNT15
16	7	68	DDIT4
16	7	69	AL355075.4
16	7	70	SNHG14
16	7	71	PDZRN4
16	7	72	RHOU
16	7	73	CPAMD8
16	7	74	C1QTNF7
16	7	75	OMD
16	7	76	CYP3A5
16	7	77	PFKFB3
16	7	78	AC020916.1
16	7	79	FOS
16	7	80	PPP1R3C
16	7	81	Z93241.1
16	7	82	PIK3R1
16	7	83	CILP
16	7	84	MT1X
16	7	85	CLDN5
16	7	86	BNIP3
16	7	87	CMYA5
16	7	88	THUMPD3-AS1
16	7	89	SLC7A8
16	7	90	ANXA2R
16	7	91	CHD2
16	7	92	KCNK5
16	7	93	RAPGEF5
16	7	94	ACAN
16	7	95	ANK3
16	7	96	MTSS1
16	7	97	IFITM10
16	7	98	DEFB1
16	7	99	LMO2
16	7	100	AC084816.1
16	8	1	PRG4
16	8	2	ITGBL1
16	8	3	CLIC5
16	8	4	TMEM196
16	8	5	DNASE1L3
16	8	6	ZNF385B
16	8	7	SPARCL1
16	8	8	TIMP3
16	8	9	GPR1
16	8	10	GABRA4
16	8	11	HBEGF
16	8	12	DIRC3
16	8	13	ITGB8
16	8	14	PCSK6
16	8	15	HTRA4
16	8	16	HHIP
16	8	17	TSPAN15
16	8	18	CRTAC1
16	8	19	SEMA3A
16	8	20	SEMA5A
16	8	21	APLP2
16	8	22	CFI
16	8	23	SCARA5
16	8	24	COL22A1
16	8	25	COLEC12
16	8	26	NTN4
16	8	27	CHST2
16	8	28	MTUS2
16	8	29	HHIP-AS1
16	8	30	GFPT2
16	8	31	APBB1IP
16	8	32	CREB5
16	8	33	TFPI
16	8	34	SELP
16	8	35	HAS1
16	8	36	CTTNBP2
16	8	37	MAL
16	8	38	FGF10
16	8	39	SMIM14
16	8	40	AC004540.2
16	8	41	ITM2B
16	8	42	SEMA3C
16	8	43	GJB2
16	8	44	TSPAN7
16	8	45	TWISTNB
16	8	46	PPP1R1A
16	8	47	ITGA6
16	8	48	HTRA1
16	8	49	GJB6
16	8	50	PPM1L
16	8	51	CLUL1
16	8	52	FGL2
16	8	53	ARHGAP28
16	8	54	SLC2A12
16	8	55	ENPP4
16	8	56	BTC
16	8	57	KHDRBS3
16	8	58	SORBS2
16	8	59	EPB41L1
16	8	60	S100A4
16	8	61	ARL2
16	8	62	TPPP3
16	8	63	DLX3
16	8	64	MT-CYB
16	8	65	DLX4
16	8	66	MYPN
16	8	67	EFNB2
16	8	68	EPB41L3
16	8	69	CXCL1
16	8	70	TMSB4X
16	8	71	AC005062.1
16	8	72	PDGFD
16	8	73	CSF1
16	8	74	EREG
16	8	75	SHANK2
16	8	76	TMEM100
16	8	77	TOX3
16	8	78	OLFM3
16	8	79	PLEKHA1
16	8	80	GPR183
16	8	81	CADM3
16	8	82	C11orf96
16	8	83	THBS4
16	8	84	BST2
16	8	85	MT-CO1
16	8	86	F5
16	8	87	ZEB2
16	8	88	SAMD5
16	8	89	NDNF
16	8	90	MT-CO2
16	8	91	MT-CO3
16	8	92	ADAMTSL1
16	8	93	ARHGAP20
16	8	94	STEAP4
16	8	95	LIMA1
16	8	96	PLCB1
16	8	97	IFI27
16	8	98	PMAIP1
16	8	99	PLEKHA2
16	8	100	MT-ATP6
16	9	1	GEM
16	9	2	CDKN1A
16	9	3	PPP1R15A
16	9	4	ABL2
16	9	5	MAT2A
16	9	6	HMOX1
16	9	7	KDM6B
16	9	8	NFKBIA
16	9	9	IRF1
16	9	10	IER3
16	9	11	MYC
16	9	12	SOCS3
16	9	13	NR4A3
16	9	14	NFKBIZ
16	9	15	ATF3
16	9	16	NR4A2
16	9	17	ARID5B
16	9	18	IL6
16	9	19	KCNQ1OT1
16	9	20	NR4A1
16	9	21	EGR1
16	9	22	RND3
16	9	23	ID4
16	9	24	HSPH1
16	9	25	CXCL2
16	9	26	NAMPT
16	9	27	TIPARP
16	9	28	PHLDA1
16	9	29	GLIS3
16	9	30	C11orf96
16	9	31	MIR222HG
16	9	32	TUBB3
16	9	33	FNIP2
16	9	34	SOD2
16	9	35	TNFAIP2
16	9	36	RCAN1
16	9	37	PTGS2
16	9	38	DNAJB1
16	9	39	BIRC3
16	9	40	ICAM1
16	9	41	MEG8
16	9	42	FOSL1
16	9	43	ADAMTS1
16	9	44	BTG2
16	9	45	CHAC1
16	9	46	CXCL3
16	9	47	KIAA0040
16	9	48	AC020916.1
16	9	49	MT1A
16	9	50	ATXN7
16	9	51	RPS17
16	9	52	BMP2
16	9	53	TBX3
16	9	54	SGK1
16	9	55	GADD45B
16	9	56	TNFRSF10D
16	9	57	BDKRB1
16	9	58	AC016831.1
16	9	59	GABPB1-AS1
16	9	60	EGR3
16	9	61	LIF
16	9	62	CHMP1B
16	9	63	LUCAT1
16	9	64	ELL2
16	9	65	RGS16
16	9	66	KIF1B
16	9	67	RGS2
16	9	68	VMP1
16	9	69	CCN1
16	9	70	NEAT1
16	9	71	ZNF331
16	9	72	CXCL1
16	9	73	TNFAIP3
16	9	74	EZR
16	9	75	TNFAIP6
16	9	76	EFNB2
16	9	77	RRAD
16	9	78	IER5
16	9	79	CXCL8
16	9	80	RDH10
16	9	81	INSIG1
16	9	82	TSC22D1
16	9	83	ZFP36L1
16	9	84	AC058791.1
16	9	85	RND1
16	9	86	INHBA
16	9	87	PHLDA2
16	9	88	EEF1G
16	9	89	CCL2
16	9	90	NABP1
16	9	91	CD83
16	9	92	AC016831.5
16	9	93	AKAP12
16	9	94	THUMPD3-AS1
16	9	95	NFATC2
16	9	96	RPL17
16	9	97	C2CD4B
16	9	98	FOXC2
16	9	99	TNFRSF12A
16	9	100	GJA1
16	10	1	COL1A1
16	10	2	COL1A2
16	10	3	POSTN
16	10	4	LGALS1
16	10	5	COL6A1
16	10	6	SPARC
16	10	7	COL5A2
16	10	8	TGFBI
16	10	9	LOXL2
16	10	10	SPON2
16	10	11	CTHRC1
16	10	12	FNDC1
16	10	13	COL6A2
16	10	14	COL3A1
16	10	15	COL6A3
16	10	16	MXRA5
16	10	17	CRABP2
16	10	18	TPM1
16	10	19	ITGB1
16	10	20	DKK3
16	10	21	LRRC15
16	10	22	COL5A1
16	10	23	FAP
16	10	24	C1QTNF3
16	10	25	CCND1
16	10	26	TMSB4X
16	10	27	AEBP1
16	10	28	DPT
16	10	29	COL8A1
16	10	30	MYL9
16	10	31	FSTL1
16	10	32	ASPN
16	10	33	THY1
16	10	34	S100A10
16	10	35	C12orf75
16	10	36	S100A4
16	10	37	AQP1
16	10	38	ANXA2
16	10	39	NBL1
16	10	40	LRRC17
16	10	41	PPP1R14B
16	10	42	TMSB10
16	10	43	CD70
16	10	44	CADM1
16	10	45	ELN
16	10	46	TNC
16	10	47	PRSS23
16	10	48	FLNA
16	10	49	ARL4C
16	10	50	SLN
16	10	51	TUBA1A
16	10	52	FBN1
16	10	53	TAGLN
16	10	54	ISLR
16	10	55	MICAL2
16	10	56	RAB31
16	10	57	TMEM119
16	10	58	RFLNB
16	10	59	COL12A1
16	10	60	BASP1
16	10	61	ANTXR1
16	10	62	IL32
16	10	63	ABHD2
16	10	64	CALD1
16	10	65	ANGPTL2
16	10	66	ANO1
16	10	67	SERPINE1
16	10	68	MMP2
16	10	69	PDGFRB
16	10	70	LTBP1
16	10	71	COL4A2
16	10	72	TNFRSF12A
16	10	73	IGFBP7
16	10	74	MARCKS
16	10	75	GJA1
16	10	76	CDH11
16	10	77	COL5A3
16	10	78	THBS2
16	10	79	RGS3
16	10	80	THBS3
16	10	81	FAT1
16	10	82	LINC01705
16	10	83	HMCN1
16	10	84	HSPG2
16	10	85	PXDN
16	10	86	LRRC32
16	10	87	MMP11
16	10	88	EDIL3
16	10	89	S100A6
16	10	90	MAP1B
16	10	91	TNFSF11
16	10	92	NOV
16	10	93	CEMIP
16	10	94	ENPP1
16	10	95	GPNMB
16	10	96	SSC5D
16	10	97	OLFML2B
16	10	98	COL4A1
16	10	99	FRMD6
16	10	100	TPPP3
16	11	1	VEGFA
16	11	2	HSPA5
16	11	3	TNFRSF12A
16	11	4	IL11
16	11	5	SDF2L1
16	11	6	MIF
16	11	7	BMP2
16	11	8	ANGPTL4
16	11	9	FGF2
16	11	10	RPS17
16	11	11	SLC2A1
16	11	12	INHBA
16	11	13	PTGS2
16	11	14	RFLNB
16	11	15	RPL17
16	11	16	EIF4EBP1
16	11	17	BHLHE40
16	11	18	SERPINA3
16	11	19	SIPA1L2
16	11	20	PAPSS2
16	11	21	SOX9
16	11	22	BNIP3
16	11	23	EGLN3
16	11	24	NME2
16	11	25	FOSL1
16	11	26	SERPINA1
16	11	27	FHL2
16	11	28	ERRFI1
16	11	29	EEF1G
16	11	30	SNHG29
16	11	31	COL2A1
16	11	32	RCAN1
16	11	33	PHLDA2
16	11	34	SLC7A11
16	11	35	GAS5
16	11	36	PTGES
16	11	37	CHAC1
16	11	38	FOXC2
16	11	39	LIF
16	11	40	RNASEK
16	11	41	CDON
16	11	42	SEPTIN7
16	11	43	H19
16	11	44	FNIP2
16	11	45	KRT16
16	11	46	ZNF395
16	11	47	GLIS3
16	11	48	TIAM2
16	11	49	MSMO1
16	11	50	UPP1
16	11	51	H1F0
16	11	52	WNT7B
16	11	53	DGKI
16	11	54	WNT16
16	11	55	SPARC
16	11	56	ABI3BP
16	11	57	MICOS10
16	11	58	PLEKHA1
16	11	59	EGR3
16	11	60	HMGA1
16	11	61	KDM6B
16	11	62	FGF1
16	11	63	COL5A1
16	11	64	VSIG10L2
16	11	65	CHST3
16	11	66	COL3A1
16	11	67	ANKRD37
16	11	68	GABARAP
16	11	69	STK38L
16	11	70	UNC5B
16	11	71	CHD2
16	11	72	TGM2
16	11	73	CA9
16	11	74	DDIT3
16	11	75	SNHG5
16	11	76	COL13A1
16	11	77	MIA
16	11	78	LOXL2
16	11	79	SCD
16	11	80	TSPAN2
16	11	81	HILPDA
16	11	82	SDK2
16	11	83	TM4SF1
16	11	84	NFATC2
16	11	85	P4HB
16	11	86	ECRG4
16	11	87	ATP1B1
16	11	88	COL11A1
16	11	89	NCOR2
16	11	90	CILP2
16	11	91	PDE4B
16	11	92	BGN
16	11	93	MT3
16	11	94	TRIB3
16	11	95	LINC00511
16	11	96	TCEAL2
16	11	97	PGF
16	11	98	SERPINE2
16	11	99	COL15A1
16	11	100	DDIT4L
16	12	1	CD55
16	12	2	CRLF1
16	12	3	FN1
16	12	4	TREM1
16	12	5	TNFAIP6
16	12	6	HTRA1
16	12	7	NECTIN4
16	12	8	DYSF
16	12	9	CCDC80
16	12	10	ADGRG2
16	12	11	SLC7A2
16	12	12	CAPS
16	12	13	AMTN
16	12	14	IGFBP5
16	12	15	SMOC1
16	12	16	CRTAC1
16	12	17	EMP3
16	12	18	RET
16	12	19	ISLR
16	12	20	TIMP3
16	12	21	PRG4
16	12	22	S100A6
16	12	23	SMIM14
16	12	24	TNFRSF11B
16	12	25	S100A4
16	12	26	CLU
16	12	27	S100A3
16	12	28	SLC16A10
16	12	29	DEFB1
16	12	30	PRSS23
16	12	31	HSD3B7
16	12	32	ADAMTS6
16	12	33	PRDX4
16	12	34	AQP1
16	12	35	GFPT2
16	12	36	PTGES
16	12	37	EPB41L3
16	12	38	HMX1
16	12	39	TYMP
16	12	40	PTHLH
16	12	41	TIMP1
16	12	42	S100A10
16	12	43	TPPP3
16	12	44	ITPR3
16	12	45	CCND1
16	12	46	PPP1R14B
16	12	47	SLC2A12
16	12	48	GAS1
16	12	49	SORBS2
16	12	50	ARL2
16	12	51	SOX11
16	12	52	BTC
16	12	53	DLX4
16	12	54	ADAMTSL2
16	12	55	RAPGEF4
16	12	56	FABP3
16	12	57	CRIP1
16	12	58	LY6D
16	12	59	CXCL14
16	12	60	NDUFA4L2
16	12	61	MIA
16	12	62	AOAH
16	12	63	ITM2B
16	12	64	PENK
16	12	65	DPT
16	12	66	CLIC3
16	12	67	HHIP-AS1
16	12	68	CRYAB
16	12	69	UCP2
16	12	70	SRPX2
16	12	71	CLVS2
16	12	72	RGCC
16	12	73	TRPV4
16	12	74	SQLE
16	12	75	MIF
16	12	76	SLURP1
16	12	77	TNXB
16	12	78	IGFBP1
16	12	79	SHISAL2B
16	12	80	ODAM
16	12	81	NME2
16	12	82	SEMA3A
16	12	83	ANO1
16	12	84	CDH19
16	12	85	MSMO1
16	12	86	C11orf96
16	12	87	PHLDA2
16	12	88	C15orf48
16	12	89	PCSK1N
16	12	90	PARP16
16	12	91	HHIP
16	12	92	AC093496.1
16	12	93	CDON
16	12	94	CPE
16	12	95	VSIG10L2
16	12	96	LTBP1
16	12	97	SGK1
16	12	98	KRT17
16	12	99	ENPP1
16	12	100	FAP
16	13	1	RGS5
16	13	2	ACTA2
16	13	3	GJA4
16	13	4	TINAGL1
16	13	5	ADGRF5
16	13	6	NR2F2
16	13	7	COX4I2
16	13	8	IGFBP7
16	13	9	MCAM
16	13	10	SYNPO2
16	13	11	PPP1R14A
16	13	12	TAGLN
16	13	13	NOTCH3
16	13	14	COL4A1
16	13	15	COL4A2
16	13	16	ARHGAP15
16	13	17	CD36
16	13	18	HES4
16	13	19	NRXN1
16	13	20	HIGD1B
16	13	21	FHL5
16	13	22	EDNRA
16	13	23	NGFR
16	13	24	PLP1
16	13	25	LINC01197
16	13	26	CALD1
16	13	27	SCN4B
16	13	28	CHN1
16	13	29	RNF152
16	13	30	PLN
16	13	31	GGT5
16	13	32	GUCY1B1
16	13	33	CARMN
16	13	34	MAP1B
16	13	35	FOXS1
16	13	36	FILIP1L
16	13	37	CDH19
16	13	38	EBF2
16	13	39	EDNRB
16	13	40	GUCY1A1
16	13	41	LINC00924
16	13	42	COL18A1
16	13	43	THY1
16	13	44	RCAN2
16	13	45	OLFML2A
16	13	46	MYL9
16	13	47	ADAMTS4
16	13	48	HEYL
16	13	49	TBX2
16	13	50	SPARCL1
16	13	51	PDE5A
16	13	52	KCNE4
16	13	53	SPRY1
16	13	54	AC027013.1
16	13	55	ID4
16	13	56	LMOD1
16	13	57	MYH11
16	13	58	CCDC102B
16	13	59	CD200
16	13	60	MYLK
16	13	61	NR2F2-AS1
16	13	62	NID1
16	13	63	PEAR1
16	13	64	FABP4
16	13	65	ANGPT2
16	13	66	SCN7A
16	13	67	LGI4
16	13	68	AKAP12
16	13	69	TCIM
16	13	70	CYGB
16	13	71	RARRES2
16	13	72	C3orf70
16	13	73	DMD
16	13	74	TMSB10
16	13	75	HSPA1A
16	13	76	TFPI
16	13	77	CPE
16	13	78	HSPH1
16	13	79	AF121898.1
16	13	80	GPC3
16	13	81	GIMAP7
16	13	82	NRP1
16	13	83	CALCRL
16	13	84	ABCA8
16	13	85	TPM1
16	13	86	AHR
16	13	87	JAG1
16	13	88	SFRP2
16	13	89	F2R
16	13	90	BCAM
16	13	91	CHL1
16	13	92	EMCN
16	13	93	STXBP6
16	13	94	CLDN1
16	13	95	COL5A3
16	13	96	LINC00989
16	13	97	NEXN
16	13	98	CAMK2N1
16	13	99	HSPA1B
16	13	100	PECAM1
16	14	1	C1QA
16	14	2	AIF1
16	14	3	C1QB
16	14	4	CYBB
16	14	5	C1QC
16	14	6	FOLR2
16	14	7	TYROBP
16	14	8	RNASE1
16	14	9	MS4A6A
16	14	10	MARCO
16	14	11	HLA-DRA
16	14	12	MS4A7
16	14	13	HLA-DQA1
16	14	14	VSIG4
16	14	15	LYZ
16	14	16	CD74
16	14	17	CD163
16	14	18	S100A8
16	14	19	FCER1G
16	14	20	FCGR3A
16	14	21	MS4A4A
16	14	22	FCGR2B
16	14	23	EMB
16	14	24	LILRB5
16	14	25	HLA-DRB1
16	14	26	ALOX5AP
16	14	27	LAPTM5
16	14	28	LYVE1
16	14	29	FCER1A
16	14	30	HLA-DRB5
16	14	31	RGS1
16	14	32	STAB1
16	14	33	S100A9
16	14	34	CD37
16	14	35	HLA-DQB1
16	14	36	PTPRC
16	14	37	HPGDS
16	14	38	CCL4L2
16	14	39	MARCH1
16	14	40	CPVL
16	14	41	CCL3
16	14	42	P2RY14
16	14	43	ADAM28
16	14	44	GMFG
16	14	45	CCL3L1
16	14	46	NCKAP1L
16	14	47	PECAM1
16	14	48	HCST
16	14	49	CD93
16	14	50	CCL4
16	14	51	CXCL8
16	14	52	SRGN
16	14	53	GIMAP7
16	14	54	IL18
16	14	55	BTK
16	14	56	CIITA
16	14	57	ENTPD1
16	14	58	FCN1
16	14	59	CPA3
16	14	60	TNF
16	14	61	MS4A2
16	14	62	IFI30
16	14	63	TPSB2
16	14	64	HPGD
16	14	65	TPSAB1
16	14	66	AC104051.2
16	14	67	CTSG
16	14	68	INPP5D
16	14	69	FTH1
16	14	70	F13A1
16	14	71	CD83
16	14	72	IKZF1
16	14	73	CD36
16	14	74	RAC2
16	14	75	GPR65
16	14	76	EMCN
16	14	77	FYB1
16	14	78	CD69
16	14	79	ACKR1
16	14	80	POU2F2
16	14	81	LPAR6
16	14	82	SOX18
16	14	83	TNFAIP3
16	14	84	GPR183
16	14	85	L1TD1
16	14	86	TMSB10
16	14	87	MYO5A
16	14	88	CCL18
16	14	89	MERTK
16	14	90	VWF
16	14	91	SORL1
16	14	92	CTSH
16	14	93	UBE2C
16	14	94	PLVAP
16	14	95	MMRN1
16	14	96	CDK1
16	14	97	SELENOP
16	14	98	DEPDC1
16	14	99	SLC40A1
16	14	100	CD14
16	15	1	ANLN
16	15	2	ASPM
16	15	3	TOP2A
16	15	4	CENPF
16	15	5	CEP55
16	15	6	UBE2C
16	15	7	TPX2
16	15	8	MKI67
16	15	9	PIMREG
16	15	10	CCNB2
16	15	11	BIRC5
16	15	12	DEPDC1
16	15	13	CDK1
16	15	14	DIAPH3
16	15	15	PBK
16	15	16	CENPE
16	15	17	NUSAP1
16	15	18	CDC20
16	15	19	STMN1
16	15	20	TYMS
16	15	21	LGALS1
16	15	22	HIST1H1B
16	15	23	CD70
16	15	24	ESCO2
16	15	25	CIT
16	15	26	TFPI2
16	15	27	C12orf75
16	15	28	MYEF2
16	15	29	HIST1H3G
16	15	30	SMC2
16	15	31	CA1
16	15	32	AHSP
16	15	33	HBM
16	15	34	S100A10
16	15	35	ITGB1
16	15	36	NAV2
16	15	37	SLC4A8
16	15	38	MYBL1
16	15	39	PPP1R14B
16	15	40	COL6A1
16	15	41	ALAS2
16	15	42	ANXA2
16	15	43	NSD2
16	15	44	MAP4K4
16	15	45	OLFML2B
16	15	46	FAM111B
16	15	47	MAP1B
16	15	48	NRP2
16	15	49	FHL2
16	15	50	CCND1
16	15	51	TNFRSF12A
16	15	52	CLEC2B
16	15	53	PODXL
16	15	54	HIST1H2AL
16	15	55	TMSB10
16	15	56	LMNB1
16	15	57	ANPEP
16	15	58	ITGA6
16	15	59	CEP152
16	15	60	ALCAM
16	15	61	SYNE2
16	15	62	HBD
16	15	63	COL6A2
16	15	64	UCP2
16	15	65	CDC25B
16	15	66	COL15A1
16	15	67	COL6A3
16	15	68	C21orf58
16	15	69	FLNA
16	15	70	TM4SF1
16	15	71	CD82
16	15	72	ORC6
16	15	73	TCF19
16	15	74	PLEC
16	15	75	EZR
16	15	76	HBA1
16	15	77	HBB
16	15	78	ITGA3
16	15	79	FOSL1
16	15	80	HLA-DRA
16	15	81	EMP3
16	15	82	SULF1
16	15	83	HLA-DQA1
16	15	84	ITGA5
16	15	85	CDH13
16	15	86	NHSL1
16	15	87	TYMP
16	15	88	CKB
16	15	89	BIRC3
16	15	90	SACS
16	15	91	KRT16
16	15	92	CCDC88A
16	15	93	PCNT
16	15	94	HSD3B7
16	15	95	TEAD1
16	15	96	PRSS23
16	15	97	AC068491.3
16	15	98	S100A6
16	15	99	MYO5A
16	15	100	HBA2
16	16	1	CD3D
16	16	2	PTPRC
16	16	3	CD52
16	16	4	NKG7
16	16	5	CCL5
16	16	6	TRBC2
16	16	7	IL7R
16	16	8	TRBC1
16	16	9	CXCR4
16	16	10	KLRB1
16	16	11	SAMSN1
16	16	12	LTB
16	16	13	GZMA
16	16	14	CD48
16	16	15	CD69
16	16	16	TRAC
16	16	17	BCL11B
16	16	18	GZMK
16	16	19	RUNX3
16	16	20	CD37
16	16	21	RAC2
16	16	22	HCST
16	16	23	TPSAB1
16	16	24	GPR65
16	16	25	RHOH
16	16	26	SPOCK2
16	16	27	SRGN
16	16	28	EMB
16	16	29	ALOX5AP
16	16	30	CCL4
16	16	31	IL32
16	16	32	TPSB2
16	16	33	MS4A2
16	16	34	IKZF1
16	16	35	CPA3
16	16	36	CD247
16	16	37	AREG
16	16	38	GIMAP7
16	16	39	GMFG
16	16	40	XCL1
16	16	41	TNFAIP3
16	16	42	GPR183
16	16	43	HPGDS
16	16	44	PRDM1
16	16	45	RGS1
16	16	46	STMN1
16	16	47	HDC
16	16	48	LAPTM5
16	16	49	CTSG
16	16	50	FCER1G
16	16	51	ARHGAP15
16	16	52	HPGD
16	16	53	CLEC2B
16	16	54	SLC18A2
16	16	55	ARL4C
16	16	56	FYB1
16	16	57	TRAV17
16	16	58	STK17B
16	16	59	DUSP2
16	16	60	NLRC3
16	16	61	MGAT4A
16	16	62	KIT
16	16	63	CTSW
16	16	64	KLRG1
16	16	65	CLEC2D
16	16	66	KRT19
16	16	67	MKI67
16	16	68	FCER1A
16	16	69	AC091057.6
16	16	70	RGS13
16	16	71	MAL
16	16	72	TNF
16	16	73	CEP55
16	16	74	TOP2A
16	16	75	GNG2
16	16	76	CD74
16	16	77	AC114760.2
16	16	78	DOCK10
16	16	79	DUSP4
16	16	80	SYNE2
16	16	81	ZNF331
16	16	82	TNFRSF1B
16	16	83	ZC3H12D
16	16	84	TMSB10
16	16	85	TYROBP
16	16	86	BIRC3
16	16	87	CENPF
16	16	88	IL27RA
16	16	89	CYFIP2
16	16	90	AC008105.3
16	16	91	HIST1H1B
16	16	92	HLA-DRA
16	16	93	PAG1
16	16	94	BTK
16	16	95	CCL4L2
16	16	96	CDK1
16	16	97	NUSAP1
16	16	98	B3GALT2
16	16	99	HLA-DQA1
16	16	100	ANKRD44
18	1	1	DST
18	1	2	PLCG2
18	1	3	MALAT1
18	1	4	EDIL3
18	1	5	MACF1
18	1	6	FTX
18	1	7	TNC
18	1	8	DDX17
18	1	9	OGN
18	1	10	SYNE1
18	1	11	ECM2
18	1	12	ASPN
18	1	13	PTPRD
18	1	14	NKTR
18	1	15	COL12A1
18	1	16	LTBP2
18	1	17	STEAP2
18	1	18	ANTXR1
18	1	19	CDON
18	1	20	ZNF704
18	1	21	ITGA11
18	1	22	UACA
18	1	23	NEAT1
18	1	24	COLGALT2
18	1	25	MXRA5
18	1	26	TNRC6B
18	1	27	SNHG14
18	1	28	FAT4
18	1	29	CILP
18	1	30	UTRN
18	1	31	A2M
18	1	32	CAMK1D
18	1	33	PTPN14
18	1	34	GPR155
18	1	35	TNRC6A
18	1	36	F5
18	1	37	OGA
18	1	38	AEBP1
18	1	39	LUM
18	1	40	ABHD2
18	1	41	ZNF638
18	1	42	ZNF292
18	1	43	MYO9A
18	1	44	RIF1
18	1	45	KIAA1109
18	1	46	KMT2C
18	1	47	ATM
18	1	48	FZD8
18	1	49	VPS13C
18	1	50	PKD1
18	1	51	PIK3R1
18	1	52	FMOD
18	1	53	ADAMTS6
18	1	54	ENPP1
18	1	55	NIN
18	1	56	CEP126
18	1	57	OGT
18	1	58	PDE4D
18	1	59	COL5A2
18	1	60	KMT2A
18	1	61	RAI14
18	1	62	ITGA10
18	1	63	GOLGA8A
18	1	64	SYNM
18	1	65	MYO1D
18	1	66	PHC3
18	1	67	ATF7IP
18	1	68	CCDC88A
18	1	69	ANGPTL2
18	1	70	ITGA1
18	1	71	ANKRD36C
18	1	72	CCDC144A
18	1	73	PLEC
18	1	74	SETX
18	1	75	SEMA3D
18	1	76	SHPRH
18	1	77	C2CD2
18	1	78	FN1
18	1	79	CLU
18	1	80	SUSD5
18	1	81	ARID1B
18	1	82	COL15A1
18	1	83	USP53
18	1	84	PRUNE2
18	1	85	TNXB
18	1	86	ANK3
18	1	87	ISM1
18	1	88	ANKRD50
18	1	89	MIR99AHG
18	1	90	PLEKHH2
18	1	91	CPLANE1
18	1	92	RIN2
18	1	93	NTN1
18	1	94	ANKRD36
18	1	95	MKLN1
18	1	96	CCNL2
18	1	97	ZNF91
18	1	98	MATN2
18	1	99	RNF213
18	1	100	CRYBG3
18	2	1	FRZB
18	2	2	GADD45B
18	2	3	MT-ND5
18	2	4	RGS16
18	2	5	IER3
18	2	6	CLU
18	2	7	MT-CO3
18	2	8	C9orf3
18	2	9	CRYAB
18	2	10	CKB
18	2	11	FBXO2
18	2	12	CHAD
18	2	13	TPRG1
18	2	14	C2orf40
18	2	15	GADD45G
18	2	16	EMP3
18	2	17	HES1
18	2	18	LEFTY2
18	2	19	FGFBP2
18	2	20	COMP
18	2	21	FHL1
18	2	22	NDUFA4L2
18	2	23	MT-ND1
18	2	24	BHLHE41
18	2	25	LMO2
18	2	26	ID1
18	2	27	TCEAL2
18	2	28	DCN
18	2	29	MT-ND4
18	2	30	MT-CO1
18	2	31	BBS9
18	2	32	MT-ND4L
18	2	33	TUBA1A
18	2	34	EZR
18	2	35	AL078639.1
18	2	36	FABP5
18	2	37	S100A6
18	2	38	MT-ATP6
18	2	39	HSPB1
18	2	40	MBNL1-AS1
18	2	41	GDF10
18	2	42	ANGPTL5
18	2	43	NR1D1
18	2	44	IER5
18	2	45	CPAMD8
18	2	46	ENHO
18	2	47	MT-CO2
18	2	48	ID3
18	2	49	SCRG1
18	2	50	ANXA2
18	2	51	MGP
18	2	52	WWP2
18	2	53	TNFAIP8L1
18	2	54	MT-CYB
18	2	55	RAMP1
18	2	56	SCX
18	2	57	RBP4
18	2	58	CILP
18	2	59	PRELP
18	2	60	MT-ND3
18	2	61	FAM180B
18	2	62	F13A1
18	2	63	ADM
18	2	64	SERTAD4
18	2	65	FXYD6
18	2	66	LINC01089
18	2	67	KCNMA1
18	2	68	NFKBIA
18	2	69	PLK2
18	2	70	GNB5
18	2	71	EMILIN3
18	2	72	TNFRSF11B
18	2	73	DEFB1
18	2	74	RGS3
18	2	75	TSC22D1
18	2	76	STK38L
18	2	77	PPP1R3C
18	2	78	NMB
18	2	79	RRAD
18	2	80	HRCT1
18	2	81	DDIT3
18	2	82	ADRA2A
18	2	83	IER5L
18	2	84	NR4A2
18	2	85	RASD1
18	2	86	CAPS
18	2	87	CDKN1A
18	2	88	CITED2
18	2	89	LAG3
18	2	90	MTRNR2L12
18	2	91	MYOT
18	2	92	MT-ATP8
18	2	93	THUMPD3-AS1
18	2	94	SIX1
18	2	95	AFF3
18	2	96	SOCS2
18	2	97	CHST3
18	2	98	KLF2
18	2	99	KCNK15
18	2	100	LTBP2
18	3	1	MT2A
18	3	2	MT1E
18	3	3	MT1X
18	3	4	MT1M
18	3	5	CHI3L1
18	3	6	LOX
18	3	7	EGLN3
18	3	8	DDIT4
18	3	9	SLC25A37
18	3	10	AC008592.5
18	3	11	SOD2
18	3	12	GLRX
18	3	13	ANGPTL4
18	3	14	MT1G
18	3	15	BNIP3
18	3	16	ERRFI1
18	3	17	CDA
18	3	18	EFNA1
18	3	19	GPX3
18	3	20	TMEM204
18	3	21	ZNF395
18	3	22	HILPDA
18	3	23	DNAH11
18	3	24	RNF144B
18	3	25	NAMPT
18	3	26	MTHFD2
18	3	27	SLC2A5
18	3	28	PDK1
18	3	29	MT1F
18	3	30	FTH1
18	3	31	MT1H
18	3	32	ACKR3
18	3	33	ADM
18	3	34	ADSSL1
18	3	35	LINC01554
18	3	36	GALNT15
18	3	37	SAA1
18	3	38	RASD1
18	3	39	SDC4
18	3	40	MT1A
18	3	41	MUC20-OT1
18	3	42	ICAM1
18	3	43	LAG3
18	3	44	NEAT1
18	3	45	SERPINA1
18	3	46	HSPB7
18	3	47	SLC2A1
18	3	48	UPP1
18	3	49	ANKRD37
18	3	50	POU3F1
18	3	51	CRISPLD2
18	3	52	AP001160.1
18	3	53	AL031777.3
18	3	54	HAPLN1
18	3	55	SPINT2
18	3	56	COL27A1
18	3	57	OXA1L
18	3	58	THBD
18	3	59	HSD3B7
18	3	60	WWP2
18	3	61	NDUFA4L2
18	3	62	TRIB3
18	3	63	STC2
18	3	64	SERPINE2
18	3	65	MYBPH
18	3	66	ATOH8
18	3	67	RGCC
18	3	68	P4HB
18	3	69	MYO10
18	3	70	ITGA5
18	3	71	CHI3L2
18	3	72	ZNF292
18	3	73	TNFRSF10D
18	3	74	DDIT4L
18	3	75	CD14
18	3	76	TGM2
18	3	77	SLC7A2
18	3	78	BEX2
18	3	79	APOD
18	3	80	HSPA5
18	3	81	SEPT11
18	3	82	NOS2
18	3	83	RASSF4
18	3	84	TXNIP
18	3	85	AC007952.4
18	3	86	FOXC2
18	3	87	VEGFA
18	3	88	AC023157.3
18	3	89	MT3
18	3	90	SLC2A3
18	3	91	IL6R
18	3	92	FOS
18	3	93	CA9
18	3	94	POLR2J3-1
18	3	95	TIMP4
18	3	96	IER5
18	3	97	SAA2
18	3	98	GTF2IRD2
18	3	99	SFMBT2
18	3	100	EIF4EBP1
18	4	1	GPX3
18	4	2	CYP4B1
18	4	3	SUN2
18	4	4	PLPP3
18	4	5	FBLN1
18	4	6	GPM6B
18	4	7	LINC01088
18	4	8	GLUL
18	4	9	ADAMTS5
18	4	10	GALNT15
18	4	11	TSKU
18	4	12	ANGPTL7
18	4	13	IGFBP6
18	4	14	GSN
18	4	15	JUN
18	4	16	CCDC3
18	4	17	PDK4
18	4	18	MYOC
18	4	19	MMP3
18	4	20	FAXDC2
18	4	21	CORO6
18	4	22	NOX4
18	4	23	C1QTNF7
18	4	24	NTRK2
18	4	25	DUSP1
18	4	26	LTBP4
18	4	27	RIPOR2
18	4	28	AMOTL2
18	4	29	PIK3R1
18	4	30	MAOA
18	4	31	DEPP1
18	4	32	MAMDC2
18	4	33	MEG3
18	4	34	LAMA2
18	4	35	TGFBR3
18	4	36	DDIT4
18	4	37	CYR61
18	4	38	ADAMTSL4
18	4	39	DIO3OS
18	4	40	BTG2
18	4	41	TXNIP
18	4	42	TNS2
18	4	43	IZUMO4
18	4	44	OXA1L
18	4	45	MTHFD2
18	4	46	ZFP36L2
18	4	47	PDGFRL
18	4	48	DHCR24
18	4	49	ACADL
18	4	50	GPNMB
18	4	51	ADCY2
18	4	52	HSPA1B
18	4	53	ANGPTL5
18	4	54	BCL6
18	4	55	HSPA1A
18	4	56	CDH13
18	4	57	FKBP5
18	4	58	MT-ND2
18	4	59	METTL7A
18	4	60	LHFPL6
18	4	61	MYC
18	4	62	FOS
18	4	63	C1R
18	4	64	AR
18	4	65	STMN1
18	4	66	SLC7A8
18	4	67	SLPI
18	4	68	RBMS3
18	4	69	DPP4
18	4	70	CITED2
18	4	71	CFH
18	4	72	NR4A1
18	4	73	NEAT1
18	4	74	SASH1
18	4	75	H6PD
18	4	76	INSIG1
18	4	77	ATF3
18	4	78	KCNK15
18	4	79	TM4SF1
18	4	80	ID3
18	4	81	AC016831.5
18	4	82	MMP14
18	4	83	CKB
18	4	84	ECE1
18	4	85	OLFML3
18	4	86	ACKR3
18	4	87	RNASEH2A
18	4	88	CTGF
18	4	89	MGST1
18	4	90	RPS6KA2
18	4	91	WDR73
18	4	92	AP000851.2
18	4	93	MUC20-OT1
18	4	94	C1S
18	4	95	TSPAN7
18	4	96	TLR4
18	4	97	NR1D1
18	4	98	WISP2
18	4	99	RBP4
18	4	100	ARHGAP29
18	5	1	COL2A1
18	5	2	FMOD
18	5	3	SCRG1
18	5	4	CILP2
18	5	5	SBSPON
18	5	6	CLEC3A
18	5	7	COL9A3
18	5	8	COL11A1
18	5	9	FIBIN
18	5	10	SMOC2
18	5	11	COL11A2
18	5	12	TSPAN2
18	5	13	SPARC
18	5	14	COMP
18	5	15	OGN
18	5	16	MGP
18	5	17	S100A1
18	5	18	COL9A2
18	5	19	AQP3
18	5	20	SERPINA5
18	5	21	ACAN
18	5	22	PRDX4
18	5	23	BGN
18	5	24	PRELP
18	5	25	C2orf40
18	5	26	HAPLN1
18	5	27	CILP
18	5	28	COL3A1
18	5	29	MIA
18	5	30	TNNT3
18	5	31	LUM
18	5	32	CTGF
18	5	33	P4HB
18	5	34	DCN
18	5	35	SPINT2
18	5	36	SCX
18	5	37	PAPSS2
18	5	38	HRCT1
18	5	39	CYR61
18	5	40	SRPX2
18	5	41	COL5A2
18	5	42	COL5A1
18	5	43	PCSK1N
18	5	44	ANGPTL2
18	5	45	FXYD6
18	5	46	TIMP4
18	5	47	SDC1
18	5	48	DPT
18	5	49	SERPINA1
18	5	50	ATP1B1
18	5	51	C9orf3
18	5	52	COLGALT2
18	5	53	TRPV4
18	5	54	COL1A2
18	5	55	PART1
18	5	56	FGFBP2
18	5	57	COL15A1
18	5	58	ASPN
18	5	59	DNER
18	5	60	KLF2
18	5	61	FBXO2
18	5	62	FGF18
18	5	63	EGR2
18	5	64	HTRA1
18	5	65	GAS1
18	5	66	CA9
18	5	67	RGCC
18	5	68	NDUFA4L2
18	5	69	FGFR3
18	5	70	OMD
18	5	71	CST6
18	5	72	COL13A1
18	5	73	C1QTNF4
18	5	74	SRM
18	5	75	TNFRSF11B
18	5	76	NRGN
18	5	77	DIO2
18	5	78	TSC22D1
18	5	79	STK38L
18	5	80	MAP2K6
18	5	81	CLIC3
18	5	82	TF
18	5	83	HLA-DQB1
18	5	84	SHC4
18	5	85	KIAA1549
18	5	86	CHI3L2
18	5	87	NEBL
18	5	88	FGF1
18	5	89	RAB11FIP4
18	5	90	AEBP1
18	5	91	ABI3BP
18	5	92	PAPPA
18	5	93	ADSSL1
18	5	94	SERPINE1
18	5	95	BMPER
18	5	96	SUSD5
18	5	97	ADAMTS6
18	5	98	LTBP2
18	5	99	GREM1
18	5	100	PGAM2
18	6	1	GABARAP
18	6	2	GAS5
18	6	3	RPL17
18	6	4	SNHG5
18	6	5	EEF1G
18	6	6	SNHG29
18	6	7	RNASEK
18	6	8	ECRG4
18	6	9	NME2
18	6	10	RPS17
18	6	11	S100A1
18	6	12	CCN2
18	6	13	SERPINA3
18	6	14	SEPTIN7
18	6	15	MIF
18	6	16	AL021155.5
18	6	17	MICOS10
18	6	18	CHAD
18	6	19	STC2
18	6	20	ATOH8
18	6	21	CCN1
18	6	22	RGCC
18	6	23	AC253572.2
18	6	24	FRZB
18	6	25	TIPARP
18	6	26	DCN
18	6	27	PRELP
18	6	28	THBS1
18	6	29	AL360012.1
18	6	30	HIST1H1E
18	6	31	SCIN
18	6	32	HIP1
18	6	33	AL627171.2
18	6	34	TXNIP
18	6	35	KIAA0040
18	6	36	USP53
18	6	37	ACTC1
18	6	38	ANGPTL7
18	6	39	EGLN2
18	6	40	MT1E
18	6	41	ENHO
18	6	42	ADCY2
18	6	43	FAXDC2
18	6	44	IGFBP6
18	6	45	DUSP2
18	6	46	HIST1H1C
18	6	47	SNHG14
18	6	48	ILF3-DT
18	6	49	AC005165.1
18	6	50	RBP4
18	6	51	EGR1
18	6	52	NXPE2
18	6	53	CRIP1
18	6	54	SEPTIN2
18	6	55	DSP
18	6	56	TPRG1
18	6	57	COMP
18	6	58	TCEAL2
18	6	59	AC239799.2
18	6	60	GALNT15
18	6	61	BEX2
18	6	62	BTG2
18	6	63	KNOP1
18	6	64	NOVA1
18	6	65	SOCS3
18	6	66	DLX5
18	6	67	AL355075.4
18	6	68	RHOU
18	6	69	AC020916.1
18	6	70	BHLHE41
18	6	71	FBXO2
18	6	72	NR1D1
18	6	73	C1QTNF7
18	6	74	AC007952.4
18	6	75	PIK3R1
18	6	76	CYP3A5
18	6	77	ACADL
18	6	78	CILP
18	6	79	ABI3BP
18	6	80	CHD2
18	6	81	PDZRN4
18	6	82	OMD
18	6	83	MTSS1
18	6	84	DDIT4
18	6	85	FOS
18	6	86	CKB
18	6	87	CLDN5
18	6	88	THUMPD3-AS1
18	6	89	CMYA5
18	6	90	CDKN1A
18	6	91	ANXA2R
18	6	92	SLC7A8
18	6	93	AC005005.4
18	6	94	PHLPP2
18	6	95	ANK3
18	6	96	Z93241.1
18	6	97	RAPGEF5
18	6	98	RNF217-AS1
18	6	99	DEFB1
18	6	100	BNIP3
18	7	1	COL14A1
18	7	2	HLA-DRB1
18	7	3	CFI
18	7	4	CCN5
18	7	5	CRISPLD1
18	7	6	PTN
18	7	7	PTGDS
18	7	8	KCTD12
18	7	9	HLA-DRB5
18	7	10	AHR
18	7	11	MGAT4C
18	7	12	C7
18	7	13	HSPH1
18	7	14	CXCL12
18	7	15	PDGFRA
18	7	16	ANGPTL1
18	7	17	SELENOP
18	7	18	APOE
18	7	19	RSPO3
18	7	20	SFRP1
18	7	21	DNAJB1
18	7	22	FGL2
18	7	23	BST2
18	7	24	CD74
18	7	25	C16orf89
18	7	26	C1R
18	7	27	EPHX1
18	7	28	ZFP36L1
18	7	29	LAMA4
18	7	30	THY1
18	7	31	PLTP
18	7	32	IGFBP4
18	7	33	SLC5A3
18	7	34	ENPP2
18	7	35	PLPP1
18	7	36	PDE5A
18	7	37	CCN1
18	7	38	EFEMP1
18	7	39	SNCG
18	7	40	ENAH
18	7	41	C2
18	7	42	LGALS3BP
18	7	43	STEAP4
18	7	44	NID2
18	7	45	CP
18	7	46	OLFML1
18	7	47	SERPINF1
18	7	48	PRSS23
18	7	49	PLAC9
18	7	50	OLFML2B
18	7	51	COLEC12
18	7	52	HSPA6
18	7	53	PCDH9
18	7	54	FAM13C
18	7	55	HLA-DRA
18	7	56	FMO2
18	7	57	NTNG1
18	7	58	ANGPT1
18	7	59	ZIC1
18	7	60	PDE1A
18	7	61	OLFML3
18	7	62	NELL1
18	7	63	FGF10
18	7	64	PLAU
18	7	65	KCNQ1OT1
18	7	66	OLFM2
18	7	67	MRPS6
18	7	68	TSHZ2
18	7	69	FILIP1L
18	7	70	TWIST1
18	7	71	S1PR3
18	7	72	MMP2
18	7	73	SEPTIN2
18	7	74	AKR1C3
18	7	75	HSPA1A
18	7	76	TNFSF13B
18	7	77	PLA2G2A
18	7	78	MTRNR2L1
18	7	79	OSR2
18	7	80	BASP1
18	7	81	SNED1
18	7	82	SEPTIN7
18	7	83	ADGRB3
18	7	84	HSPA1B
18	7	85	HGF
18	7	86	PPP1R15A
18	7	87	TMEM119
18	7	88	MT-ATP6
18	7	89	TMSB10
18	7	90	OSR1
18	7	91	NRP1
18	7	92	TNC
18	7	93	LAMB1
18	7	94	SNHG5
18	7	95	MICOS10
18	7	96	SNHG29
18	7	97	C1S
18	7	98	CYP1B1
18	7	99	HELLPAR
18	7	100	EPHA3
18	8	1	CFD
18	8	2	PODN
18	8	3	SERPINF1
18	8	4	C1S
18	8	5	C3
18	8	6	SRPX
18	8	7	PTGFR
18	8	8	EFEMP1
18	8	9	SFRP1
18	8	10	C1R
18	8	11	CXCL12
18	8	12	MGST1
18	8	13	FBLN2
18	8	14	TMEM176B
18	8	15	PLA2G2A
18	8	16	IGFBP4
18	8	17	GGT5
18	8	18	TMEM176A
18	8	19	IGF1
18	8	20	MMP2
18	8	21	GSN
18	8	22	ABCA8
18	8	23	CYP1B1
18	8	24	PCDH18
18	8	25	DCLK1
18	8	26	ITM2A
18	8	27	EPHX1
18	8	28	NID1
18	8	29	WISP2
18	8	30	FGF7
18	8	31	ALDH1A1
18	8	32	RARRES2
18	8	33	EBF1
18	8	34	VIT
18	8	35	ADH1C
18	8	36	FBLN5
18	8	37	AGTR1
18	8	38	FBLN1
18	8	39	SELENOP
18	8	40	C6
18	8	41	SFRP2
18	8	42	ABCC9
18	8	43	GPC3
18	8	44	CXCL14
18	8	45	CLSTN2
18	8	46	GAS6
18	8	47	APOD
18	8	48	PLTP
18	8	49	SVEP1
18	8	50	SAMHD1
18	8	51	MFAP5
18	8	52	SCG2
18	8	53	CYGB
18	8	54	IL33
18	8	55	MT-ND1
18	8	56	CES1
18	8	57	ABCA6
18	8	58	HSPB6
18	8	59	IRX3
18	8	60	ZFP36L2
18	8	61	MT-ND3
18	8	62	AOX1
18	8	63	NEGR1
18	8	64	KCNE4
18	8	65	CHRDL1
18	8	66	PLPP3
18	8	67	PTGER4
18	8	68	PDLIM1
18	8	69	BASP1
18	8	70	ADD3
18	8	71	TSKU
18	8	72	TMEM150C
18	8	73	ABCA9
18	8	74	ADH1B
18	8	75	LAMB1
18	8	76	LBP
18	8	77	PCSK5
18	8	78	MFAP4
18	8	79	BMP5
18	8	80	STK17B
18	8	81	CPE
18	8	82	LGALS3BP
18	8	83	PDGFRL
18	8	84	LAMA2
18	8	85	MT-CYB
18	8	86	NR2F2
18	8	87	CCL13
18	8	88	SPRY1
18	8	89	FILIP1
18	8	90	OLFML3
18	8	91	ANTXR2
18	8	92	LMOD1
18	8	93	LAMC1
18	8	94	HSD11B1
18	8	95	ACKR4
18	8	96	FYN
18	8	97	MT-CO1
18	8	98	AKAP12
18	8	99	GLUL
18	8	100	HAS2
18	9	1	PRG4
18	9	2	ITGBL1
18	9	3	CLIC5
18	9	4	TMEM196
18	9	5	DNASE1L3
18	9	6	SPARCL1
18	9	7	GPR1
18	9	8	ZNF385B
18	9	9	TIMP3
18	9	10	GABRA4
18	9	11	DIRC3
18	9	12	HBEGF
18	9	13	ITGB8
18	9	14	PCSK6
18	9	15	HTRA4
18	9	16	HHIP
18	9	17	TSPAN15
18	9	18	SEMA5A
18	9	19	SEMA3A
18	9	20	CRTAC1
18	9	21	APLP2
18	9	22	COL22A1
18	9	23	SCARA5
18	9	24	CFI
18	9	25	NTN4
18	9	26	MTUS2
18	9	27	CHST2
18	9	28	COLEC12
18	9	29	HHIP-AS1
18	9	30	GFPT2
18	9	31	APBB1IP
18	9	32	HAS1
18	9	33	TFPI
18	9	34	SELP
18	9	35	CREB5
18	9	36	MAL
18	9	37	CTTNBP2
18	9	38	AC004540.2
18	9	39	GJB2
18	9	40	TSPAN7
18	9	41	SMIM14
18	9	42	FGF10
18	9	43	PPP1R1A
18	9	44	TWISTNB
18	9	45	SEMA3C
18	9	46	ITGA6
18	9	47	GJB6
18	9	48	HTRA1
18	9	49	CLUL1
18	9	50	ITM2B
18	9	51	PPM1L
18	9	52	SLC2A12
18	9	53	ARHGAP28
18	9	54	ENPP4
18	9	55	BTC
18	9	56	EPB41L1
18	9	57	KHDRBS3
18	9	58	SORBS2
18	9	59	MT-CYB
18	9	60	FGL2
18	9	61	MYPN
18	9	62	ARL2
18	9	63	DLX3
18	9	64	EFNB2
18	9	65	DLX4
18	9	66	CXCL1
18	9	67	EPB41L3
18	9	68	TPPP3
18	9	69	S100A4
18	9	70	C11orf96
18	9	71	EREG
18	9	72	SHANK2
18	9	73	GPR183
18	9	74	OLFM3
18	9	75	TOX3
18	9	76	AC005062.1
18	9	77	PLEKHA1
18	9	78	MT-CO1
18	9	79	THBS4
18	9	80	CSF1
18	9	81	PDGFD
18	9	82	TMEM100
18	9	83	SAMD5
18	9	84	ADAMTSL1
18	9	85	MT-CO2
18	9	86	MT-CO3
18	9	87	F5
18	9	88	ZEB2
18	9	89	CADM3
18	9	90	TMSB4X
18	9	91	BST2
18	9	92	ARHGAP20
18	9	93	NDNF
18	9	94	PLCB1
18	9	95	PMAIP1
18	9	96	DEFB1
18	9	97	STEAP4
18	9	98	MT-ND3
18	9	99	CIT
18	9	100	SNED1
18	10	1	GEM
18	10	2	CDKN1A
18	10	3	ABL2
18	10	4	MAT2A
18	10	5	PPP1R15A
18	10	6	HMOX1
18	10	7	KDM6B
18	10	8	NFKBIA
18	10	9	IER3
18	10	10	IRF1
18	10	11	MYC
18	10	12	NR4A3
18	10	13	SOCS3
18	10	14	NFKBIZ
18	10	15	ARID5B
18	10	16	NR4A2
18	10	17	IL6
18	10	18	ATF3
18	10	19	NR4A1
18	10	20	KCNQ1OT1
18	10	21	CXCL2
18	10	22	ID4
18	10	23	EGR1
18	10	24	RND3
18	10	25	NAMPT
18	10	26	GLIS3
18	10	27	TIPARP
18	10	28	PHLDA1
18	10	29	HSPH1
18	10	30	C11orf96
18	10	31	MIR222HG
18	10	32	FNIP2
18	10	33	SOD2
18	10	34	TUBB3
18	10	35	TNFAIP2
18	10	36	RCAN1
18	10	37	PTGS2
18	10	38	BIRC3
18	10	39	ICAM1
18	10	40	FOSL1
18	10	41	MEG8
18	10	42	ADAMTS1
18	10	43	BTG2
18	10	44	CHAC1
18	10	45	CXCL3
18	10	46	DNAJB1
18	10	47	KIAA0040
18	10	48	MT1A
18	10	49	ATXN7
18	10	50	LIF
18	10	51	BMP2
18	10	52	GABPB1-AS1
18	10	53	TBX3
18	10	54	BDKRB1
18	10	55	TNFRSF10D
18	10	56	AC016831.1
18	10	57	AC020916.1
18	10	58	ELL2
18	10	59	LUCAT1
18	10	60	CHMP1B
18	10	61	SGK1
18	10	62	EGR3
18	10	63	NEAT1
18	10	64	RPS17
18	10	65	GADD45B
18	10	66	VMP1
18	10	67	KIF1B
18	10	68	ZNF331
18	10	69	RGS16
18	10	70	CXCL1
18	10	71	RGS2
18	10	72	TNFAIP6
18	10	73	TNFAIP3
18	10	74	CXCL8
18	10	75	EFNB2
18	10	76	EZR
18	10	77	RDH10
18	10	78	TSC22D1
18	10	79	AC058791.1
18	10	80	INSIG1
18	10	81	RND1
18	10	82	INHBA
18	10	83	RRAD
18	10	84	ZFP36L1
18	10	85	IER5
18	10	86	CCN1
18	10	87	AC016831.5
18	10	88	CCL2
18	10	89	AKAP12
18	10	90	NFATC2
18	10	91	NABP1
18	10	92	CD83
18	10	93	GJA1
18	10	94	FOXC2
18	10	95	PHLDA2
18	10	96	C2CD4B
18	10	97	ARL4C
18	10	98	MEDAG
18	10	99	SPEN
18	10	100	CYP1B1
18	11	1	VEGFA
18	11	2	HSPA5
18	11	3	TNFRSF12A
18	11	4	IL11
18	11	5	SDF2L1
18	11	6	BMP2
18	11	7	MIF
18	11	8	FGF2
18	11	9	ANGPTL4
18	11	10	INHBA
18	11	11	SLC2A1
18	11	12	RPS17
18	11	13	PTGS2
18	11	14	RFLNB
18	11	15	EIF4EBP1
18	11	16	BHLHE40
18	11	17	RPL17
18	11	18	PAPSS2
18	11	19	SIPA1L2
18	11	20	SOX9
18	11	21	SERPINA3
18	11	22	BNIP3
18	11	23	EGLN3
18	11	24	NME2
18	11	25	FOSL1
18	11	26	FHL2
18	11	27	SERPINA1
18	11	28	SLC7A11
18	11	29	COL2A1
18	11	30	PHLDA2
18	11	31	RCAN1
18	11	32	ERRFI1
18	11	33	EEF1G
18	11	34	SNHG29
18	11	35	FOXC2
18	11	36	PTGES
18	11	37	CHAC1
18	11	38	GAS5
18	11	39	LIF
18	11	40	KRT16
18	11	41	CDON
18	11	42	SEPTIN7
18	11	43	FNIP2
18	11	44	RNASEK
18	11	45	H19
18	11	46	GLIS3
18	11	47	TIAM2
18	11	48	MSMO1
18	11	49	ZNF395
18	11	50	DGKI
18	11	51	ABI3BP
18	11	52	WNT16
18	11	53	SPARC
18	11	54	WNT7B
18	11	55	H1F0
18	11	56	MICOS10
18	11	57	FGF1
18	11	58	UPP1
18	11	59	EGR3
18	11	60	KDM6B
18	11	61	COL5A1
18	11	62	COL3A1
18	11	63	PLEKHA1
18	11	64	CHST3
18	11	65	STK38L
18	11	66	HMGA1
18	11	67	VSIG10L2
18	11	68	UNC5B
18	11	69	LOXL2
18	11	70	DDIT3
18	11	71	ANKRD37
18	11	72	CHD2
18	11	73	NFATC2
18	11	74	SCD
18	11	75	TSPAN2
18	11	76	COL13A1
18	11	77	SDK2
18	11	78	GABARAP
18	11	79	TGM2
18	11	80	TM4SF1
18	11	81	CA9
18	11	82	MIA
18	11	83	CILP2
18	11	84	NCOR2
18	11	85	SNHG5
18	11	86	COL11A1
18	11	87	ATP1B1
18	11	88	HILPDA
18	11	89	P4HB
18	11	90	PDE4B
18	11	91	ECRG4
18	11	92	AGAP1
18	11	93	CRYAB
18	11	94	BGN
18	11	95	COL15A1
18	11	96	TCEAL2
18	11	97	LINC00511
18	11	98	KRT17
18	11	99	PGF
18	11	100	TRPV4
18	12	1	MFAP5
18	12	2	TMSB4X
18	12	3	S100A4
18	12	4	AQP1
18	12	5	ANXA2
18	12	6	S100A6
18	12	7	FBN1
18	12	8	S100A10
18	12	9	FSTL1
18	12	10	TPPP3
18	12	11	DKK3
18	12	12	TNXB
18	12	13	SFRP4
18	12	14	PRSS23
18	12	15	GAP43
18	12	16	LINC01133
18	12	17	FBLN2
18	12	18	IGFBP6
18	12	19	PPP1R14B
18	12	20	PAMR1
18	12	21	EMP3
18	12	22	GLIPR2
18	12	23	VCAN
18	12	24	CRIP1
18	12	25	DPP4
18	12	26	C1QTNF3
18	12	27	SCARA5
18	12	28	GSN
18	12	29	PLAC9
18	12	30	LIMA1
18	12	31	CELF2
18	12	32	COL6A2
18	12	33	ANK2
18	12	34	CD34
18	12	35	ABLIM1
18	12	36	LTBP4
18	12	37	ANGPTL1
18	12	38	CD70
18	12	39	CRABP2
18	12	40	HSD3B7
18	12	41	ISLR
18	12	42	CADM3
18	12	43	ITM2B
18	12	44	FHL1
18	12	45	KLF6
18	12	46	CD248
18	12	47	TMSB10
18	12	48	STXBP6
18	12	49	LGALS1
18	12	50	TUBA1A
18	12	51	CYSLTR1
18	12	52	MAP1B
18	12	53	MAP1A
18	12	54	PLXDC1
18	12	55	SLN
18	12	56	NBL1
18	12	57	TSHZ2
18	12	58	NOVA1
18	12	59	MEOX1
18	12	60	HEG1
18	12	61	COL6A1
18	12	62	MAMDC2
18	12	63	SLIT3
18	12	64	OLFML2A
18	12	65	SEMA3C
18	12	66	SMIM14
18	12	67	IGFBP7
18	12	68	AKR1C2
18	12	69	FYN
18	12	70	PLPP1
18	12	71	FAM180B
18	12	72	SSC5D
18	12	73	TOGARAM2
18	12	74	CFD
18	12	75	GPNMB
18	12	76	SPARCL1
18	12	77	FILIP1L
18	12	78	ASPN
18	12	79	SULF1
18	12	80	MATN2
18	12	81	CDH13
18	12	82	GAS7
18	12	83	HMCN2
18	12	84	THY1
18	12	85	ANPEP
18	12	86	PALM
18	12	87	CSF1
18	12	88	PODXL
18	12	89	CBR3
18	12	90	DPT
18	12	91	CREB5
18	12	92	PDGFD
18	12	93	WNT2
18	12	94	CRLF1
18	12	95	THBS3
18	12	96	ABHD2
18	12	97	PDLIM1
18	12	98	ITM2A
18	12	99	ANGPTL5
18	12	100	PTHLH
18	13	1	CD55
18	13	2	CRLF1
18	13	3	FN1
18	13	4	HTRA1
18	13	5	TREM1
18	13	6	TNFAIP6
18	13	7	DYSF
18	13	8	NECTIN4
18	13	9	ADGRG2
18	13	10	SLC7A2
18	13	11	IGFBP5
18	13	12	AMTN
18	13	13	CCDC80
18	13	14	SMOC1
18	13	15	CLU
18	13	16	RET
18	13	17	CAPS
18	13	18	CRTAC1
18	13	19	PRG4
18	13	20	TIMP3
18	13	21	EMP3
18	13	22	SLC16A10
18	13	23	DEFB1
18	13	24	ISLR
18	13	25	S100A3
18	13	26	ADAMTS6
18	13	27	HMX1
18	13	28	SMIM14
18	13	29	PRDX4
18	13	30	PTGES
18	13	31	TIMP1
18	13	32	TNFRSF11B
18	13	33	S100A6
18	13	34	EPB41L3
18	13	35	GFPT2
18	13	36	SLC2A12
18	13	37	TYMP
18	13	38	DLX4
18	13	39	HSD3B7
18	13	40	SOX11
18	13	41	ADAMTSL2
18	13	42	NDUFA4L2
18	13	43	CCND1
18	13	44	ITPR3
18	13	45	S100A4
18	13	46	RAPGEF4
18	13	47	PTHLH
18	13	48	FABP3
18	13	49	BTC
18	13	50	PRSS23
18	13	51	SORBS2
18	13	52	LY6D
18	13	53	CXCL14
18	13	54	ARL2
18	13	55	GAS1
18	13	56	AOAH
18	13	57	PENK
18	13	58	PPP1R14B
18	13	59	AQP1
18	13	60	MIA
18	13	61	S100A10
18	13	62	HHIP-AS1
18	13	63	CLVS2
18	13	64	CLIC3
18	13	65	SHISAL2B
18	13	66	SEMA3A
18	13	67	TRPV4
18	13	68	UCP2
18	13	69	MIF
18	13	70	CRYAB
18	13	71	SLURP1
18	13	72	TPPP3
18	13	73	DPT
18	13	74	C15orf48
18	13	75	IGFBP1
18	13	76	VSIG10L2
18	13	77	ODAM
18	13	78	ENPP1
18	13	79	CDON
18	13	80	PHLDA2
18	13	81	RSPO2
18	13	82	GDF5
18	13	83	ANO1
18	13	84	ITM2B
18	13	85	C11orf96
18	13	86	HHIP
18	13	87	PCSK1N
18	13	88	LTBP1
18	13	89	CDH19
18	13	90	SRPX2
18	13	91	PARP16
18	13	92	SQLE
18	13	93	CPE
18	13	94	PMAIP1
18	13	95	SGK1
18	13	96	CRIP1
18	13	97	RGCC
18	13	98	MSMO1
18	13	99	WISP1
18	13	100	AC093496.1
18	14	1	COL1A1
18	14	2	COL1A2
18	14	3	POSTN
18	14	4	COL5A2
18	14	5	SPARC
18	14	6	LGALS1
18	14	7	COL6A1
18	14	8	CTHRC1
18	14	9	TGFBI
18	14	10	SPON2
18	14	11	LOXL2
18	14	12	COL6A3
18	14	13	FNDC1
18	14	14	TPM1
18	14	15	COL3A1
18	14	16	MXRA5
18	14	17	LRRC15
18	14	18	ITGB1
18	14	19	COL6A2
18	14	20	AEBP1
18	14	21	COL5A1
18	14	22	CRABP2
18	14	23	CCND1
18	14	24	FAP
18	14	25	COL8A1
18	14	26	C12orf75
18	14	27	LRRC17
18	14	28	MYL9
18	14	29	DPT
18	14	30	TNC
18	14	31	THY1
18	14	32	C1QTNF3
18	14	33	DKK3
18	14	34	ASPN
18	14	35	ARL4C
18	14	36	NBL1
18	14	37	CADM1
18	14	38	CDH11
18	14	39	COL12A1
18	14	40	TMSB10
18	14	41	ELN
18	14	42	TAGLN
18	14	43	MMP2
18	14	44	MARCKS
18	14	45	TMEM119
18	14	46	RAB31
18	14	47	MICAL2
18	14	48	CALD1
18	14	49	RGS3
18	14	50	THBS2
18	14	51	RFLNB
18	14	52	FLNA
18	14	53	LINC01705
18	14	54	COL4A2
18	14	55	COL5A3
18	14	56	ANO1
18	14	57	ANTXR1
18	14	58	BASP1
18	14	59	IL32
18	14	60	PPP1R14B
18	14	61	LTBP1
18	14	62	GJA1
18	14	63	CD70
18	14	64	TMSB4X
18	14	65	MMP11
18	14	66	TUBA1A
18	14	67	S100A10
18	14	68	TNFRSF12A
18	14	69	EDIL3
18	14	70	SERPINE1
18	14	71	ANXA2
18	14	72	PDGFRB
18	14	73	LRRC32
18	14	74	CEMIP
18	14	75	ANGPTL2
18	14	76	ISLR
18	14	77	ABHD2
18	14	78	PXDN
18	14	79	SLN
18	14	80	S100A4
18	14	81	ENPP1
18	14	82	FSTL1
18	14	83	OLFML2B
18	14	84	HMCN1
18	14	85	PRSS23
18	14	86	TNFSF11
18	14	87	COL4A1
18	14	88	IGFBP7
18	14	89	FRMD6
18	14	90	HSPG2
18	14	91	AQP1
18	14	92	FAT1
18	14	93	THBS3
18	14	94	NOV
18	14	95	TIMP1
18	14	96	FHL2
18	14	97	CSRP2
18	14	98	ENAH
18	14	99	MMP14
18	14	100	WISP1
18	15	1	RGS5
18	15	2	ACTA2
18	15	3	GJA4
18	15	4	TINAGL1
18	15	5	ADGRF5
18	15	6	NR2F2
18	15	7	COX4I2
18	15	8	MCAM
18	15	9	PPP1R14A
18	15	10	SYNPO2
18	15	11	IGFBP7
18	15	12	NOTCH3
18	15	13	TAGLN
18	15	14	CD36
18	15	15	ARHGAP15
18	15	16	COL4A2
18	15	17	COL4A1
18	15	18	HES4
18	15	19	NRXN1
18	15	20	HIGD1B
18	15	21	FHL5
18	15	22	EDNRA
18	15	23	PLP1
18	15	24	LINC01197
18	15	25	SCN4B
18	15	26	NGFR
18	15	27	CHN1
18	15	28	CALD1
18	15	29	PLN
18	15	30	RNF152
18	15	31	GUCY1B1
18	15	32	CARMN
18	15	33	FILIP1L
18	15	34	CDH19
18	15	35	FOXS1
18	15	36	THY1
18	15	37	EDNRB
18	15	38	GUCY1A1
18	15	39	MAP1B
18	15	40	EBF2
18	15	41	RCAN2
18	15	42	GGT5
18	15	43	LINC00924
18	15	44	COL18A1
18	15	45	PDE5A
18	15	46	HEYL
18	15	47	OLFML2A
18	15	48	MYL9
18	15	49	TBX2
18	15	50	ADAMTS4
18	15	51	SPARCL1
18	15	52	MYH11
18	15	53	ID4
18	15	54	AC027013.1
18	15	55	KCNE4
18	15	56	CCDC102B
18	15	57	MYLK
18	15	58	LMOD1
18	15	59	CD200
18	15	60	SPRY1
18	15	61	FABP4
18	15	62	NR2F2-AS1
18	15	63	ANGPT2
18	15	64	SCN7A
18	15	65	HSPH1
18	15	66	TCIM
18	15	67	LGI4
18	15	68	HSPA1A
18	15	69	PEAR1
18	15	70	C3orf70
18	15	71	AF121898.1
18	15	72	DMD
18	15	73	AHR
18	15	74	HSPA1B
18	15	75	TMSB10
18	15	76	AKAP12
18	15	77	GIMAP7
18	15	78	TPM1
18	15	79	CALCRL
18	15	80	EMCN
18	15	81	BCAM
18	15	82	JAG1
18	15	83	TFPI
18	15	84	F2R
18	15	85	OLFML2B
18	15	86	CYGB
18	15	87	CHL1
18	15	88	NRP1
18	15	89	NID1
18	15	90	PECAM1
18	15	91	CLDN1
18	15	92	LINC00989
18	15	93	HSPA6
18	15	94	COL5A3
18	15	95	RGS4
18	15	96	RARRES2
18	15	97	CPE
18	15	98	DNAJB1
18	15	99	NEXN
18	15	100	MAP2
18	16	1	C1QA
18	16	2	AIF1
18	16	3	C1QB
18	16	4	CYBB
18	16	5	C1QC
18	16	6	FOLR2
18	16	7	TYROBP
18	16	8	RNASE1
18	16	9	MARCO
18	16	10	MS4A6A
18	16	11	MS4A7
18	16	12	HLA-DRA
18	16	13	VSIG4
18	16	14	HLA-DQA1
18	16	15	LYZ
18	16	16	CD163
18	16	17	CD74
18	16	18	S100A8
18	16	19	FCGR3A
18	16	20	MS4A4A
18	16	21	FCER1G
18	16	22	FCGR2B
18	16	23	LILRB5
18	16	24	HLA-DRB1
18	16	25	EMB
18	16	26	ALOX5AP
18	16	27	LAPTM5
18	16	28	LYVE1
18	16	29	STAB1
18	16	30	FCER1A
18	16	31	S100A9
18	16	32	HLA-DRB5
18	16	33	RGS1
18	16	34	HLA-DQB1
18	16	35	CD37
18	16	36	MARCH1
18	16	37	CCL4L2
18	16	38	CPVL
18	16	39	PTPRC
18	16	40	CCL3
18	16	41	HPGDS
18	16	42	P2RY14
18	16	43	ADAM28
18	16	44	NCKAP1L
18	16	45	CCL3L1
18	16	46	GMFG
18	16	47	PECAM1
18	16	48	CD93
18	16	49	CXCL8
18	16	50	HCST
18	16	51	IL18
18	16	52	ENTPD1
18	16	53	CCL4
18	16	54	CIITA
18	16	55	GIMAP7
18	16	56	BTK
18	16	57	FCN1
18	16	58	SRGN
18	16	59	IFI30
18	16	60	TNF
18	16	61	AC104051.2
18	16	62	F13A1
18	16	63	INPP5D
18	16	64	FTH1
18	16	65	CD36
18	16	66	CD83
18	16	67	HPGD
18	16	68	CPA3
18	16	69	EMCN
18	16	70	IKZF1
18	16	71	LPAR6
18	16	72	POU2F2
18	16	73	L1TD1
18	16	74	CTSG
18	16	75	ACKR1
18	16	76	MYO5A
18	16	77	FYB1
18	16	78	MS4A2
18	16	79	SOX18
18	16	80	TMSB10
18	16	81	CTSH
18	16	82	MERTK
18	16	83	CCL18
18	16	84	TPSB2
18	16	85	SORL1
18	16	86	VWF
18	16	87	SELENOP
18	16	88	CD14
18	16	89	MMRN1
18	16	90	PLVAP
18	16	91	DEPDC1
18	16	92	REPS2
18	16	93	SLC40A1
18	16	94	UBE2C
18	16	95	GPR183
18	16	96	TNFAIP3
18	16	97	SAMHD1
18	16	98	CDK1
18	16	99	RAC2
18	16	100	IGSF21
18	17	1	CD3D
18	17	2	PTPRC
18	17	3	CD52
18	17	4	NKG7
18	17	5	CCL5
18	17	6	TRBC2
18	17	7	IL7R
18	17	8	TRBC1
18	17	9	CXCR4
18	17	10	SAMSN1
18	17	11	KLRB1
18	17	12	LTB
18	17	13	GZMA
18	17	14	CD69
18	17	15	CD48
18	17	16	TRAC
18	17	17	BCL11B
18	17	18	GZMK
18	17	19	RUNX3
18	17	20	CD37
18	17	21	RAC2
18	17	22	TPSAB1
18	17	23	HCST
18	17	24	GPR65
18	17	25	RHOH
18	17	26	SRGN
18	17	27	SPOCK2
18	17	28	EMB
18	17	29	ALOX5AP
18	17	30	CCL4
18	17	31	IL32
18	17	32	TPSB2
18	17	33	MS4A2
18	17	34	CPA3
18	17	35	IKZF1
18	17	36	CD247
18	17	37	GIMAP7
18	17	38	AREG
18	17	39	GMFG
18	17	40	XCL1
18	17	41	TNFAIP3
18	17	42	GPR183
18	17	43	RGS1
18	17	44	HPGDS
18	17	45	PRDM1
18	17	46	FCER1G
18	17	47	STMN1
18	17	48	HDC
18	17	49	CTSG
18	17	50	LAPTM5
18	17	51	HPGD
18	17	52	ARHGAP15
18	17	53	CLEC2B
18	17	54	SLC18A2
18	17	55	ARL4C
18	17	56	FCER1A
18	17	57	FYB1
18	17	58	STK17B
18	17	59	TRAV17
18	17	60	MGAT4A
18	17	61	NLRC3
18	17	62	DUSP2
18	17	63	KIT
18	17	64	KRT19
18	17	65	CTSW
18	17	66	KLRG1
18	17	67	CLEC2D
18	17	68	MKI67
18	17	69	RGS13
18	17	70	AC091057.6
18	17	71	CD74
18	17	72	HLA-DRA
18	17	73	MAL
18	17	74	TNF
18	17	75	TYROBP
18	17	76	TOP2A
18	17	77	HLA-DQA1
18	17	78	CEP55
18	17	79	GNG2
18	17	80	AC114760.2
18	17	81	DOCK10
18	17	82	DUSP4
18	17	83	SYNE2
18	17	84	ZNF331
18	17	85	TMSB10
18	17	86	TNFRSF1B
18	17	87	ZC3H12D
18	17	88	CCL4L2
18	17	89	BIRC3
18	17	90	IL27RA
18	17	91	HIST1H1B
18	17	92	BTK
18	17	93	CYFIP2
18	17	94	CDK1
18	17	95	CENPF
18	17	96	AC008105.3
18	17	97	PAG1
18	17	98	NUSAP1
18	17	99	ANKRD44
18	17	100	B3GALT2
18	18	1	ANLN
18	18	2	ASPM
18	18	3	TOP2A
18	18	4	CENPF
18	18	5	CEP55
18	18	6	UBE2C
18	18	7	TPX2
18	18	8	MKI67
18	18	9	PIMREG
18	18	10	CCNB2
18	18	11	BIRC5
18	18	12	DEPDC1
18	18	13	CDK1
18	18	14	DIAPH3
18	18	15	PBK
18	18	16	CENPE
18	18	17	NUSAP1
18	18	18	CDC20
18	18	19	STMN1
18	18	20	TYMS
18	18	21	LGALS1
18	18	22	HIST1H1B
18	18	23	CD70
18	18	24	ESCO2
18	18	25	CIT
18	18	26	TFPI2
18	18	27	C12orf75
18	18	28	MYEF2
18	18	29	HIST1H3G
18	18	30	SMC2
18	18	31	CA1
18	18	32	AHSP
18	18	33	HBM
18	18	34	S100A10
18	18	35	ITGB1
18	18	36	NAV2
18	18	37	SLC4A8
18	18	38	MYBL1
18	18	39	COL6A1
18	18	40	PPP1R14B
18	18	41	ANXA2
18	18	42	ALAS2
18	18	43	NSD2
18	18	44	MAP4K4
18	18	45	OLFML2B
18	18	46	MAP1B
18	18	47	FAM111B
18	18	48	NRP2
18	18	49	CCND1
18	18	50	FHL2
18	18	51	TNFRSF12A
18	18	52	PODXL
18	18	53	HIST1H2AL
18	18	54	CLEC2B
18	18	55	ANPEP
18	18	56	TMSB10
18	18	57	LMNB1
18	18	58	ITGA6
18	18	59	COL6A2
18	18	60	ALCAM
18	18	61	CEP152
18	18	62	SYNE2
18	18	63	UCP2
18	18	64	COL15A1
18	18	65	HBD
18	18	66	CDC25B
18	18	67	TM4SF1
18	18	68	COL6A3
18	18	69	FLNA
18	18	70	C21orf58
18	18	71	CD82
18	18	72	EZR
18	18	73	ORC6
18	18	74	PLEC
18	18	75	TCF19
18	18	76	HBA1
18	18	77	HBB
18	18	78	EMP3
18	18	79	ITGA3
18	18	80	FOSL1
18	18	81	SULF1
18	18	82	HLA-DRA
18	18	83	CDH13
18	18	84	ITGA5
18	18	85	HLA-DQA1
18	18	86	CKB
18	18	87	HSD3B7
18	18	88	S100A6
18	18	89	PRSS23
18	18	90	TYMP
18	18	91	SACS
18	18	92	BIRC3
18	18	93	NHSL1
18	18	94	KRT16
18	18	95	PCNT
18	18	96	CCDC88A
18	18	97	TEAD1
18	18	98	FSTL1
18	18	99	AC068491.3
18	18	100	CSPG4
20	1	1	DST
20	1	2	PLCG2
20	1	3	MALAT1
20	1	4	EDIL3
20	1	5	MACF1
20	1	6	FTX
20	1	7	DDX17
20	1	8	TNC
20	1	9	OGN
20	1	10	NKTR
20	1	11	SYNE1
20	1	12	COL12A1
20	1	13	PTPRD
20	1	14	ECM2
20	1	15	LTBP2
20	1	16	ASPN
20	1	17	CDON
20	1	18	STEAP2
20	1	19	ZNF704
20	1	20	ANTXR1
20	1	21	ITGA11
20	1	22	NEAT1
20	1	23	COLGALT2
20	1	24	UACA
20	1	25	TNRC6B
20	1	26	A2M
20	1	27	FAT4
20	1	28	UTRN
20	1	29	MXRA5
20	1	30	CAMK1D
20	1	31	SNHG14
20	1	32	TNRC6A
20	1	33	PTPN14
20	1	34	CILP
20	1	35	AEBP1
20	1	36	OGA
20	1	37	ZNF292
20	1	38	ZNF638
20	1	39	LUM
20	1	40	GPR155
20	1	41	F5
20	1	42	RIF1
20	1	43	ATM
20	1	44	MYO9A
20	1	45	KIAA1109
20	1	46	KMT2C
20	1	47	FZD8
20	1	48	ADAMTS6
20	1	49	PKD1
20	1	50	VPS13C
20	1	51	NIN
20	1	52	ABHD2
20	1	53	OGT
20	1	54	CEP126
20	1	55	ENPP1
20	1	56	FMOD
20	1	57	ITGA10
20	1	58	PIK3R1
20	1	59	GOLGA8A
20	1	60	PDE4D
20	1	61	KMT2A
20	1	62	CCDC88A
20	1	63	PHC3
20	1	64	SYNM
20	1	65	COL5A2
20	1	66	MYO1D
20	1	67	ATF7IP
20	1	68	ANKRD36C
20	1	69	SHPRH
20	1	70	ANGPTL2
20	1	71	SETX
20	1	72	ITGA1
20	1	73	PLEC
20	1	74	C2CD2
20	1	75	CLU
20	1	76	RAI14
20	1	77	CCDC144A
20	1	78	ARID1B
20	1	79	FN1
20	1	80	SUSD5
20	1	81	PRUNE2
20	1	82	SEMA3D
20	1	83	ANK3
20	1	84	ANKRD36
20	1	85	PLEKHH2
20	1	86	CPLANE1
20	1	87	ZNF91
20	1	88	RIN2
20	1	89	CCNL2
20	1	90	ISM1
20	1	91	TNXB
20	1	92	MIR99AHG
20	1	93	NTN1
20	1	94	ANKRD50
20	1	95	MKLN1
20	1	96	CRYBG3
20	1	97	RNF213
20	1	98	DLC1
20	1	99	COL15A1
20	1	100	CRTAC1
20	2	1	FRZB
20	2	2	GADD45B
20	2	3	RGS16
20	2	4	MT-ND5
20	2	5	IER3
20	2	6	CLU
20	2	7	MT-CO3
20	2	8	C9orf3
20	2	9	CRYAB
20	2	10	CKB
20	2	11	FBXO2
20	2	12	TPRG1
20	2	13	GADD45G
20	2	14	EMP3
20	2	15	HES1
20	2	16	C2orf40
20	2	17	CHAD
20	2	18	NDUFA4L2
20	2	19	FHL1
20	2	20	FGFBP2
20	2	21	LEFTY2
20	2	22	MT-ND1
20	2	23	ID1
20	2	24	BHLHE41
20	2	25	COMP
20	2	26	LMO2
20	2	27	MT-ND4
20	2	28	TCEAL2
20	2	29	MT-CO1
20	2	30	TUBA1A
20	2	31	DCN
20	2	32	BBS9
20	2	33	MT-ND4L
20	2	34	EZR
20	2	35	S100A6
20	2	36	FABP5
20	2	37	MT-ATP6
20	2	38	AL078639.1
20	2	39	HSPB1
20	2	40	IER5
20	2	41	MBNL1-AS1
20	2	42	ID3
20	2	43	NR1D1
20	2	44	ANGPTL5
20	2	45	MT-CO2
20	2	46	GDF10
20	2	47	ANXA2
20	2	48	CPAMD8
20	2	49	ENHO
20	2	50	MT-CYB
20	2	51	TNFAIP8L1
20	2	52	SCRG1
20	2	53	SCX
20	2	54	WWP2
20	2	55	MGP
20	2	56	RAMP1
20	2	57	RBP4
20	2	58	MT-ND3
20	2	59	ADM
20	2	60	FAM180B
20	2	61	CILP
20	2	62	NFKBIA
20	2	63	PRELP
20	2	64	LINC01089
20	2	65	FXYD6
20	2	66	F13A1
20	2	67	SERTAD4
20	2	68	PLK2
20	2	69	KCNMA1
20	2	70	GNB5
20	2	71	TNFRSF11B
20	2	72	RGS3
20	2	73	NMB
20	2	74	TSC22D1
20	2	75	DDIT3
20	2	76	EMILIN3
20	2	77	IER5L
20	2	78	RRAD
20	2	79	STK38L
20	2	80	PPP1R3C
20	2	81	DEFB1
20	2	82	HRCT1
20	2	83	RASD1
20	2	84	NR4A2
20	2	85	CITED2
20	2	86	ADRA2A
20	2	87	CAPS
20	2	88	CDKN1A
20	2	89	LAG3
20	2	90	THUMPD3-AS1
20	2	91	MYOT
20	2	92	LGALS1
20	2	93	SIX1
20	2	94	MTRNR2L12
20	2	95	MT-ATP8
20	2	96	KLF2
20	2	97	SOCS2
20	2	98	JUN
20	2	99	PHLDA2
20	2	100	CYR61
20	3	1	MT2A
20	3	2	MT1E
20	3	3	MT1X
20	3	4	MT1M
20	3	5	CHI3L1
20	3	6	LOX
20	3	7	EGLN3
20	3	8	DDIT4
20	3	9	SLC25A37
20	3	10	AC008592.5
20	3	11	SOD2
20	3	12	GLRX
20	3	13	ANGPTL4
20	3	14	MT1G
20	3	15	BNIP3
20	3	16	ERRFI1
20	3	17	CDA
20	3	18	EFNA1
20	3	19	GPX3
20	3	20	TMEM204
20	3	21	ZNF395
20	3	22	HILPDA
20	3	23	NAMPT
20	3	24	RNF144B
20	3	25	DNAH11
20	3	26	SLC2A5
20	3	27	MTHFD2
20	3	28	FTH1
20	3	29	MT1F
20	3	30	PDK1
20	3	31	ACKR3
20	3	32	MT1H
20	3	33	ADM
20	3	34	LINC01554
20	3	35	ADSSL1
20	3	36	GALNT15
20	3	37	SAA1
20	3	38	RASD1
20	3	39	SDC4
20	3	40	MT1A
20	3	41	ICAM1
20	3	42	MUC20-OT1
20	3	43	SERPINA1
20	3	44	LAG3
20	3	45	UPP1
20	3	46	HSPB7
20	3	47	NEAT1
20	3	48	SLC2A1
20	3	49	ANKRD37
20	3	50	POU3F1
20	3	51	CRISPLD2
20	3	52	HAPLN1
20	3	53	AP001160.1
20	3	54	SPINT2
20	3	55	AL031777.3
20	3	56	THBD
20	3	57	COL27A1
20	3	58	OXA1L
20	3	59	HSD3B7
20	3	60	TRIB3
20	3	61	SERPINE2
20	3	62	NDUFA4L2
20	3	63	WWP2
20	3	64	MYBPH
20	3	65	STC2
20	3	66	ATOH8
20	3	67	P4HB
20	3	68	RGCC
20	3	69	TNFRSF10D
20	3	70	MYO10
20	3	71	ITGA5
20	3	72	CHI3L2
20	3	73	DDIT4L
20	3	74	CD14
20	3	75	ZNF292
20	3	76	HSPA5
20	3	77	SLC7A2
20	3	78	TGM2
20	3	79	BEX2
20	3	80	APOD
20	3	81	NOS2
20	3	82	RASSF4
20	3	83	SEPT11
20	3	84	FOXC2
20	3	85	TXNIP
20	3	86	AC007952.4
20	3	87	VEGFA
20	3	88	MT3
20	3	89	AC023157.3
20	3	90	FOS
20	3	91	SLC2A3
20	3	92	CA9
20	3	93	IL6R
20	3	94	TIMP4
20	3	95	SAA2
20	3	96	IER5
20	3	97	EIF4EBP1
20	3	98	POLR2J3-1
20	3	99	CCDC71L
20	3	100	SFMBT2
20	4	1	GPX3
20	4	2	CYP4B1
20	4	3	SUN2
20	4	4	PLPP3
20	4	5	FBLN1
20	4	6	GPM6B
20	4	7	LINC01088
20	4	8	ADAMTS5
20	4	9	GALNT15
20	4	10	GLUL
20	4	11	ANGPTL7
20	4	12	IGFBP6
20	4	13	TSKU
20	4	14	CCDC3
20	4	15	GSN
20	4	16	PDK4
20	4	17	JUN
20	4	18	MMP3
20	4	19	MYOC
20	4	20	FAXDC2
20	4	21	CORO6
20	4	22	NOX4
20	4	23	C1QTNF7
20	4	24	RIPOR2
20	4	25	NTRK2
20	4	26	LTBP4
20	4	27	DUSP1
20	4	28	AMOTL2
20	4	29	PIK3R1
20	4	30	MAOA
20	4	31	MAMDC2
20	4	32	MEG3
20	4	33	DEPP1
20	4	34	LAMA2
20	4	35	TGFBR3
20	4	36	DDIT4
20	4	37	ADAMTSL4
20	4	38	CYR61
20	4	39	BTG2
20	4	40	DIO3OS
20	4	41	TXNIP
20	4	42	MTHFD2
20	4	43	TNS2
20	4	44	IZUMO4
20	4	45	OXA1L
20	4	46	PDGFRL
20	4	47	DHCR24
20	4	48	ACADL
20	4	49	ADCY2
20	4	50	HSPA1B
20	4	51	ANGPTL5
20	4	52	GPNMB
20	4	53	ZFP36L2
20	4	54	CDH13
20	4	55	BCL6
20	4	56	HSPA1A
20	4	57	FKBP5
20	4	58	MYC
20	4	59	LHFPL6
20	4	60	METTL7A
20	4	61	MT-ND2
20	4	62	AR
20	4	63	FOS
20	4	64	C1R
20	4	65	STMN1
20	4	66	SLPI
20	4	67	SLC7A8
20	4	68	DPP4
20	4	69	RBMS3
20	4	70	CITED2
20	4	71	NEAT1
20	4	72	NR4A1
20	4	73	INSIG1
20	4	74	H6PD
20	4	75	CFH
20	4	76	TM4SF1
20	4	77	KCNK15
20	4	78	SASH1
20	4	79	AC016831.5
20	4	80	CKB
20	4	81	ATF3
20	4	82	CTGF
20	4	83	OLFML3
20	4	84	ACKR3
20	4	85	MMP14
20	4	86	ID3
20	4	87	ECE1
20	4	88	RNASEH2A
20	4	89	RPS6KA2
20	4	90	WDR73
20	4	91	MUC20-OT1
20	4	92	MGST1
20	4	93	AP000851.2
20	4	94	TSPAN7
20	4	95	RBP4
20	4	96	WISP2
20	4	97	TLR4
20	4	98	C1S
20	4	99	NR1D1
20	4	100	ARHGAP29
20	5	1	COL2A1
20	5	2	SCRG1
20	5	3	FMOD
20	5	4	CILP2
20	5	5	SBSPON
20	5	6	CLEC3A
20	5	7	COL9A3
20	5	8	COL11A1
20	5	9	FIBIN
20	5	10	COL11A2
20	5	11	SMOC2
20	5	12	COMP
20	5	13	TSPAN2
20	5	14	S100A1
20	5	15	MGP
20	5	16	SPARC
20	5	17	COL9A2
20	5	18	OGN
20	5	19	AQP3
20	5	20	SERPINA5
20	5	21	PRDX4
20	5	22	ACAN
20	5	23	PRELP
20	5	24	C2orf40
20	5	25	HAPLN1
20	5	26	BGN
20	5	27	CILP
20	5	28	MIA
20	5	29	TNNT3
20	5	30	LUM
20	5	31	SPINT2
20	5	32	CTGF
20	5	33	DCN
20	5	34	COL3A1
20	5	35	P4HB
20	5	36	SCX
20	5	37	PAPSS2
20	5	38	HRCT1
20	5	39	CYR61
20	5	40	SRPX2
20	5	41	PCSK1N
20	5	42	FXYD6
20	5	43	SERPINA1
20	5	44	SDC1
20	5	45	TIMP4
20	5	46	ANGPTL2
20	5	47	DPT
20	5	48	COL5A2
20	5	49	COL5A1
20	5	50	ATP1B1
20	5	51	C9orf3
20	5	52	TRPV4
20	5	53	FGFBP2
20	5	54	COLGALT2
20	5	55	PART1
20	5	56	KLF2
20	5	57	FBXO2
20	5	58	DNER
20	5	59	FGF18
20	5	60	EGR2
20	5	61	COL15A1
20	5	62	COL1A2
20	5	63	ASPN
20	5	64	HTRA1
20	5	65	GAS1
20	5	66	C1QTNF4
20	5	67	RGCC
20	5	68	CA9
20	5	69	FGFR3
20	5	70	NDUFA4L2
20	5	71	TNFRSF11B
20	5	72	TSC22D1
20	5	73	CST6
20	5	74	OMD
20	5	75	MAP2K6
20	5	76	CLIC3
20	5	77	STK38L
20	5	78	SRM
20	5	79	COL13A1
20	5	80	DIO2
20	5	81	NRGN
20	5	82	TF
20	5	83	HLA-DQB1
20	5	84	KIAA1549
20	5	85	SHC4
20	5	86	NEBL
20	5	87	ADSSL1
20	5	88	RAB11FIP4
20	5	89	ABI3BP
20	5	90	FGF1
20	5	91	CHI3L2
20	5	92	BMPER
20	5	93	GREM1
20	5	94	CHAD
20	5	95	PGAM2
20	5	96	FOXC2
20	5	97	CAPS
20	5	98	ADAMTS6
20	5	99	PAPPA
20	5	100	SERPINE1
20	6	1	GABARAP
20	6	2	GAS5
20	6	3	RPL17
20	6	4	SNHG5
20	6	5	EEF1G
20	6	6	SNHG29
20	6	7	RNASEK
20	6	8	ECRG4
20	6	9	NME2
20	6	10	RPS17
20	6	11	S100A1
20	6	12	CCN2
20	6	13	SERPINA3
20	6	14	SEPTIN7
20	6	15	MIF
20	6	16	AL021155.5
20	6	17	CHAD
20	6	18	STC2
20	6	19	MICOS10
20	6	20	CCN1
20	6	21	ATOH8
20	6	22	RGCC
20	6	23	FRZB
20	6	24	AC253572.2
20	6	25	DCN
20	6	26	TIPARP
20	6	27	THBS1
20	6	28	PRELP
20	6	29	SCIN
20	6	30	AL360012.1
20	6	31	HIST1H1E
20	6	32	HIP1
20	6	33	TXNIP
20	6	34	AL627171.2
20	6	35	ANGPTL7
20	6	36	USP53
20	6	37	KIAA0040
20	6	38	ACTC1
20	6	39	ENHO
20	6	40	EGLN2
20	6	41	MT1E
20	6	42	ADCY2
20	6	43	FAXDC2
20	6	44	IGFBP6
20	6	45	HIST1H1C
20	6	46	RBP4
20	6	47	SNHG14
20	6	48	DUSP2
20	6	49	CRIP1
20	6	50	ILF3-DT
20	6	51	AC005165.1
20	6	52	NXPE2
20	6	53	EGR1
20	6	54	COMP
20	6	55	TPRG1
20	6	56	DSP
20	6	57	SEPTIN2
20	6	58	TCEAL2
20	6	59	GALNT15
20	6	60	AC239799.2
20	6	61	BTG2
20	6	62	BEX2
20	6	63	DLX5
20	6	64	KNOP1
20	6	65	FBXO2
20	6	66	NOVA1
20	6	67	SOCS3
20	6	68	NR1D1
20	6	69	C1QTNF7
20	6	70	CILP
20	6	71	BHLHE41
20	6	72	AC020916.1
20	6	73	RHOU
20	6	74	AL355075.4
20	6	75	PIK3R1
20	6	76	ACADL
20	6	77	AC007952.4
20	6	78	ABI3BP
20	6	79	CYP3A5
20	6	80	OMD
20	6	81	PDZRN4
20	6	82	CKB
20	6	83	MTSS1
20	6	84	DDIT4
20	6	85	CHD2
20	6	86	FOS
20	6	87	CLDN5
20	6	88	CPAMD8
20	6	89	THUMPD3-AS1
20	6	90	CMYA5
20	6	91	RAPGEF5
20	6	92	CDKN1A
20	6	93	DEFB1
20	6	94	SLC7A8
20	6	95	ANXA2R
20	6	96	AC005005.4
20	6	97	Z93241.1
20	6	98	PFKFB3
20	6	99	ANK3
20	6	100	PHLPP2
20	7	1	CFD
20	7	2	PODN
20	7	3	SERPINF1
20	7	4	SRPX
20	7	5	C1S
20	7	6	C3
20	7	7	PTGFR
20	7	8	EFEMP1
20	7	9	SFRP1
20	7	10	CXCL12
20	7	11	C1R
20	7	12	MGST1
20	7	13	TMEM176B
20	7	14	PLA2G2A
20	7	15	GGT5
20	7	16	IGFBP4
20	7	17	FBLN2
20	7	18	TMEM176A
20	7	19	IGF1
20	7	20	PCDH18
20	7	21	MMP2
20	7	22	CYP1B1
20	7	23	GSN
20	7	24	ABCA8
20	7	25	NID1
20	7	26	DCLK1
20	7	27	EPHX1
20	7	28	FGF7
20	7	29	ALDH1A1
20	7	30	RARRES2
20	7	31	WISP2
20	7	32	ITM2A
20	7	33	ADH1C
20	7	34	AGTR1
20	7	35	EBF1
20	7	36	FBLN5
20	7	37	C6
20	7	38	VIT
20	7	39	SELENOP
20	7	40	CLSTN2
20	7	41	ABCC9
20	7	42	FBLN1
20	7	43	APOD
20	7	44	GPC3
20	7	45	GAS6
20	7	46	CXCL14
20	7	47	SFRP2
20	7	48	SVEP1
20	7	49	PLTP
20	7	50	CYGB
20	7	51	SAMHD1
20	7	52	ABCA6
20	7	53	ZFP36L2
20	7	54	SCG2
20	7	55	IRX3
20	7	56	IL33
20	7	57	MT-ND1
20	7	58	HSPB6
20	7	59	CES1
20	7	60	KCNE4
20	7	61	NEGR1
20	7	62	AOX1
20	7	63	MT-ND3
20	7	64	PTGER4
20	7	65	PLPP3
20	7	66	TSKU
20	7	67	TMEM150C
20	7	68	ADH1B
20	7	69	ABCA9
20	7	70	PDLIM1
20	7	71	LBP
20	7	72	BASP1
20	7	73	CHRDL1
20	7	74	LAMB1
20	7	75	PCSK5
20	7	76	ADD3
20	7	77	STK17B
20	7	78	GLUL
20	7	79	MFAP5
20	7	80	LAMA2
20	7	81	ACKR4
20	7	82	MT-CYB
20	7	83	ANTXR2
20	7	84	CCL13
20	7	85	FMO3
20	7	86	LMOD1
20	7	87	OLFML3
20	7	88	SPRY1
20	7	89	CPE
20	7	90	MFAP4
20	7	91	MT-CO1
20	7	92	LAMC1
20	7	93	NR2F2
20	7	94	PDGFRL
20	7	95	LGALS3BP
20	7	96	FILIP1
20	7	97	HSD11B1
20	7	98	BMP5
20	7	99	MT-ND2
20	7	100	MT-CO2
20	8	1	COL14A1
20	8	2	HLA-DRB1
20	8	3	CFI
20	8	4	CCN5
20	8	5	PTGDS
20	8	6	PTN
20	8	7	CRISPLD1
20	8	8	HLA-DRB5
20	8	9	KCTD12
20	8	10	AHR
20	8	11	C7
20	8	12	MGAT4C
20	8	13	HSPH1
20	8	14	CXCL12
20	8	15	PDGFRA
20	8	16	APOE
20	8	17	SELENOP
20	8	18	RSPO3
20	8	19	ANGPTL1
20	8	20	DNAJB1
20	8	21	SFRP1
20	8	22	CD74
20	8	23	BST2
20	8	24	C16orf89
20	8	25	FGL2
20	8	26	ZFP36L1
20	8	27	C1R
20	8	28	EPHX1
20	8	29	SLC5A3
20	8	30	LAMA4
20	8	31	IGFBP4
20	8	32	PLTP
20	8	33	CCN1
20	8	34	THY1
20	8	35	ENPP2
20	8	36	PDE5A
20	8	37	PLPP1
20	8	38	STEAP4
20	8	39	EFEMP1
20	8	40	NID2
20	8	41	LGALS3BP
20	8	42	ENAH
20	8	43	SNCG
20	8	44	C2
20	8	45	CP
20	8	46	SERPINF1
20	8	47	OLFML1
20	8	48	OLFML2B
20	8	49	HLA-DRA
20	8	50	FMO2
20	8	51	PRSS23
20	8	52	HSPA6
20	8	53	ANGPT1
20	8	54	NTNG1
20	8	55	ZIC1
20	8	56	PCDH9
20	8	57	COLEC12
20	8	58	PLAC9
20	8	59	FAM13C
20	8	60	NELL1
20	8	61	PDE1A
20	8	62	OLFML3
20	8	63	KCNQ1OT1
20	8	64	FGF10
20	8	65	OLFM2
20	8	66	PLAU
20	8	67	MRPS6
20	8	68	S1PR3
20	8	69	TWIST1
20	8	70	SEPTIN2
20	8	71	HSPA1A
20	8	72	TSHZ2
20	8	73	FILIP1L
20	8	74	AKR1C3
20	8	75	MMP2
20	8	76	TNFSF13B
20	8	77	MTRNR2L1
20	8	78	SEPTIN7
20	8	79	ADGRB3
20	8	80	HGF
20	8	81	PPP1R15A
20	8	82	OSR2
20	8	83	PLA2G2A
20	8	84	SNED1
20	8	85	SNHG29
20	8	86	HSPA1B
20	8	87	SNHG5
20	8	88	BASP1
20	8	89	TNC
20	8	90	LAMB1
20	8	91	MICOS10
20	8	92	MT-ATP6
20	8	93	RND3
20	8	94	TMEM119
20	8	95	GABARAP
20	8	96	EPHA3
20	8	97	NRP1
20	8	98	OSR1
20	8	99	CYP1B1
20	8	100	TMSB10
20	9	1	GEM
20	9	2	CDKN1A
20	9	3	ABL2
20	9	4	MAT2A
20	9	5	PPP1R15A
20	9	6	HMOX1
20	9	7	KDM6B
20	9	8	IER3
20	9	9	NFKBIA
20	9	10	IRF1
20	9	11	MYC
20	9	12	NR4A3
20	9	13	SOCS3
20	9	14	NFKBIZ
20	9	15	ARID5B
20	9	16	NR4A2
20	9	17	IL6
20	9	18	ATF3
20	9	19	KCNQ1OT1
20	9	20	NR4A1
20	9	21	CXCL2
20	9	22	ID4
20	9	23	EGR1
20	9	24	RND3
20	9	25	NAMPT
20	9	26	GLIS3
20	9	27	TIPARP
20	9	28	PHLDA1
20	9	29	HSPH1
20	9	30	C11orf96
20	9	31	MIR222HG
20	9	32	FNIP2
20	9	33	SOD2
20	9	34	TUBB3
20	9	35	TNFAIP2
20	9	36	RCAN1
20	9	37	PTGS2
20	9	38	BIRC3
20	9	39	ICAM1
20	9	40	FOSL1
20	9	41	MEG8
20	9	42	ADAMTS1
20	9	43	CHAC1
20	9	44	BTG2
20	9	45	CXCL3
20	9	46	DNAJB1
20	9	47	KIAA0040
20	9	48	ATXN7
20	9	49	MT1A
20	9	50	BMP2
20	9	51	LIF
20	9	52	GABPB1-AS1
20	9	53	TBX3
20	9	54	BDKRB1
20	9	55	TNFRSF10D
20	9	56	AC016831.1
20	9	57	ELL2
20	9	58	AC020916.1
20	9	59	LUCAT1
20	9	60	CHMP1B
20	9	61	NEAT1
20	9	62	SGK1
20	9	63	EGR3
20	9	64	RPS17
20	9	65	KIF1B
20	9	66	VMP1
20	9	67	GADD45B
20	9	68	ZNF331
20	9	69	RGS16
20	9	70	CXCL1
20	9	71	RGS2
20	9	72	TNFAIP3
20	9	73	TNFAIP6
20	9	74	CXCL8
20	9	75	TSC22D1
20	9	76	EFNB2
20	9	77	EZR
20	9	78	AC058791.1
20	9	79	RDH10
20	9	80	RND1
20	9	81	INSIG1
20	9	82	INHBA
20	9	83	AC016831.5
20	9	84	ZFP36L1
20	9	85	RRAD
20	9	86	IER5
20	9	87	CCL2
20	9	88	NFATC2
20	9	89	NABP1
20	9	90	CCN1
20	9	91	GJA1
20	9	92	AKAP12
20	9	93	ARL4C
20	9	94	FOXC2
20	9	95	CD83
20	9	96	SPEN
20	9	97	C2CD4B
20	9	98	MEDAG
20	9	99	PHLDA2
20	9	100	CYP1B1
20	10	1	PRG4
20	10	2	ITGBL1
20	10	3	CLIC5
20	10	4	TMEM196
20	10	5	DNASE1L3
20	10	6	GPR1
20	10	7	SPARCL1
20	10	8	ZNF385B
20	10	9	GABRA4
20	10	10	DIRC3
20	10	11	TIMP3
20	10	12	HBEGF
20	10	13	HTRA4
20	10	14	ITGB8
20	10	15	PCSK6
20	10	16	HHIP
20	10	17	TSPAN15
20	10	18	SEMA5A
20	10	19	CRTAC1
20	10	20	SEMA3A
20	10	21	APLP2
20	10	22	COL22A1
20	10	23	SCARA5
20	10	24	CFI
20	10	25	NTN4
20	10	26	CHST2
20	10	27	MTUS2
20	10	28	COLEC12
20	10	29	HHIP-AS1
20	10	30	APBB1IP
20	10	31	GFPT2
20	10	32	TFPI
20	10	33	HAS1
20	10	34	SELP
20	10	35	MAL
20	10	36	CTTNBP2
20	10	37	CREB5
20	10	38	AC004540.2
20	10	39	GJB2
20	10	40	TSPAN7
20	10	41	FGF10
20	10	42	PPP1R1A
20	10	43	TWISTNB
20	10	44	SMIM14
20	10	45	SEMA3C
20	10	46	ITGA6
20	10	47	GJB6
20	10	48	CLUL1
20	10	49	HTRA1
20	10	50	PPM1L
20	10	51	ITM2B
20	10	52	ARHGAP28
20	10	53	SLC2A12
20	10	54	ENPP4
20	10	55	EPB41L1
20	10	56	KHDRBS3
20	10	57	FGL2
20	10	58	SORBS2
20	10	59	BTC
20	10	60	MT-CYB
20	10	61	MYPN
20	10	62	DLX3
20	10	63	ARL2
20	10	64	EFNB2
20	10	65	CXCL1
20	10	66	DLX4
20	10	67	TPPP3
20	10	68	S100A4
20	10	69	C11orf96
20	10	70	EPB41L3
20	10	71	EREG
20	10	72	OLFM3
20	10	73	GPR183
20	10	74	SHANK2
20	10	75	TOX3
20	10	76	AC005062.1
20	10	77	PLEKHA1
20	10	78	THBS4
20	10	79	CSF1
20	10	80	MT-CO1
20	10	81	PDGFD
20	10	82	TMEM100
20	10	83	ADAMTSL1
20	10	84	SAMD5
20	10	85	F5
20	10	86	MT-CO2
20	10	87	MT-CO3
20	10	88	ZEB2
20	10	89	ARHGAP20
20	10	90	BST2
20	10	91	TMSB4X
20	10	92	CADM3
20	10	93	PLCB1
20	10	94	NDNF
20	10	95	STEAP4
20	10	96	CIT
20	10	97	PMAIP1
20	10	98	SNED1
20	10	99	DEFB1
20	10	100	MT-ND3
20	11	1	VEGFA
20	11	2	HSPA5
20	11	3	IL11
20	11	4	TNFRSF12A
20	11	5	SDF2L1
20	11	6	BMP2
20	11	7	MIF
20	11	8	FGF2
20	11	9	ANGPTL4
20	11	10	INHBA
20	11	11	SLC2A1
20	11	12	RPS17
20	11	13	PTGS2
20	11	14	RFLNB
20	11	15	BHLHE40
20	11	16	EIF4EBP1
20	11	17	PAPSS2
20	11	18	RPL17
20	11	19	SIPA1L2
20	11	20	SOX9
20	11	21	BNIP3
20	11	22	EGLN3
20	11	23	SERPINA3
20	11	24	NME2
20	11	25	FOSL1
20	11	26	FHL2
20	11	27	COL2A1
20	11	28	PHLDA2
20	11	29	SLC7A11
20	11	30	SERPINA1
20	11	31	RCAN1
20	11	32	ERRFI1
20	11	33	EEF1G
20	11	34	SNHG29
20	11	35	FOXC2
20	11	36	PTGES
20	11	37	CHAC1
20	11	38	KRT16
20	11	39	LIF
20	11	40	GAS5
20	11	41	CDON
20	11	42	SEPTIN7
20	11	43	RNASEK
20	11	44	H19
20	11	45	FNIP2
20	11	46	TIAM2
20	11	47	GLIS3
20	11	48	MSMO1
20	11	49	ABI3BP
20	11	50	DGKI
20	11	51	WNT16
20	11	52	ZNF395
20	11	53	SPARC
20	11	54	H1F0
20	11	55	WNT7B
20	11	56	FGF1
20	11	57	MICOS10
20	11	58	UPP1
20	11	59	EGR3
20	11	60	COL5A1
20	11	61	COL3A1
20	11	62	KDM6B
20	11	63	STK38L
20	11	64	CHST3
20	11	65	PLEKHA1
20	11	66	HMGA1
20	11	67	VSIG10L2
20	11	68	LOXL2
20	11	69	NFATC2
20	11	70	UNC5B
20	11	71	SDK2
20	11	72	DDIT3
20	11	73	TSPAN2
20	11	74	SCD
20	11	75	ANKRD37
20	11	76	CHD2
20	11	77	COL13A1
20	11	78	GABARAP
20	11	79	TGM2
20	11	80	TM4SF1
20	11	81	CA9
20	11	82	NCOR2
20	11	83	CRYAB
20	11	84	CILP2
20	11	85	MIA
20	11	86	SNHG5
20	11	87	COL15A1
20	11	88	HILPDA
20	11	89	COL11A1
20	11	90	P4HB
20	11	91	ATP1B1
20	11	92	AGAP1
20	11	93	PDE4B
20	11	94	ECRG4
20	11	95	KRT17
20	11	96	BGN
20	11	97	TCEAL2
20	11	98	LINC00511
20	11	99	WWP2
20	11	100	TRPV4
20	12	1	COL1A1
20	12	2	COL1A2
20	12	3	POSTN
20	12	4	SPARC
20	12	5	COL5A2
20	12	6	LGALS1
20	12	7	TGFBI
20	12	8	COL6A1
20	12	9	LOXL2
20	12	10	CTHRC1
20	12	11	SPON2
20	12	12	COL3A1
20	12	13	COL6A3
20	12	14	MXRA5
20	12	15	FNDC1
20	12	16	TPM1
20	12	17	ITGB1
20	12	18	COL6A2
20	12	19	LRRC15
20	12	20	COL5A1
20	12	21	CCND1
20	12	22	AEBP1
20	12	23	CRABP2
20	12	24	FAP
20	12	25	COL8A1
20	12	26	C12orf75
20	12	27	DKK3
20	12	28	DPT
20	12	29	TNC
20	12	30	ASPN
20	12	31	LRRC17
20	12	32	MYL9
20	12	33	THY1
20	12	34	C1QTNF3
20	12	35	NBL1
20	12	36	ARL4C
20	12	37	CADM1
20	12	38	TMSB10
20	12	39	ELN
20	12	40	CDH11
20	12	41	MICAL2
20	12	42	COL12A1
20	12	43	RFLNB
20	12	44	RAB31
20	12	45	TAGLN
20	12	46	S100A10
20	12	47	MARCKS
20	12	48	ANO1
20	12	49	TMSB4X
20	12	50	MMP2
20	12	51	CALD1
20	12	52	TMEM119
20	12	53	LTBP1
20	12	54	FLNA
20	12	55	CD70
20	12	56	PPP1R14B
20	12	57	RGS3
20	12	58	IL32
20	12	59	LINC01705
20	12	60	SERPINE1
20	12	61	S100A4
20	12	62	ANTXR1
20	12	63	ISLR
20	12	64	ANXA2
20	12	65	COL4A2
20	12	66	THBS2
20	12	67	COL5A3
20	12	68	TUBA1A
20	12	69	TNFRSF12A
20	12	70	BASP1
20	12	71	ABHD2
20	12	72	GJA1
20	12	73	SLN
20	12	74	ANGPTL2
20	12	75	FSTL1
20	12	76	EDIL3
20	12	77	MMP11
20	12	78	PRSS23
20	12	79	AQP1
20	12	80	IGFBP7
20	12	81	ENPP1
20	12	82	LRRC32
20	12	83	PXDN
20	12	84	CEMIP
20	12	85	PDGFRB
20	12	86	OLFML2B
20	12	87	TNFSF11
20	12	88	HSPG2
20	12	89	HMCN1
20	12	90	TIMP1
20	12	91	FRMD6
20	12	92	COL4A1
20	12	93	THBS3
20	12	94	FAT1
20	12	95	FHL2
20	12	96	TYMP
20	12	97	ATP1B1
20	12	98	CSRP2
20	12	99	NOV
20	12	100	ENAH
20	13	1	MFAP5
20	13	2	TMSB4X
20	13	3	FBN1
20	13	4	S100A4
20	13	5	FSTL1
20	13	6	AQP1
20	13	7	ANXA2
20	13	8	S100A6
20	13	9	S100A10
20	13	10	TPPP3
20	13	11	SFRP4
20	13	12	TNXB
20	13	13	FBLN2
20	13	14	PRSS23
20	13	15	LINC01133
20	13	16	DKK3
20	13	17	GAP43
20	13	18	IGFBP6
20	13	19	SCARA5
20	13	20	PPP1R14B
20	13	21	GLIPR2
20	13	22	PLAC9
20	13	23	PAMR1
20	13	24	VCAN
20	13	25	GSN
20	13	26	CELF2
20	13	27	C1QTNF3
20	13	28	CD34
20	13	29	LIMA1
20	13	30	DPP4
20	13	31	ANK2
20	13	32	CRIP1
20	13	33	ANGPTL1
20	13	34	EMP3
20	13	35	ABLIM1
20	13	36	CD248
20	13	37	COL6A2
20	13	38	CADM3
20	13	39	LTBP4
20	13	40	ITM2B
20	13	41	TMSB10
20	13	42	CRABP2
20	13	43	TSHZ2
20	13	44	PLXDC1
20	13	45	STXBP6
20	13	46	CYSLTR1
20	13	47	CD70
20	13	48	CFD
20	13	49	KLF6
20	13	50	MAP1B
20	13	51	ISLR
20	13	52	FHL1
20	13	53	MAP1A
20	13	54	NOVA1
20	13	55	HSD3B7
20	13	56	LGALS1
20	13	57	TUBA1A
20	13	58	FYN
20	13	59	SLIT3
20	13	60	GPNMB
20	13	61	HEG1
20	13	62	FILIP1L
20	13	63	FAM180B
20	13	64	MAMDC2
20	13	65	NBL1
20	13	66	SPARCL1
20	13	67	PLPP1
20	13	68	ITM2A
20	13	69	SMIM14
20	13	70	OLFML2A
20	13	71	PDGFD
20	13	72	SSC5D
20	13	73	AKR1C2
20	13	74	SLN
20	13	75	COL6A1
20	13	76	SEMA3C
20	13	77	PALM
20	13	78	THY1
20	13	79	COL14A1
20	13	80	HMCN2
20	13	81	TOGARAM2
20	13	82	MEOX1
20	13	83	GAS7
20	13	84	PPL
20	13	85	CSF1
20	13	86	CREB5
20	13	87	BMP5
20	13	88	VIT
20	13	89	ADD3
20	13	90	CBR3
20	13	91	SULF1
20	13	92	AKR1C3
20	13	93	IGFBP7
20	13	94	ANPEP
20	13	95	WNT2
20	13	96	DPT
20	13	97	TGFBR3
20	13	98	THBS3
20	13	99	MYL9
20	13	100	OLFML1
20	14	1	CD55
20	14	2	CRLF1
20	14	3	FN1
20	14	4	HTRA1
20	14	5	TNFAIP6
20	14	6	TREM1
20	14	7	NECTIN4
20	14	8	DYSF
20	14	9	ADGRG2
20	14	10	SLC7A2
20	14	11	IGFBP5
20	14	12	AMTN
20	14	13	CCDC80
20	14	14	CLU
20	14	15	RET
20	14	16	PRG4
20	14	17	CRTAC1
20	14	18	SMOC1
20	14	19	CAPS
20	14	20	TIMP3
20	14	21	SLC16A10
20	14	22	EMP3
20	14	23	DEFB1
20	14	24	HMX1
20	14	25	ADAMTS6
20	14	26	SMIM14
20	14	27	S100A3
20	14	28	EPB41L3
20	14	29	ISLR
20	14	30	GFPT2
20	14	31	TNFRSF11B
20	14	32	S100A6
20	14	33	SLC2A12
20	14	34	ADAMTSL2
20	14	35	PTGES
20	14	36	PRDX4
20	14	37	DLX4
20	14	38	HSD3B7
20	14	39	SOX11
20	14	40	TIMP1
20	14	41	BTC
20	14	42	TYMP
20	14	43	ITPR3
20	14	44	FABP3
20	14	45	RAPGEF4
20	14	46	NDUFA4L2
20	14	47	LY6D
20	14	48	S100A4
20	14	49	SORBS2
20	14	50	ARL2
20	14	51	CXCL14
20	14	52	AOAH
20	14	53	HHIP-AS1
20	14	54	PRSS23
20	14	55	PTHLH
20	14	56	SEMA3A
20	14	57	CLVS2
20	14	58	GAS1
20	14	59	CCND1
20	14	60	SHISAL2B
20	14	61	PENK
20	14	62	AQP1
20	14	63	PPP1R14B
20	14	64	CLIC3
20	14	65	HHIP
20	14	66	SLURP1
20	14	67	TRPV4
20	14	68	S100A10
20	14	69	TPPP3
20	14	70	CRYAB
20	14	71	VSIG10L2
20	14	72	GDF5
20	14	73	MIA
20	14	74	UCP2
20	14	75	CDON
20	14	76	C15orf48
20	14	77	ITM2B
20	14	78	CDH19
20	14	79	MIF
20	14	80	PMAIP1
20	14	81	RSPO2
20	14	82	C11orf96
20	14	83	ODAM
20	14	84	SQLE
20	14	85	PCSK1N
20	14	86	PARP16
20	14	87	DPT
20	14	88	PLEKHA1
20	14	89	CPE
20	14	90	MSMO1
20	14	91	RGCC
20	14	92	GRIA2
20	14	93	PHLDA2
20	14	94	CRIP1
20	14	95	FRY
20	14	96	SGK1
20	14	97	SRPX2
20	14	98	ENPP1
20	14	99	IGFBP1
20	14	100	SDF2L1
20	15	1	RGS5
20	15	2	ACTA2
20	15	3	GJA4
20	15	4	TINAGL1
20	15	5	ADGRF5
20	15	6	COX4I2
20	15	7	PPP1R14A
20	15	8	SYNPO2
20	15	9	CD36
20	15	10	MCAM
20	15	11	NOTCH3
20	15	12	HIGD1B
20	15	13	TAGLN
20	15	14	FHL5
20	15	15	NR2F2
20	15	16	IGFBP7
20	15	17	HES4
20	15	18	COL4A2
20	15	19	COL4A1
20	15	20	PLN
20	15	21	SCN4B
20	15	22	EDNRA
20	15	23	RNF152
20	15	24	LINC01197
20	15	25	CARMN
20	15	26	CALD1
20	15	27	FILIP1L
20	15	28	CHN1
20	15	29	GUCY1B1
20	15	30	THY1
20	15	31	MYL9
20	15	32	MYH11
20	15	33	ARHGAP15
20	15	34	RCAN2
20	15	35	ADAMTS4
20	15	36	TBX2
20	15	37	LINC00924
20	15	38	PDE5A
20	15	39	GUCY1A1
20	15	40	GGT5
20	15	41	LMOD1
20	15	42	KCNE4
20	15	43	HEYL
20	15	44	MYLK
20	15	45	ID4
20	15	46	EDNRB
20	15	47	CCDC102B
20	15	48	FOXS1
20	15	49	SPARCL1
20	15	50	MAP1B
20	15	51	COL18A1
20	15	52	FABP4
20	15	53	AF121898.1
20	15	54	ANGPT2
20	15	55	HSPH1
20	15	56	EBF2
20	15	57	TPM1
20	15	58	NR2F2-AS1
20	15	59	C3orf70
20	15	60	HSPA1A
20	15	61	SPRY1
20	15	62	LGI4
20	15	63	LINC00989
20	15	64	CPE
20	15	65	CD200
20	15	66	HSPA1B
20	15	67	HSPA6
20	15	68	RGS4
20	15	69	JAG1
20	15	70	LPL
20	15	71	NEXN
20	15	72	CYGB
20	15	73	AHR
20	15	74	MAP2
20	15	75	SUCNR1
20	15	76	COL5A3
20	15	77	NID1
20	15	78	F2R
20	15	79	DNAJB1
20	15	80	SFRP2
20	15	81	ARHGAP6
20	15	82	OLFML2A
20	15	83	CAMK2N1
20	15	84	ADAMTS1
20	15	85	SGIP1
20	15	86	AGT
20	15	87	ABCC9
20	15	88	TFPI
20	15	89	NGFR
20	15	90	CYTOR
20	15	91	PEAR1
20	15	92	NRP1
20	15	93	DMD
20	15	94	OLFML2B
20	15	95	SUSD2
20	15	96	STEAP4
20	15	97	LRRC32
20	15	98	AC242426.2
20	15	99	STXBP6
20	15	100	LHFPL6
20	16	1	NRXN1
20	16	2	PLP1
20	16	3	CDH19
20	16	4	SCN7A
20	16	5	CHL1
20	16	6	NGFR
20	16	7	AC027013.1
20	16	8	S100B
20	16	9	ARHGAP15
20	16	10	CLDN1
20	16	11	GFRA1
20	16	12	ITGA6
20	16	13	SLC22A3
20	16	14	COL28A1
20	16	15	OLFML2A
20	16	16	NR2F2
20	16	17	CNKSR3
20	16	18	SORCS1
20	16	19	MPZ
20	16	20	MAL
20	16	21	MYOT
20	16	22	EBF2
20	16	23	AKAP12
20	16	24	GPM6B
20	16	25	SESN3
20	16	26	TCIM
20	16	27	MAP1B
20	16	28	ITGB8
20	16	29	FOXS1
20	16	30	PI16
20	16	31	PTPRZ1
20	16	32	MARCKS
20	16	33	CNTN4
20	16	34	SHISA3
20	16	35	IGFBP7
20	16	36	NTM
20	16	37	FLRT2
20	16	38	COL18A1
20	16	39	COL4A1
20	16	40	APOD
20	16	41	ABCA8
20	16	42	COL4A2
20	16	43	MCAM
20	16	44	GPC3
20	16	45	RARRES2
20	16	46	PEAR1
20	16	47	TMSB10
20	16	48	PCDH7
20	16	49	DMD
20	16	50	LAMB1
20	16	51	RUNX2
20	16	52	ERBB3
20	16	53	CCN3
20	16	54	BNC2
20	16	55	INMT
20	16	56	TENM3
20	16	57	FIGN
20	16	58	P2RY14
20	16	59	GAS7
20	16	60	EDNRA
20	16	61	TSPAN11
20	16	62	TAGLN
20	16	63	OLFML2B
20	16	64	FMO1
20	16	65	COL21A1
20	16	66	ABCA9
20	16	67	GNG2
20	16	68	ZEB2
20	16	69	ITM2A
20	16	70	CALD1
20	16	71	TENM4
20	16	72	PAK3
20	16	73	MEOX2
20	16	74	HGF
20	16	75	MATN2
20	16	76	CHN1
20	16	77	CAPN6
20	16	78	PLK2
20	16	79	NOTCH3
20	16	80	IL18
20	16	81	CHRDL1
20	16	82	PEAK1
20	16	83	SH3PXD2A
20	16	84	EGFR
20	16	85	SPON2
20	16	86	LTBP4
20	16	87	LGI4
20	16	88	AHR
20	16	89	P2RY1
20	16	90	DACT1
20	16	91	STMN1
20	16	92	CELF2
20	16	93	PRLR
20	16	94	CNTN1
20	16	95	PRICKLE1
20	16	96	FSTL3
20	16	97	LAMA2
20	16	98	SEMA6A
20	16	99	ADGRB3
20	16	100	NRP1
20	17	1	PECAM1
20	17	2	GIMAP7
20	17	3	EMCN
20	17	4	ACKR1
20	17	5	SOX18
20	17	6	PLVAP
20	17	7	PCAT19
20	17	8	CCL14
20	17	9	VWF
20	17	10	SELE
20	17	11	CD93
20	17	12	MMRN1
20	17	13	ADGRL4
20	17	14	TFF3
20	17	15	STC1
20	17	16	CCL21
20	17	17	RAMP3
20	17	18	CYYR1
20	17	19	BCAM
20	17	20	CALCRL
20	17	21	LYVE1
20	17	22	EDN1
20	17	23	CAVIN2
20	17	24	SOX17
20	17	25	PKHD1L1
20	17	26	SLCO2A1
20	17	27	CD74
20	17	28	KDR
20	17	29	ADCY4
20	17	30	EDNRB
20	17	31	CLDN5
20	17	32	HLA-DRA
20	17	33	ENTPD1
20	17	34	GMFG
20	17	35	SEMA6A
20	17	36	ITGA6
20	17	37	HLA-DRB1
20	17	38	RNASE1
20	17	39	CLEC2B
20	17	40	PODXL
20	17	41	FABP4
20	17	42	ROBO4
20	17	43	LPAR6
20	17	44	RAMP2
20	17	45	CNKSR3
20	17	46	ADGRF5
20	17	47	TSPAN7
20	17	48	APLNR
20	17	49	SYNE2
20	17	50	FLT1
20	17	51	TM4SF1
20	17	52	PDLIM1
20	17	53	CD34
20	17	54	FABP5
20	17	55	PLAT
20	17	56	CD200
20	17	57	MYO5C
20	17	58	F2RL3
20	17	59	IFI27
20	17	60	TFPI
20	17	61	CD36
20	17	62	MCF2L
20	17	63	TMSB10
20	17	64	CTSH
20	17	65	HLA-DQA1
20	17	66	MCAM
20	17	67	HLA-DRB5
20	17	68	THSD7A
20	17	69	C2CD4B
20	17	70	TINAGL1
20	17	71	PLIN5
20	17	72	TCIM
20	17	73	DOCK9
20	17	74	ITM2A
20	17	75	LRRC32
20	17	76	DOCK4
20	17	77	AQP1
20	17	78	PLCB1
20	17	79	ADGRL2
20	17	80	MEF2C
20	17	81	HSPG2
20	17	82	PLCB4
20	17	83	IL33
20	17	84	ARHGAP29
20	17	85	HLA-DQB1
20	17	86	CHRDL1
20	17	87	APOLD1
20	17	88	AGRN
20	17	89	SPRY1
20	17	90	LMCD1
20	17	91	STAB1
20	17	92	LAPTM5
20	17	93	FAM167B
20	17	94	CNTNAP3
20	17	95	SCN11A
20	17	96	HEG1
20	17	97	KLF2
20	17	98	BTNL9
20	17	99	ANXA3
20	17	100	AC130650.2
20	18	1	C1QA
20	18	2	AIF1
20	18	3	C1QB
20	18	4	CYBB
20	18	5	C1QC
20	18	6	FOLR2
20	18	7	TYROBP
20	18	8	MARCO
20	18	9	RNASE1
20	18	10	MS4A6A
20	18	11	MS4A7
20	18	12	HLA-DRA
20	18	13	VSIG4
20	18	14	HLA-DQA1
20	18	15	LYZ
20	18	16	CD163
20	18	17	CD74
20	18	18	S100A8
20	18	19	FCGR3A
20	18	20	MS4A4A
20	18	21	FCER1G
20	18	22	FCGR2B
20	18	23	LILRB5
20	18	24	EMB
20	18	25	HLA-DRB1
20	18	26	ALOX5AP
20	18	27	LAPTM5
20	18	28	STAB1
20	18	29	LYVE1
20	18	30	FCER1A
20	18	31	S100A9
20	18	32	HLA-DRB5
20	18	33	RGS1
20	18	34	HLA-DQB1
20	18	35	CD37
20	18	36	MARCH1
20	18	37	CCL4L2
20	18	38	CPVL
20	18	39	PTPRC
20	18	40	CCL3
20	18	41	HPGDS
20	18	42	P2RY14
20	18	43	ADAM28
20	18	44	NCKAP1L
20	18	45	CCL3L1
20	18	46	GMFG
20	18	47	CXCL8
20	18	48	HCST
20	18	49	IL18
20	18	50	CCL4
20	18	51	BTK
20	18	52	CIITA
20	18	53	FCN1
20	18	54	ENTPD1
20	18	55	SRGN
20	18	56	IFI30
20	18	57	TNF
20	18	58	AC104051.2
20	18	59	CD93
20	18	60	F13A1
20	18	61	INPP5D
20	18	62	CD36
20	18	63	FTH1
20	18	64	CD83
20	18	65	PECAM1
20	18	66	HPGD
20	18	67	CPA3
20	18	68	IKZF1
20	18	69	L1TD1
20	18	70	CTSG
20	18	71	POU2F2
20	18	72	FYB1
20	18	73	MS4A2
20	18	74	MYO5A
20	18	75	LPAR6
20	18	76	MERTK
20	18	77	SORL1
20	18	78	CCL18
20	18	79	TMSB10
20	18	80	TPSB2
20	18	81	SELENOP
20	18	82	CD14
20	18	83	DEPDC1
20	18	84	SLC40A1
20	18	85	UBE2C
20	18	86	CTSH
20	18	87	REPS2
20	18	88	GPR183
20	18	89	SAMHD1
20	18	90	CDK1
20	18	91	TNFAIP3
20	18	92	RAC2
20	18	93	IGSF21
20	18	94	GNG2
20	18	95	GPR65
20	18	96	CXCL3
20	18	97	TPSAB1
20	18	98	GRK3
20	18	99	MAF
20	18	100	P2RX7
20	19	1	CD3D
20	19	2	PTPRC
20	19	3	CD52
20	19	4	NKG7
20	19	5	CCL5
20	19	6	TRBC2
20	19	7	IL7R
20	19	8	TRBC1
20	19	9	CXCR4
20	19	10	SAMSN1
20	19	11	KLRB1
20	19	12	LTB
20	19	13	GZMA
20	19	14	CD69
20	19	15	CD48
20	19	16	TRAC
20	19	17	BCL11B
20	19	18	GZMK
20	19	19	RUNX3
20	19	20	CD37
20	19	21	RAC2
20	19	22	TPSAB1
20	19	23	HCST
20	19	24	GPR65
20	19	25	RHOH
20	19	26	SRGN
20	19	27	SPOCK2
20	19	28	EMB
20	19	29	ALOX5AP
20	19	30	CCL4
20	19	31	IL32
20	19	32	TPSB2
20	19	33	MS4A2
20	19	34	CPA3
20	19	35	IKZF1
20	19	36	CD247
20	19	37	AREG
20	19	38	GMFG
20	19	39	GIMAP7
20	19	40	XCL1
20	19	41	TNFAIP3
20	19	42	RGS1
20	19	43	GPR183
20	19	44	HPGDS
20	19	45	PRDM1
20	19	46	FCER1G
20	19	47	STMN1
20	19	48	HDC
20	19	49	CTSG
20	19	50	LAPTM5
20	19	51	HPGD
20	19	52	ARHGAP15
20	19	53	CLEC2B
20	19	54	SLC18A2
20	19	55	FCER1A
20	19	56	ARL4C
20	19	57	FYB1
20	19	58	STK17B
20	19	59	TRAV17
20	19	60	DUSP2
20	19	61	NLRC3
20	19	62	MGAT4A
20	19	63	KIT
20	19	64	KRT19
20	19	65	CTSW
20	19	66	KLRG1
20	19	67	CLEC2D
20	19	68	MKI67
20	19	69	RGS13
20	19	70	AC091057.6
20	19	71	CD74
20	19	72	TNF
20	19	73	TYROBP
20	19	74	HLA-DRA
20	19	75	MAL
20	19	76	TOP2A
20	19	77	HLA-DQA1
20	19	78	CEP55
20	19	79	GNG2
20	19	80	AC114760.2
20	19	81	DOCK10
20	19	82	DUSP4
20	19	83	ZNF331
20	19	84	TNFRSF1B
20	19	85	TMSB10
20	19	86	SYNE2
20	19	87	ZC3H12D
20	19	88	CCL4L2
20	19	89	BIRC3
20	19	90	IL27RA
20	19	91	HIST1H1B
20	19	92	BTK
20	19	93	CYFIP2
20	19	94	CDK1
20	19	95	CENPF
20	19	96	AC008105.3
20	19	97	PAG1
20	19	98	NUSAP1
20	19	99	ANKRD44
20	19	100	B3GALT2
20	20	1	ANLN
20	20	2	ASPM
20	20	3	TOP2A
20	20	4	CENPF
20	20	5	CEP55
20	20	6	UBE2C
20	20	7	TPX2
20	20	8	MKI67
20	20	9	PIMREG
20	20	10	CCNB2
20	20	11	BIRC5
20	20	12	DEPDC1
20	20	13	CDK1
20	20	14	DIAPH3
20	20	15	PBK
20	20	16	CENPE
20	20	17	NUSAP1
20	20	18	CDC20
20	20	19	STMN1
20	20	20	TYMS
20	20	21	LGALS1
20	20	22	HIST1H1B
20	20	23	CD70
20	20	24	ESCO2
20	20	25	CIT
20	20	26	TFPI2
20	20	27	C12orf75
20	20	28	MYEF2
20	20	29	HIST1H3G
20	20	30	SMC2
20	20	31	CA1
20	20	32	AHSP
20	20	33	HBM
20	20	34	S100A10
20	20	35	ITGB1
20	20	36	NAV2
20	20	37	SLC4A8
20	20	38	COL6A1
20	20	39	PPP1R14B
20	20	40	MYBL1
20	20	41	ANXA2
20	20	42	ALAS2
20	20	43	NSD2
20	20	44	MAP4K4
20	20	45	OLFML2B
20	20	46	MAP1B
20	20	47	FAM111B
20	20	48	NRP2
20	20	49	CCND1
20	20	50	FHL2
20	20	51	PODXL
20	20	52	TNFRSF12A
20	20	53	ANPEP
20	20	54	CLEC2B
20	20	55	HIST1H2AL
20	20	56	TMSB10
20	20	57	LMNB1
20	20	58	COL6A2
20	20	59	CEP152
20	20	60	ALCAM
20	20	61	ITGA6
20	20	62	UCP2
20	20	63	SYNE2
20	20	64	COL15A1
20	20	65	HBD
20	20	66	COL6A3
20	20	67	FLNA
20	20	68	CDC25B
20	20	69	TM4SF1
20	20	70	C21orf58
20	20	71	CD82
20	20	72	EZR
20	20	73	PLEC
20	20	74	ORC6
20	20	75	TCF19
20	20	76	EMP3
20	20	77	SULF1
20	20	78	HBA1
20	20	79	HBB
20	20	80	FOSL1
20	20	81	ITGA3
20	20	82	CDH13
20	20	83	ITGA5
20	20	84	HLA-DRA
20	20	85	HLA-DQA1
20	20	86	HSD3B7
20	20	87	S100A6
20	20	88	PRSS23
20	20	89	CKB
20	20	90	TYMP
20	20	91	SACS
20	20	92	NHSL1
20	20	93	CCDC88A
20	20	94	PCNT
20	20	95	FSTL1
20	20	96	BIRC3
20	20	97	TEAD1
20	20	98	KRT16
20	20	99	CSPG4
20	20	100	AC068491.3
22	1	1	DST
22	1	2	PLCG2
22	1	3	MALAT1
22	1	4	MACF1
22	1	5	FTX
22	1	6	DDX17
22	1	7	EDIL3
22	1	8	NKTR
22	1	9	SYNE1
22	1	10	PTPRD
22	1	11	ECM2
22	1	12	COL12A1
22	1	13	OGN
22	1	14	NEAT1
22	1	15	ZNF704
22	1	16	STEAP2
22	1	17	UACA
22	1	18	LTBP2
22	1	19	UTRN
22	1	20	TNRC6B
22	1	21	FAT4
22	1	22	TNC
22	1	23	ANTXR1
22	1	24	TNRC6A
22	1	25	ZNF638
22	1	26	CDON
22	1	27	ITGA11
22	1	28	OGA
22	1	29	COLGALT2
22	1	30	KIAA1109
22	1	31	ATM
22	1	32	RIF1
22	1	33	VPS13C
22	1	34	MYO9A
22	1	35	PTPN14
22	1	36	KMT2C
22	1	37	ZNF292
22	1	38	OGT
22	1	39	CAMK1D
22	1	40	SNHG14
22	1	41	KMT2A
22	1	42	CEP126
22	1	43	A2M
22	1	44	FZD8
22	1	45	SHPRH
22	1	46	ANKRD36C
22	1	47	PIK3R1
22	1	48	ADAMTS6
22	1	49	ATF7IP
22	1	50	PHC3
22	1	51	PRUNE2
22	1	52	GOLGA8A
22	1	53	SYNM
22	1	54	CCDC88A
22	1	55	ITGA10
22	1	56	NIN
22	1	57	AEBP1
22	1	58	ANK3
22	1	59	PLEKHH2
22	1	60	LUM
22	1	61	SETX
22	1	62	F5
22	1	63	MXRA5
22	1	64	ZNF91
22	1	65	CCDC144A
22	1	66	ANKRD36
22	1	67	CCNL2
22	1	68	PLEC
22	1	69	CPLANE1
22	1	70	PDE4D
22	1	71	PKD1
22	1	72	ASPN
22	1	73	ITGA1
22	1	74	ABHD2
22	1	75	RNF213
22	1	76	TNXB
22	1	77	ARID1B
22	1	78	RNPC3
22	1	79	MIR99AHG
22	1	80	RIN2
22	1	81	CILP
22	1	82	MYO1D
22	1	83	ENPP1
22	1	84	PDGFRA
22	1	85	COL6A3
22	1	86	MKLN1
22	1	87	SPEN
22	1	88	AC092683.1
22	1	89	INTU
22	1	90	ANKRD50
22	1	91	C2CD2
22	1	92	TRIM56
22	1	93	SMG1
22	1	94	BDP1
22	1	95	CRYBG3
22	1	96	MTR
22	1	97	GPR155
22	1	98	ZNF532
22	1	99	PLA2R1
22	1	100	AL078639.1
22	2	1	FRZB
22	2	2	RGS16
22	2	3	GADD45B
22	2	4	MT-ND5
22	2	5	IER3
22	2	6	CLU
22	2	7	C9orf3
22	2	8	MT-CO3
22	2	9	CRYAB
22	2	10	CKB
22	2	11	NDUFA4L2
22	2	12	GADD45G
22	2	13	HES1
22	2	14	FBXO2
22	2	15	TPRG1
22	2	16	C2orf40
22	2	17	ID1
22	2	18	FHL1
22	2	19	EMP3
22	2	20	FGFBP2
22	2	21	MT-ND1
22	2	22	LEFTY2
22	2	23	BHLHE41
22	2	24	CHAD
22	2	25	COMP
22	2	26	MT-ND4
22	2	27	MT-CO1
22	2	28	DCN
22	2	29	TUBA1A
22	2	30	TCEAL2
22	2	31	LMO2
22	2	32	BBS9
22	2	33	MT-ND4L
22	2	34	ID3
22	2	35	S100A6
22	2	36	MT-ATP6
22	2	37	IER5
22	2	38	EZR
22	2	39	FABP5
22	2	40	NR1D1
22	2	41	HSPB1
22	2	42	MBNL1-AS1
22	2	43	AL078639.1
22	2	44	ANXA2
22	2	45	MT-CO2
22	2	46	SCX
22	2	47	GDF10
22	2	48	ANGPTL5
22	2	49	MT-CYB
22	2	50	ADM
22	2	51	SCRG1
22	2	52	TNFAIP8L1
22	2	53	ENHO
22	2	54	NFKBIA
22	2	55	CPAMD8
22	2	56	MGP
22	2	57	WWP2
22	2	58	MT-ND3
22	2	59	RAMP1
22	2	60	CILP
22	2	61	FAM180B
22	2	62	RBP4
22	2	63	LINC01089
22	2	64	FXYD6
22	2	65	PLK2
22	2	66	SERTAD4
22	2	67	PRELP
22	2	68	NMB
22	2	69	DDIT3
22	2	70	IER5L
22	2	71	F13A1
22	2	72	GNB5
22	2	73	RRAD
22	2	74	KCNMA1
22	2	75	TSC22D1
22	2	76	CITED2
22	2	77	HRCT1
22	2	78	RGS3
22	2	79	TNFRSF11B
22	2	80	CAPS
22	2	81	RASD1
22	2	82	NR4A2
22	2	83	EMILIN3
22	2	84	PPP1R3C
22	2	85	LAG3
22	2	86	ADRA2A
22	2	87	SIX1
22	2	88	THUMPD3-AS1
22	2	89	CDKN1A
22	2	90	DEFB1
22	2	91	LGALS1
22	2	92	JUN
22	2	93	STK38L
22	2	94	MYOT
22	2	95	KLF2
22	2	96	CYR61
22	2	97	LTBP2
22	2	98	MT-ATP8
22	2	99	IGFBP7
22	2	100	LINC02269
22	3	1	MT2A
22	3	2	MT1E
22	3	3	MT1X
22	3	4	MT1M
22	3	5	CHI3L1
22	3	6	LOX
22	3	7	AC008592.5
22	3	8	SLC25A37
22	3	9	DDIT4
22	3	10	SOD2
22	3	11	MT1G
22	3	12	GLRX
22	3	13	EGLN3
22	3	14	CDA
22	3	15	ANGPTL4
22	3	16	BNIP3
22	3	17	EFNA1
22	3	18	ERRFI1
22	3	19	GPX3
22	3	20	TMEM204
22	3	21	DNAH11
22	3	22	NAMPT
22	3	23	RNF144B
22	3	24	MT1F
22	3	25	SLC2A5
22	3	26	MT1H
22	3	27	MTHFD2
22	3	28	FTH1
22	3	29	ZNF395
22	3	30	LINC01554
22	3	31	ACKR3
22	3	32	HILPDA
22	3	33	PDK1
22	3	34	GALNT15
22	3	35	ADM
22	3	36	SAA1
22	3	37	RASD1
22	3	38	ADSSL1
22	3	39	MT1A
22	3	40	SDC4
22	3	41	MUC20-OT1
22	3	42	POU3F1
22	3	43	NEAT1
22	3	44	LAG3
22	3	45	SERPINE2
22	3	46	ICAM1
22	3	47	HSPB7
22	3	48	HAPLN1
22	3	49	AL031777.3
22	3	50	AP001160.1
22	3	51	CRISPLD2
22	3	52	UPP1
22	3	53	SERPINA1
22	3	54	SPINT2
22	3	55	ATOH8
22	3	56	OXA1L
22	3	57	THBD
22	3	58	MYBPH
22	3	59	COL27A1
22	3	60	STC2
22	3	61	RGCC
22	3	62	TRIB3
22	3	63	HSD3B7
22	3	64	CHI3L2
22	3	65	MYO10
22	3	66	APOD
22	3	67	SLC7A2
22	3	68	ITGA5
22	3	69	NDUFA4L2
22	3	70	WWP2
22	3	71	CD14
22	3	72	BEX2
22	3	73	NOS2
22	3	74	TXNIP
22	3	75	P4HB
22	3	76	SEPT11
22	3	77	TNFRSF10D
22	3	78	SLC2A1
22	3	79	AC007952.4
22	3	80	RASSF4
22	3	81	FOXC2
22	3	82	TGM2
22	3	83	ZNF292
22	3	84	ANKRD37
22	3	85	AC023157.3
22	3	86	DDIT4L
22	3	87	RBP4
22	3	88	HSPA5
22	3	89	CCDC71L
22	3	90	FOS
22	3	91	IL6R
22	3	92	SAA2
22	3	93	POLR2J3-1
22	3	94	CTGF
22	3	95	SLPI
22	3	96	C2orf40
22	3	97	RPRM
22	3	98	TIMP4
22	3	99	SFMBT2
22	3	100	GTF2IRD2
22	4	1	GPX3
22	4	2	CYP4B1
22	4	3	SUN2
22	4	4	PLPP3
22	4	5	GPM6B
22	4	6	FBLN1
22	4	7	LINC01088
22	4	8	GALNT15
22	4	9	ADAMTS5
22	4	10	GLUL
22	4	11	ANGPTL7
22	4	12	IGFBP6
22	4	13	CCDC3
22	4	14	TSKU
22	4	15	PDK4
22	4	16	MMP3
22	4	17	JUN
22	4	18	FAXDC2
22	4	19	GSN
22	4	20	MYOC
22	4	21	CORO6
22	4	22	RIPOR2
22	4	23	C1QTNF7
22	4	24	NTRK2
22	4	25	NOX4
22	4	26	LTBP4
22	4	27	DUSP1
22	4	28	AMOTL2
22	4	29	PIK3R1
22	4	30	MAMDC2
22	4	31	MEG3
22	4	32	DEPP1
22	4	33	MAOA
22	4	34	DDIT4
22	4	35	TGFBR3
22	4	36	LAMA2
22	4	37	ADAMTSL4
22	4	38	MTHFD2
22	4	39	OXA1L
22	4	40	BTG2
22	4	41	DIO3OS
22	4	42	CYR61
22	4	43	HSPA1B
22	4	44	IZUMO4
22	4	45	TXNIP
22	4	46	PDGFRL
22	4	47	ACADL
22	4	48	TNS2
22	4	49	DHCR24
22	4	50	HSPA1A
22	4	51	ADCY2
22	4	52	CDH13
22	4	53	ANGPTL5
22	4	54	GPNMB
22	4	55	BCL6
22	4	56	FKBP5
22	4	57	AR
22	4	58	FOS
22	4	59	DPP4
22	4	60	MYC
22	4	61	LHFPL6
22	4	62	STMN1
22	4	63	SLC7A8
22	4	64	SLPI
22	4	65	ZFP36L2
22	4	66	METTL7A
22	4	67	C1R
22	4	68	CITED2
22	4	69	MT-ND2
22	4	70	NR4A1
22	4	71	NEAT1
22	4	72	AC016831.5
22	4	73	H6PD
22	4	74	KCNK15
22	4	75	RBMS3
22	4	76	TM4SF1
22	4	77	CTGF
22	4	78	ACKR3
22	4	79	CKB
22	4	80	OLFML3
22	4	81	INSIG1
22	4	82	ID3
22	4	83	RPS6KA2
22	4	84	ATF3
22	4	85	RNASEH2A
22	4	86	CFH
22	4	87	MMP14
22	4	88	MUC20-OT1
22	4	89	SASH1
22	4	90	WDR73
22	4	91	AP000851.2
22	4	92	WISP2
22	4	93	ECE1
22	4	94	TSPAN7
22	4	95	PCDH17
22	4	96	NR1D1
22	4	97	RBP4
22	4	98	MT1X
22	4	99	KDR
22	4	100	MGST1
22	5	1	COL2A1
22	5	2	SCRG1
22	5	3	SBSPON
22	5	4	COL9A3
22	5	5	FMOD
22	5	6	CLEC3A
22	5	7	CILP2
22	5	8	COL11A2
22	5	9	FIBIN
22	5	10	COL11A1
22	5	11	SMOC2
22	5	12	MGP
22	5	13	COL9A2
22	5	14	S100A1
22	5	15	COMP
22	5	16	OGN
22	5	17	AQP3
22	5	18	TSPAN2
22	5	19	ACAN
22	5	20	SPARC
22	5	21	SERPINA5
22	5	22	C2orf40
22	5	23	PRDX4
22	5	24	BGN
22	5	25	PRELP
22	5	26	HAPLN1
22	5	27	CILP
22	5	28	SPINT2
22	5	29	MIA
22	5	30	DCN
22	5	31	TNNT3
22	5	32	SERPINA1
22	5	33	P4HB
22	5	34	PAPSS2
22	5	35	SDC1
22	5	36	SCX
22	5	37	CTGF
22	5	38	LUM
22	5	39	PCSK1N
22	5	40	HRCT1
22	5	41	FXYD6
22	5	42	CYR61
22	5	43	TIMP4
22	5	44	SRPX2
22	5	45	ANGPTL2
22	5	46	COL3A1
22	5	47	TRPV4
22	5	48	KLF2
22	5	49	C9orf3
22	5	50	DPT
22	5	51	PART1
22	5	52	FBXO2
22	5	53	COLGALT2
22	5	54	HTRA1
22	5	55	COL5A2
22	5	56	ATP1B1
22	5	57	C1QTNF4
22	5	58	COL5A1
22	5	59	FGF18
22	5	60	EGR2
22	5	61	FGFBP2
22	5	62	DNER
22	5	63	TSC22D1
22	5	64	FGFR3
22	5	65	GAS1
22	5	66	MAP2K6
22	5	67	COL1A2
22	5	68	CLIC3
22	5	69	KIAA1549
22	5	70	CA9
22	5	71	STK38L
22	5	72	RGCC
22	5	73	SRM
22	5	74	COL15A1
22	5	75	OMD
22	5	76	TF
22	5	77	NDUFA4L2
22	5	78	ADSSL1
22	5	79	DIO2
22	5	80	BMPER
22	5	81	ADAMTS6
22	5	82	GREM1
22	5	83	CHAD
22	5	84	SHC4
22	5	85	CHI3L2
22	5	86	COL13A1
22	5	87	ASPN
22	5	88	RAB11FIP4
22	5	89	HLA-DQB1
22	5	90	PGAM2
22	5	91	SLC40A1
22	5	92	GDF5
22	5	93	FOXC2
22	5	94	TNFRSF11B
22	5	95	NEBL
22	5	96	A2M
22	5	97	IFITM10
22	5	98	NRGN
22	5	99	EMILIN3
22	5	100	LAG3
22	6	1	GABARAP
22	6	2	GAS5
22	6	3	RPL17
22	6	4	SNHG5
22	6	5	EEF1G
22	6	6	RNASEK
22	6	7	ECRG4
22	6	8	SNHG29
22	6	9	S100A1
22	6	10	CCN2
22	6	11	NME2
22	6	12	RPS17
22	6	13	SERPINA3
22	6	14	SEPTIN7
22	6	15	AL021155.5
22	6	16	CHAD
22	6	17	MIF
22	6	18	CCN1
22	6	19	STC2
22	6	20	RGCC
22	6	21	ATOH8
22	6	22	FRZB
22	6	23	MICOS10
22	6	24	AC253572.2
22	6	25	PRELP
22	6	26	DCN
22	6	27	THBS1
22	6	28	TIPARP
22	6	29	SCIN
22	6	30	ANGPTL7
22	6	31	HIP1
22	6	32	AL360012.1
22	6	33	ENHO
22	6	34	TXNIP
22	6	35	USP53
22	6	36	HIST1H1E
22	6	37	AL627171.2
22	6	38	FAXDC2
22	6	39	ACTC1
22	6	40	IGFBP6
22	6	41	ADCY2
22	6	42	KIAA0040
22	6	43	RBP4
22	6	44	EGLN2
22	6	45	MT1E
22	6	46	COMP
22	6	47	TPRG1
22	6	48	DSP
22	6	49	HIST1H1C
22	6	50	AC005165.1
22	6	51	NXPE2
22	6	52	SNHG14
22	6	53	DUSP2
22	6	54	ILF3-DT
22	6	55	EGR1
22	6	56	GALNT15
22	6	57	CRIP1
22	6	58	ABI3BP
22	6	59	CILP
22	6	60	BTG2
22	6	61	C1QTNF7
22	6	62	AC239799.2
22	6	63	DLX5
22	6	64	TCEAL2
22	6	65	NOVA1
22	6	66	SEPTIN2
22	6	67	FBXO2
22	6	68	BEX2
22	6	69	CKB
22	6	70	KNOP1
22	6	71	PIK3R1
22	6	72	NR1D1
22	6	73	OMD
22	6	74	SOCS3
22	6	75	ACADL
22	6	76	AC020916.1
22	6	77	RHOU
22	6	78	AL355075.4
22	6	79	PDZRN4
22	6	80	CYP3A5
22	6	81	MTSS1
22	6	82	AC007952.4
22	6	83	BHLHE41
22	6	84	CPAMD8
22	6	85	RAPGEF5
22	6	86	DEFB1
22	6	87	DDIT4
22	6	88	CLDN5
22	6	89	SLC7A8
22	6	90	FOS
22	6	91	CMYA5
22	6	92	ANK3
22	6	93	CHD2
22	6	94	CHAC1
22	6	95	FGFBP2
22	6	96	LMO2
22	6	97	AC005005.4
22	6	98	ANXA2R
22	6	99	KCNK5
22	6	100	Z93241.1
22	7	1	CFD
22	7	2	PODN
22	7	3	SERPINF1
22	7	4	SRPX
22	7	5	C1S
22	7	6	C3
22	7	7	PTGFR
22	7	8	EFEMP1
22	7	9	SFRP1
22	7	10	CXCL12
22	7	11	C1R
22	7	12	MGST1
22	7	13	PLA2G2A
22	7	14	TMEM176B
22	7	15	GGT5
22	7	16	IGFBP4
22	7	17	FBLN2
22	7	18	TMEM176A
22	7	19	PCDH18
22	7	20	IGF1
22	7	21	CYP1B1
22	7	22	GSN
22	7	23	ABCA8
22	7	24	FGF7
22	7	25	ALDH1A1
22	7	26	EPHX1
22	7	27	MMP2
22	7	28	FBLN5
22	7	29	NID1
22	7	30	DCLK1
22	7	31	RARRES2
22	7	32	ADH1C
22	7	33	AGTR1
22	7	34	EBF1
22	7	35	SELENOP
22	7	36	C6
22	7	37	WISP2
22	7	38	CLSTN2
22	7	39	VIT
22	7	40	APOD
22	7	41	ITM2A
22	7	42	FBLN1
22	7	43	ABCC9
22	7	44	GPC3
22	7	45	GAS6
22	7	46	SVEP1
22	7	47	CXCL14
22	7	48	SFRP2
22	7	49	CYGB
22	7	50	ZFP36L2
22	7	51	SAMHD1
22	7	52	IRX3
22	7	53	PLTP
22	7	54	ABCA6
22	7	55	SCG2
22	7	56	HSPB6
22	7	57	NEGR1
22	7	58	CES1
22	7	59	IL33
22	7	60	MT-ND1
22	7	61	PLPP3
22	7	62	AOX1
22	7	63	TSKU
22	7	64	PTGER4
22	7	65	KCNE4
22	7	66	ADH1B
22	7	67	TMEM150C
22	7	68	PDLIM1
22	7	69	MT-ND3
22	7	70	LBP
22	7	71	GLUL
22	7	72	ABCA9
22	7	73	PCSK5
22	7	74	STK17B
22	7	75	CHRDL1
22	7	76	ACKR4
22	7	77	LAMA2
22	7	78	ADD3
22	7	79	FMO3
22	7	80	LAMB1
22	7	81	OLFML3
22	7	82	ANTXR2
22	7	83	LMOD1
22	7	84	BASP1
22	7	85	CCL13
22	7	86	MT-CYB
22	7	87	MT-ND2
22	7	88	MFAP4
22	7	89	LAMC1
22	7	90	JUN
22	7	91	SPRY1
22	7	92	NR2F2
22	7	93	MT-CO1
22	7	94	HSD11B1
22	7	95	FILIP1
22	7	96	PDGFRL
22	7	97	CPE
22	7	98	LGALS3BP
22	7	99	BMP5
22	7	100	BICC1
22	8	1	HLA-DRB1
22	8	2	COL14A1
22	8	3	CFI
22	8	4	CCN5
22	8	5	PTGDS
22	8	6	HLA-DRB5
22	8	7	CRISPLD1
22	8	8	PTN
22	8	9	HSPH1
22	8	10	C7
22	8	11	AHR
22	8	12	KCTD12
22	8	13	MGAT4C
22	8	14	CXCL12
22	8	15	APOE
22	8	16	RSPO3
22	8	17	DNAJB1
22	8	18	SELENOP
22	8	19	PDGFRA
22	8	20	ANGPTL1
22	8	21	BST2
22	8	22	FGL2
22	8	23	CCN1
22	8	24	CD74
22	8	25	ZFP36L1
22	8	26	C16orf89
22	8	27	SLC5A3
22	8	28	EPHX1
22	8	29	LAMA4
22	8	30	C1R
22	8	31	STEAP4
22	8	32	PDE5A
22	8	33	PLTP
22	8	34	SFRP1
22	8	35	THY1
22	8	36	ENAH
22	8	37	CP
22	8	38	ENPP2
22	8	39	LGALS3BP
22	8	40	HSPA6
22	8	41	PLPP1
22	8	42	EFEMP1
22	8	43	NID2
22	8	44	SNCG
22	8	45	ZIC1
22	8	46	KCNQ1OT1
22	8	47	C2
22	8	48	OLFML1
22	8	49	HLA-DRA
22	8	50	FMO2
22	8	51	PCDH9
22	8	52	ANGPT1
22	8	53	COLEC12
22	8	54	PRSS23
22	8	55	NELL1
22	8	56	PDE1A
22	8	57	FGF10
22	8	58	SEPTIN2
22	8	59	NTNG1
22	8	60	HSPA1A
22	8	61	FAM13C
22	8	62	IGFBP4
22	8	63	OLFM2
22	8	64	SERPINF1
22	8	65	PPP1R15A
22	8	66	OLFML2B
22	8	67	PLAU
22	8	68	S1PR3
22	8	69	SEPTIN7
22	8	70	PLAC9
22	8	71	MRPS6
22	8	72	HSPA1B
22	8	73	FILIP1L
22	8	74	OLFML3
22	8	75	MICOS10
22	8	76	TSHZ2
22	8	77	TNC
22	8	78	SNHG29
22	8	79	MTRNR2L1
22	8	80	SNHG5
22	8	81	TWIST1
22	8	82	OSR2
22	8	83	RND3
22	8	84	GABARAP
22	8	85	TNFSF13B
22	8	86	NME2
22	8	87	HGF
22	8	88	ADGRB3
22	8	89	SNED1
22	8	90	AKR1C3
22	8	91	PLA2G2A
22	8	92	OSR1
22	8	93	PLEKHA6
22	8	94	JUN
22	8	95	EPHA3
22	8	96	EEF1G
22	8	97	NRP1
22	8	98	MT-ATP6
22	8	99	ITM2B
22	8	100	FOS
22	9	1	GEM
22	9	2	CDKN1A
22	9	3	ABL2
22	9	4	MAT2A
22	9	5	HMOX1
22	9	6	PPP1R15A
22	9	7	KDM6B
22	9	8	IER3
22	9	9	NFKBIA
22	9	10	IRF1
22	9	11	MYC
22	9	12	NR4A3
22	9	13	NFKBIZ
22	9	14	SOCS3
22	9	15	ARID5B
22	9	16	NR4A2
22	9	17	IL6
22	9	18	ATF3
22	9	19	NR4A1
22	9	20	KCNQ1OT1
22	9	21	CXCL2
22	9	22	EGR1
22	9	23	ID4
22	9	24	RND3
22	9	25	GLIS3
22	9	26	NAMPT
22	9	27	PHLDA1
22	9	28	TIPARP
22	9	29	C11orf96
22	9	30	FNIP2
22	9	31	MIR222HG
22	9	32	HSPH1
22	9	33	SOD2
22	9	34	RCAN1
22	9	35	TNFAIP2
22	9	36	TUBB3
22	9	37	BIRC3
22	9	38	PTGS2
22	9	39	ICAM1
22	9	40	FOSL1
22	9	41	ADAMTS1
22	9	42	MEG8
22	9	43	CHAC1
22	9	44	BTG2
22	9	45	CXCL3
22	9	46	KIAA0040
22	9	47	BMP2
22	9	48	MT1A
22	9	49	GABPB1-AS1
22	9	50	ATXN7
22	9	51	DNAJB1
22	9	52	LIF
22	9	53	TNFRSF10D
22	9	54	TBX3
22	9	55	NEAT1
22	9	56	BDKRB1
22	9	57	AC016831.1
22	9	58	ELL2
22	9	59	LUCAT1
22	9	60	AC020916.1
22	9	61	CHMP1B
22	9	62	SGK1
22	9	63	KIF1B
22	9	64	EGR3
22	9	65	VMP1
22	9	66	GADD45B
22	9	67	RPS17
22	9	68	RGS16
22	9	69	ZNF331
22	9	70	CXCL1
22	9	71	RGS2
22	9	72	TNFAIP6
22	9	73	TNFAIP3
22	9	74	EZR
22	9	75	TSC22D1
22	9	76	CXCL8
22	9	77	INHBA
22	9	78	EFNB2
22	9	79	RDH10
22	9	80	RND1
22	9	81	AC058791.1
22	9	82	NFATC2
22	9	83	AC016831.5
22	9	84	INSIG1
22	9	85	FOXC2
22	9	86	CCL2
22	9	87	NABP1
22	9	88	IER5
22	9	89	RRAD
22	9	90	AKAP12
22	9	91	SPEN
22	9	92	GJA1
22	9	93	ZFP36L1
22	9	94	CD83
22	9	95	C2CD4B
22	9	96	MEDAG
22	9	97	ARL4C
22	9	98	TNFRSF12A
22	9	99	CCN1
22	9	100	PHLDA2
22	10	1	VEGFA
22	10	2	MIF
22	10	3	SLC2A1
22	10	4	SDF2L1
22	10	5	RPL17
22	10	6	BHLHE40
22	10	7	RPS17
22	10	8	EGLN3
22	10	9	ANGPTL4
22	10	10	HSPA5
22	10	11	SNHG29
22	10	12	NME2
22	10	13	ERRFI1
22	10	14	BNIP3
22	10	15	EEF1G
22	10	16	GAS5
22	10	17	PTGES
22	10	18	H19
22	10	19	ANKRD37
22	10	20	ZNF395
22	10	21	HILPDA
22	10	22	RNASEK
22	10	23	SEPTIN7
22	10	24	MICOS10
22	10	25	SERPINA1
22	10	26	EIF4EBP1
22	10	27	SIPA1L2
22	10	28	DLX4
22	10	29	CDON
22	10	30	VSIG10L2
22	10	31	TNFRSF12A
22	10	32	BMP2
22	10	33	SOX9
22	10	34	GABARAP
22	10	35	SNHG5
22	10	36	H1F0
22	10	37	DDIT3
22	10	38	PLEKHA1
22	10	39	CA9
22	10	40	SLC6A6
22	10	41	PGF
22	10	42	RFLNB
22	10	43	SERPINA3
22	10	44	BGN
22	10	45	FNIP2
22	10	46	CHD2
22	10	47	NCOR2
22	10	48	WWP2
22	10	49	TCEAL2
22	10	50	MT3
22	10	51	IGFBP5
22	10	52	UPP1
22	10	53	BHLHE41
22	10	54	PAPSS2
22	10	55	WNT7B
22	10	56	SYNPO
22	10	57	STAC2
22	10	58	CYP26B1
22	10	59	FAM13A
22	10	60	SEPTIN2
22	10	61	FOSL1
22	10	62	COL13A1
22	10	63	DDIT4L
22	10	64	RCAN1
22	10	65	PDK1
22	10	66	CRIP1
22	10	67	ECRG4
22	10	68	USP9Y
22	10	69	PHLDA2
22	10	70	APLN
22	10	71	P4HB
22	10	72	ADSSL1
22	10	73	IER5
22	10	74	AC093496.1
22	10	75	SLC7A11
22	10	76	IFITM10
22	10	77	FLT1
22	10	78	ADM
22	10	79	TNFRSF10D
22	10	80	MIA
22	10	81	UNC5B
22	10	82	ATP1B1
22	10	83	FOXC2
22	10	84	NDUFA4L2
22	10	85	FOXD1
22	10	86	KIAA0040
22	10	87	CHAC1
22	10	88	RNF144B
22	10	89	ICAM1
22	10	90	SHISAL2B
22	10	91	MRPS6
22	10	92	PMAIP1
22	10	93	DNAJB1
22	10	94	TGM2
22	10	95	CRISPLD2
22	10	96	SH3BP2
22	10	97	TRIB3
22	10	98	ARRDC3
22	10	99	COL5A1
22	10	100	TET1
22	11	1	PRG4
22	11	2	ITGBL1
22	11	3	CLIC5
22	11	4	TMEM196
22	11	5	DNASE1L3
22	11	6	GPR1
22	11	7	SPARCL1
22	11	8	GABRA4
22	11	9	ZNF385B
22	11	10	DIRC3
22	11	11	TIMP3
22	11	12	HBEGF
22	11	13	HTRA4
22	11	14	ITGB8
22	11	15	PCSK6
22	11	16	HHIP
22	11	17	TSPAN15
22	11	18	SEMA5A
22	11	19	CRTAC1
22	11	20	SEMA3A
22	11	21	APLP2
22	11	22	COL22A1
22	11	23	NTN4
22	11	24	CHST2
22	11	25	SCARA5
22	11	26	MTUS2
22	11	27	CFI
22	11	28	COLEC12
22	11	29	HHIP-AS1
22	11	30	APBB1IP
22	11	31	HAS1
22	11	32	SELP
22	11	33	MAL
22	11	34	TFPI
22	11	35	GFPT2
22	11	36	CTTNBP2
22	11	37	AC004540.2
22	11	38	GJB2
22	11	39	CREB5
22	11	40	TSPAN7
22	11	41	PPP1R1A
22	11	42	FGF10
22	11	43	TWISTNB
22	11	44	ITGA6
22	11	45	SEMA3C
22	11	46	SMIM14
22	11	47	GJB6
22	11	48	CLUL1
22	11	49	ITM2B
22	11	50	PPM1L
22	11	51	HTRA1
22	11	52	ARHGAP28
22	11	53	SLC2A12
22	11	54	ENPP4
22	11	55	EPB41L1
22	11	56	KHDRBS3
22	11	57	MYPN
22	11	58	SORBS2
22	11	59	FGL2
22	11	60	BTC
22	11	61	MT-CYB
22	11	62	ARL2
22	11	63	EFNB2
22	11	64	DLX3
22	11	65	CXCL1
22	11	66	TPPP3
22	11	67	S100A4
22	11	68	DLX4
22	11	69	C11orf96
22	11	70	EREG
22	11	71	OLFM3
22	11	72	GPR183
22	11	73	TOX3
22	11	74	SHANK2
22	11	75	EPB41L3
22	11	76	AC005062.1
22	11	77	PLEKHA1
22	11	78	THBS4
22	11	79	CSF1
22	11	80	ADAMTSL1
22	11	81	TMEM100
22	11	82	SAMD5
22	11	83	PDGFD
22	11	84	MT-CO1
22	11	85	F5
22	11	86	MT-CO2
22	11	87	MT-CO3
22	11	88	TMSB4X
22	11	89	ARHGAP20
22	11	90	BST2
22	11	91	PLCB1
22	11	92	CADM3
22	11	93	ZEB2
22	11	94	CIT
22	11	95	STEAP4
22	11	96	NDNF
22	11	97	DEFB1
22	11	98	PMAIP1
22	11	99	SNED1
22	11	100	TNFSF15
22	12	1	MFAP5
22	12	2	TMSB4X
22	12	3	FBN1
22	12	4	S100A4
22	12	5	S100A6
22	12	6	FSTL1
22	12	7	ANXA2
22	12	8	AQP1
22	12	9	SFRP4
22	12	10	S100A10
22	12	11	TPPP3
22	12	12	TNXB
22	12	13	FBLN2
22	12	14	LINC01133
22	12	15	PRSS23
22	12	16	DKK3
22	12	17	PLAC9
22	12	18	PPP1R14B
22	12	19	IGFBP6
22	12	20	SCARA5
22	12	21	GLIPR2
22	12	22	GAP43
22	12	23	PAMR1
22	12	24	GSN
22	12	25	CELF2
22	12	26	CD34
22	12	27	VCAN
22	12	28	C1QTNF3
22	12	29	LIMA1
22	12	30	DPP4
22	12	31	CD248
22	12	32	ANGPTL1
22	12	33	ANK2
22	12	34	ABLIM1
22	12	35	EMP3
22	12	36	CRIP1
22	12	37	COL6A2
22	12	38	CADM3
22	12	39	TMSB10
22	12	40	LTBP4
22	12	41	CRABP2
22	12	42	PLXDC1
22	12	43	CFD
22	12	44	ITM2B
22	12	45	STXBP6
22	12	46	TSHZ2
22	12	47	CD70
22	12	48	MAP1B
22	12	49	CYSLTR1
22	12	50	KLF6
22	12	51	MAP1A
22	12	52	NOVA1
22	12	53	ISLR
22	12	54	LGALS1
22	12	55	FYN
22	12	56	SLIT3
22	12	57	GPNMB
22	12	58	HSD3B7
22	12	59	FHL1
22	12	60	TUBA1A
22	12	61	FILIP1L
22	12	62	FAM180B
22	12	63	ITM2A
22	12	64	HEG1
22	12	65	SPARCL1
22	12	66	OLFML2A
22	12	67	PLPP1
22	12	68	PDGFD
22	12	69	MAMDC2
22	12	70	SSC5D
22	12	71	NBL1
22	12	72	PALM
22	12	73	THY1
22	12	74	SMIM14
22	12	75	HMCN2
22	12	76	COL14A1
22	12	77	COL6A1
22	12	78	BMP5
22	12	79	SLN
22	12	80	PPL
22	12	81	SEMA3C
22	12	82	TOGARAM2
22	12	83	CREB5
22	12	84	AKR1C2
22	12	85	CSF1
22	12	86	GAS7
22	12	87	ADD3
22	12	88	MEOX1
22	12	89	VIT
22	12	90	AKR1C3
22	12	91	MYL9
22	12	92	CBR3
22	12	93	WNT2
22	12	94	TGFBR3
22	12	95	OLFML1
22	12	96	FAP
22	12	97	ANPEP
22	12	98	DPT
22	12	99	SULF1
22	12	100	THBS4
22	13	1	SPARC
22	13	2	COL3A1
22	13	3	DKK3
22	13	4	CCND1
22	13	5	ASPN
22	13	6	TGFBI
22	13	7	LOXL2
22	13	8	COL1A2
22	13	9	COL5A2
22	13	10	COL5A1
22	13	11	MXRA5
22	13	12	C12orf75
22	13	13	COL1A1
22	13	14	TNC
22	13	15	SERPINE1
22	13	16	COL8A1
22	13	17	DPT
22	13	18	TREM1
22	13	19	COL15A1
22	13	20	TSPAN2
22	13	21	RFLNB
22	13	22	ITGB1
22	13	23	CST6
22	13	24	AQP1
22	13	25	IGFBP3
22	13	26	IGFBP7
22	13	27	ATP1B1
22	13	28	SLN
22	13	29	TPM1
22	13	30	S100A4
22	13	31	ISLR
22	13	32	LGALS1
22	13	33	ABHD2
22	13	34	CRLF1
22	13	35	FBLN5
22	13	36	LTBP1
22	13	37	CD70
22	13	38	COL6A1
22	13	39	ENPP1
22	13	40	TNFRSF12A
22	13	41	COL6A2
22	13	42	NRGN
22	13	43	ANO1
22	13	44	LRRC15
22	13	45	FSTL1
22	13	46	FNDC1
22	13	47	AEBP1
22	13	48	COL13A1
22	13	49	ANGPTL2
22	13	50	S100A10
22	13	51	IL32
22	13	52	MICAL2
22	13	53	HSPG2
22	13	54	CCN2
22	13	55	GPR155
22	13	56	THBS3
22	13	57	ELN
22	13	58	C1QTNF3
22	13	59	CRIP1
22	13	60	RAI14
22	13	61	P4HB
22	13	62	COL12A1
22	13	63	LTBP2
22	13	64	PRDX4
22	13	65	FMOD
22	13	66	ANXA2
22	13	67	PTHLH
22	13	68	NDUFA4L2
22	13	69	SCX
22	13	70	CRABP2
22	13	71	NBL1
22	13	72	CDH13
22	13	73	GDF6
22	13	74	TMSB4X
22	13	75	EDIL3
22	13	76	PDLIM1
22	13	77	SULF1
22	13	78	ITGA11
22	13	79	FSTL3
22	13	80	TNFSF11
22	13	81	TIMP1
22	13	82	CAPS
22	13	83	TPPP3
22	13	84	COL6A3
22	13	85	CA9
22	13	86	MYBL1
22	13	87	PRSS23
22	13	88	ANTXR1
22	13	89	BGN
22	13	90	PXDN
22	13	91	MATN2
22	13	92	SEMA3C
22	13	93	DGKI
22	13	94	PTGES
22	13	95	FAP
22	13	96	LUM
22	13	97	RAB31
22	13	98	IGFBP1
22	13	99	MSX1
22	13	100	SUSD5
22	14	1	CD55
22	14	2	FN1
22	14	3	CRLF1
22	14	4	HTRA1
22	14	5	TNFAIP6
22	14	6	TREM1
22	14	7	NECTIN4
22	14	8	DYSF
22	14	9	AMTN
22	14	10	SLC7A2
22	14	11	ADGRG2
22	14	12	CCDC80
22	14	13	IGFBP5
22	14	14	RET
22	14	15	CLU
22	14	16	PRG4
22	14	17	CRTAC1
22	14	18	SMOC1
22	14	19	TIMP3
22	14	20	SLC16A10
22	14	21	DEFB1
22	14	22	EMP3
22	14	23	CAPS
22	14	24	HMX1
22	14	25	ADAMTS6
22	14	26	EPB41L3
22	14	27	GFPT2
22	14	28	SMIM14
22	14	29	S100A3
22	14	30	S100A6
22	14	31	ADAMTSL2
22	14	32	SLC2A12
22	14	33	SOX11
22	14	34	TNFRSF11B
22	14	35	ISLR
22	14	36	BTC
22	14	37	PRDX4
22	14	38	DLX4
22	14	39	FABP3
22	14	40	TYMP
22	14	41	RAPGEF4
22	14	42	TIMP1
22	14	43	HSD3B7
22	14	44	ITPR3
22	14	45	LY6D
22	14	46	ARL2
22	14	47	PTGES
22	14	48	AOAH
22	14	49	CXCL14
22	14	50	SEMA3A
22	14	51	SORBS2
22	14	52	CLVS2
22	14	53	HHIP-AS1
22	14	54	S100A4
22	14	55	SHISAL2B
22	14	56	PENK
22	14	57	PRSS23
22	14	58	NDUFA4L2
22	14	59	PPP1R14B
22	14	60	GAS1
22	14	61	GDF5
22	14	62	CLIC3
22	14	63	HHIP
22	14	64	TRPV4
22	14	65	SLURP1
22	14	66	C15orf48
22	14	67	PTHLH
22	14	68	VSIG10L2
22	14	69	PCSK1N
22	14	70	PMAIP1
22	14	71	PARP16
22	14	72	AQP1
22	14	73	S100A10
22	14	74	RSPO2
22	14	75	CDON
22	14	76	ITM2B
22	14	77	CRYAB
22	14	78	MIA
22	14	79	CDH19
22	14	80	GRIA2
22	14	81	TPPP3
22	14	82	C11orf96
22	14	83	CPE
22	14	84	ODAM
22	14	85	UCP2
22	14	86	SQLE
22	14	87	FRY
22	14	88	MSMO1
22	14	89	DPT
22	14	90	PLEKHA1
22	14	91	WISP1
22	14	92	RGCC
22	14	93	SGK1
22	14	94	MTUS2
22	14	95	MIF
22	14	96	CCND1
22	14	97	CBR3
22	14	98	DLX3
22	14	99	ACKR3
22	14	100	PHLDA2
22	15	1	POSTN
22	15	2	CTHRC1
22	15	3	COL1A1
22	15	4	SPON2
22	15	5	COL1A2
22	15	6	COL6A1
22	15	7	COL6A3
22	15	8	LGALS1
22	15	9	MMP2
22	15	10	ARL4C
22	15	11	FNDC1
22	15	12	TMEM119
22	15	13	FAP
22	15	14	MMP11
22	15	15	COL6A2
22	15	16	MYL9
22	15	17	BASP1
22	15	18	TMSB10
22	15	19	PDGFRB
22	15	20	CADM1
22	15	21	THY1
22	15	22	MARCKS
22	15	23	LRRC15
22	15	24	LRRC17
22	15	25	CALD1
22	15	26	CRABP2
22	15	27	TPM1
22	15	28	COL5A2
22	15	29	LRRC32
22	15	30	CDH11
22	15	31	OLFML2B
22	15	32	LINC01705
22	15	33	AEBP1
22	15	34	TAGLN
22	15	35	ITGB1
22	15	36	COL4A2
22	15	37	HMCN1
22	15	38	COL5A3
22	15	39	THBS2
22	15	40	TGFBI
22	15	41	CTSH
22	15	42	MDK
22	15	43	GPNMB
22	15	44	MXRA5
22	15	45	RGS3
22	15	46	NBL1
22	15	47	COL4A1
22	15	48	LOXL2
22	15	49	SPARC
22	15	50	GJA1
22	15	51	FRMD6
22	15	52	MMP14
22	15	53	PLXDC1
22	15	54	RAB31
22	15	55	C1QTNF3
22	15	56	PPP1R14B
22	15	57	TUBA1A
22	15	58	FLNA
22	15	59	CEMIP
22	15	60	COL14A1
22	15	61	ANTXR1
22	15	62	C3orf80
22	15	63	FLRT2
22	15	64	TMSB4X
22	15	65	ENAH
22	15	66	FAT1
22	15	67	FABP5
22	15	68	COL3A1
22	15	69	LAMB1
22	15	70	COL18A1
22	15	71	HES4
22	15	72	MAP4K4
22	15	73	MMP13
22	15	74	RUNX2
22	15	75	PRSS23
22	15	76	WISP2
22	15	77	FTH1
22	15	78	MME
22	15	79	ELN
22	15	80	COL12A1
22	15	81	ANXA2
22	15	82	S100A10
22	15	83	DPT
22	15	84	ANGPTL1
22	15	85	COL5A1
22	15	86	GUCY1A1
22	15	87	MICAL2
22	15	88	PXDN
22	15	89	COL8A1
22	15	90	CSRP2
22	15	91	CAMK2N1
22	15	92	C2
22	15	93	IFI27
22	15	94	TWIST1
22	15	95	PCDH7
22	15	96	BNC2
22	15	97	NOV
22	15	98	EDIL3
22	15	99	NID2
22	15	100	SPON1
22	16	1	IL11
22	16	2	INHBA
22	16	3	FGF2
22	16	4	FGF1
22	16	5	PTGS2
22	16	6	WNT16
22	16	7	TNFRSF12A
22	16	8	KRT16
22	16	9	MSMO1
22	16	10	ABI3BP
22	16	11	HSPA5
22	16	12	INSIG1
22	16	13	BMP2
22	16	14	DGKI
22	16	15	KRT17
22	16	16	FHL2
22	16	17	LIF
22	16	18	DSP
22	16	19	TNFRSF11B
22	16	20	SQLE
22	16	21	ADPRHL1
22	16	22	COL2A1
22	16	23	SYNJ2
22	16	24	CRYAB
22	16	25	S100A2
22	16	26	NFATC2
22	16	27	PAPSS2
22	16	28	VCAN
22	16	29	KDM6B
22	16	30	RFLNB
22	16	31	JAG1
22	16	32	TNFAIP6
22	16	33	CLDN4
22	16	34	DNER
22	16	35	KCNMA1
22	16	36	STK38L
22	16	37	GLIS3
22	16	38	SPARC
22	16	39	FOSL1
22	16	40	PHLDA2
22	16	41	TRPV4
22	16	42	AC010343.3
22	16	43	F13A1
22	16	44	SLC7A11
22	16	45	SERPINE2
22	16	46	HMGA1
22	16	47	TIAM2
22	16	48	COL11A1
22	16	49	FOXC2
22	16	50	MAST4
22	16	51	SERPINA5
22	16	52	CYTOR
22	16	53	XYLT1
22	16	54	NEBL
22	16	55	SDF2L1
22	16	56	EZR
22	16	57	SCD
22	16	58	PDE4B
22	16	59	SERPINA3
22	16	60	S100A1
22	16	61	CD55
22	16	62	DST
22	16	63	CHAC1
22	16	64	EGR3
22	16	65	SERPINE1
22	16	66	TM4SF1
22	16	67	RCAN1
22	16	68	SOX9
22	16	69	FAM180A
22	16	70	CKB
22	16	71	PAX1
22	16	72	SDK2
22	16	73	SLC4A7
22	16	74	KIF21A
22	16	75	GIPR
22	16	76	SMOC1
22	16	77	EIF4EBP1
22	16	78	SGIP1
22	16	79	TNFSF10
22	16	80	FADS2
22	16	81	DUSP4
22	16	82	FGFBP2
22	16	83	LINC00511
22	16	84	MMP3
22	16	85	COL3A1
22	16	86	SCIN
22	16	87	CHST3
22	16	88	SRPX2
22	16	89	CCN1
22	16	90	LMO2
22	16	91	SIPA1L2
22	16	92	PSME4
22	16	93	DHCR24
22	16	94	AOC2
22	16	95	RAB11FIP4
22	16	96	ETNPPL
22	16	97	TGM2
22	16	98	SPP1
22	16	99	ENPP1
22	16	100	TMEM120B
22	17	1	RGS5
22	17	2	GJA4
22	17	3	ACTA2
22	17	4	TINAGL1
22	17	5	ADGRF5
22	17	6	COX4I2
22	17	7	PPP1R14A
22	17	8	SYNPO2
22	17	9	CD36
22	17	10	MCAM
22	17	11	HIGD1B
22	17	12	FHL5
22	17	13	NOTCH3
22	17	14	TAGLN
22	17	15	IGFBP7
22	17	16	NR2F2
22	17	17	HES4
22	17	18	COL4A2
22	17	19	PLN
22	17	20	COL4A1
22	17	21	SCN4B
22	17	22	RNF152
22	17	23	EDNRA
22	17	24	CARMN
22	17	25	LINC01197
22	17	26	FILIP1L
22	17	27	CHN1
22	17	28	CALD1
22	17	29	MYH11
22	17	30	ARHGAP15
22	17	31	GUCY1B1
22	17	32	MYL9
22	17	33	THY1
22	17	34	ADAMTS4
22	17	35	RCAN2
22	17	36	TBX2
22	17	37	LINC00924
22	17	38	PDE5A
22	17	39	LMOD1
22	17	40	GGT5
22	17	41	MYLK
22	17	42	EDNRB
22	17	43	GUCY1A1
22	17	44	KCNE4
22	17	45	HEYL
22	17	46	ID4
22	17	47	CCDC102B
22	17	48	FOXS1
22	17	49	SPARCL1
22	17	50	MAP1B
22	17	51	FABP4
22	17	52	COL18A1
22	17	53	AF121898.1
22	17	54	TPM1
22	17	55	ANGPT2
22	17	56	EBF2
22	17	57	HSPH1
22	17	58	NR2F2-AS1
22	17	59	C3orf70
22	17	60	LGI4
22	17	61	CPE
22	17	62	LINC00989
22	17	63	HSPA1A
22	17	64	SPRY1
22	17	65	CD200
22	17	66	LPL
22	17	67	HSPA1B
22	17	68	JAG1
22	17	69	NEXN
22	17	70	HSPA6
22	17	71	RGS4
22	17	72	SUCNR1
22	17	73	MAP2
22	17	74	AHR
22	17	75	CYGB
22	17	76	ADAMTS1
22	17	77	ABCC9
22	17	78	NID1
22	17	79	ARHGAP6
22	17	80	SGIP1
22	17	81	CYTOR
22	17	82	F2R
22	17	83	SFRP2
22	17	84	AGT
22	17	85	DMD
22	17	86	SLN
22	17	87	NGFR
22	17	88	DNAJB1
22	17	89	OLFML2A
22	17	90	PEAR1
22	17	91	COL5A3
22	17	92	TFPI
22	17	93	STEAP4
22	17	94	CAMK2N1
22	17	95	AC242426.2
22	17	96	SUSD2
22	17	97	RERGL
22	17	98	LHFPL6
22	17	99	NRP1
22	17	100	STXBP6
22	18	1	NRXN1
22	18	2	PLP1
22	18	3	CDH19
22	18	4	SCN7A
22	18	5	CHL1
22	18	6	NGFR
22	18	7	AC027013.1
22	18	8	S100B
22	18	9	ARHGAP15
22	18	10	CLDN1
22	18	11	GFRA1
22	18	12	ITGA6
22	18	13	SLC22A3
22	18	14	COL28A1
22	18	15	OLFML2A
22	18	16	NR2F2
22	18	17	CNKSR3
22	18	18	SORCS1
22	18	19	MPZ
22	18	20	MAL
22	18	21	MYOT
22	18	22	EBF2
22	18	23	AKAP12
22	18	24	TCIM
22	18	25	GPM6B
22	18	26	SESN3
22	18	27	ITGB8
22	18	28	PI16
22	18	29	MAP1B
22	18	30	FOXS1
22	18	31	PTPRZ1
22	18	32	IGFBP7
22	18	33	CNTN4
22	18	34	SHISA3
22	18	35	MARCKS
22	18	36	NTM
22	18	37	APOD
22	18	38	MCAM
22	18	39	FLRT2
22	18	40	COL18A1
22	18	41	ABCA8
22	18	42	GPC3
22	18	43	PEAR1
22	18	44	RARRES2
22	18	45	COL4A1
22	18	46	DMD
22	18	47	COL4A2
22	18	48	CCN3
22	18	49	ERBB3
22	18	50	TENM3
22	18	51	INMT
22	18	52	TMSB10
22	18	53	PCDH7
22	18	54	LAMB1
22	18	55	BNC2
22	18	56	P2RY14
22	18	57	RUNX2
22	18	58	FIGN
22	18	59	GAS7
22	18	60	EDNRA
22	18	61	ABCA9
22	18	62	FMO1
22	18	63	TSPAN11
22	18	64	TAGLN
22	18	65	COL21A1
22	18	66	GNG2
22	18	67	ITM2A
22	18	68	ZEB2
22	18	69	OLFML2B
22	18	70	MATN2
22	18	71	PAK3
22	18	72	TENM4
22	18	73	MEOX2
22	18	74	HGF
22	18	75	PLK2
22	18	76	IL18
22	18	77	CAPN6
22	18	78	CHRDL1
22	18	79	EGFR
22	18	80	SH3PXD2A
22	18	81	CALD1
22	18	82	CHN1
22	18	83	FSTL3
22	18	84	PEAK1
22	18	85	NOTCH3
22	18	86	LTBP4
22	18	87	LGI4
22	18	88	PRLR
22	18	89	DACT1
22	18	90	AHR
22	18	91	STMN1
22	18	92	CNTN1
22	18	93	GPR155
22	18	94	P2RY1
22	18	95	SLC1A2
22	18	96	CIT
22	18	97	CELF2
22	18	98	PRICKLE1
22	18	99	SEMA6A
22	18	100	ADGRB3
22	19	1	PECAM1
22	19	2	GIMAP7
22	19	3	EMCN
22	19	4	ACKR1
22	19	5	SOX18
22	19	6	PLVAP
22	19	7	PCAT19
22	19	8	VWF
22	19	9	CCL14
22	19	10	SELE
22	19	11	CD93
22	19	12	MMRN1
22	19	13	ADGRL4
22	19	14	TFF3
22	19	15	STC1
22	19	16	CCL21
22	19	17	RAMP3
22	19	18	CYYR1
22	19	19	BCAM
22	19	20	CALCRL
22	19	21	LYVE1
22	19	22	EDN1
22	19	23	CAVIN2
22	19	24	SOX17
22	19	25	PKHD1L1
22	19	26	SLCO2A1
22	19	27	CD74
22	19	28	KDR
22	19	29	EDNRB
22	19	30	ADCY4
22	19	31	HLA-DRA
22	19	32	CLDN5
22	19	33	ENTPD1
22	19	34	GMFG
22	19	35	SEMA6A
22	19	36	ITGA6
22	19	37	HLA-DRB1
22	19	38	RNASE1
22	19	39	CLEC2B
22	19	40	PODXL
22	19	41	LPAR6
22	19	42	ROBO4
22	19	43	FABP4
22	19	44	CNKSR3
22	19	45	RAMP2
22	19	46	ADGRF5
22	19	47	SYNE2
22	19	48	TSPAN7
22	19	49	APLNR
22	19	50	FLT1
22	19	51	TM4SF1
22	19	52	CD34
22	19	53	PDLIM1
22	19	54	FABP5
22	19	55	CD200
22	19	56	PLAT
22	19	57	MYO5C
22	19	58	F2RL3
22	19	59	TFPI
22	19	60	IFI27
22	19	61	CD36
22	19	62	MCF2L
22	19	63	TMSB10
22	19	64	CTSH
22	19	65	HLA-DQA1
22	19	66	MCAM
22	19	67	HLA-DRB5
22	19	68	THSD7A
22	19	69	C2CD4B
22	19	70	TINAGL1
22	19	71	DOCK9
22	19	72	PLIN5
22	19	73	TCIM
22	19	74	DOCK4
22	19	75	ITM2A
22	19	76	PLCB1
22	19	77	LRRC32
22	19	78	ADGRL2
22	19	79	HSPG2
22	19	80	PLCB4
22	19	81	AQP1
22	19	82	MEF2C
22	19	83	ARHGAP29
22	19	84	IL33
22	19	85	APOLD1
22	19	86	HLA-DQB1
22	19	87	AGRN
22	19	88	SPRY1
22	19	89	CHRDL1
22	19	90	FAM167B
22	19	91	STAB1
22	19	92	LAPTM5
22	19	93	CNTNAP3
22	19	94	LMCD1
22	19	95	HEG1
22	19	96	SCN11A
22	19	97	KLF2
22	19	98	AC130650.2
22	19	99	BTNL9
22	19	100	AKR1C3
22	20	1	C1QA
22	20	2	AIF1
22	20	3	C1QB
22	20	4	CYBB
22	20	5	C1QC
22	20	6	FOLR2
22	20	7	TYROBP
22	20	8	MARCO
22	20	9	RNASE1
22	20	10	MS4A6A
22	20	11	MS4A7
22	20	12	VSIG4
22	20	13	HLA-DRA
22	20	14	HLA-DQA1
22	20	15	LYZ
22	20	16	CD163
22	20	17	CD74
22	20	18	S100A8
22	20	19	FCGR3A
22	20	20	MS4A4A
22	20	21	FCER1G
22	20	22	FCGR2B
22	20	23	LILRB5
22	20	24	EMB
22	20	25	HLA-DRB1
22	20	26	ALOX5AP
22	20	27	LAPTM5
22	20	28	STAB1
22	20	29	LYVE1
22	20	30	FCER1A
22	20	31	S100A9
22	20	32	HLA-DRB5
22	20	33	RGS1
22	20	34	HLA-DQB1
22	20	35	CD37
22	20	36	MARCH1
22	20	37	CCL4L2
22	20	38	CPVL
22	20	39	PTPRC
22	20	40	CCL3
22	20	41	HPGDS
22	20	42	P2RY14
22	20	43	ADAM28
22	20	44	NCKAP1L
22	20	45	CCL3L1
22	20	46	GMFG
22	20	47	CXCL8
22	20	48	HCST
22	20	49	IL18
22	20	50	CCL4
22	20	51	BTK
22	20	52	SRGN
22	20	53	CIITA
22	20	54	FCN1
22	20	55	ENTPD1
22	20	56	IFI30
22	20	57	TNF
22	20	58	AC104051.2
22	20	59	CD93
22	20	60	INPP5D
22	20	61	F13A1
22	20	62	CD36
22	20	63	FTH1
22	20	64	CD83
22	20	65	PECAM1
22	20	66	HPGD
22	20	67	CPA3
22	20	68	IKZF1
22	20	69	L1TD1
22	20	70	CTSG
22	20	71	POU2F2
22	20	72	MS4A2
22	20	73	FYB1
22	20	74	MYO5A
22	20	75	MERTK
22	20	76	SORL1
22	20	77	TPSB2
22	20	78	LPAR6
22	20	79	CCL18
22	20	80	CD14
22	20	81	TMSB10
22	20	82	DEPDC1
22	20	83	SELENOP
22	20	84	CTSH
22	20	85	UBE2C
22	20	86	REPS2
22	20	87	SLC40A1
22	20	88	GPR183
22	20	89	SAMHD1
22	20	90	IGSF21
22	20	91	RAC2
22	20	92	CDK1
22	20	93	TNFAIP3
22	20	94	GNG2
22	20	95	GPR65
22	20	96	TPSAB1
22	20	97	CXCL3
22	20	98	GRK3
22	20	99	MAF
22	20	100	P2RX7
22	21	1	CD3D
22	21	2	PTPRC
22	21	3	CD52
22	21	4	NKG7
22	21	5	CCL5
22	21	6	TRBC2
22	21	7	IL7R
22	21	8	TRBC1
22	21	9	CXCR4
22	21	10	SAMSN1
22	21	11	KLRB1
22	21	12	LTB
22	21	13	GZMA
22	21	14	CD69
22	21	15	CD48
22	21	16	TRAC
22	21	17	BCL11B
22	21	18	GZMK
22	21	19	RUNX3
22	21	20	CD37
22	21	21	RAC2
22	21	22	TPSAB1
22	21	23	HCST
22	21	24	GPR65
22	21	25	RHOH
22	21	26	SPOCK2
22	21	27	SRGN
22	21	28	EMB
22	21	29	ALOX5AP
22	21	30	CCL4
22	21	31	IL32
22	21	32	TPSB2
22	21	33	MS4A2
22	21	34	CPA3
22	21	35	IKZF1
22	21	36	CD247
22	21	37	AREG
22	21	38	GMFG
22	21	39	XCL1
22	21	40	GIMAP7
22	21	41	TNFAIP3
22	21	42	RGS1
22	21	43	GPR183
22	21	44	HPGDS
22	21	45	PRDM1
22	21	46	FCER1G
22	21	47	STMN1
22	21	48	HDC
22	21	49	CTSG
22	21	50	LAPTM5
22	21	51	HPGD
22	21	52	ARHGAP15
22	21	53	CLEC2B
22	21	54	SLC18A2
22	21	55	ARL4C
22	21	56	FCER1A
22	21	57	FYB1
22	21	58	STK17B
22	21	59	TRAV17
22	21	60	DUSP2
22	21	61	NLRC3
22	21	62	MGAT4A
22	21	63	KIT
22	21	64	KRT19
22	21	65	CTSW
22	21	66	KLRG1
22	21	67	CLEC2D
22	21	68	MKI67
22	21	69	RGS13
22	21	70	AC091057.6
22	21	71	TNF
22	21	72	CD74
22	21	73	TYROBP
22	21	74	MAL
22	21	75	HLA-DRA
22	21	76	TOP2A
22	21	77	HLA-DQA1
22	21	78	CEP55
22	21	79	GNG2
22	21	80	AC114760.2
22	21	81	DOCK10
22	21	82	DUSP4
22	21	83	ZNF331
22	21	84	TMSB10
22	21	85	TNFRSF1B
22	21	86	SYNE2
22	21	87	ZC3H12D
22	21	88	CCL4L2
22	21	89	HIST1H1B
22	21	90	BIRC3
22	21	91	IL27RA
22	21	92	BTK
22	21	93	CDK1
22	21	94	CYFIP2
22	21	95	CENPF
22	21	96	AC008105.3
22	21	97	PAG1
22	21	98	NUSAP1
22	21	99	ANKRD44
22	21	100	B3GALT2
22	22	1	ANLN
22	22	2	ASPM
22	22	3	TOP2A
22	22	4	CENPF
22	22	5	UBE2C
22	22	6	CEP55
22	22	7	TPX2
22	22	8	MKI67
22	22	9	PIMREG
22	22	10	CCNB2
22	22	11	BIRC5
22	22	12	DEPDC1
22	22	13	CDK1
22	22	14	DIAPH3
22	22	15	PBK
22	22	16	CENPE
22	22	17	NUSAP1
22	22	18	CDC20
22	22	19	STMN1
22	22	20	TYMS
22	22	21	LGALS1
22	22	22	HIST1H1B
22	22	23	CD70
22	22	24	ESCO2
22	22	25	CIT
22	22	26	TFPI2
22	22	27	C12orf75
22	22	28	MYEF2
22	22	29	HIST1H3G
22	22	30	SMC2
22	22	31	CA1
22	22	32	AHSP
22	22	33	HBM
22	22	34	S100A10
22	22	35	ITGB1
22	22	36	NAV2
22	22	37	COL6A1
22	22	38	PPP1R14B
22	22	39	SLC4A8
22	22	40	ANXA2
22	22	41	MYBL1
22	22	42	ALAS2
22	22	43	NSD2
22	22	44	MAP4K4
22	22	45	MAP1B
22	22	46	OLFML2B
22	22	47	FAM111B
22	22	48	NRP2
22	22	49	CCND1
22	22	50	FHL2
22	22	51	PODXL
22	22	52	TNFRSF12A
22	22	53	TMSB10
22	22	54	ANPEP
22	22	55	CLEC2B
22	22	56	HIST1H2AL
22	22	57	LMNB1
22	22	58	COL6A2
22	22	59	COL6A3
22	22	60	FLNA
22	22	61	CEP152
22	22	62	SYNE2
22	22	63	ALCAM
22	22	64	ITGA6
22	22	65	UCP2
22	22	66	HBD
22	22	67	CDC25B
22	22	68	TM4SF1
22	22	69	CD82
22	22	70	C21orf58
22	22	71	PLEC
22	22	72	COL15A1
22	22	73	EZR
22	22	74	ORC6
22	22	75	EMP3
22	22	76	TCF19
22	22	77	SULF1
22	22	78	HBA1
22	22	79	HBB
22	22	80	CDH13
22	22	81	FOSL1
22	22	82	ITGA3
22	22	83	S100A6
22	22	84	ITGA5
22	22	85	PRSS23
22	22	86	HLA-DRA
22	22	87	HLA-DQA1
22	22	88	HSD3B7
22	22	89	TYMP
22	22	90	CKB
22	22	91	SACS
22	22	92	CCDC88A
22	22	93	FSTL1
22	22	94	PCNT
22	22	95	NHSL1
22	22	96	TEAD1
22	22	97	BIRC3
22	22	98	KRT16
22	22	99	TMSB4X
22	22	100	CSPG4
24	1	1	DST
24	1	2	MALAT1
24	1	3	PLCG2
24	1	4	MACF1
24	1	5	DDX17
24	1	6	FTX
24	1	7	NKTR
24	1	8	EDIL3
24	1	9	SYNE1
24	1	10	NEAT1
24	1	11	PTPRD
24	1	12	UACA
24	1	13	UTRN
24	1	14	COL12A1
24	1	15	TNRC6B
24	1	16	ZNF704
24	1	17	ECM2
24	1	18	LTBP2
24	1	19	ZNF638
24	1	20	STEAP2
24	1	21	FAT4
24	1	22	OGA
24	1	23	TNRC6A
24	1	24	OGN
24	1	25	ANTXR1
24	1	26	CDON
24	1	27	RIF1
24	1	28	ZNF292
24	1	29	TNC
24	1	30	KIAA1109
24	1	31	ITGA11
24	1	32	MYO9A
24	1	33	ATM
24	1	34	KMT2C
24	1	35	VPS13C
24	1	36	OGT
24	1	37	KMT2A
24	1	38	COLGALT2
24	1	39	PTPN14
24	1	40	CEP126
24	1	41	CAMK1D
24	1	42	SHPRH
24	1	43	ANKRD36C
24	1	44	PLEKHH2
24	1	45	PHC3
24	1	46	PIK3R1
24	1	47	ATF7IP
24	1	48	GOLGA8A
24	1	49	CCDC88A
24	1	50	PRUNE2
24	1	51	SETX
24	1	52	SNHG14
24	1	53	SYNM
24	1	54	CCDC144A
24	1	55	ZNF91
24	1	56	ADAMTS6
24	1	57	NIN
24	1	58	FZD8
24	1	59	A2M
24	1	60	ANKRD36
24	1	61	CCNL2
24	1	62	ITGA10
24	1	63	ANK3
24	1	64	RNPC3
24	1	65	CPLANE1
24	1	66	PLEC
24	1	67	AEBP1
24	1	68	PKD1
24	1	69	AL078639.1
24	1	70	RNF213
24	1	71	SPEN
24	1	72	ITGA1
24	1	73	ARID1B
24	1	74	COL6A3
24	1	75	RIN2
24	1	76	TNXB
24	1	77	ABHD2
24	1	78	PDE4D
24	1	79	SMG1
24	1	80	F5
24	1	81	ENPP1
24	1	82	INTU
24	1	83	MIR99AHG
24	1	84	MXRA5
24	1	85	BDP1
24	1	86	MKLN1
24	1	87	TRIM56
24	1	88	MYO1D
24	1	89	AC092683.1
24	1	90	PDGFRA
24	1	91	REV3L
24	1	92	CRYBG3
24	1	93	MTR
24	1	94	NRP2
24	1	95	UBR5
24	1	96	ZNF532
24	1	97	C2CD2
24	1	98	SACS
24	1	99	PLA2R1
24	1	100	LPP
24	2	1	FRZB
24	2	2	GADD45B
24	2	3	RGS16
24	2	4	MT-ND5
24	2	5	IER3
24	2	6	MT-CO3
24	2	7	CLU
24	2	8	CRYAB
24	2	9	CKB
24	2	10	TPRG1
24	2	11	CHAD
24	2	12	C9orf3
24	2	13	FBXO2
24	2	14	HES1
24	2	15	GADD45G
24	2	16	NDUFA4L2
24	2	17	EMP3
24	2	18	BHLHE41
24	2	19	FGFBP2
24	2	20	COMP
24	2	21	FHL1
24	2	22	MT-ND1
24	2	23	ID1
24	2	24	LEFTY2
24	2	25	DCN
24	2	26	C2orf40
24	2	27	MT-ND4
24	2	28	LMO2
24	2	29	MT-CO1
24	2	30	TCEAL2
24	2	31	TUBA1A
24	2	32	MT-ATP6
24	2	33	BBS9
24	2	34	MT-ND4L
24	2	35	S100A6
24	2	36	EZR
24	2	37	NR1D1
24	2	38	HSPB1
24	2	39	ID3
24	2	40	MT-CO2
24	2	41	ENHO
24	2	42	FABP5
24	2	43	IER5
24	2	44	ANXA2
24	2	45	MBNL1-AS1
24	2	46	ANGPTL5
24	2	47	MT-CYB
24	2	48	SCX
24	2	49	AL078639.1
24	2	50	CILP
24	2	51	CPAMD8
24	2	52	GDF10
24	2	53	SCRG1
24	2	54	WWP2
24	2	55	TNFAIP8L1
24	2	56	MT-ND3
24	2	57	MGP
24	2	58	PRELP
24	2	59	ADM
24	2	60	RAMP1
24	2	61	NFKBIA
24	2	62	RBP4
24	2	63	FAM180B
24	2	64	SERTAD4
24	2	65	F13A1
24	2	66	FXYD6
24	2	67	LINC01089
24	2	68	PLK2
24	2	69	NMB
24	2	70	DDIT3
24	2	71	IER5L
24	2	72	CAPS
24	2	73	KCNMA1
24	2	74	PPP1R3C
24	2	75	HRCT1
24	2	76	GNB5
24	2	77	RRAD
24	2	78	TNFRSF11B
24	2	79	DEFB1
24	2	80	EMILIN3
24	2	81	RGS3
24	2	82	STK38L
24	2	83	TSC22D1
24	2	84	THUMPD3-AS1
24	2	85	ADRA2A
24	2	86	LGALS1
24	2	87	MYOT
24	2	88	LTBP2
24	2	89	LAG3
24	2	90	CITED2
24	2	91	CDKN1A
24	2	92	SIX1
24	2	93	RASD1
24	2	94	MT-ATP8
24	2	95	NR4A2
24	2	96	IGFBP7
24	2	97	KLF2
24	2	98	JUN
24	2	99	MTRNR2L12
24	2	100	PHLDA2
24	3	1	MT2A
24	3	2	MT1E
24	3	3	MT1X
24	3	4	MT1M
24	3	5	CHI3L1
24	3	6	LOX
24	3	7	AC008592.5
24	3	8	DDIT4
24	3	9	SLC25A37
24	3	10	SOD2
24	3	11	MT1G
24	3	12	GLRX
24	3	13	EGLN3
24	3	14	CDA
24	3	15	BNIP3
24	3	16	ANGPTL4
24	3	17	EFNA1
24	3	18	GPX3
24	3	19	ERRFI1
24	3	20	TMEM204
24	3	21	DNAH11
24	3	22	MT1F
24	3	23	NAMPT
24	3	24	MT1H
24	3	25	RNF144B
24	3	26	FTH1
24	3	27	MTHFD2
24	3	28	SLC2A5
24	3	29	ZNF395
24	3	30	HILPDA
24	3	31	LINC01554
24	3	32	GALNT15
24	3	33	ACKR3
24	3	34	PDK1
24	3	35	ADM
24	3	36	RASD1
24	3	37	SAA1
24	3	38	MT1A
24	3	39	ADSSL1
24	3	40	MUC20-OT1
24	3	41	SDC4
24	3	42	POU3F1
24	3	43	LAG3
24	3	44	NEAT1
24	3	45	ICAM1
24	3	46	STC2
24	3	47	ATOH8
24	3	48	AP001160.1
24	3	49	AL031777.3
24	3	50	HSPB7
24	3	51	SERPINE2
24	3	52	SPINT2
24	3	53	HAPLN1
24	3	54	CRISPLD2
24	3	55	UPP1
24	3	56	SERPINA1
24	3	57	OXA1L
24	3	58	RGCC
24	3	59	MYBPH
24	3	60	THBD
24	3	61	COL27A1
24	3	62	APOD
24	3	63	TRIB3
24	3	64	BEX2
24	3	65	TXNIP
24	3	66	WWP2
24	3	67	MYO10
24	3	68	HSD3B7
24	3	69	SLC7A2
24	3	70	CD14
24	3	71	CHI3L2
24	3	72	AC007952.4
24	3	73	NDUFA4L2
24	3	74	TNFRSF10D
24	3	75	ITGA5
24	3	76	NOS2
24	3	77	FOXC2
24	3	78	FOS
24	3	79	RBP4
24	3	80	P4HB
24	3	81	SEPT11
24	3	82	ZNF292
24	3	83	ANKRD37
24	3	84	SLC2A1
24	3	85	RASSF4
24	3	86	DDIT4L
24	3	87	AC023157.3
24	3	88	CCDC71L
24	3	89	IL6R
24	3	90	SAA2
24	3	91	C2orf40
24	3	92	TGM2
24	3	93	RPRM
24	3	94	CTGF
24	3	95	HSPA5
24	3	96	POLR2J3-1
24	3	97	TIMP4
24	3	98	SLPI
24	3	99	Z93241.1
24	3	100	SFMBT2
24	4	1	GPX3
24	4	2	CYP4B1
24	4	3	SUN2
24	4	4	GPM6B
24	4	5	PLPP3
24	4	6	FBLN1
24	4	7	GALNT15
24	4	8	LINC01088
24	4	9	ANGPTL7
24	4	10	IGFBP6
24	4	11	ADAMTS5
24	4	12	CCDC3
24	4	13	MMP3
24	4	14	PDK4
24	4	15	FAXDC2
24	4	16	GLUL
24	4	17	NTRK2
24	4	18	RIPOR2
24	4	19	CORO6
24	4	20	TSKU
24	4	21	C1QTNF7
24	4	22	MYOC
24	4	23	JUN
24	4	24	AMOTL2
24	4	25	LTBP4
24	4	26	NOX4
24	4	27	PIK3R1
24	4	28	DDIT4
24	4	29	DUSP1
24	4	30	GSN
24	4	31	MEG3
24	4	32	MAMDC2
24	4	33	MTHFD2
24	4	34	ACADL
24	4	35	ADAMTSL4
24	4	36	OXA1L
24	4	37	ADCY2
24	4	38	ANGPTL5
24	4	39	BTG2
24	4	40	TGFBR3
24	4	41	PDGFRL
24	4	42	CDH13
24	4	43	DHCR24
24	4	44	IZUMO4
24	4	45	DIO3OS
24	4	46	TXNIP
24	4	47	HSPA1B
24	4	48	MAOA
24	4	49	CYR61
24	4	50	DEPP1
24	4	51	SLPI
24	4	52	TNS2
24	4	53	HSPA1A
24	4	54	AR
24	4	55	DPP4
24	4	56	FKBP5
24	4	57	LAMA2
24	4	58	SLC7A8
24	4	59	GPNMB
24	4	60	KCNK15
24	4	61	CTGF
24	4	62	MYC
24	4	63	BCL6
24	4	64	OLFML3
24	4	65	STMN1
24	4	66	C1R
24	4	67	AC016831.5
24	4	68	WISP2
24	4	69	H6PD
24	4	70	LHFPL6
24	4	71	TM4SF1
24	4	72	INSIG1
24	4	73	CKB
24	4	74	RBP4
24	4	75	CITED2
24	4	76	ACKR3
24	4	77	METTL7A
24	4	78	NR4A1
24	4	79	RPS6KA2
24	4	80	AP000851.2
24	4	81	FOS
24	4	82	NEAT1
24	4	83	MUC20-OT1
24	4	84	MT1X
24	4	85	RBMS3
24	4	86	MYLK
24	4	87	PCDH17
24	4	88	TSPAN7
24	4	89	ID3
24	4	90	ZCCHC24
24	4	91	DKK3
24	4	92	WDR73
24	4	93	MMP7
24	4	94	RNASEH2A
24	4	95	SEPT11
24	4	96	CXXC4
24	4	97	LOXL4
24	4	98	KDR
24	4	99	INPP5D
24	4	100	DLX5
24	5	1	COL2A1
24	5	2	SCRG1
24	5	3	SBSPON
24	5	4	COL9A3
24	5	5	FMOD
24	5	6	CLEC3A
24	5	7	CILP2
24	5	8	COL11A2
24	5	9	FIBIN
24	5	10	COL11A1
24	5	11	SMOC2
24	5	12	MGP
24	5	13	COL9A2
24	5	14	S100A1
24	5	15	OGN
24	5	16	AQP3
24	5	17	COMP
24	5	18	TSPAN2
24	5	19	ACAN
24	5	20	PRDX4
24	5	21	SERPINA5
24	5	22	SPARC
24	5	23	C2orf40
24	5	24	HAPLN1
24	5	25	BGN
24	5	26	PRELP
24	5	27	MIA
24	5	28	SPINT2
24	5	29	CILP
24	5	30	DCN
24	5	31	TNNT3
24	5	32	SERPINA1
24	5	33	LUM
24	5	34	P4HB
24	5	35	PAPSS2
24	5	36	SDC1
24	5	37	SCX
24	5	38	CTGF
24	5	39	PCSK1N
24	5	40	FXYD6
24	5	41	HRCT1
24	5	42	CYR61
24	5	43	TIMP4
24	5	44	ANGPTL2
24	5	45	SRPX2
24	5	46	COL3A1
24	5	47	TRPV4
24	5	48	PART1
24	5	49	KLF2
24	5	50	DPT
24	5	51	C9orf3
24	5	52	HTRA1
24	5	53	COLGALT2
24	5	54	FBXO2
24	5	55	COL5A2
24	5	56	ATP1B1
24	5	57	FGF18
24	5	58	C1QTNF4
24	5	59	EGR2
24	5	60	COL5A1
24	5	61	FGFBP2
24	5	62	DNER
24	5	63	TSC22D1
24	5	64	FGFR3
24	5	65	GAS1
24	5	66	MAP2K6
24	5	67	CLIC3
24	5	68	COL1A2
24	5	69	CA9
24	5	70	RGCC
24	5	71	KIAA1549
24	5	72	NDUFA4L2
24	5	73	SRM
24	5	74	COL15A1
24	5	75	STK38L
24	5	76	TF
24	5	77	ADAMTS6
24	5	78	ADSSL1
24	5	79	DIO2
24	5	80	OMD
24	5	81	BMPER
24	5	82	GREM1
24	5	83	CHI3L2
24	5	84	HLA-DQB1
24	5	85	ASPN
24	5	86	SHC4
24	5	87	A2M
24	5	88	COL13A1
24	5	89	RAB11FIP4
24	5	90	TNFRSF11B
24	5	91	CHAD
24	5	92	SLC40A1
24	5	93	GDF5
24	5	94	NEBL
24	5	95	PGAM2
24	5	96	NRGN
24	5	97	LAG3
24	5	98	IFITM10
24	5	99	FOXC2
24	5	100	ALDH1A2
24	6	1	GABARAP
24	6	2	RPL17
24	6	3	GAS5
24	6	4	EEF1G
24	6	5	SNHG5
24	6	6	SNHG29
24	6	7	RNASEK
24	6	8	NME2
24	6	9	CCN2
24	6	10	ECRG4
24	6	11	RPS17
24	6	12	SEPTIN7
24	6	13	MICOS10
24	6	14	S100A1
24	6	15	MIF
24	6	16	CCN1
24	6	17	SERPINA3
24	6	18	AL021155.5
24	6	19	RGCC
24	6	20	CRIP1
24	6	21	AC253572.2
24	6	22	ATOH8
24	6	23	DCN
24	6	24	AL627171.2
24	6	25	SEPTIN2
24	6	26	EGLN2
24	6	27	TIPARP
24	6	28	USP53
24	6	29	SNHG14
24	6	30	STC2
24	6	31	CHAD
24	6	32	IGFBP6
24	6	33	PRELP
24	6	34	AL360012.1
24	6	35	KIAA0040
24	6	36	HIP1
24	6	37	HIST1H1E
24	6	38	ANGPTL7
24	6	39	NOVA1
24	6	40	NXPE2
24	6	41	FAXDC2
24	6	42	MT1E
24	6	43	THBS1
24	6	44	SCIN
24	6	45	FRZB
24	6	46	TXNIP
24	6	47	H19
24	6	48	AKR1C2
24	6	49	ACTC1
24	6	50	C1QTNF7
24	6	51	ADCY2
24	6	52	PIK3R1
24	6	53	RBP4
24	6	54	GALNT15
24	6	55	CILP
24	6	56	CHAC1
24	6	57	CCN5
24	6	58	DUSP2
24	6	59	HIST1H1C
24	6	60	AC239799.2
24	6	61	ABI3BP
24	6	62	AC020916.1
24	6	63	KNOP1
24	6	64	DLX5
24	6	65	DSP
24	6	66	AC005165.1
24	6	67	EGR1
24	6	68	ILF3-DT
24	6	69	OMD
24	6	70	RHOU
24	6	71	MIA
24	6	72	AL355075.4
24	6	73	COMP
24	6	74	ATXN7
24	6	75	BTG2
24	6	76	ENHO
24	6	77	HLA-DQB1
24	6	78	CKB
24	6	79	CYP3A5
24	6	80	PHLPP2
24	6	81	AC005005.4
24	6	82	SOCS3
24	6	83	ANK3
24	6	84	CHD2
24	6	85	RAPGEF5
24	6	86	TPRG1
24	6	87	RNF217-AS1
24	6	88	THUMPD3-AS1
24	6	89	LINC00342
24	6	90	ANXA2R
24	6	91	MTSS1
24	6	92	AC005332.6
24	6	93	NR1D1
24	6	94	MIR99AHG
24	6	95	CMYA5
24	6	96	OGN
24	6	97	FGFBP2
24	6	98	TCEAL2
24	6	99	DNAJB1
24	6	100	CCDC144A
24	7	1	GEM
24	7	2	CDKN1A
24	7	3	ABL2
24	7	4	MAT2A
24	7	5	PPP1R15A
24	7	6	KDM6B
24	7	7	HMOX1
24	7	8	IRF1
24	7	9	IER3
24	7	10	NFKBIA
24	7	11	MYC
24	7	12	SOCS3
24	7	13	NFKBIZ
24	7	14	NR4A3
24	7	15	ARID5B
24	7	16	ATF3
24	7	17	NR4A2
24	7	18	NR4A1
24	7	19	EGR1
24	7	20	KCNQ1OT1
24	7	21	IL6
24	7	22	NAMPT
24	7	23	RND3
24	7	24	CXCL2
24	7	25	GLIS3
24	7	26	ID4
24	7	27	PHLDA1
24	7	28	C11orf96
24	7	29	MIR222HG
24	7	30	TIPARP
24	7	31	HSPH1
24	7	32	FNIP2
24	7	33	SOD2
24	7	34	TNFAIP2
24	7	35	RCAN1
24	7	36	BIRC3
24	7	37	ICAM1
24	7	38	ADAMTS1
24	7	39	PTGS2
24	7	40	TUBB3
24	7	41	BTG2
24	7	42	FOSL1
24	7	43	MEG8
24	7	44	CHAC1
24	7	45	NEAT1
24	7	46	KIAA0040
24	7	47	BMP2
24	7	48	CXCL3
24	7	49	GABPB1-AS1
24	7	50	DNAJB1
24	7	51	MT1A
24	7	52	TNFRSF10D
24	7	53	ELL2
24	7	54	AC020916.1
24	7	55	LUCAT1
24	7	56	AC016831.1
24	7	57	ATXN7
24	7	58	GADD45B
24	7	59	TBX3
24	7	60	BDKRB1
24	7	61	KIF1B
24	7	62	EGR3
24	7	63	VMP1
24	7	64	LIF
24	7	65	SGK1
24	7	66	RGS16
24	7	67	CHMP1B
24	7	68	TNFAIP6
24	7	69	CXCL1
24	7	70	ZNF331
24	7	71	RGS2
24	7	72	TNFAIP3
24	7	73	EZR
24	7	74	CXCL8
24	7	75	NABP1
24	7	76	RDH10
24	7	77	RND1
24	7	78	EFNB2
24	7	79	TSC22D1
24	7	80	INHBA
24	7	81	CCL2
24	7	82	FOXC2
24	7	83	RPS17
24	7	84	AC058791.1
24	7	85	SPEN
24	7	86	AC016831.5
24	7	87	AKAP12
24	7	88	ZFP36L1
24	7	89	IER5
24	7	90	NFATC2
24	7	91	INSIG1
24	7	92	MEDAG
24	7	93	RRAD
24	7	94	CD83
24	7	95	GJA1
24	7	96	ADAMTS4
24	7	97	C2CD4B
24	7	98	TNFRSF12A
24	7	99	ITPRIP
24	7	100	PHLDA2
24	8	1	VEGFA
24	8	2	MIF
24	8	3	SLC2A1
24	8	4	BHLHE40
24	8	5	RPL17
24	8	6	SDF2L1
24	8	7	RPS17
24	8	8	EGLN3
24	8	9	ANGPTL4
24	8	10	SNHG29
24	8	11	HSPA5
24	8	12	BNIP3
24	8	13	ERRFI1
24	8	14	NME2
24	8	15	GAS5
24	8	16	EEF1G
24	8	17	ANKRD37
24	8	18	PTGES
24	8	19	H19
24	8	20	ZNF395
24	8	21	HILPDA
24	8	22	RNASEK
24	8	23	SEPTIN7
24	8	24	SERPINA1
24	8	25	EIF4EBP1
24	8	26	MICOS10
24	8	27	SIPA1L2
24	8	28	DLX4
24	8	29	CDON
24	8	30	VSIG10L2
24	8	31	TNFRSF12A
24	8	32	SOX9
24	8	33	GABARAP
24	8	34	BMP2
24	8	35	SNHG5
24	8	36	PLEKHA1
24	8	37	H1F0
24	8	38	DDIT3
24	8	39	SLC6A6
24	8	40	PGF
24	8	41	SERPINA3
24	8	42	BGN
24	8	43	CA9
24	8	44	RFLNB
24	8	45	FNIP2
24	8	46	WWP2
24	8	47	TCEAL2
24	8	48	CHD2
24	8	49	NCOR2
24	8	50	BHLHE41
24	8	51	IGFBP5
24	8	52	PAPSS2
24	8	53	MT3
24	8	54	UPP1
24	8	55	SYNPO
24	8	56	FAM13A
24	8	57	WNT7B
24	8	58	STAC2
24	8	59	ECRG4
24	8	60	CYP26B1
24	8	61	PDK1
24	8	62	COL13A1
24	8	63	DDIT4L
24	8	64	FOSL1
24	8	65	RCAN1
24	8	66	SEPTIN2
24	8	67	USP9Y
24	8	68	APLN
24	8	69	ADSSL1
24	8	70	IFITM10
24	8	71	P4HB
24	8	72	FLT1
24	8	73	FOXC2
24	8	74	CRIP1
24	8	75	SLC7A11
24	8	76	PHLDA2
24	8	77	AC093496.1
24	8	78	UNC5B
24	8	79	TNFRSF10D
24	8	80	IER5
24	8	81	ATP1B1
24	8	82	KIAA0040
24	8	83	FOXD1
24	8	84	ADM
24	8	85	NDUFA4L2
24	8	86	MIA
24	8	87	MRPS6
24	8	88	SHISAL2B
24	8	89	CHST3
24	8	90	COL5A1
24	8	91	SH3BP2
24	8	92	RNF144B
24	8	93	ICAM1
24	8	94	PMAIP1
24	8	95	HLA-DRB1
24	8	96	CHAC1
24	8	97	LOXL2
24	8	98	TET1
24	8	99	DNAJB1
24	8	100	CRISPLD2
24	9	1	PRG4
24	9	2	ITGBL1
24	9	3	CLIC5
24	9	4	TMEM196
24	9	5	DNASE1L3
24	9	6	GPR1
24	9	7	GABRA4
24	9	8	SPARCL1
24	9	9	ZNF385B
24	9	10	DIRC3
24	9	11	TIMP3
24	9	12	HBEGF
24	9	13	HTRA4
24	9	14	ITGB8
24	9	15	PCSK6
24	9	16	HHIP
24	9	17	TSPAN15
24	9	18	SEMA5A
24	9	19	CRTAC1
24	9	20	SEMA3A
24	9	21	APLP2
24	9	22	COL22A1
24	9	23	NTN4
24	9	24	CHST2
24	9	25	CFI
24	9	26	MTUS2
24	9	27	COLEC12
24	9	28	SCARA5
24	9	29	HHIP-AS1
24	9	30	APBB1IP
24	9	31	SELP
24	9	32	HAS1
24	9	33	MAL
24	9	34	GFPT2
24	9	35	TFPI
24	9	36	CTTNBP2
24	9	37	AC004540.2
24	9	38	GJB2
24	9	39	CREB5
24	9	40	TSPAN7
24	9	41	PPP1R1A
24	9	42	SEMA3C
24	9	43	TWISTNB
24	9	44	ITGA6
24	9	45	FGF10
24	9	46	SMIM14
24	9	47	GJB6
24	9	48	CLUL1
24	9	49	HTRA1
24	9	50	ITM2B
24	9	51	ARHGAP28
24	9	52	PPM1L
24	9	53	SLC2A12
24	9	54	ENPP4
24	9	55	EPB41L1
24	9	56	SORBS2
24	9	57	KHDRBS3
24	9	58	MYPN
24	9	59	BTC
24	9	60	FGL2
24	9	61	CXCL1
24	9	62	DLX3
24	9	63	ARL2
24	9	64	EFNB2
24	9	65	MT-CYB
24	9	66	S100A4
24	9	67	TPPP3
24	9	68	DLX4
24	9	69	EREG
24	9	70	OLFM3
24	9	71	GPR183
24	9	72	SHANK2
24	9	73	TOX3
24	9	74	EPB41L3
24	9	75	C11orf96
24	9	76	AC005062.1
24	9	77	THBS4
24	9	78	PLEKHA1
24	9	79	ADAMTSL1
24	9	80	SAMD5
24	9	81	CSF1
24	9	82	F5
24	9	83	TMEM100
24	9	84	PDGFD
24	9	85	TMSB4X
24	9	86	MT-CO1
24	9	87	PLCB1
24	9	88	CADM3
24	9	89	STEAP4
24	9	90	MT-CO3
24	9	91	MT-CO2
24	9	92	ZEB2
24	9	93	CIT
24	9	94	BST2
24	9	95	ARHGAP20
24	9	96	NDNF
24	9	97	PMAIP1
24	9	98	TNFSF15
24	9	99	SNED1
24	9	100	DEFB1
24	10	1	HLA-DRB1
24	10	2	HLA-DRB5
24	10	3	CFI
24	10	4	C7
24	10	5	CCN5
24	10	6	HSPH1
24	10	7	COL14A1
24	10	8	CRISPLD1
24	10	9	PTGDS
24	10	10	PTN
24	10	11	AHR
24	10	12	MGAT4C
24	10	13	KCTD12
24	10	14	DNAJB1
24	10	15	APOE
24	10	16	RSPO3
24	10	17	SELENOP
24	10	18	CXCL12
24	10	19	BST2
24	10	20	FGL2
24	10	21	ANGPTL1
24	10	22	CD74
24	10	23	CCN1
24	10	24	ZFP36L1
24	10	25	PDGFRA
24	10	26	EPHX1
24	10	27	LAMA4
24	10	28	HSPA6
24	10	29	STEAP4
24	10	30	C16orf89
24	10	31	PDE5A
24	10	32	LGALS3BP
24	10	33	ENAH
24	10	34	PLTP
24	10	35	C1R
24	10	36	CP
24	10	37	SLC5A3
24	10	38	KCNQ1OT1
24	10	39	ZIC1
24	10	40	THY1
24	10	41	NID2
24	10	42	HLA-DRA
24	10	43	HSPA1A
24	10	44	PPP1R15A
24	10	45	FMO2
24	10	46	OLFML1
24	10	47	NELL1
24	10	48	EFEMP1
24	10	49	ANGPT1
24	10	50	PCDH9
24	10	51	FGF10
24	10	52	ENPP2
24	10	53	SEPTIN2
24	10	54	COLEC12
24	10	55	PDE1A
24	10	56	HSPA1B
24	10	57	SNCG
24	10	58	OLFM2
24	10	59	PLPP1
24	10	60	C2
24	10	61	NTNG1
24	10	62	PLAU
24	10	63	JUN
24	10	64	MTRNR2L1
24	10	65	SERPINF1
24	10	66	ZFP36L2
24	10	67	FAM13C
24	10	68	TSHZ2
24	10	69	TNC
24	10	70	SEPTIN7
24	10	71	RND3
24	10	72	PRSS23
24	10	73	PLEKHA6
24	10	74	OLFML2B
24	10	75	FILIP1L
24	10	76	TWIST1
24	10	77	S1PR3
24	10	78	OSR2
24	10	79	SNHG5
24	10	80	FOS
24	10	81	MICOS10
24	10	82	SNHG29
24	10	83	OSR1
24	10	84	TNFSF13B
24	10	85	SNED1
24	10	86	EPHA3
24	10	87	HGF
24	10	88	ADGRB3
24	10	89	SFRP1
24	10	90	MT-ATP6
24	10	91	NRP1
24	10	92	MRPS6
24	10	93	GABARAP
24	10	94	PLAC9
24	10	95	OLFML3
24	10	96	PLCXD3
24	10	97	NME2
24	10	98	ARHGAP20
24	10	99	SYNPO2
24	10	100	CFH
24	11	1	PODN
24	11	2	CFD
24	11	3	SRPX
24	11	4	GSN
24	11	5	C3
24	11	6	ZFP36L2
24	11	7	AGTR1
24	11	8	ADH1C
24	11	9	SERPINF1
24	11	10	ALDH1A1
24	11	11	CLSTN2
24	11	12	APOD
24	11	13	C1S
24	11	14	VIT
24	11	15	C6
24	11	16	PTGFR
24	11	17	MGST1
24	11	18	ADH1B
24	11	19	GPC3
24	11	20	SELENOP
24	11	21	FBLN2
24	11	22	PCDH18
24	11	23	GLUL
24	11	24	TSKU
24	11	25	GGT5
24	11	26	ABCA8
24	11	27	C1R
24	11	28	GADD45A
24	11	29	NID1
24	11	30	ACKR4
24	11	31	JUN
24	11	32	PLA2G2A
24	11	33	LAMA2
24	11	34	ABCA6
24	11	35	SAMHD1
24	11	36	PLPP3
24	11	37	FBLN5
24	11	38	EFEMP1
24	11	39	IRX3
24	11	40	MT-ND2
24	11	41	ANTXR2
24	11	42	RARRES2
24	11	43	MAOA
24	11	44	FBLN1
24	11	45	ABCA9
24	11	46	DEPP1
24	11	47	SVEP1
24	11	48	PTGER4
24	11	49	CYGB
24	11	50	IL33
24	11	51	ITM2A
24	11	52	EBF1
24	11	53	EPHX1
24	11	54	NR2F2
24	11	55	NEGR1
24	11	56	CYP1B1
24	11	57	CXCL12
24	11	58	SPRY1
24	11	59	ADH4
24	11	60	FGF7
24	11	61	LMOD1
24	11	62	MMP2
24	11	63	FMO3
24	11	64	PLTP
24	11	65	RAMP2
24	11	66	DCLK1
24	11	67	WNT11
24	11	68	MT-CYB
24	11	69	SASH1
24	11	70	TMEM150C
24	11	71	MYOC
24	11	72	PCSK5
24	11	73	HSPB6
24	11	74	CXCL14
24	11	75	MT-ND4
24	11	76	CCBE1
24	11	77	MT-ND1
24	11	78	AOX1
24	11	79	TMEM176B
24	11	80	PPL
24	11	81	MT-CO2
24	11	82	ZFP36L1
24	11	83	C11orf96
24	11	84	C7
24	11	85	CHRDL1
24	11	86	SLC2A3
24	11	87	LAMC1
24	11	88	TMEM176A
24	11	89	MT-CO1
24	11	90	MMP14
24	11	91	CELF2
24	11	92	CAMK2N1
24	11	93	ADAMTS1
24	11	94	FTH1
24	11	95	CCL13
24	11	96	BMP5
24	11	97	RBMS3
24	11	98	MT-ATP6
24	11	99	LAMB1
24	11	100	CFH
24	12	1	MFAP5
24	12	2	TMSB4X
24	12	3	FBN1
24	12	4	FSTL1
24	12	5	S100A4
24	12	6	SFRP4
24	12	7	S100A6
24	12	8	ANXA2
24	12	9	AQP1
24	12	10	S100A10
24	12	11	TPPP3
24	12	12	FBLN2
24	12	13	TNXB
24	12	14	LINC01133
24	12	15	PRSS23
24	12	16	SCARA5
24	12	17	PLAC9
24	12	18	DKK3
24	12	19	GLIPR2
24	12	20	PPP1R14B
24	12	21	IGFBP6
24	12	22	GAP43
24	12	23	CD34
24	12	24	PAMR1
24	12	25	CELF2
24	12	26	GSN
24	12	27	ANGPTL1
24	12	28	CD248
24	12	29	C1QTNF3
24	12	30	LIMA1
24	12	31	ANK2
24	12	32	VCAN
24	12	33	ABLIM1
24	12	34	DPP4
24	12	35	EMP3
24	12	36	CADM3
24	12	37	COL6A2
24	12	38	CRIP1
24	12	39	LTBP4
24	12	40	TMSB10
24	12	41	CFD
24	12	42	PLXDC1
24	12	43	CRABP2
24	12	44	TSHZ2
24	12	45	ITM2B
24	12	46	STXBP6
24	12	47	MAP1B
24	12	48	CYSLTR1
24	12	49	FYN
24	12	50	MAP1A
24	12	51	CD70
24	12	52	GPNMB
24	12	53	SLIT3
24	12	54	KLF6
24	12	55	FILIP1L
24	12	56	ITM2A
24	12	57	NOVA1
24	12	58	ISLR
24	12	59	FHL1
24	12	60	LGALS1
24	12	61	TUBA1A
24	12	62	FAM180B
24	12	63	SPARCL1
24	12	64	HSD3B7
24	12	65	HEG1
24	12	66	PDGFD
24	12	67	OLFML2A
24	12	68	MAMDC2
24	12	69	COL14A1
24	12	70	THY1
24	12	71	PLPP1
24	12	72	SSC5D
24	12	73	PALM
24	12	74	HMCN2
24	12	75	SMIM14
24	12	76	NBL1
24	12	77	PPL
24	12	78	BMP5
24	12	79	COL6A1
24	12	80	VIT
24	12	81	ADD3
24	12	82	GAS7
24	12	83	CREB5
24	12	84	TOGARAM2
24	12	85	CSF1
24	12	86	SEMA3C
24	12	87	SLN
24	12	88	AKR1C2
24	12	89	MYL9
24	12	90	AKR1C3
24	12	91	OLFML1
24	12	92	WNT2
24	12	93	CBR3
24	12	94	MEOX1
24	12	95	TGFBR3
24	12	96	FAP
24	12	97	DPT
24	12	98	ANPEP
24	12	99	PLTP
24	12	100	BASP1
24	13	1	SPARC
24	13	2	COL3A1
24	13	3	DKK3
24	13	4	CCND1
24	13	5	TGFBI
24	13	6	COL1A2
24	13	7	ASPN
24	13	8	LOXL2
24	13	9	COL5A1
24	13	10	COL5A2
24	13	11	MXRA5
24	13	12	COL1A1
24	13	13	C12orf75
24	13	14	TNC
24	13	15	SERPINE1
24	13	16	DPT
24	13	17	COL8A1
24	13	18	RFLNB
24	13	19	COL15A1
24	13	20	TREM1
24	13	21	TSPAN2
24	13	22	ITGB1
24	13	23	AQP1
24	13	24	CST6
24	13	25	SLN
24	13	26	ISLR
24	13	27	TPM1
24	13	28	ATP1B1
24	13	29	LGALS1
24	13	30	IGFBP7
24	13	31	IGFBP3
24	13	32	S100A4
24	13	33	COL6A1
24	13	34	ABHD2
24	13	35	LTBP1
24	13	36	COL6A2
24	13	37	CD70
24	13	38	LRRC15
24	13	39	FBLN5
24	13	40	CRLF1
24	13	41	ENPP1
24	13	42	ANO1
24	13	43	FSTL1
24	13	44	AEBP1
24	13	45	TNFRSF12A
24	13	46	NRGN
24	13	47	FNDC1
24	13	48	COL13A1
24	13	49	ANGPTL2
24	13	50	S100A10
24	13	51	HSPG2
24	13	52	MICAL2
24	13	53	ELN
24	13	54	IL32
24	13	55	THBS3
24	13	56	P4HB
24	13	57	C1QTNF3
24	13	58	GPR155
24	13	59	COL12A1
24	13	60	LTBP2
24	13	61	CRABP2
24	13	62	RAI14
24	13	63	ANXA2
24	13	64	ITGA11
24	13	65	CDH13
24	13	66	FMOD
24	13	67	PTHLH
24	13	68	NBL1
24	13	69	SCX
24	13	70	COL6A3
24	13	71	EDIL3
24	13	72	PRDX4
24	13	73	TMSB4X
24	13	74	SULF1
24	13	75	NDUFA4L2
24	13	76	TNFSF11
24	13	77	PRSS23
24	13	78	FSTL3
24	13	79	PDLIM1
24	13	80	GDF6
24	13	81	BGN
24	13	82	TPPP3
24	13	83	TIMP1
24	13	84	PXDN
24	13	85	MATN2
24	13	86	CRIP1
24	13	87	ANTXR1
24	13	88	CAPS
24	13	89	SEMA3C
24	13	90	FAP
24	13	91	MYBL1
24	13	92	CA9
24	13	93	CCN2
24	13	94	RAB31
24	13	95	PPP1R14B
24	13	96	DGKI
24	13	97	FLNA
24	13	98	PTGES
24	13	99	SUSD5
24	13	100	HSD3B7
24	14	1	CD55
24	14	2	FN1
24	14	3	CRLF1
24	14	4	HTRA1
24	14	5	TNFAIP6
24	14	6	NECTIN4
24	14	7	TREM1
24	14	8	DYSF
24	14	9	AMTN
24	14	10	SLC7A2
24	14	11	ADGRG2
24	14	12	RET
24	14	13	IGFBP5
24	14	14	CCDC80
24	14	15	PRG4
24	14	16	CLU
24	14	17	CRTAC1
24	14	18	TIMP3
24	14	19	SMOC1
24	14	20	DEFB1
24	14	21	EMP3
24	14	22	SLC16A10
24	14	23	HMX1
24	14	24	CAPS
24	14	25	EPB41L3
24	14	26	GFPT2
24	14	27	ADAMTS6
24	14	28	SMIM14
24	14	29	S100A3
24	14	30	ADAMTSL2
24	14	31	S100A6
24	14	32	SLC2A12
24	14	33	SOX11
24	14	34	BTC
24	14	35	TNFRSF11B
24	14	36	ISLR
24	14	37	FABP3
24	14	38	DLX4
24	14	39	HSD3B7
24	14	40	RAPGEF4
24	14	41	ITPR3
24	14	42	TYMP
24	14	43	PRDX4
24	14	44	LY6D
24	14	45	TIMP1
24	14	46	ARL2
24	14	47	AOAH
24	14	48	SORBS2
24	14	49	CXCL14
24	14	50	SEMA3A
24	14	51	PTGES
24	14	52	HHIP-AS1
24	14	53	CLVS2
24	14	54	PENK
24	14	55	SHISAL2B
24	14	56	S100A4
24	14	57	PRSS23
24	14	58	PPP1R14B
24	14	59	NDUFA4L2
24	14	60	GDF5
24	14	61	HHIP
24	14	62	GAS1
24	14	63	SLURP1
24	14	64	CLIC3
24	14	65	TRPV4
24	14	66	C15orf48
24	14	67	PTHLH
24	14	68	VSIG10L2
24	14	69	CDON
24	14	70	AQP1
24	14	71	PMAIP1
24	14	72	CRYAB
24	14	73	RSPO2
24	14	74	PCSK1N
24	14	75	ODAM
24	14	76	PARP16
24	14	77	S100A10
24	14	78	TPPP3
24	14	79	CPE
24	14	80	C11orf96
24	14	81	UCP2
24	14	82	CDH19
24	14	83	SQLE
24	14	84	GRIA2
24	14	85	ITM2B
24	14	86	MSMO1
24	14	87	FRY
24	14	88	PLEKHA1
24	14	89	WISP1
24	14	90	MIA
24	14	91	ACKR3
24	14	92	DPT
24	14	93	SGK1
24	14	94	MTUS2
24	14	95	DLX3
24	14	96	CCND1
24	14	97	RTN1
24	14	98	CBR3
24	14	99	FTH1
24	14	100	PHLDA2
24	15	1	IGFBP4
24	15	2	IGF1
24	15	3	SFRP1
24	15	4	SCG2
24	15	5	CXCL12
24	15	6	NPR3
24	15	7	EFEMP1
24	15	8	SERPINF1
24	15	9	PTGFR
24	15	10	SFRP2
24	15	11	TMEM176B
24	15	12	STMN2
24	15	13	C1S
24	15	14	ABCC9
24	15	15	GAS6
24	15	16	TMEM176A
24	15	17	C1R
24	15	18	CFD
24	15	19	CES1
24	15	20	WISP2
24	15	21	SPON1
24	15	22	MDK
24	15	23	MARCKS
24	15	24	VCAN
24	15	25	IL6
24	15	26	C16orf89
24	15	27	PCSK1
24	15	28	MMP2
24	15	29	HELLPAR
24	15	30	CYP1B1
24	15	31	PLPP1
24	15	32	PLA2G2A
24	15	33	HSD11B1
24	15	34	SHISAL1
24	15	35	ENPP2
24	15	36	MEST
24	15	37	LBP
24	15	38	GAL
24	15	39	HAS2
24	15	40	FGF7
24	15	41	FILIP1
24	15	42	TUBB2B
24	15	43	OLFML3
24	15	44	MFAP4
24	15	45	C3
24	15	46	EPHX1
24	15	47	DCLK1
24	15	48	KCNE4
24	15	49	FLRT2
24	15	50	COL14A1
24	15	51	SLIT3
24	15	52	PDLIM1
24	15	53	AKR1C3
24	15	54	CTSH
24	15	55	GGT5
24	15	56	MRPS6
24	15	57	SLC5A3
24	15	58	CD248
24	15	59	MGST1
24	15	60	SMOC1
24	15	61	HP
24	15	62	SRPX
24	15	63	EBF1
24	15	64	SRGN
24	15	65	FSTL1
24	15	66	MT-ND3
24	15	67	ARL4C
24	15	68	MTRNR2L12
24	15	69	ANGPT1
24	15	70	IFI44L
24	15	71	COL4A4
24	15	72	PDGFRA
24	15	73	CDH11
24	15	74	MME
24	15	75	MFAP5
24	15	76	ADD3
24	15	77	FBN1
24	15	78	RARRES2
24	15	79	AKR1C1
24	15	80	PLTP
24	15	81	CHMP1B
24	15	82	ENTPD1
24	15	83	TMSB10
24	15	84	IL13RA2
24	15	85	ZNF331
24	15	86	CA2
24	15	87	CXCL2
24	15	88	IGSF21
24	15	89	PODN
24	15	90	FAM20A
24	15	91	BICC1
24	15	92	KCTD12
24	15	93	PDGFRL
24	15	94	MT-ND1
24	15	95	FBLN1
24	15	96	LGALS3BP
24	15	97	CXCL14
24	15	98	NTRK2
24	15	99	BASP1
24	15	100	STK17B
24	16	1	POSTN
24	16	2	CTHRC1
24	16	3	COL1A1
24	16	4	SPON2
24	16	5	COL1A2
24	16	6	COL6A3
24	16	7	COL6A1
24	16	8	LGALS1
24	16	9	MMP2
24	16	10	MMP11
24	16	11	ARL4C
24	16	12	FNDC1
24	16	13	FAP
24	16	14	TMEM119
24	16	15	MYL9
24	16	16	BASP1
24	16	17	CADM1
24	16	18	LRRC32
24	16	19	COL6A2
24	16	20	CALD1
24	16	21	PDGFRB
24	16	22	LRRC17
24	16	23	TMSB10
24	16	24	LINC01705
24	16	25	LRRC15
24	16	26	THY1
24	16	27	TPM1
24	16	28	CRABP2
24	16	29	OLFML2B
24	16	30	TAGLN
24	16	31	COL5A2
24	16	32	MARCKS
24	16	33	AEBP1
24	16	34	COL4A2
24	16	35	CDH11
24	16	36	COL5A3
24	16	37	ITGB1
24	16	38	THBS2
24	16	39	HMCN1
24	16	40	GPNMB
24	16	41	COL4A1
24	16	42	NBL1
24	16	43	CTSH
24	16	44	MMP14
24	16	45	TGFBI
24	16	46	RGS3
24	16	47	PLXDC1
24	16	48	MXRA5
24	16	49	FRMD6
24	16	50	GJA1
24	16	51	RAB31
24	16	52	LOXL2
24	16	53	MDK
24	16	54	SPARC
24	16	55	C1QTNF3
24	16	56	TUBA1A
24	16	57	PPP1R14B
24	16	58	C3orf80
24	16	59	ANTXR1
24	16	60	CEMIP
24	16	61	FLNA
24	16	62	TMSB4X
24	16	63	FTH1
24	16	64	LAMB1
24	16	65	ENAH
24	16	66	FABP5
24	16	67	COL14A1
24	16	68	MMP13
24	16	69	FAT1
24	16	70	ANGPTL1
24	16	71	CAMK2N1
24	16	72	HES4
24	16	73	RUNX2
24	16	74	MAP4K4
24	16	75	FLRT2
24	16	76	COL18A1
24	16	77	COL12A1
24	16	78	COL3A1
24	16	79	PCDH7
24	16	80	MICAL2
24	16	81	TWIST1
24	16	82	SLC40A1
24	16	83	MAFB
24	16	84	S100A10
24	16	85	CSRP2
24	16	86	ANXA2
24	16	87	IFI27
24	16	88	GUCY1A1
24	16	89	MME
24	16	90	NRP1
24	16	91	ELN
24	16	92	WISP2
24	16	93	HRK
24	16	94	PXDN
24	16	95	BNC2
24	16	96	NID2
24	16	97	DPT
24	16	98	PRSS23
24	16	99	MT-CO2
24	16	100	C2
24	17	1	IL11
24	17	2	INHBA
24	17	3	FGF2
24	17	4	FGF1
24	17	5	PTGS2
24	17	6	WNT16
24	17	7	TNFRSF12A
24	17	8	KRT16
24	17	9	MSMO1
24	17	10	HSPA5
24	17	11	BMP2
24	17	12	ABI3BP
24	17	13	INSIG1
24	17	14	DGKI
24	17	15	KRT17
24	17	16	FHL2
24	17	17	LIF
24	17	18	DSP
24	17	19	TNFRSF11B
24	17	20	ADPRHL1
24	17	21	COL2A1
24	17	22	SQLE
24	17	23	SYNJ2
24	17	24	S100A2
24	17	25	CRYAB
24	17	26	NFATC2
24	17	27	RFLNB
24	17	28	JAG1
24	17	29	CLDN4
24	17	30	PAPSS2
24	17	31	KDM6B
24	17	32	DNER
24	17	33	TNFAIP6
24	17	34	KCNMA1
24	17	35	VCAN
24	17	36	FOSL1
24	17	37	STK38L
24	17	38	PHLDA2
24	17	39	HMGA1
24	17	40	GLIS3
24	17	41	SERPINE2
24	17	42	AC010343.3
24	17	43	TRPV4
24	17	44	SLC7A11
24	17	45	SERPINA3
24	17	46	SDF2L1
24	17	47	MAST4
24	17	48	NEBL
24	17	49	TIAM2
24	17	50	SPARC
24	17	51	CYTOR
24	17	52	FOXC2
24	17	53	COL11A1
24	17	54	F13A1
24	17	55	CHAC1
24	17	56	S100A1
24	17	57	SERPINA5
24	17	58	EZR
24	17	59	XYLT1
24	17	60	PDE4B
24	17	61	SCD
24	17	62	CD55
24	17	63	TM4SF1
24	17	64	DST
24	17	65	RCAN1
24	17	66	SERPINE1
24	17	67	EGR3
24	17	68	SOX9
24	17	69	SLC4A7
24	17	70	FAM180A
24	17	71	EIF4EBP1
24	17	72	SDK2
24	17	73	CKB
24	17	74	LINC00511
24	17	75	GIPR
24	17	76	KIF21A
24	17	77	CCN1
24	17	78	PAX1
24	17	79	MMP3
24	17	80	SGIP1
24	17	81	FGFBP2
24	17	82	SMOC1
24	17	83	DUSP4
24	17	84	SCIN
24	17	85	TNFSF10
24	17	86	FADS2
24	17	87	ANGPTL4
24	17	88	PSME4
24	17	89	SRPX2
24	17	90	TGM2
24	17	91	CHST3
24	17	92	SIPA1L2
24	17	93	RAB11FIP4
24	17	94	DHCR24
24	17	95	AOC2
24	17	96	SPP1
24	17	97	TMEM120B
24	17	98	EMP3
24	17	99	COL3A1
24	17	100	ENPP1
24	18	1	RGS5
24	18	2	ACTA2
24	18	3	GJA4
24	18	4	TINAGL1
24	18	5	ADGRF5
24	18	6	COX4I2
24	18	7	PPP1R14A
24	18	8	SYNPO2
24	18	9	CD36
24	18	10	MCAM
24	18	11	HIGD1B
24	18	12	FHL5
24	18	13	NOTCH3
24	18	14	TAGLN
24	18	15	IGFBP7
24	18	16	NR2F2
24	18	17	HES4
24	18	18	PLN
24	18	19	COL4A2
24	18	20	COL4A1
24	18	21	SCN4B
24	18	22	RNF152
24	18	23	CARMN
24	18	24	EDNRA
24	18	25	LINC01197
24	18	26	FILIP1L
24	18	27	CHN1
24	18	28	CALD1
24	18	29	MYH11
24	18	30	ARHGAP15
24	18	31	THY1
24	18	32	MYL9
24	18	33	GUCY1B1
24	18	34	ADAMTS4
24	18	35	TBX2
24	18	36	RCAN2
24	18	37	LINC00924
24	18	38	PDE5A
24	18	39	LMOD1
24	18	40	MYLK
24	18	41	KCNE4
24	18	42	GUCY1A1
24	18	43	GGT5
24	18	44	ID4
24	18	45	HEYL
24	18	46	EDNRB
24	18	47	CCDC102B
24	18	48	FOXS1
24	18	49	SPARCL1
24	18	50	COL18A1
24	18	51	MAP1B
24	18	52	FABP4
24	18	53	AF121898.1
24	18	54	TPM1
24	18	55	ANGPT2
24	18	56	EBF2
24	18	57	NR2F2-AS1
24	18	58	C3orf70
24	18	59	LGI4
24	18	60	HSPH1
24	18	61	CPE
24	18	62	LINC00989
24	18	63	HSPA1A
24	18	64	NEXN
24	18	65	LPL
24	18	66	JAG1
24	18	67	SPRY1
24	18	68	HSPA1B
24	18	69	CD200
24	18	70	HSPA6
24	18	71	RGS4
24	18	72	MAP2
24	18	73	ABCC9
24	18	74	SUCNR1
24	18	75	SFRP2
24	18	76	AHR
24	18	77	CYGB
24	18	78	SGIP1
24	18	79	CYTOR
24	18	80	SLN
24	18	81	AGT
24	18	82	ADAMTS1
24	18	83	DMD
24	18	84	ARHGAP6
24	18	85	NID1
24	18	86	F2R
24	18	87	STEAP4
24	18	88	NGFR
24	18	89	PEAR1
24	18	90	AC242426.2
24	18	91	COL5A3
24	18	92	OLFML2A
24	18	93	DNAJB1
24	18	94	SUSD2
24	18	95	RERGL
24	18	96	CAMK2N1
24	18	97	PPP1R12B
24	18	98	TFPI
24	18	99	LHFPL6
24	18	100	STXBP6
24	19	1	NRXN1
24	19	2	PLP1
24	19	3	CDH19
24	19	4	SCN7A
24	19	5	CHL1
24	19	6	NGFR
24	19	7	AC027013.1
24	19	8	S100B
24	19	9	ARHGAP15
24	19	10	CLDN1
24	19	11	GFRA1
24	19	12	ITGA6
24	19	13	SLC22A3
24	19	14	COL28A1
24	19	15	OLFML2A
24	19	16	NR2F2
24	19	17	CNKSR3
24	19	18	SORCS1
24	19	19	MPZ
24	19	20	MAL
24	19	21	MYOT
24	19	22	EBF2
24	19	23	AKAP12
24	19	24	TCIM
24	19	25	GPM6B
24	19	26	SESN3
24	19	27	ITGB8
24	19	28	FOXS1
24	19	29	PI16
24	19	30	MAP1B
24	19	31	PTPRZ1
24	19	32	CNTN4
24	19	33	IGFBP7
24	19	34	MARCKS
24	19	35	SHISA3
24	19	36	FLRT2
24	19	37	NTM
24	19	38	MCAM
24	19	39	COL18A1
24	19	40	ABCA8
24	19	41	RARRES2
24	19	42	PEAR1
24	19	43	APOD
24	19	44	GPC3
24	19	45	DMD
24	19	46	COL4A1
24	19	47	CCN3
24	19	48	COL4A2
24	19	49	TENM3
24	19	50	TMSB10
24	19	51	ERBB3
24	19	52	INMT
24	19	53	BNC2
24	19	54	PCDH7
24	19	55	P2RY14
24	19	56	RUNX2
24	19	57	LAMB1
24	19	58	FIGN
24	19	59	GAS7
24	19	60	EDNRA
24	19	61	TAGLN
24	19	62	TSPAN11
24	19	63	FMO1
24	19	64	ABCA9
24	19	65	GNG2
24	19	66	COL21A1
24	19	67	ITM2A
24	19	68	OLFML2B
24	19	69	MATN2
24	19	70	ZEB2
24	19	71	PAK3
24	19	72	TENM4
24	19	73	HGF
24	19	74	MEOX2
24	19	75	CAPN6
24	19	76	IL18
24	19	77	CHRDL1
24	19	78	SH3PXD2A
24	19	79	CHN1
24	19	80	PLK2
24	19	81	EGFR
24	19	82	CALD1
24	19	83	NOTCH3
24	19	84	FSTL3
24	19	85	PEAK1
24	19	86	LGI4
24	19	87	LTBP4
24	19	88	CNTN1
24	19	89	GPR155
24	19	90	PRLR
24	19	91	AHR
24	19	92	DACT1
24	19	93	STMN1
24	19	94	P2RY1
24	19	95	CIT
24	19	96	SLC1A2
24	19	97	CXCL14
24	19	98	SEMA6A
24	19	99	PRICKLE1
24	19	100	ADGRB3
24	20	1	PECAM1
24	20	2	GIMAP7
24	20	3	EMCN
24	20	4	ACKR1
24	20	5	SOX18
24	20	6	PLVAP
24	20	7	PCAT19
24	20	8	VWF
24	20	9	CCL14
24	20	10	CD93
24	20	11	SELE
24	20	12	MMRN1
24	20	13	ADGRL4
24	20	14	TFF3
24	20	15	STC1
24	20	16	CCL21
24	20	17	RAMP3
24	20	18	CYYR1
24	20	19	BCAM
24	20	20	CALCRL
24	20	21	LYVE1
24	20	22	EDN1
24	20	23	CAVIN2
24	20	24	SOX17
24	20	25	PKHD1L1
24	20	26	SLCO2A1
24	20	27	CD74
24	20	28	KDR
24	20	29	EDNRB
24	20	30	HLA-DRA
24	20	31	ADCY4
24	20	32	CLDN5
24	20	33	GMFG
24	20	34	ENTPD1
24	20	35	SEMA6A
24	20	36	ITGA6
24	20	37	HLA-DRB1
24	20	38	CLEC2B
24	20	39	RNASE1
24	20	40	PODXL
24	20	41	FABP4
24	20	42	LPAR6
24	20	43	ROBO4
24	20	44	RAMP2
24	20	45	ADGRF5
24	20	46	CNKSR3
24	20	47	APLNR
24	20	48	SYNE2
24	20	49	TSPAN7
24	20	50	CD200
24	20	51	FLT1
24	20	52	TM4SF1
24	20	53	CD34
24	20	54	FABP5
24	20	55	PLAT
24	20	56	TFPI
24	20	57	MYO5C
24	20	58	PDLIM1
24	20	59	F2RL3
24	20	60	IFI27
24	20	61	HLA-DQA1
24	20	62	CD36
24	20	63	TMSB10
24	20	64	MCF2L
24	20	65	HLA-DRB5
24	20	66	MCAM
24	20	67	CTSH
24	20	68	THSD7A
24	20	69	TINAGL1
24	20	70	C2CD4B
24	20	71	DOCK9
24	20	72	LRRC32
24	20	73	ITM2A
24	20	74	PLIN5
24	20	75	SPRY1
24	20	76	TCIM
24	20	77	DOCK4
24	20	78	ADGRL2
24	20	79	ARHGAP29
24	20	80	PLCB4
24	20	81	IL33
24	20	82	HSPG2
24	20	83	PLCB1
24	20	84	MEF2C
24	20	85	AQP1
24	20	86	HLA-DQB1
24	20	87	APOLD1
24	20	88	AGRN
24	20	89	LAPTM5
24	20	90	CHRDL1
24	20	91	FAM167B
24	20	92	STAB1
24	20	93	HEG1
24	20	94	LMCD1
24	20	95	SCN11A
24	20	96	CNTNAP3
24	20	97	SPARCL1
24	20	98	ANXA3
24	20	99	ANGPT2
24	20	100	AC130650.2
24	21	1	C1QA
24	21	2	AIF1
24	21	3	C1QB
24	21	4	CYBB
24	21	5	C1QC
24	21	6	FOLR2
24	21	7	TYROBP
24	21	8	MARCO
24	21	9	RNASE1
24	21	10	MS4A6A
24	21	11	MS4A7
24	21	12	VSIG4
24	21	13	HLA-DRA
24	21	14	HLA-DQA1
24	21	15	LYZ
24	21	16	CD163
24	21	17	CD74
24	21	18	S100A8
24	21	19	FCGR3A
24	21	20	MS4A4A
24	21	21	FCER1G
24	21	22	FCGR2B
24	21	23	LILRB5
24	21	24	EMB
24	21	25	HLA-DRB1
24	21	26	ALOX5AP
24	21	27	LAPTM5
24	21	28	STAB1
24	21	29	FCER1A
24	21	30	S100A9
24	21	31	LYVE1
24	21	32	HLA-DRB5
24	21	33	RGS1
24	21	34	HLA-DQB1
24	21	35	CD37
24	21	36	MARCH1
24	21	37	CCL4L2
24	21	38	CPVL
24	21	39	PTPRC
24	21	40	CCL3
24	21	41	HPGDS
24	21	42	P2RY14
24	21	43	ADAM28
24	21	44	NCKAP1L
24	21	45	CCL3L1
24	21	46	GMFG
24	21	47	CXCL8
24	21	48	HCST
24	21	49	IL18
24	21	50	CCL4
24	21	51	BTK
24	21	52	SRGN
24	21	53	CIITA
24	21	54	FCN1
24	21	55	ENTPD1
24	21	56	IFI30
24	21	57	TNF
24	21	58	AC104051.2
24	21	59	INPP5D
24	21	60	F13A1
24	21	61	CD36
24	21	62	CD93
24	21	63	FTH1
24	21	64	CD83
24	21	65	HPGD
24	21	66	CPA3
24	21	67	IKZF1
24	21	68	L1TD1
24	21	69	CTSG
24	21	70	POU2F2
24	21	71	MS4A2
24	21	72	FYB1
24	21	73	MYO5A
24	21	74	PECAM1
24	21	75	SORL1
24	21	76	MERTK
24	21	77	TPSB2
24	21	78	CCL18
24	21	79	CD14
24	21	80	LPAR6
24	21	81	DEPDC1
24	21	82	SELENOP
24	21	83	TMSB10
24	21	84	REPS2
24	21	85	GPR183
24	21	86	UBE2C
24	21	87	SLC40A1
24	21	88	CTSH
24	21	89	IGSF21
24	21	90	SAMHD1
24	21	91	RAC2
24	21	92	CDK1
24	21	93	TNFAIP3
24	21	94	GNG2
24	21	95	GPR65
24	21	96	TPSAB1
24	21	97	CXCL3
24	21	98	GRK3
24	21	99	MAF
24	21	100	P2RX7
24	22	1	CD3D
24	22	2	PTPRC
24	22	3	CD52
24	22	4	NKG7
24	22	5	CCL5
24	22	6	TRBC2
24	22	7	IL7R
24	22	8	TRBC1
24	22	9	CXCR4
24	22	10	SAMSN1
24	22	11	KLRB1
24	22	12	LTB
24	22	13	GZMA
24	22	14	CD69
24	22	15	CD48
24	22	16	TRAC
24	22	17	BCL11B
24	22	18	GZMK
24	22	19	RUNX3
24	22	20	CD37
24	22	21	RAC2
24	22	22	TPSAB1
24	22	23	HCST
24	22	24	GPR65
24	22	25	RHOH
24	22	26	SPOCK2
24	22	27	SRGN
24	22	28	EMB
24	22	29	ALOX5AP
24	22	30	CCL4
24	22	31	IL32
24	22	32	TPSB2
24	22	33	MS4A2
24	22	34	CPA3
24	22	35	IKZF1
24	22	36	CD247
24	22	37	AREG
24	22	38	GMFG
24	22	39	XCL1
24	22	40	GIMAP7
24	22	41	TNFAIP3
24	22	42	RGS1
24	22	43	GPR183
24	22	44	HPGDS
24	22	45	PRDM1
24	22	46	FCER1G
24	22	47	STMN1
24	22	48	HDC
24	22	49	CTSG
24	22	50	LAPTM5
24	22	51	HPGD
24	22	52	ARHGAP15
24	22	53	CLEC2B
24	22	54	SLC18A2
24	22	55	ARL4C
24	22	56	FCER1A
24	22	57	FYB1
24	22	58	STK17B
24	22	59	TRAV17
24	22	60	DUSP2
24	22	61	NLRC3
24	22	62	MGAT4A
24	22	63	KIT
24	22	64	KRT19
24	22	65	CTSW
24	22	66	KLRG1
24	22	67	CLEC2D
24	22	68	MKI67
24	22	69	RGS13
24	22	70	AC091057.6
24	22	71	TNF
24	22	72	CD74
24	22	73	TYROBP
24	22	74	MAL
24	22	75	HLA-DRA
24	22	76	TOP2A
24	22	77	CEP55
24	22	78	HLA-DQA1
24	22	79	GNG2
24	22	80	AC114760.2
24	22	81	DOCK10
24	22	82	DUSP4
24	22	83	ZNF331
24	22	84	TMSB10
24	22	85	TNFRSF1B
24	22	86	ZC3H12D
24	22	87	SYNE2
24	22	88	CCL4L2
24	22	89	BIRC3
24	22	90	BTK
24	22	91	IL27RA
24	22	92	CDK1
24	22	93	CYFIP2
24	22	94	HIST1H1B
24	22	95	CENPF
24	22	96	AC008105.3
24	22	97	PAG1
24	22	98	NUSAP1
24	22	99	ANKRD44
24	22	100	B3GALT2
24	23	1	ANLN
24	23	2	ASPM
24	23	3	TOP2A
24	23	4	CENPF
24	23	5	UBE2C
24	23	6	CEP55
24	23	7	TPX2
24	23	8	MKI67
24	23	9	PIMREG
24	23	10	CCNB2
24	23	11	BIRC5
24	23	12	DEPDC1
24	23	13	CDK1
24	23	14	DIAPH3
24	23	15	PBK
24	23	16	CENPE
24	23	17	NUSAP1
24	23	18	CDC20
24	23	19	STMN1
24	23	20	TYMS
24	23	21	LGALS1
24	23	22	CD70
24	23	23	HIST1H1B
24	23	24	ESCO2
24	23	25	CIT
24	23	26	TFPI2
24	23	27	C12orf75
24	23	28	MYEF2
24	23	29	SMC2
24	23	30	HIST1H3G
24	23	31	S100A10
24	23	32	ITGB1
24	23	33	NAV2
24	23	34	COL6A1
24	23	35	PPP1R14B
24	23	36	SLC4A8
24	23	37	ANXA2
24	23	38	MYBL1
24	23	39	NSD2
24	23	40	MAP4K4
24	23	41	OLFML2B
24	23	42	MAP1B
24	23	43	NRP2
24	23	44	FAM111B
24	23	45	FHL2
24	23	46	CCND1
24	23	47	TMSB10
24	23	48	PODXL
24	23	49	ANPEP
24	23	50	TNFRSF12A
24	23	51	CLEC2B
24	23	52	COL6A2
24	23	53	LMNB1
24	23	54	COL6A3
24	23	55	FLNA
24	23	56	SYNE2
24	23	57	ALCAM
24	23	58	HIST1H2AL
24	23	59	CEP152
24	23	60	ITGA6
24	23	61	CDC25B
24	23	62	UCP2
24	23	63	CD82
24	23	64	TM4SF1
24	23	65	PLEC
24	23	66	COL15A1
24	23	67	EZR
24	23	68	EMP3
24	23	69	C21orf58
24	23	70	ORC6
24	23	71	TCF19
24	23	72	SULF1
24	23	73	CDH13
24	23	74	FOSL1
24	23	75	ITGA3
24	23	76	PRSS23
24	23	77	S100A6
24	23	78	ITGA5
24	23	79	HLA-DRA
24	23	80	HLA-DQA1
24	23	81	TYMP
24	23	82	HSD3B7
24	23	83	FSTL1
24	23	84	SACS
24	23	85	CKB
24	23	86	CCDC88A
24	23	87	PCNT
24	23	88	NHSL1
24	23	89	TEAD1
24	23	90	BIRC3
24	23	91	TMSB4X
24	23	92	KRT16
24	23	93	MYO5A
24	23	94	AC068491.3
24	23	95	CSPG4
24	23	96	ADAMTS4
24	23	97	KLF6
24	23	98	PTPN14
24	23	99	MMS22L
24	23	100	CDKN2A
24	24	1	HBM
24	24	2	AHSP
24	24	3	CA1
24	24	4	ALAS2
24	24	5	HBD
24	24	6	HBA1
24	24	7	HBB
24	24	8	HBA2
24	24	9	CA2
24	24	10	HIST1H1B
24	24	11	IKZF1
24	24	12	HIST1H2AL
24	24	13	TRIM58
24	24	14	CD36
24	24	15	NUSAP1
24	24	16	MKI67
24	24	17	HIST1H3G
24	24	18	LINC01118
24	24	19	DOPEY2
24	24	20	C21orf58
24	24	21	STUM
24	24	22	TFF3
24	24	23	CENPF
24	24	24	GUCY1B1
24	24	25	OSBP2
24	24	26	GUCY1A1
24	24	27	CACNG8
24	24	28	AF001548.2
24	24	29	CCNB2
24	24	30	IL27RA
24	24	31	ESCO2
24	24	32	CCL21
24	24	33	UPB1
24	24	34	CENPE
24	24	35	EGFLAM
24	24	36	MMRN1
24	24	37	DDI2
24	24	38	DAAM1
24	24	39	SULT1A3
24	24	40	GGT5
24	24	41	SLC25A37
24	24	42	LYVE1
24	24	43	HEYL
24	24	44	PDE5A
24	24	45	AC080013.1
24	24	46	ORC6
24	24	47	ANGPTL1
24	24	48	ARHGAP26
24	24	49	SOX6
24	24	50	NPY1R
24	24	51	UCP2
24	24	52	TET3
24	24	53	WNT5A
24	24	54	CHST2
24	24	55	HIST1H1D
24	24	56	OLFM2
24	24	57	GIMAP7
24	24	58	CEP152
24	24	59	FILIP1L
24	24	60	GRIP2
24	24	61	THAP9
24	24	62	PRICKLE1
24	24	63	PPFIA2
24	24	64	HIST1H2BI
24	24	65	MTRNR2L8
24	24	66	TOP2A
24	24	67	FMO2
24	24	68	GJB6
24	24	69	KCNK2
24	24	70	VGLL3
24	24	71	HES4
24	24	72	RFX3
24	24	73	SYCE2
24	24	74	PPDPFL
24	24	75	ZNF8
24	24	76	USP32
24	24	77	AP002812.2
24	24	78	GPR135
24	24	79	USP49
24	24	80	MAP3K1
24	24	81	COL5A3
24	24	82	CFHR3
24	24	83	RIPOR3
24	24	84	ACKR4
24	24	85	AC004771.3
24	24	86	PIEZO2
24	24	87	CLDN15
24	24	88	CYGB
24	24	89	TTC21A
24	24	90	TOP3B
24	24	91	CCDC144A
24	24	92	HIST1H1E
24	24	93	CACNA1C
24	24	94	AC099550.1
24	24	95	PIKFYVE
24	24	96	MYH10
24	24	97	BCL11B
24	24	98	RPRM
24	24	99	CAND2
24	24	100	TBCE-1
26	1	1	MALAT1
26	1	2	DST
26	1	3	PLCG2
26	1	4	MACF1
26	1	5	DDX17
26	1	6	NKTR
26	1	7	FTX
26	1	8	SYNE1
26	1	9	NEAT1
26	1	10	EDIL3
26	1	11	ZNF638
26	1	12	UTRN
26	1	13	TNRC6B
26	1	14	PTPRD
26	1	15	KMT2A
26	1	16	OGA
26	1	17	UACA
26	1	18	RIF1
26	1	19	KMT2C
26	1	20	VPS13C
26	1	21	KIAA1109
26	1	22	TNRC6A
26	1	23	PLEKHH2
26	1	24	CDON
26	1	25	MYO9A
26	1	26	OGT
26	1	27	ZNF292
26	1	28	ZNF704
26	1	29	ATM
26	1	30	FAT4
26	1	31	PLEC
26	1	32	ANKRD36C
26	1	33	SHPRH
26	1	34	PTPN14
26	1	35	COL12A1
26	1	36	PHC3
26	1	37	CEP126
26	1	38	SETX
26	1	39	COL6A3
26	1	40	ATF7IP
26	1	41	ITGA11
26	1	42	SPEN
26	1	43	CCDC144A
26	1	44	CAMK1D
26	1	45	ZNF91
26	1	46	REV3L
26	1	47	PIK3R1
26	1	48	TNXB
26	1	49	RNPC3
26	1	50	SMG1
26	1	51	CCNL2
26	1	52	ANKRD36
26	1	53	RNF213
26	1	54	STEAP2
26	1	55	CCDC88A
26	1	56	CPLANE1
26	1	57	GOLGA8A
26	1	58	BDP1
26	1	59	ANTXR1
26	1	60	AL078639.1
26	1	61	CRYBG3
26	1	62	RIN2
26	1	63	INTU
26	1	64	TNC
26	1	65	ADAMTS6
26	1	66	PRUNE2
26	1	67	MKLN1
26	1	68	TRIM56
26	1	69	PKD1
26	1	70	PDGFRA
26	1	71	ARID1B
26	1	72	ENPP1
26	1	73	UBR5
26	1	74	ITGA1
26	1	75	SACS
26	1	76	A2M
26	1	77	MTR
26	1	78	ZNF141
26	1	79	ABHD2
26	1	80	DYNC2H1
26	1	81	DLC1
26	1	82	ZEB2
26	1	83	FAT1
26	1	84	SYNM
26	1	85	NIN
26	1	86	ITGA10
26	1	87	SYNE3
26	1	88	PDE4D
26	1	89	BTAF1
26	1	90	COLGALT2
26	1	91	PARP14
26	1	92	ZNF532
26	1	93	AC092683.1
26	1	94	VPS13B
26	1	95	GOLGA8B
26	1	96	FZD8
26	1	97	AEBP1
26	1	98	ECM2
26	1	99	F5
26	1	100	FN1
26	2	1	MT2A
26	2	2	MT1E
26	2	3	MT1M
26	2	4	MT1X
26	2	5	CHI3L1
26	2	6	LOX
26	2	7	AC008592.5
26	2	8	MT1G
26	2	9	DDIT4
26	2	10	SOD2
26	2	11	SLC25A37
26	2	12	EGLN3
26	2	13	GLRX
26	2	14	CDA
26	2	15	ANGPTL4
26	2	16	BNIP3
26	2	17	GPX3
26	2	18	EFNA1
26	2	19	TMEM204
26	2	20	MT1F
26	2	21	ERRFI1
26	2	22	RNF144B
26	2	23	FTH1
26	2	24	DNAH11
26	2	25	MT1H
26	2	26	SLC2A5
26	2	27	NAMPT
26	2	28	MTHFD2
26	2	29	ZNF395
26	2	30	ACKR3
26	2	31	ADM
26	2	32	RASD1
26	2	33	HILPDA
26	2	34	LINC01554
26	2	35	PDK1
26	2	36	SAA1
26	2	37	MT1A
26	2	38	GALNT15
26	2	39	ADSSL1
26	2	40	MUC20-OT1
26	2	41	POU3F1
26	2	42	LAG3
26	2	43	SDC4
26	2	44	ICAM1
26	2	45	AL031777.3
26	2	46	AP001160.1
26	2	47	HSPB7
26	2	48	SERPINE2
26	2	49	NEAT1
26	2	50	CRISPLD2
26	2	51	NDUFA4L2
26	2	52	HAPLN1
26	2	53	OXA1L
26	2	54	MYBPH
26	2	55	SERPINA1
26	2	56	APOD
26	2	57	CHI3L2
26	2	58	UPP1
26	2	59	SPINT2
26	2	60	THBD
26	2	61	MYO10
26	2	62	HSD3B7
26	2	63	COL27A1
26	2	64	NOS2
26	2	65	RGCC
26	2	66	FOS
26	2	67	CD14
26	2	68	WWP2
26	2	69	FOXC2
26	2	70	TRIB3
26	2	71	SLC7A2
26	2	72	P4HB
26	2	73	DDIT4L
26	2	74	AC023157.3
26	2	75	SAA2
26	2	76	ITGA5
26	2	77	C2orf40
26	2	78	ID1
26	2	79	TNFRSF10D
26	2	80	BEX2
26	2	81	STC2
26	2	82	SEPT11
26	2	83	IER5
26	2	84	TIMP4
26	2	85	TGM2
26	2	86	RASSF4
26	2	87	SLC2A1
26	2	88	ANKRD37
26	2	89	CTGF
26	2	90	ATOH8
26	2	91	CCDC71L
26	2	92	CA9
26	2	93	ZNF292
26	2	94	POLR2J3-1
26	2	95	GTF2IRD2
26	2	96	IL6R
26	2	97	SLPI
26	2	98	RBP4
26	2	99	ERBB3
26	2	100	AC007952.4
26	3	1	FRZB
26	3	2	COMP
26	3	3	PRELP
26	3	4	CHAD
26	3	5	CILP
26	3	6	TPRG1
26	3	7	LMO2
26	3	8	DCN
26	3	9	THBS1
26	3	10	LTBP2
26	3	11	ENHO
26	3	12	FBXO2
26	3	13	SCRG1
26	3	14	PPP1R3C
26	3	15	LEFTY2
26	3	16	BHLHE41
26	3	17	WWP2
26	3	18	CILP2
26	3	19	FGFBP2
26	3	20	OMD
26	3	21	CPAMD8
26	3	22	TCEAL2
26	3	23	ABI3BP
26	3	24	S100A1
26	3	25	BBS9
26	3	26	FMOD
26	3	27	EMILIN3
26	3	28	CRYAB
26	3	29	ANGPTL7
26	3	30	TNFAIP8L1
26	3	31	SERTAD4
26	3	32	PFKFB3
26	3	33	CHST3
26	3	34	SCIN
26	3	35	F13A1
26	3	36	FOXC2
26	3	37	HRCT1
26	3	38	CKB
26	3	39	C2orf40
26	3	40	ANGPTL5
26	3	41	CLU
26	3	42	NDUFA4L2
26	3	43	DEFB1
26	3	44	AL078639.1
26	3	45	GADD45B
26	3	46	MBNL1-AS1
26	3	47	MFAP3L
26	3	48	STK38L
26	3	49	RAMP1
26	3	50	KCNMA1
26	3	51	BEX2
26	3	52	ACAN
26	3	53	STC2
26	3	54	FHL1
26	3	55	ZNF704
26	3	56	EGR1
26	3	57	TNFSF10
26	3	58	AFF3
26	3	59	IER3
26	3	60	SLC14A1
26	3	61	KCNK5
26	3	62	RAPGEF5
26	3	63	IFITM10
26	3	64	FAM180B
26	3	65	PAPSS2
26	3	66	NR1D1
26	3	67	BOC
26	3	68	RBP4
26	3	69	C9orf3
26	3	70	SPINT2
26	3	71	GDF10
26	3	72	MYOT
26	3	73	FXYD6
26	3	74	CCDC3
26	3	75	SERPINA5
26	3	76	MN1
26	3	77	FAXDC2
26	3	78	PDZRN4
26	3	79	ZNF703
26	3	80	THUMPD3-AS1
26	3	81	LINC02269
26	3	82	RASD1
26	3	83	CHDH
26	3	84	CAPS
26	3	85	MGP
26	3	86	FOS
26	3	87	SYNM
26	3	88	SNAI2
26	3	89	NRP2
26	3	90	HTRA3
26	3	91	GDF5
26	3	92	TCEAL7
26	3	93	ACTC1
26	3	94	GADD45G
26	3	95	CCDC88A
26	3	96	PRPH
26	3	97	IER5
26	3	98	AR
26	3	99	HES1
26	3	100	CYP46A1
26	4	1	MT-CO3
26	4	2	MT-ND5
26	4	3	MT-ND4
26	4	4	MT-CO1
26	4	5	MT-CO2
26	4	6	MT-ATP6
26	4	7	MT-CYB
26	4	8	MT-ND1
26	4	9	MT-ND3
26	4	10	MT-ND4L
26	4	11	MT-ND2
26	4	12	EMP3
26	4	13	S100A6
26	4	14	RGS16
26	4	15	MTRNR2L12
26	4	16	ANXA2
26	4	17	ID3
26	4	18	HSPB1
26	4	19	GADD45B
26	4	20	MT-ATP8
26	4	21	ID1
26	4	22	HES1
26	4	23	IER3
26	4	24	GADD45G
26	4	25	TUBA1A
26	4	26	S100A10
26	4	27	IER5L
26	4	28	NFKBIA
26	4	29	C9orf3
26	4	30	PHLDA2
26	4	31	CLU
26	4	32	S100A4
26	4	33	LGALS1
26	4	34	CKB
26	4	35	NMB
26	4	36	EZR
26	4	37	FHL1
26	4	38	TNFRSF11B
26	4	39	IGFBP6
26	4	40	PPP1R14B
26	4	41	SOX4
26	4	42	TMSB10
26	4	43	CRYAB
26	4	44	FABP5
26	4	45	DDIT3
26	4	46	SCX
26	4	47	ARL2
26	4	48	MT-ND6
26	4	49	SDF2L1
26	4	50	NDUFA4L2
26	4	51	TSC22D1
26	4	52	AQP1
26	4	53	RGS3
26	4	54	NBL1
26	4	55	NR1D1
26	4	56	KLF6
26	4	57	IER5
26	4	58	FRY
26	4	59	CYP26B1
26	4	60	MGP
26	4	61	HSD3B7
26	4	62	C2orf40
26	4	63	MTRNR2L8
26	4	64	ADRA2A
26	4	65	ADM
26	4	66	RRAD
26	4	67	MSX1
26	4	68	S100A3
26	4	69	LUM
26	4	70	KLF2
26	4	71	GDF10
26	4	72	BMP4
26	4	73	JUN
26	4	74	UPP1
26	4	75	MALAT1
26	4	76	SEMA3D
26	4	77	HAS1
26	4	78	SNCG
26	4	79	CAPS
26	4	80	OSR2
26	4	81	LINC01089
26	4	82	FAM129A
26	4	83	MTRNR2L1
26	4	84	MYOC
26	4	85	GADD45A
26	4	86	MTRNR2L10
26	4	87	CLIC3
26	4	88	ANKRD37
26	4	89	BMPER
26	4	90	LAG3
26	4	91	DLX4
26	4	92	GSN
26	4	93	FAM180B
26	4	94	NRGN
26	4	95	PIWIL2
26	4	96	TMSB4X
26	4	97	UCP2
26	4	98	MBNL1-AS1
26	4	99	MYOZ2
26	4	100	CBR3
26	5	1	GPX3
26	5	2	CYP4B1
26	5	3	SUN2
26	5	4	FBLN1
26	5	5	PLPP3
26	5	6	GPM6B
26	5	7	LINC01088
26	5	8	ANGPTL7
26	5	9	CCDC3
26	5	10	IGFBP6
26	5	11	GALNT15
26	5	12	ADAMTS5
26	5	13	MMP3
26	5	14	PDK4
26	5	15	GLUL
26	5	16	NTRK2
26	5	17	FAXDC2
26	5	18	TSKU
26	5	19	CORO6
26	5	20	C1QTNF7
26	5	21	MYOC
26	5	22	RIPOR2
26	5	23	JUN
26	5	24	AMOTL2
26	5	25	LTBP4
26	5	26	NOX4
26	5	27	DUSP1
26	5	28	GSN
26	5	29	PIK3R1
26	5	30	MAMDC2
26	5	31	MEG3
26	5	32	DDIT4
26	5	33	ANGPTL5
26	5	34	PDGFRL
26	5	35	ADAMTSL4
26	5	36	MTHFD2
26	5	37	OXA1L
26	5	38	CDH13
26	5	39	HSPA1B
26	5	40	ACADL
26	5	41	IZUMO4
26	5	42	DHCR24
26	5	43	CYR61
26	5	44	DIO3OS
26	5	45	BTG2
26	5	46	TGFBR3
26	5	47	HSPA1A
26	5	48	ADCY2
26	5	49	DEPP1
26	5	50	MAOA
26	5	51	TNS2
26	5	52	OLFML3
26	5	53	GPNMB
26	5	54	SLPI
26	5	55	DPP4
26	5	56	AR
26	5	57	KCNK15
26	5	58	LHFPL6
26	5	59	LAMA2
26	5	60	TXNIP
26	5	61	C1R
26	5	62	WISP2
26	5	63	TM4SF1
26	5	64	MYC
26	5	65	FKBP5
26	5	66	CTGF
26	5	67	AC016831.5
26	5	68	CITED2
26	5	69	STMN1
26	5	70	SLC7A8
26	5	71	H6PD
26	5	72	CKB
26	5	73	BCL6
26	5	74	INSIG1
26	5	75	ACKR3
26	5	76	NR4A1
26	5	77	FOS
26	5	78	ID3
26	5	79	METTL7A
26	5	80	RPS6KA2
26	5	81	DKK3
26	5	82	RBMS3
26	5	83	RBP4
26	5	84	MYLK
26	5	85	TSPAN7
26	5	86	AP000851.2
26	5	87	MUC20-OT1
26	5	88	MMP7
26	5	89	PCDH17
26	5	90	RNASEH2A
26	5	91	WDR73
26	5	92	NEAT1
26	5	93	ZCCHC24
26	5	94	CFH
26	5	95	LOXL4
26	5	96	CXXC4
26	5	97	SEPT11
26	5	98	INPP5D
26	5	99	MT1X
26	5	100	MFAP4
26	6	1	COL2A1
26	6	2	SBSPON
26	6	3	COL9A3
26	6	4	CLEC3A
26	6	5	SCRG1
26	6	6	FMOD
26	6	7	COL11A2
26	6	8	CILP2
26	6	9	COL11A1
26	6	10	FIBIN
26	6	11	COL9A2
26	6	12	SMOC2
26	6	13	MGP
26	6	14	AQP3
26	6	15	S100A1
26	6	16	OGN
26	6	17	TSPAN2
26	6	18	HAPLN1
26	6	19	ACAN
26	6	20	SPARC
26	6	21	C2orf40
26	6	22	BGN
26	6	23	PRDX4
26	6	24	SERPINA5
26	6	25	COMP
26	6	26	MIA
26	6	27	SPINT2
26	6	28	SERPINA1
26	6	29	TNNT3
26	6	30	SDC1
26	6	31	P4HB
26	6	32	SCX
26	6	33	LUM
26	6	34	PCSK1N
26	6	35	CTGF
26	6	36	PRELP
26	6	37	COL3A1
26	6	38	ANGPTL2
26	6	39	FXYD6
26	6	40	CYR61
26	6	41	PAPSS2
26	6	42	HTRA1
26	6	43	DPT
26	6	44	TIMP4
26	6	45	C9orf3
26	6	46	CILP
26	6	47	HRCT1
26	6	48	TRPV4
26	6	49	DCN
26	6	50	KLF2
26	6	51	SRPX2
26	6	52	ATP1B1
26	6	53	COL5A1
26	6	54	FGF18
26	6	55	COL5A2
26	6	56	TSC22D1
26	6	57	PART1
26	6	58	COLGALT2
26	6	59	C1QTNF4
26	6	60	FBXO2
26	6	61	COL1A2
26	6	62	DNER
26	6	63	CLIC3
26	6	64	GAS1
26	6	65	EGR2
26	6	66	FGFR3
26	6	67	MAP2K6
26	6	68	BMPER
26	6	69	A2M
26	6	70	COL15A1
26	6	71	RGCC
26	6	72	NRGN
26	6	73	DIO2
26	6	74	SRM
26	6	75	CHI3L2
26	6	76	FGFBP2
26	6	77	CA9
26	6	78	KIAA1549
26	6	79	ADAMTS6
26	6	80	TNFRSF11B
26	6	81	COL13A1
26	6	82	TF
26	6	83	NDUFA4L2
26	6	84	SHC4
26	6	85	GREM1
26	6	86	ASPN
26	6	87	ADSSL1
26	6	88	SLC40A1
26	6	89	STK38L
26	6	90	RAB11FIP4
26	6	91	NEBL
26	6	92	CST6
26	6	93	LAG3
26	6	94	PGAM2
26	6	95	AEBP1
26	6	96	GDF5
26	6	97	PTGES
26	6	98	ALDH1A2
26	6	99	COL25A1
26	6	100	SOX11
26	7	1	GEM
26	7	2	CDKN1A
26	7	3	MAT2A
26	7	4	KDM6B
26	7	5	PPP1R15A
26	7	6	ABL2
26	7	7	HMOX1
26	7	8	IRF1
26	7	9	IER3
26	7	10	MYC
26	7	11	NFKBIA
26	7	12	SOCS3
26	7	13	NR4A3
26	7	14	NFKBIZ
26	7	15	ATF3
26	7	16	ARID5B
26	7	17	NR4A2
26	7	18	NR4A1
26	7	19	KCNQ1OT1
26	7	20	EGR1
26	7	21	IL6
26	7	22	GLIS3
26	7	23	CXCL2
26	7	24	NAMPT
26	7	25	RND3
26	7	26	ID4
26	7	27	PHLDA1
26	7	28	C11orf96
26	7	29	MIR222HG
26	7	30	TIPARP
26	7	31	HSPH1
26	7	32	TNFAIP2
26	7	33	FNIP2
26	7	34	SOD2
26	7	35	RCAN1
26	7	36	ICAM1
26	7	37	BIRC3
26	7	38	ADAMTS1
26	7	39	PTGS2
26	7	40	BTG2
26	7	41	TUBB3
26	7	42	FOSL1
26	7	43	MEG8
26	7	44	NEAT1
26	7	45	GABPB1-AS1
26	7	46	KIAA0040
26	7	47	CXCL3
26	7	48	BMP2
26	7	49	CHAC1
26	7	50	TNFRSF10D
26	7	51	DNAJB1
26	7	52	ELL2
26	7	53	MT1A
26	7	54	AC020916.1
26	7	55	TBX3
26	7	56	LUCAT1
26	7	57	AC016831.1
26	7	58	GADD45B
26	7	59	KIF1B
26	7	60	ATXN7
26	7	61	EGR3
26	7	62	BDKRB1
26	7	63	LIF
26	7	64	VMP1
26	7	65	RGS16
26	7	66	SGK1
26	7	67	TNFAIP6
26	7	68	EZR
26	7	69	ZNF331
26	7	70	CHMP1B
26	7	71	CXCL1
26	7	72	NABP1
26	7	73	TNFAIP3
26	7	74	SPEN
26	7	75	RGS2
26	7	76	CXCL8
26	7	77	RDH10
26	7	78	EFNB2
26	7	79	RND1
26	7	80	INHBA
26	7	81	AKAP12
26	7	82	TSC22D1
26	7	83	CCL2
26	7	84	ZFP36L1
26	7	85	FOXC2
26	7	86	MEDAG
26	7	87	INSIG1
26	7	88	AC016831.5
26	7	89	RRAD
26	7	90	IER5
26	7	91	CD83
26	7	92	AC058791.1
26	7	93	RPS17
26	7	94	TNFRSF12A
26	7	95	ADAMTS4
26	7	96	GJA1
26	7	97	PHLDA2
26	7	98	ITPRIP
26	7	99	PEAK1
26	7	100	CHD2
26	8	1	VEGFA
26	8	2	MIF
26	8	3	RPL17
26	8	4	SLC2A1
26	8	5	RPS17
26	8	6	SDF2L1
26	8	7	SNHG29
26	8	8	ANGPTL4
26	8	9	BHLHE40
26	8	10	EGLN3
26	8	11	HSPA5
26	8	12	GAS5
26	8	13	NME2
26	8	14	EEF1G
26	8	15	ERRFI1
26	8	16	PTGES
26	8	17	BNIP3
26	8	18	RNASEK
26	8	19	ANKRD37
26	8	20	H19
26	8	21	ZNF395
26	8	22	SEPTIN7
26	8	23	MICOS10
26	8	24	SERPINA1
26	8	25	HILPDA
26	8	26	GABARAP
26	8	27	SNHG5
26	8	28	DLX4
26	8	29	EIF4EBP1
26	8	30	TNFRSF12A
26	8	31	SIPA1L2
26	8	32	BMP2
26	8	33	VSIG10L2
26	8	34	CDON
26	8	35	SERPINA3
26	8	36	SOX9
26	8	37	PLEKHA1
26	8	38	H1F0
26	8	39	RFLNB
26	8	40	PGF
26	8	41	CA9
26	8	42	DDIT3
26	8	43	SLC6A6
26	8	44	FNIP2
26	8	45	CHD2
26	8	46	BGN
26	8	47	IGFBP5
26	8	48	MT3
26	8	49	UPP1
26	8	50	ECRG4
26	8	51	FOSL1
26	8	52	STAC2
26	8	53	NCOR2
26	8	54	WNT7B
26	8	55	SEPTIN2
26	8	56	CYP26B1
26	8	57	PAPSS2
26	8	58	SYNPO
26	8	59	COL13A1
26	8	60	PHLDA2
26	8	61	TCEAL2
26	8	62	FAM13A
26	8	63	RCAN1
26	8	64	MIA
26	8	65	CRIP1
26	8	66	DDIT4L
26	8	67	WWP2
26	8	68	P4HB
26	8	69	PDK1
26	8	70	ATP1B1
26	8	71	USP9Y
26	8	72	AC093496.1
26	8	73	APLN
26	8	74	ADSSL1
26	8	75	MRPS6
26	8	76	SLC7A11
26	8	77	TNFRSF10D
26	8	78	BHLHE41
26	8	79	TGM2
26	8	80	FLT1
26	8	81	UNC5B
26	8	82	SHISAL2B
26	8	83	KIAA0040
26	8	84	PMAIP1
26	8	85	CHAC1
26	8	86	IFITM10
26	8	87	ICAM1
26	8	88	TRIB3
26	8	89	RNF144B
26	8	90	FOXD1
26	8	91	COL5A1
26	8	92	SH3BP2
26	8	93	ARRDC3
26	8	94	HTRA1
26	8	95	A2M
26	8	96	SLC16A10
26	8	97	FOXC2
26	8	98	HLA-DRB1
26	8	99	LOXL2
26	8	100	IER5
26	9	1	GAS5
26	9	2	GABARAP
26	9	3	RPL17
26	9	4	SNHG5
26	9	5	S100A1
26	9	6	SNHG29
26	9	7	EEF1G
26	9	8	RNASEK
26	9	9	SERPINA3
26	9	10	ATOH8
26	9	11	RPS17
26	9	12	ECRG4
26	9	13	AL021155.5
26	9	14	STC2
26	9	15	NME2
26	9	16	RGCC
26	9	17	AC253572.2
26	9	18	CCN2
26	9	19	SEPTIN7
26	9	20	TXNIP
26	9	21	HIP1
26	9	22	ADCY2
26	9	23	TIPARP
26	9	24	IGFBP6
26	9	25	MIF
26	9	26	MT1E
26	9	27	GALNT15
26	9	28	AL360012.1
26	9	29	RBP4
26	9	30	HIST1H1C
26	9	31	CCN1
26	9	32	MICOS10
26	9	33	ACTC1
26	9	34	SCIN
26	9	35	DSP
26	9	36	HIST1H1E
26	9	37	FAXDC2
26	9	38	SOCS3
26	9	39	DUSP2
26	9	40	AC005165.1
26	9	41	KIAA0040
26	9	42	ILF3-DT
26	9	43	CHAD
26	9	44	USP53
26	9	45	AL355075.4
26	9	46	DDIT4
26	9	47	CYP3A5
26	9	48	SLC7A8
26	9	49	EGLN2
26	9	50	RHOU
26	9	51	KNOP1
26	9	52	AC239799.2
26	9	53	CMYA5
26	9	54	ANGPTL7
26	9	55	NXPE2
26	9	56	AL627171.2
26	9	57	PIK3R1
26	9	58	MT1X
26	9	59	CHD2
26	9	60	COL9A3
26	9	61	MTSS1
26	9	62	ACADL
26	9	63	BTG2
26	9	64	AC007952.4
26	9	65	CDA
26	9	66	C1QTNF7
26	9	67	NR1D1
26	9	68	MT2A
26	9	69	DLX5
26	9	70	CLDN5
26	9	71	NOVA1
26	9	72	PHLPP2
26	9	73	AC005005.4
26	9	74	KMT2A
26	9	75	ANXA2R
26	9	76	Z93241.1
26	9	77	FRZB
26	9	78	MMP3
26	9	79	COL9A2
26	9	80	THBS1
26	9	81	SQLE
26	9	82	BEX2
26	9	83	CDKN1A
26	9	84	SNHG14
26	9	85	RNF217-AS1
26	9	86	PDZRN4
26	9	87	CCN5
26	9	88	AC020916.1
26	9	89	CKB
26	9	90	EFNA1
26	9	91	C2CD4B
26	9	92	NXPE4
26	9	93	FBXO32
26	9	94	ENHO
26	9	95	FKBP5
26	9	96	SEPTIN2
26	9	97	AC104794.3
26	9	98	CEP126
26	9	99	TNFRSF10A
26	9	100	AC084816.1
26	10	1	HLA-DRB1
26	10	2	CCN5
26	10	3	HLA-DRB5
26	10	4	HSPH1
26	10	5	C7
26	10	6	CFI
26	10	7	COL14A1
26	10	8	CRISPLD1
26	10	9	PTGDS
26	10	10	AHR
26	10	11	PTN
26	10	12	MGAT4C
26	10	13	KCTD12
26	10	14	DNAJB1
26	10	15	RSPO3
26	10	16	APOE
26	10	17	SELENOP
26	10	18	BST2
26	10	19	CCN1
26	10	20	FGL2
26	10	21	ANGPTL1
26	10	22	CXCL12
26	10	23	CD74
26	10	24	ZFP36L1
26	10	25	PDGFRA
26	10	26	HSPA6
26	10	27	EPHX1
26	10	28	PDE5A
26	10	29	KCNQ1OT1
26	10	30	LAMA4
26	10	31	C16orf89
26	10	32	LGALS3BP
26	10	33	STEAP4
26	10	34	ZIC1
26	10	35	ENAH
26	10	36	CP
26	10	37	HSPA1A
26	10	38	PPP1R15A
26	10	39	PLTP
26	10	40	SLC5A3
26	10	41	THY1
26	10	42	C1R
26	10	43	SEPTIN2
26	10	44	HLA-DRA
26	10	45	OLFML1
26	10	46	NID2
26	10	47	FMO2
26	10	48	HSPA1B
26	10	49	NELL1
26	10	50	ANGPT1
26	10	51	PCDH9
26	10	52	SEPTIN7
26	10	53	FGF10
26	10	54	COLEC12
26	10	55	SNHG5
26	10	56	PDE1A
26	10	57	OLFM2
26	10	58	EFEMP1
26	10	59	ENPP2
26	10	60	FOS
26	10	61	RND3
26	10	62	JUN
26	10	63	PLPP1
26	10	64	SNHG29
26	10	65	NTNG1
26	10	66	GABARAP
26	10	67	MICOS10
26	10	68	PRSS23
26	10	69	TSHZ2
26	10	70	SNCG
26	10	71	PLAU
26	10	72	FAM13C
26	10	73	SERPINF1
26	10	74	C2
26	10	75	FILIP1L
26	10	76	MTRNR2L1
26	10	77	ZFP36L2
26	10	78	NME2
26	10	79	OLFML2B
26	10	80	PLEKHA6
26	10	81	S1PR3
26	10	82	OSR2
26	10	83	OSR1
26	10	84	TWIST1
26	10	85	TNC
26	10	86	EEF1G
26	10	87	HGF
26	10	88	EPHA3
26	10	89	ADGRB3
26	10	90	TNFSF13B
26	10	91	PLAC9
26	10	92	NRP1
26	10	93	PLCXD3
26	10	94	ARHGAP20
26	10	95	SYNPO2
26	10	96	SNED1
26	10	97	MRPS6
26	10	98	SFRP1
26	10	99	OLFML3
26	10	100	CFH
26	11	1	PRG4
26	11	2	ITGBL1
26	11	3	CLIC5
26	11	4	TMEM196
26	11	5	DNASE1L3
26	11	6	GPR1
26	11	7	DIRC3
26	11	8	GABRA4
26	11	9	SPARCL1
26	11	10	ZNF385B
26	11	11	TIMP3
26	11	12	PCSK6
26	11	13	HBEGF
26	11	14	HTRA4
26	11	15	ITGB8
26	11	16	HHIP
26	11	17	TSPAN15
26	11	18	SEMA5A
26	11	19	SEMA3A
26	11	20	CRTAC1
26	11	21	APLP2
26	11	22	COL22A1
26	11	23	SCARA5
26	11	24	CHST2
26	11	25	NTN4
26	11	26	CFI
26	11	27	MTUS2
26	11	28	COLEC12
26	11	29	SELP
26	11	30	APBB1IP
26	11	31	HHIP-AS1
26	11	32	MAL
26	11	33	GFPT2
26	11	34	TFPI
26	11	35	CTTNBP2
26	11	36	HAS1
26	11	37	GJB2
26	11	38	TSPAN7
26	11	39	AC004540.2
26	11	40	CREB5
26	11	41	SEMA3C
26	11	42	PPP1R1A
26	11	43	SMIM14
26	11	44	ITGA6
26	11	45	FGF10
26	11	46	TWISTNB
26	11	47	GJB6
26	11	48	CLUL1
26	11	49	ITM2B
26	11	50	HTRA1
26	11	51	ARHGAP28
26	11	52	SLC2A12
26	11	53	PPM1L
26	11	54	ENPP4
26	11	55	EPB41L1
26	11	56	SORBS2
26	11	57	KHDRBS3
26	11	58	FGL2
26	11	59	MYPN
26	11	60	CXCL1
26	11	61	EFNB2
26	11	62	BTC
26	11	63	DLX3
26	11	64	TPPP3
26	11	65	EPB41L3
26	11	66	ARL2
26	11	67	OLFM3
26	11	68	TOX3
26	11	69	SHANK2
26	11	70	EREG
26	11	71	AC005062.1
26	11	72	S100A4
26	11	73	GPR183
26	11	74	THBS4
26	11	75	DLX4
26	11	76	C11orf96
26	11	77	ADAMTSL1
26	11	78	SAMD5
26	11	79	PLEKHA1
26	11	80	PDGFD
26	11	81	CSF1
26	11	82	F5
26	11	83	TMEM100
26	11	84	DEFB1
26	11	85	PLCB1
26	11	86	ARHGAP20
26	11	87	CADM3
26	11	88	CIT
26	11	89	STEAP4
26	11	90	BST2
26	11	91	TMSB4X
26	11	92	NDNF
26	11	93	TNFSF15
26	11	94	ZEB2
26	11	95	PLEKHA2
26	11	96	LGALS3BP
26	11	97	SNED1
26	11	98	PMAIP1
26	11	99	PHACTR2
26	11	100	LIMA1
26	12	1	CCN2
26	12	2	CRIP1
26	12	3	NME2
26	12	4	OGN
26	12	5	EEF1G
26	12	6	SNHG29
26	12	7	MICOS10
26	12	8	RNASEK
26	12	9	GABARAP
26	12	10	LUM
26	12	11	ECRG4
26	12	12	ASPN
26	12	13	CILP
26	12	14	RPL17
26	12	15	MIF
26	12	16	CCN1
26	12	17	H19
26	12	18	DCN
26	12	19	SEPTIN7
26	12	20	RPS17
26	12	21	SRGN
26	12	22	SNHG5
26	12	23	MIA
26	12	24	HLA-DQB1
26	12	25	OMD
26	12	26	FMOD
26	12	27	RGCC
26	12	28	TREM1
26	12	29	CA9
26	12	30	SEPTIN2
26	12	31	TNC
26	12	32	SNHG14
26	12	33	ECM2
26	12	34	PRELP
26	12	35	PART1
26	12	36	CLU
26	12	37	NDUFA4L2
26	12	38	ITM2B
26	12	39	TSPAN2
26	12	40	ISM1
26	12	41	GAS5
26	12	42	SCRG1
26	12	43	PTGES
26	12	44	CHAC1
26	12	45	GPR155
26	12	46	FGFBP2
26	12	47	AKR1C2
26	12	48	GAS1
26	12	49	PRDX4
26	12	50	USP53
26	12	51	MXRA5
26	12	52	NFKBIZ
26	12	53	CCN3
26	12	54	EDIL3
26	12	55	COLGALT2
26	12	56	FIBIN
26	12	57	RAI14
26	12	58	SEMA3D
26	12	59	FHL1
26	12	60	ANGPTL2
26	12	61	GDF6
26	12	62	AC093496.1
26	12	63	S100A4
26	12	64	EGLN2
26	12	65	NFATC2
26	12	66	ANTXR1
26	12	67	AL627171.2
26	12	68	PAPSS2
26	12	69	CRLF1
26	12	70	CRYAB
26	12	71	RSPO2
26	12	72	HLF
26	12	73	ATP1B1
26	12	74	FZD8
26	12	75	F5
26	12	76	A2M
26	12	77	CAPS
26	12	78	TGFBI
26	12	79	NBL1
26	12	80	CADM1
26	12	81	COL15A1
26	12	82	LTBP2
26	12	83	CHI3L2
26	12	84	COMP
26	12	85	RND3
26	12	86	HMOX1
26	12	87	SPON1
26	12	88	TMTC1
26	12	89	STEAP2
26	12	90	FNDC1
26	12	91	FGF18
26	12	92	FNIP2
26	12	93	SMOC2
26	12	94	SRPX2
26	12	95	SMOC1
26	12	96	VCAM1
26	12	97	C12orf75
26	12	98	ID3
26	12	99	CRTAC1
26	12	100	GAP43
26	13	1	PODN
26	13	2	CFD
26	13	3	SRPX
26	13	4	GSN
26	13	5	C3
26	13	6	AGTR1
26	13	7	ADH1C
26	13	8	ZFP36L2
26	13	9	APOD
26	13	10	ALDH1A1
26	13	11	SERPINF1
26	13	12	CLSTN2
26	13	13	C1S
26	13	14	VIT
26	13	15	C6
26	13	16	PTGFR
26	13	17	GPC3
26	13	18	MGST1
26	13	19	ADH1B
26	13	20	FBLN2
26	13	21	PCDH18
26	13	22	SELENOP
26	13	23	GGT5
26	13	24	TSKU
26	13	25	GLUL
26	13	26	ABCA8
26	13	27	C1R
26	13	28	NID1
26	13	29	ACKR4
26	13	30	GADD45A
26	13	31	JUN
26	13	32	LAMA2
26	13	33	PLA2G2A
26	13	34	FBLN5
26	13	35	ABCA6
26	13	36	SAMHD1
26	13	37	EFEMP1
26	13	38	PLPP3
26	13	39	RARRES2
26	13	40	ANTXR2
26	13	41	IRX3
26	13	42	ABCA9
26	13	43	SVEP1
26	13	44	FBLN1
26	13	45	ITM2A
26	13	46	CYGB
26	13	47	PTGER4
26	13	48	IL33
26	13	49	NEGR1
26	13	50	MAOA
26	13	51	EPHX1
26	13	52	NR2F2
26	13	53	DEPP1
26	13	54	EBF1
26	13	55	MT-ND2
26	13	56	CYP1B1
26	13	57	CXCL12
26	13	58	SPRY1
26	13	59	ADH4
26	13	60	FGF7
26	13	61	LMOD1
26	13	62	FMO3
26	13	63	MMP2
26	13	64	CXCL14
26	13	65	TMEM150C
26	13	66	HSPB6
26	13	67	PCSK5
26	13	68	PLTP
26	13	69	RAMP2
26	13	70	WNT11
26	13	71	DCLK1
26	13	72	SASH1
26	13	73	CCBE1
26	13	74	MYOC
26	13	75	AOX1
26	13	76	TMEM176B
26	13	77	PPL
26	13	78	CHRDL1
26	13	79	C7
26	13	80	MT-CYB
26	13	81	C11orf96
26	13	82	CAMK2N1
26	13	83	CCL13
26	13	84	LAMC1
26	13	85	LHFPL6
26	13	86	ZFP36L1
26	13	87	CELF2
26	13	88	ADAMTS1
26	13	89	SLC2A3
26	13	90	RBMS3
26	13	91	BMP5
26	13	92	TMEM176A
26	13	93	FTH1
26	13	94	MMP14
26	13	95	CFH
26	13	96	MT-ND4
26	13	97	MT-ND1
26	13	98	FOS
26	13	99	LAMB1
26	13	100	MT-CO2
26	14	1	MFAP5
26	14	2	FBN1
26	14	3	TMSB4X
26	14	4	FSTL1
26	14	5	SFRP4
26	14	6	S100A4
26	14	7	FBLN2
26	14	8	ANXA2
26	14	9	LINC01133
26	14	10	S100A6
26	14	11	TPPP3
26	14	12	TNXB
26	14	13	AQP1
26	14	14	S100A10
26	14	15	PRSS23
26	14	16	SCARA5
26	14	17	PLAC9
26	14	18	GLIPR2
26	14	19	DKK3
26	14	20	CD34
26	14	21	PAMR1
26	14	22	CD248
26	14	23	GAP43
26	14	24	CELF2
26	14	25	VCAN
26	14	26	C1QTNF3
26	14	27	PPP1R14B
26	14	28	IGFBP6
26	14	29	GSN
26	14	30	ANGPTL1
26	14	31	ANK2
26	14	32	ABLIM1
26	14	33	LIMA1
26	14	34	DPP4
26	14	35	CADM3
26	14	36	CRIP1
26	14	37	CFD
26	14	38	LTBP4
26	14	39	PLXDC1
26	14	40	COL6A2
26	14	41	TMSB10
26	14	42	TSHZ2
26	14	43	CRABP2
26	14	44	STXBP6
26	14	45	ITM2B
26	14	46	MAP1B
26	14	47	CYSLTR1
26	14	48	ITM2A
26	14	49	EMP3
26	14	50	FYN
26	14	51	SLIT3
26	14	52	NOVA1
26	14	53	FILIP1L
26	14	54	CD70
26	14	55	FAM180B
26	14	56	FHL1
26	14	57	GPNMB
26	14	58	PDGFD
26	14	59	OLFML2A
26	14	60	SPARCL1
26	14	61	MAP1A
26	14	62	ISLR
26	14	63	HEG1
26	14	64	TUBA1A
26	14	65	PALM
26	14	66	HMCN2
26	14	67	COL14A1
26	14	68	SMIM14
26	14	69	KLF6
26	14	70	PLPP1
26	14	71	THY1
26	14	72	BMP5
26	14	73	MAMDC2
26	14	74	VIT
26	14	75	LGALS1
26	14	76	ADD3
26	14	77	SSC5D
26	14	78	SEMA3C
26	14	79	PPL
26	14	80	HSD3B7
26	14	81	TOGARAM2
26	14	82	OLFML1
26	14	83	GAS7
26	14	84	WNT2
26	14	85	CREB5
26	14	86	CSF1
26	14	87	SLN
26	14	88	AKR1C3
26	14	89	COL6A1
26	14	90	MYL9
26	14	91	ECM2
26	14	92	TGFBR3
26	14	93	NTM
26	14	94	CBR3
26	14	95	ABI3BP
26	14	96	AKR1C2
26	14	97	THBS4
26	14	98	DPT
26	14	99	NBL1
26	14	100	RAMP2
26	15	1	SPARC
26	15	2	LOXL2
26	15	3	COL3A1
26	15	4	COL1A2
26	15	5	CCND1
26	15	6	COL5A1
26	15	7	COL5A2
26	15	8	TGFBI
26	15	9	COL1A1
26	15	10	DKK3
26	15	11	MXRA5
26	15	12	RFLNB
26	15	13	C12orf75
26	15	14	DPT
26	15	15	SERPINE1
26	15	16	ASPN
26	15	17	AQP1
26	15	18	COL8A1
26	15	19	ITGB1
26	15	20	CD70
26	15	21	SLN
26	15	22	COL6A1
26	15	23	COL6A2
26	15	24	COL15A1
26	15	25	ISLR
26	15	26	LTBP1
26	15	27	ANO1
26	15	28	LGALS1
26	15	29	LRRC15
26	15	30	TNC
26	15	31	TPM1
26	15	32	CST6
26	15	33	ENPP1
26	15	34	TNFRSF12A
26	15	35	TSPAN2
26	15	36	TREM1
26	15	37	FSTL1
26	15	38	CRABP2
26	15	39	HSPG2
26	15	40	ELN
26	15	41	ABHD2
26	15	42	IGFBP3
26	15	43	IGFBP7
26	15	44	COL13A1
26	15	45	FBLN5
26	15	46	S100A4
26	15	47	ATP1B1
26	15	48	NRGN
26	15	49	COL6A3
26	15	50	C1QTNF3
26	15	51	CRLF1
26	15	52	S100A10
26	15	53	PRSS23
26	15	54	AEBP1
26	15	55	PTHLH
26	15	56	P4HB
26	15	57	TNFSF11
26	15	58	MICAL2
26	15	59	ANXA2
26	15	60	PXDN
26	15	61	FAP
26	15	62	FNDC1
26	15	63	FLNA
26	15	64	IL32
26	15	65	THBS3
26	15	66	ANGPTL2
26	15	67	TIMP1
26	15	68	WISP1
26	15	69	ITGA11
26	15	70	FSTL3
26	15	71	TPPP3
26	15	72	CDH13
26	15	73	LTBP2
26	15	74	PPP1R14B
26	15	75	COL12A1
26	15	76	IGFBP1
26	15	77	SCX
26	15	78	PDLIM1
26	15	79	BGN
26	15	80	MATN2
26	15	81	TMSB4X
26	15	82	SULF1
26	15	83	RAB31
26	15	84	RAI14
26	15	85	ANPEP
26	15	86	FHL2
26	15	87	AOC2
26	15	88	SYNPO
26	15	89	SEMA3C
26	15	90	LRRC17
26	15	91	HSD3B7
26	15	92	POSTN
26	15	93	NBL1
26	15	94	MYBL1
26	15	95	SSC5D
26	15	96	CAPS
26	15	97	PRDX4
26	15	98	PLEC
26	15	99	TYMP
26	15	100	SUSD5
26	16	1	CD55
26	16	2	FN1
26	16	3	CRLF1
26	16	4	HTRA1
26	16	5	TNFAIP6
26	16	6	NECTIN4
26	16	7	AMTN
26	16	8	TREM1
26	16	9	DYSF
26	16	10	RET
26	16	11	SLC7A2
26	16	12	ADGRG2
26	16	13	PRG4
26	16	14	IGFBP5
26	16	15	CCDC80
26	16	16	DEFB1
26	16	17	TIMP3
26	16	18	CLU
26	16	19	HMX1
26	16	20	EPB41L3
26	16	21	SMOC1
26	16	22	GFPT2
26	16	23	CAPS
26	16	24	SLC16A10
26	16	25	SMIM14
26	16	26	CRTAC1
26	16	27	ADAMTSL2
26	16	28	EMP3
26	16	29	ADAMTS6
26	16	30	SLC2A12
26	16	31	S100A3
26	16	32	SOX11
26	16	33	FABP3
26	16	34	BTC
26	16	35	RAPGEF4
26	16	36	ITPR3
26	16	37	S100A6
26	16	38	LY6D
26	16	39	AOAH
26	16	40	ISLR
26	16	41	TNFRSF11B
26	16	42	CXCL14
26	16	43	CLVS2
26	16	44	PRDX4
26	16	45	SEMA3A
26	16	46	PENK
26	16	47	SORBS2
26	16	48	TYMP
26	16	49	HSD3B7
26	16	50	DLX4
26	16	51	GDF5
26	16	52	HHIP-AS1
26	16	53	PRSS23
26	16	54	ARL2
26	16	55	SHISAL2B
26	16	56	TIMP1
26	16	57	HHIP
26	16	58	TRPV4
26	16	59	SLURP1
26	16	60	PTHLH
26	16	61	PTGES
26	16	62	NDUFA4L2
26	16	63	CRYAB
26	16	64	ODAM
26	16	65	GAS1
26	16	66	PPP1R14B
26	16	67	SQLE
26	16	68	CLIC3
26	16	69	ABI3BP
26	16	70	VSIG10L2
26	16	71	CPE
26	16	72	S100A4
26	16	73	PARP16
26	16	74	CDH19
26	16	75	C15orf48
26	16	76	CDON
26	16	77	GRIA2
26	16	78	PCSK1N
26	16	79	MSMO1
26	16	80	PMAIP1
26	16	81	TPPP3
26	16	82	PLEKHA1
26	16	83	C11orf96
26	16	84	LMO2
26	16	85	WISP1
26	16	86	SRPX2
26	16	87	RSPO2
26	16	88	DPT
26	16	89	F13A1
26	16	90	UCP2
26	16	91	RTN1
26	16	92	MTUS2
26	16	93	AQP1
26	16	94	VPS13A
26	16	95	S100A1
26	16	96	PDE1C
26	16	97	ACKR3
26	16	98	SGK1
26	16	99	DLX3
26	16	100	FRY
26	17	1	IGFBP4
26	17	2	SFRP1
26	17	3	IGF1
26	17	4	SCG2
26	17	5	CXCL12
26	17	6	NPR3
26	17	7	EFEMP1
26	17	8	PTGFR
26	17	9	TMEM176B
26	17	10	C1S
26	17	11	SERPINF1
26	17	12	STMN2
26	17	13	ABCC9
26	17	14	SFRP2
26	17	15	TMEM176A
26	17	16	GAS6
26	17	17	C1R
26	17	18	CFD
26	17	19	WISP2
26	17	20	CES1
26	17	21	SPON1
26	17	22	MDK
26	17	23	VCAN
26	17	24	MARCKS
26	17	25	IL6
26	17	26	PCSK1
26	17	27	C16orf89
26	17	28	CYP1B1
26	17	29	MMP2
26	17	30	PLPP1
26	17	31	HELLPAR
26	17	32	PLA2G2A
26	17	33	ENPP2
26	17	34	LBP
26	17	35	MEST
26	17	36	SHISAL1
26	17	37	HSD11B1
26	17	38	FILIP1
26	17	39	GAL
26	17	40	TUBB2B
26	17	41	C3
26	17	42	HAS2
26	17	43	FGF7
26	17	44	EPHX1
26	17	45	OLFML3
26	17	46	DCLK1
26	17	47	MFAP4
26	17	48	KCNE4
26	17	49	COL14A1
26	17	50	FLRT2
26	17	51	SLIT3
26	17	52	MRPS6
26	17	53	PDLIM1
26	17	54	AKR1C3
26	17	55	SLC5A3
26	17	56	GGT5
26	17	57	SMOC1
26	17	58	CD248
26	17	59	CTSH
26	17	60	MGST1
26	17	61	SRPX
26	17	62	HP
26	17	63	SRGN
26	17	64	EBF1
26	17	65	FSTL1
26	17	66	ARL4C
26	17	67	ANGPT1
26	17	68	PDGFRA
26	17	69	MT-ND3
26	17	70	IFI44L
26	17	71	PLTP
26	17	72	MTRNR2L12
26	17	73	ADD3
26	17	74	COL4A4
26	17	75	CDH11
26	17	76	MME
26	17	77	AKR1C1
26	17	78	CHMP1B
26	17	79	ZNF331
26	17	80	FBN1
26	17	81	MFAP5
26	17	82	ENTPD1
26	17	83	CA2
26	17	84	RARRES2
26	17	85	IL13RA2
26	17	86	FAM20A
26	17	87	KCTD12
26	17	88	CXCL2
26	17	89	TMSB10
26	17	90	IGSF21
26	17	91	S1PR3
26	17	92	LGALS3BP
26	17	93	BICC1
26	17	94	PODN
26	17	95	FBLN1
26	17	96	GAS1
26	17	97	PDGFRL
26	17	98	FBLN5
26	17	99	MT-ND1
26	17	100	NTRK2
26	18	1	POSTN
26	18	2	CTHRC1
26	18	3	COL1A1
26	18	4	SPON2
26	18	5	COL1A2
26	18	6	MMP2
26	18	7	COL6A3
26	18	8	FNDC1
26	18	9	COL6A1
26	18	10	ARL4C
26	18	11	LGALS1
26	18	12	MMP11
26	18	13	TMEM119
26	18	14	CADM1
26	18	15	BASP1
26	18	16	FAP
26	18	17	LRRC32
26	18	18	MYL9
26	18	19	PDGFRB
26	18	20	CALD1
26	18	21	MARCKS
26	18	22	OLFML2B
26	18	23	AEBP1
26	18	24	THY1
26	18	25	TPM1
26	18	26	TMSB10
26	18	27	CDH11
26	18	28	LRRC17
26	18	29	TAGLN
26	18	30	LRRC15
26	18	31	COL6A2
26	18	32	LINC01705
26	18	33	THBS2
26	18	34	GPNMB
26	18	35	HMCN1
26	18	36	CTSH
26	18	37	COL4A2
26	18	38	COL5A2
26	18	39	ITGB1
26	18	40	CRABP2
26	18	41	NBL1
26	18	42	MMP14
26	18	43	FRMD6
26	18	44	PLXDC1
26	18	45	MDK
26	18	46	RGS3
26	18	47	COL4A1
26	18	48	ANTXR1
26	18	49	COL5A3
26	18	50	MXRA5
26	18	51	GJA1
26	18	52	TGFBI
26	18	53	FTH1
26	18	54	RAB31
26	18	55	ENAH
26	18	56	TUBA1A
26	18	57	C1QTNF3
26	18	58	COL14A1
26	18	59	CEMIP
26	18	60	LAMB1
26	18	61	TMSB4X
26	18	62	FABP5
26	18	63	ANGPTL1
26	18	64	CAMK2N1
26	18	65	MMP13
26	18	66	C3orf80
26	18	67	COL12A1
26	18	68	RUNX2
26	18	69	SPARC
26	18	70	FAT1
26	18	71	SLC40A1
26	18	72	FLRT2
26	18	73	PPP1R14B
26	18	74	HES4
26	18	75	TWIST1
26	18	76	MAFB
26	18	77	FLNA
26	18	78	COL18A1
26	18	79	WISP2
26	18	80	MAP4K4
26	18	81	TNC
26	18	82	CSRP2
26	18	83	PDGFRL
26	18	84	PCDH7
26	18	85	HRK
26	18	86	C2
26	18	87	GUCY1A1
26	18	88	MME
26	18	89	SFRP4
26	18	90	MEGF6
26	18	91	MICAL2
26	18	92	EDIL3
26	18	93	IFI27
26	18	94	LOXL2
26	18	95	NRP1
26	18	96	SERPINF1
26	18	97	PTGFRN
26	18	98	NOV
26	18	99	BNC2
26	18	100	NID2
26	19	1	IL11
26	19	2	INHBA
26	19	3	FGF2
26	19	4	FGF1
26	19	5	PTGS2
26	19	6	WNT16
26	19	7	TNFRSF12A
26	19	8	KRT16
26	19	9	MSMO1
26	19	10	HSPA5
26	19	11	BMP2
26	19	12	INSIG1
26	19	13	DGKI
26	19	14	KRT17
26	19	15	LIF
26	19	16	TNFRSF11B
26	19	17	FHL2
26	19	18	ABI3BP
26	19	19	ADPRHL1
26	19	20	DSP
26	19	21	COL2A1
26	19	22	S100A2
26	19	23	SYNJ2
26	19	24	SQLE
26	19	25	NFATC2
26	19	26	CRYAB
26	19	27	CLDN4
26	19	28	JAG1
26	19	29	RFLNB
26	19	30	DNER
26	19	31	PAPSS2
26	19	32	PHLDA2
26	19	33	KDM6B
26	19	34	FOSL1
26	19	35	TNFAIP6
26	19	36	HMGA1
26	19	37	KCNMA1
26	19	38	SERPINE2
26	19	39	AC010343.3
26	19	40	STK38L
26	19	41	SDF2L1
26	19	42	VCAN
26	19	43	SLC7A11
26	19	44	TRPV4
26	19	45	GLIS3
26	19	46	MAST4
26	19	47	SERPINA3
26	19	48	CHAC1
26	19	49	CYTOR
26	19	50	NEBL
26	19	51	TIAM2
26	19	52	SERPINA5
26	19	53	TM4SF1
26	19	54	CD55
26	19	55	COL11A1
26	19	56	EZR
26	19	57	SCD
26	19	58	PDE4B
26	19	59	FOXC2
26	19	60	XYLT1
26	19	61	SPARC
26	19	62	RCAN1
26	19	63	CCN1
26	19	64	LINC00511
26	19	65	EGR3
26	19	66	F13A1
26	19	67	S100A1
26	19	68	SLC4A7
26	19	69	FAM180A
26	19	70	GIPR
26	19	71	SERPINE1
26	19	72	SDK2
26	19	73	EIF4EBP1
26	19	74	SOX9
26	19	75	DST
26	19	76	TGM2
26	19	77	SMOC1
26	19	78	ANGPTL4
26	19	79	DUSP4
26	19	80	SGIP1
26	19	81	MMP3
26	19	82	KIF21A
26	19	83	CKB
26	19	84	HAPLN1
26	19	85	EMP3
26	19	86	PAX1
26	19	87	FADS2
26	19	88	SIPA1L2
26	19	89	FGFBP2
26	19	90	SPP1
26	19	91	AOC2
26	19	92	PSME4
26	19	93	FRMD6
26	19	94	RAB11FIP4
26	19	95	TNFSF10
26	19	96	DHCR24
26	19	97	TMEM120B
26	19	98	SRPX2
26	19	99	COL6A3
26	19	100	SDC4
26	20	1	RGS5
26	20	2	ACTA2
26	20	3	GJA4
26	20	4	TINAGL1
26	20	5	ADGRF5
26	20	6	COX4I2
26	20	7	PPP1R14A
26	20	8	SYNPO2
26	20	9	CD36
26	20	10	MCAM
26	20	11	HIGD1B
26	20	12	FHL5
26	20	13	NOTCH3
26	20	14	TAGLN
26	20	15	IGFBP7
26	20	16	NR2F2
26	20	17	HES4
26	20	18	PLN
26	20	19	COL4A2
26	20	20	COL4A1
26	20	21	SCN4B
26	20	22	RNF152
26	20	23	CARMN
26	20	24	EDNRA
26	20	25	LINC01197
26	20	26	CHN1
26	20	27	FILIP1L
26	20	28	CALD1
26	20	29	MYH11
26	20	30	ARHGAP15
26	20	31	THY1
26	20	32	MYL9
26	20	33	GUCY1B1
26	20	34	TBX2
26	20	35	ADAMTS4
26	20	36	RCAN2
26	20	37	LINC00924
26	20	38	PDE5A
26	20	39	MYLK
26	20	40	LMOD1
26	20	41	KCNE4
26	20	42	GUCY1A1
26	20	43	ID4
26	20	44	GGT5
26	20	45	HEYL
26	20	46	EDNRB
26	20	47	CCDC102B
26	20	48	FOXS1
26	20	49	COL18A1
26	20	50	SPARCL1
26	20	51	MAP1B
26	20	52	FABP4
26	20	53	AF121898.1
26	20	54	TPM1
26	20	55	ANGPT2
26	20	56	EBF2
26	20	57	NR2F2-AS1
26	20	58	C3orf70
26	20	59	LGI4
26	20	60	CPE
26	20	61	HSPH1
26	20	62	LINC00989
26	20	63	HSPA1A
26	20	64	NEXN
26	20	65	LPL
26	20	66	JAG1
26	20	67	HSPA1B
26	20	68	CD200
26	20	69	SPRY1
26	20	70	MAP2
26	20	71	ABCC9
26	20	72	RGS4
26	20	73	SUCNR1
26	20	74	HSPA6
26	20	75	SFRP2
26	20	76	AHR
26	20	77	CYTOR
26	20	78	CYGB
26	20	79	SGIP1
26	20	80	AGT
26	20	81	SLN
26	20	82	COL5A3
26	20	83	ADAMTS1
26	20	84	DMD
26	20	85	F2R
26	20	86	ARHGAP6
26	20	87	OLFML2A
26	20	88	NID1
26	20	89	STEAP4
26	20	90	AC242426.2
26	20	91	PEAR1
26	20	92	NGFR
26	20	93	DNAJB1
26	20	94	SUSD2
26	20	95	RERGL
26	20	96	CAMK2N1
26	20	97	LHFPL6
26	20	98	PPP1R12B
26	20	99	TFPI
26	20	100	STXBP6
26	21	1	NRXN1
26	21	2	PLP1
26	21	3	CDH19
26	21	4	SCN7A
26	21	5	CHL1
26	21	6	NGFR
26	21	7	AC027013.1
26	21	8	S100B
26	21	9	ARHGAP15
26	21	10	CLDN1
26	21	11	GFRA1
26	21	12	ITGA6
26	21	13	SLC22A3
26	21	14	COL28A1
26	21	15	OLFML2A
26	21	16	CNKSR3
26	21	17	NR2F2
26	21	18	SORCS1
26	21	19	MPZ
26	21	20	MAL
26	21	21	MYOT
26	21	22	EBF2
26	21	23	AKAP12
26	21	24	TCIM
26	21	25	GPM6B
26	21	26	SESN3
26	21	27	FOXS1
26	21	28	ITGB8
26	21	29	PI16
26	21	30	MAP1B
26	21	31	PTPRZ1
26	21	32	MARCKS
26	21	33	IGFBP7
26	21	34	CNTN4
26	21	35	SHISA3
26	21	36	NTM
26	21	37	FLRT2
26	21	38	MCAM
26	21	39	COL18A1
26	21	40	ABCA8
26	21	41	PEAR1
26	21	42	RARRES2
26	21	43	DMD
26	21	44	APOD
26	21	45	GPC3
26	21	46	COL4A1
26	21	47	CCN3
26	21	48	TENM3
26	21	49	ERBB3
26	21	50	TMSB10
26	21	51	COL4A2
26	21	52	INMT
26	21	53	PCDH7
26	21	54	BNC2
26	21	55	P2RY14
26	21	56	RUNX2
26	21	57	FIGN
26	21	58	LAMB1
26	21	59	GAS7
26	21	60	EDNRA
26	21	61	TAGLN
26	21	62	TSPAN11
26	21	63	FMO1
26	21	64	GNG2
26	21	65	COL21A1
26	21	66	ABCA9
26	21	67	OLFML2B
26	21	68	ITM2A
26	21	69	MATN2
26	21	70	PAK3
26	21	71	TENM4
26	21	72	ZEB2
26	21	73	HGF
26	21	74	MEOX2
26	21	75	CAPN6
26	21	76	IL18
26	21	77	CHN1
26	21	78	PLK2
26	21	79	CHRDL1
26	21	80	SH3PXD2A
26	21	81	NOTCH3
26	21	82	FSTL3
26	21	83	EGFR
26	21	84	LGI4
26	21	85	CALD1
26	21	86	PEAK1
26	21	87	GPR155
26	21	88	PRLR
26	21	89	CNTN1
26	21	90	LTBP4
26	21	91	STMN1
26	21	92	DACT1
26	21	93	CIT
26	21	94	P2RY1
26	21	95	AHR
26	21	96	SLC1A2
26	21	97	SEMA6A
26	21	98	ADGRB3
26	21	99	PRICKLE1
26	21	100	CXCL14
26	22	1	PECAM1
26	22	2	GIMAP7
26	22	3	EMCN
26	22	4	ACKR1
26	22	5	SOX18
26	22	6	PLVAP
26	22	7	PCAT19
26	22	8	VWF
26	22	9	CCL14
26	22	10	CD93
26	22	11	SELE
26	22	12	MMRN1
26	22	13	ADGRL4
26	22	14	TFF3
26	22	15	STC1
26	22	16	CCL21
26	22	17	RAMP3
26	22	18	CYYR1
26	22	19	BCAM
26	22	20	CALCRL
26	22	21	LYVE1
26	22	22	EDN1
26	22	23	CAVIN2
26	22	24	SOX17
26	22	25	PKHD1L1
26	22	26	SLCO2A1
26	22	27	CD74
26	22	28	KDR
26	22	29	EDNRB
26	22	30	HLA-DRA
26	22	31	ADCY4
26	22	32	CLDN5
26	22	33	GMFG
26	22	34	ENTPD1
26	22	35	SEMA6A
26	22	36	HLA-DRB1
26	22	37	ITGA6
26	22	38	CLEC2B
26	22	39	RNASE1
26	22	40	PODXL
26	22	41	FABP4
26	22	42	LPAR6
26	22	43	ROBO4
26	22	44	RAMP2
26	22	45	ADGRF5
26	22	46	CNKSR3
26	22	47	APLNR
26	22	48	TSPAN7
26	22	49	SYNE2
26	22	50	FLT1
26	22	51	CD200
26	22	52	TM4SF1
26	22	53	CD34
26	22	54	FABP5
26	22	55	PLAT
26	22	56	MYO5C
26	22	57	TFPI
26	22	58	F2RL3
26	22	59	PDLIM1
26	22	60	IFI27
26	22	61	HLA-DQA1
26	22	62	CD36
26	22	63	TMSB10
26	22	64	HLA-DRB5
26	22	65	MCF2L
26	22	66	MCAM
26	22	67	CTSH
26	22	68	THSD7A
26	22	69	TINAGL1
26	22	70	ITM2A
26	22	71	DOCK9
26	22	72	C2CD4B
26	22	73	LRRC32
26	22	74	SPRY1
26	22	75	PLIN5
26	22	76	TCIM
26	22	77	DOCK4
26	22	78	ADGRL2
26	22	79	ARHGAP29
26	22	80	PLCB4
26	22	81	HSPG2
26	22	82	IL33
26	22	83	PLCB1
26	22	84	MEF2C
26	22	85	LAPTM5
26	22	86	AGRN
26	22	87	APOLD1
26	22	88	LMCD1
26	22	89	CHRDL1
26	22	90	HLA-DQB1
26	22	91	AQP1
26	22	92	FAM167B
26	22	93	HEG1
26	22	94	STAB1
26	22	95	SPARCL1
26	22	96	SCN11A
26	22	97	CNTNAP3
26	22	98	AC130650.2
26	22	99	F2R
26	22	100	AKAP12
26	23	1	C1QA
26	23	2	AIF1
26	23	3	C1QB
26	23	4	CYBB
26	23	5	C1QC
26	23	6	FOLR2
26	23	7	TYROBP
26	23	8	MARCO
26	23	9	RNASE1
26	23	10	MS4A6A
26	23	11	MS4A7
26	23	12	VSIG4
26	23	13	HLA-DRA
26	23	14	HLA-DQA1
26	23	15	LYZ
26	23	16	CD163
26	23	17	CD74
26	23	18	S100A8
26	23	19	FCGR3A
26	23	20	MS4A4A
26	23	21	FCER1G
26	23	22	FCGR2B
26	23	23	LILRB5
26	23	24	EMB
26	23	25	HLA-DRB1
26	23	26	ALOX5AP
26	23	27	LAPTM5
26	23	28	STAB1
26	23	29	FCER1A
26	23	30	S100A9
26	23	31	LYVE1
26	23	32	HLA-DRB5
26	23	33	RGS1
26	23	34	CD37
26	23	35	HLA-DQB1
26	23	36	MARCH1
26	23	37	CCL4L2
26	23	38	CPVL
26	23	39	PTPRC
26	23	40	CCL3
26	23	41	HPGDS
26	23	42	P2RY14
26	23	43	ADAM28
26	23	44	NCKAP1L
26	23	45	CCL3L1
26	23	46	GMFG
26	23	47	CXCL8
26	23	48	HCST
26	23	49	IL18
26	23	50	CCL4
26	23	51	BTK
26	23	52	CIITA
26	23	53	FCN1
26	23	54	ENTPD1
26	23	55	IFI30
26	23	56	TNF
26	23	57	SRGN
26	23	58	AC104051.2
26	23	59	F13A1
26	23	60	INPP5D
26	23	61	CD36
26	23	62	CD93
26	23	63	CD83
26	23	64	FTH1
26	23	65	HPGD
26	23	66	CPA3
26	23	67	IKZF1
26	23	68	L1TD1
26	23	69	POU2F2
26	23	70	FYB1
26	23	71	CTSG
26	23	72	MYO5A
26	23	73	MS4A2
26	23	74	PECAM1
26	23	75	SORL1
26	23	76	MERTK
26	23	77	TPSB2
26	23	78	CCL18
26	23	79	SELENOP
26	23	80	LPAR6
26	23	81	DEPDC1
26	23	82	CD14
26	23	83	REPS2
26	23	84	TMSB10
26	23	85	UBE2C
26	23	86	SAMHD1
26	23	87	CTSH
26	23	88	GPR183
26	23	89	SLC40A1
26	23	90	IGSF21
26	23	91	RAC2
26	23	92	CDK1
26	23	93	MAF
26	23	94	TNFAIP3
26	23	95	GPR65
26	23	96	CXCL3
26	23	97	TPSAB1
26	23	98	GRK3
26	23	99	GNG2
26	23	100	P2RX7
26	24	1	CD3D
26	24	2	PTPRC
26	24	3	CD52
26	24	4	NKG7
26	24	5	CCL5
26	24	6	TRBC2
26	24	7	IL7R
26	24	8	TRBC1
26	24	9	CXCR4
26	24	10	SAMSN1
26	24	11	KLRB1
26	24	12	LTB
26	24	13	GZMA
26	24	14	CD69
26	24	15	CD48
26	24	16	TRAC
26	24	17	BCL11B
26	24	18	GZMK
26	24	19	RUNX3
26	24	20	CD37
26	24	21	RAC2
26	24	22	TPSAB1
26	24	23	HCST
26	24	24	GPR65
26	24	25	RHOH
26	24	26	SPOCK2
26	24	27	SRGN
26	24	28	EMB
26	24	29	ALOX5AP
26	24	30	CCL4
26	24	31	IL32
26	24	32	TPSB2
26	24	33	MS4A2
26	24	34	CPA3
26	24	35	IKZF1
26	24	36	CD247
26	24	37	AREG
26	24	38	GMFG
26	24	39	XCL1
26	24	40	GIMAP7
26	24	41	TNFAIP3
26	24	42	RGS1
26	24	43	GPR183
26	24	44	HPGDS
26	24	45	PRDM1
26	24	46	FCER1G
26	24	47	STMN1
26	24	48	HDC
26	24	49	CTSG
26	24	50	LAPTM5
26	24	51	HPGD
26	24	52	ARHGAP15
26	24	53	CLEC2B
26	24	54	SLC18A2
26	24	55	ARL4C
26	24	56	FCER1A
26	24	57	FYB1
26	24	58	STK17B
26	24	59	TRAV17
26	24	60	DUSP2
26	24	61	NLRC3
26	24	62	MGAT4A
26	24	63	KIT
26	24	64	KRT19
26	24	65	CTSW
26	24	66	KLRG1
26	24	67	CLEC2D
26	24	68	MKI67
26	24	69	RGS13
26	24	70	AC091057.6
26	24	71	TNF
26	24	72	CD74
26	24	73	TYROBP
26	24	74	MAL
26	24	75	HLA-DRA
26	24	76	TOP2A
26	24	77	CEP55
26	24	78	HLA-DQA1
26	24	79	GNG2
26	24	80	AC114760.2
26	24	81	DOCK10
26	24	82	DUSP4
26	24	83	ZNF331
26	24	84	TNFRSF1B
26	24	85	TMSB10
26	24	86	ZC3H12D
26	24	87	SYNE2
26	24	88	CCL4L2
26	24	89	BIRC3
26	24	90	BTK
26	24	91	CDK1
26	24	92	IL27RA
26	24	93	CYFIP2
26	24	94	CENPF
26	24	95	HIST1H1B
26	24	96	AC008105.3
26	24	97	PAG1
26	24	98	NUSAP1
26	24	99	ANKRD44
26	24	100	B3GALT2
26	25	1	ANLN
26	25	2	ASPM
26	25	3	TOP2A
26	25	4	CENPF
26	25	5	CEP55
26	25	6	UBE2C
26	25	7	TPX2
26	25	8	MKI67
26	25	9	PIMREG
26	25	10	CCNB2
26	25	11	BIRC5
26	25	12	DEPDC1
26	25	13	CDK1
26	25	14	DIAPH3
26	25	15	PBK
26	25	16	CENPE
26	25	17	NUSAP1
26	25	18	CDC20
26	25	19	STMN1
26	25	20	TYMS
26	25	21	LGALS1
26	25	22	CD70
26	25	23	HIST1H1B
26	25	24	ESCO2
26	25	25	CIT
26	25	26	TFPI2
26	25	27	C12orf75
26	25	28	MYEF2
26	25	29	SMC2
26	25	30	HIST1H3G
26	25	31	S100A10
26	25	32	ITGB1
26	25	33	NAV2
26	25	34	SLC4A8
26	25	35	COL6A1
26	25	36	PPP1R14B
26	25	37	MYBL1
26	25	38	ANXA2
26	25	39	NSD2
26	25	40	OLFML2B
26	25	41	MAP4K4
26	25	42	MAP1B
26	25	43	NRP2
26	25	44	FAM111B
26	25	45	FHL2
26	25	46	TMSB10
26	25	47	CLEC2B
26	25	48	PODXL
26	25	49	LMNB1
26	25	50	ANPEP
26	25	51	CCND1
26	25	52	TNFRSF12A
26	25	53	COL6A2
26	25	54	COL6A3
26	25	55	ALCAM
26	25	56	CEP152
26	25	57	HIST1H2AL
26	25	58	SYNE2
26	25	59	ITGA6
26	25	60	FLNA
26	25	61	CDC25B
26	25	62	UCP2
26	25	63	CD82
26	25	64	TM4SF1
26	25	65	TCF19
26	25	66	C21orf58
26	25	67	ORC6
26	25	68	EZR
26	25	69	PLEC
26	25	70	COL15A1
26	25	71	FOSL1
26	25	72	ITGA3
26	25	73	SULF1
26	25	74	HLA-DQA1
26	25	75	HLA-DRA
26	25	76	EMP3
26	25	77	CDH13
26	25	78	PRSS23
26	25	79	FSTL1
26	25	80	CCDC88A
26	25	81	CKB
26	25	82	ITGA5
26	25	83	NHSL1
26	25	84	SACS
26	25	85	TEAD1
26	25	86	TYMP
26	25	87	PCNT
26	25	88	KRT16
26	25	89	BIRC3
26	25	90	S100A6
26	25	91	HSD3B7
26	25	92	MYO5A
26	25	93	TMSB4X
26	25	94	MMS22L
26	25	95	AC068491.3
26	25	96	ADAMTS4
26	25	97	PTPN14
26	25	98	PRC1-AS1
26	25	99	RIBC2
26	25	100	GPSM2
26	26	1	HBM
26	26	2	AHSP
26	26	3	CA1
26	26	4	ALAS2
26	26	5	HBD
26	26	6	HBA1
26	26	7	HBB
26	26	8	HBA2
26	26	9	CA2
26	26	10	HIST1H1B
26	26	11	IKZF1
26	26	12	HIST1H2AL
26	26	13	TRIM58
26	26	14	CD36
26	26	15	NUSAP1
26	26	16	MKI67
26	26	17	HIST1H3G
26	26	18	LINC01118
26	26	19	DOPEY2
26	26	20	C21orf58
26	26	21	STUM
26	26	22	TFF3
26	26	23	CENPF
26	26	24	GUCY1B1
26	26	25	OSBP2
26	26	26	GUCY1A1
26	26	27	CACNG8
26	26	28	AF001548.2
26	26	29	IL27RA
26	26	30	CCNB2
26	26	31	ESCO2
26	26	32	CCL21
26	26	33	UPB1
26	26	34	CENPE
26	26	35	EGFLAM
26	26	36	MMRN1
26	26	37	DAAM1
26	26	38	DDI2
26	26	39	GGT5
26	26	40	SULT1A3
26	26	41	HEYL
26	26	42	SLC25A37
26	26	43	PDE5A
26	26	44	LYVE1
26	26	45	AC080013.1
26	26	46	ORC6
26	26	47	ANGPTL1
26	26	48	NPY1R
26	26	49	ARHGAP26
26	26	50	UCP2
26	26	51	SOX6
26	26	52	WNT5A
26	26	53	TET3
26	26	54	CHST2
26	26	55	OLFM2
26	26	56	GIMAP7
26	26	57	CEP152
26	26	58	HIST1H1D
26	26	59	FILIP1L
26	26	60	GRIP2
26	26	61	PRICKLE1
26	26	62	PPFIA2
26	26	63	THAP9
26	26	64	HIST1H2BI
26	26	65	MTRNR2L8
26	26	66	TOP2A
26	26	67	FMO2
26	26	68	KCNK2
26	26	69	GJB6
26	26	70	VGLL3
26	26	71	HES4
26	26	72	RFX3
26	26	73	PPDPFL
26	26	74	SYCE2
26	26	75	ZNF8
26	26	76	AP002812.2
26	26	77	COL5A3
26	26	78	USP32
26	26	79	MAP3K1
26	26	80	USP49
26	26	81	CYGB
26	26	82	CFHR3
26	26	83	GPR135
26	26	84	RIPOR3
26	26	85	AC004771.3
26	26	86	CLDN15
26	26	87	PIEZO2
26	26	88	ACKR4
26	26	89	TTC21A
26	26	90	TOP3B
26	26	91	CACNA1C
26	26	92	AC099550.1
26	26	93	BCL11B
26	26	94	NCALD
26	26	95	HSPA1A
26	26	96	TBCE-1
26	26	97	PIKFYVE
26	26	98	MYH10
26	26	99	CAND2
26	26	100	AC107204.1
28	1	1	MALAT1
28	1	2	DST
28	1	3	PLCG2
28	1	4	MACF1
28	1	5	DDX17
28	1	6	NKTR
28	1	7	SYNE1
28	1	8	FTX
28	1	9	NEAT1
28	1	10	EDIL3
28	1	11	ZNF638
28	1	12	UTRN
28	1	13	TNRC6B
28	1	14	PTPRD
28	1	15	KMT2A
28	1	16	OGA
28	1	17	UACA
28	1	18	RIF1
28	1	19	KMT2C
28	1	20	VPS13C
28	1	21	KIAA1109
28	1	22	TNRC6A
28	1	23	PLEKHH2
28	1	24	CDON
28	1	25	MYO9A
28	1	26	OGT
28	1	27	ZNF292
28	1	28	PLEC
28	1	29	ATM
28	1	30	FAT4
28	1	31	ANKRD36C
28	1	32	ZNF704
28	1	33	PTPN14
28	1	34	SHPRH
28	1	35	PHC3
28	1	36	CEP126
28	1	37	COL12A1
28	1	38	COL6A3
28	1	39	SETX
28	1	40	REV3L
28	1	41	ATF7IP
28	1	42	SPEN
28	1	43	TNXB
28	1	44	CAMK1D
28	1	45	CCDC144A
28	1	46	ITGA11
28	1	47	ZNF91
28	1	48	PIK3R1
28	1	49	RNPC3
28	1	50	SMG1
28	1	51	CCNL2
28	1	52	ANKRD36
28	1	53	RNF213
28	1	54	CCDC88A
28	1	55	CPLANE1
28	1	56	BDP1
28	1	57	GOLGA8A
28	1	58	ANTXR1
28	1	59	STEAP2
28	1	60	CRYBG3
28	1	61	RIN2
28	1	62	INTU
28	1	63	AL078639.1
28	1	64	TNC
28	1	65	MKLN1
28	1	66	PRUNE2
28	1	67	TRIM56
28	1	68	ADAMTS6
28	1	69	PDGFRA
28	1	70	PKD1
28	1	71	ARID1B
28	1	72	UBR5
28	1	73	ENPP1
28	1	74	A2M
28	1	75	SACS
28	1	76	ZEB2
28	1	77	ABHD2
28	1	78	FAT1
28	1	79	MTR
28	1	80	DLC1
28	1	81	ITGA1
28	1	82	ZNF141
28	1	83	DYNC2H1
28	1	84	SYNE3
28	1	85	SYNM
28	1	86	NIN
28	1	87	BTAF1
28	1	88	ITGA10
28	1	89	PARP14
28	1	90	PDE4D
28	1	91	ZNF532
28	1	92	COLGALT2
28	1	93	VPS13B
28	1	94	SYNE2
28	1	95	AC092683.1
28	1	96	GOLGA8B
28	1	97	BAZ2B
28	1	98	FN1
28	1	99	BCL6
28	1	100	FZD8
28	2	1	FRZB
28	2	2	COMP
28	2	3	PRELP
28	2	4	CHAD
28	2	5	CILP
28	2	6	DCN
28	2	7	TPRG1
28	2	8	LMO2
28	2	9	THBS1
28	2	10	LTBP2
28	2	11	ENHO
28	2	12	FBXO2
28	2	13	BHLHE41
28	2	14	PPP1R3C
28	2	15	SCRG1
28	2	16	WWP2
28	2	17	LEFTY2
28	2	18	CILP2
28	2	19	FGFBP2
28	2	20	OMD
28	2	21	TCEAL2
28	2	22	CPAMD8
28	2	23	ABI3BP
28	2	24	S100A1
28	2	25	BBS9
28	2	26	CRYAB
28	2	27	EMILIN3
28	2	28	FMOD
28	2	29	ANGPTL7
28	2	30	TNFAIP8L1
28	2	31	PFKFB3
28	2	32	SERTAD4
28	2	33	CHST3
28	2	34	F13A1
28	2	35	SCIN
28	2	36	C2orf40
28	2	37	CLU
28	2	38	FOXC2
28	2	39	GADD45B
28	2	40	HRCT1
28	2	41	CKB
28	2	42	NDUFA4L2
28	2	43	AL078639.1
28	2	44	DEFB1
28	2	45	ANGPTL5
28	2	46	MBNL1-AS1
28	2	47	MFAP3L
28	2	48	STK38L
28	2	49	RAMP1
28	2	50	KCNMA1
28	2	51	BEX2
28	2	52	FHL1
28	2	53	ACAN
28	2	54	ZNF704
28	2	55	STC2
28	2	56	EGR1
28	2	57	IER3
28	2	58	TNFSF10
28	2	59	AFF3
28	2	60	NR1D1
28	2	61	KCNK5
28	2	62	SLC14A1
28	2	63	RAPGEF5
28	2	64	C9orf3
28	2	65	IFITM10
28	2	66	PAPSS2
28	2	67	FAM180B
28	2	68	RBP4
28	2	69	BOC
28	2	70	GDF10
28	2	71	SPINT2
28	2	72	MYOT
28	2	73	FXYD6
28	2	74	SERPINA5
28	2	75	MN1
28	2	76	CCDC3
28	2	77	FAXDC2
28	2	78	THUMPD3-AS1
28	2	79	PDZRN4
28	2	80	RASD1
28	2	81	LINC02269
28	2	82	FOS
28	2	83	MGP
28	2	84	ZNF703
28	2	85	HES1
28	2	86	NRP2
28	2	87	GADD45G
28	2	88	IER5
28	2	89	HTRA3
28	2	90	GDF5
28	2	91	CHDH
28	2	92	TCEAL7
28	2	93	CAPS
28	2	94	SYNM
28	2	95	SNAI2
28	2	96	ACTC1
28	2	97	ADM
28	2	98	PRPH
28	2	99	CCDC88A
28	2	100	LINC01089
28	3	1	MT2A
28	3	2	MT1E
28	3	3	MT1M
28	3	4	MT1X
28	3	5	CHI3L1
28	3	6	LOX
28	3	7	AC008592.5
28	3	8	MT1G
28	3	9	DDIT4
28	3	10	SOD2
28	3	11	EGLN3
28	3	12	SLC25A37
28	3	13	GLRX
28	3	14	CDA
28	3	15	ANGPTL4
28	3	16	GPX3
28	3	17	BNIP3
28	3	18	EFNA1
28	3	19	TMEM204
28	3	20	MT1F
28	3	21	RNF144B
28	3	22	MT1H
28	3	23	DNAH11
28	3	24	SLC2A5
28	3	25	FTH1
28	3	26	ERRFI1
28	3	27	MTHFD2
28	3	28	NAMPT
28	3	29	ZNF395
28	3	30	ACKR3
28	3	31	RASD1
28	3	32	SAA1
28	3	33	LINC01554
28	3	34	HILPDA
28	3	35	PDK1
28	3	36	MT1A
28	3	37	ADM
28	3	38	GALNT15
28	3	39	LAG3
28	3	40	ADSSL1
28	3	41	MUC20-OT1
28	3	42	POU3F1
28	3	43	ICAM1
28	3	44	AP001160.1
28	3	45	SDC4
28	3	46	NDUFA4L2
28	3	47	HSPB7
28	3	48	AL031777.3
28	3	49	CRISPLD2
28	3	50	SERPINE2
28	3	51	HAPLN1
28	3	52	APOD
28	3	53	OXA1L
28	3	54	NEAT1
28	3	55	SERPINA1
28	3	56	CHI3L2
28	3	57	MYBPH
28	3	58	SPINT2
28	3	59	THBD
28	3	60	MYO10
28	3	61	COL27A1
28	3	62	HSD3B7
28	3	63	CD14
28	3	64	FOS
28	3	65	UPP1
28	3	66	RGCC
28	3	67	NOS2
28	3	68	WWP2
28	3	69	SLC7A2
28	3	70	FOXC2
28	3	71	P4HB
28	3	72	IER5
28	3	73	SAA2
28	3	74	DDIT4L
28	3	75	TRIB3
28	3	76	ID1
28	3	77	AC023157.3
28	3	78	C2orf40
28	3	79	STC2
28	3	80	TNFRSF10D
28	3	81	CTGF
28	3	82	TIMP4
28	3	83	ITGA5
28	3	84	TGM2
28	3	85	RASSF4
28	3	86	BEX2
28	3	87	CA9
28	3	88	CCDC71L
28	3	89	SLC2A1
28	3	90	ATOH8
28	3	91	RBP4
28	3	92	POLR2J3-1
28	3	93	GTF2IRD2
28	3	94	CITED2
28	3	95	SEPT11
28	3	96	MAFB
28	3	97	ERBB3
28	3	98	ANKRD37
28	3	99	SLPI
28	3	100	ZNF292
28	4	1	GPX3
28	4	2	CYP4B1
28	4	3	SUN2
28	4	4	PLPP3
28	4	5	FBLN1
28	4	6	GPM6B
28	4	7	LINC01088
28	4	8	ANGPTL7
28	4	9	IGFBP6
28	4	10	CCDC3
28	4	11	ADAMTS5
28	4	12	GALNT15
28	4	13	MMP3
28	4	14	GLUL
28	4	15	PDK4
28	4	16	NTRK2
28	4	17	TSKU
28	4	18	FAXDC2
28	4	19	CORO6
28	4	20	MYOC
28	4	21	C1QTNF7
28	4	22	JUN
28	4	23	RIPOR2
28	4	24	AMOTL2
28	4	25	NOX4
28	4	26	LTBP4
28	4	27	DUSP1
28	4	28	GSN
28	4	29	MEG3
28	4	30	PIK3R1
28	4	31	MAMDC2
28	4	32	DDIT4
28	4	33	ANGPTL5
28	4	34	PDGFRL
28	4	35	ADAMTSL4
28	4	36	MTHFD2
28	4	37	OXA1L
28	4	38	CDH13
28	4	39	IZUMO4
28	4	40	ACADL
28	4	41	HSPA1B
28	4	42	CYR61
28	4	43	DHCR24
28	4	44	DIO3OS
28	4	45	BTG2
28	4	46	DEPP1
28	4	47	MAOA
28	4	48	TGFBR3
28	4	49	HSPA1A
28	4	50	ADCY2
28	4	51	OLFML3
28	4	52	TNS2
28	4	53	SLPI
28	4	54	GPNMB
28	4	55	KCNK15
28	4	56	AR
28	4	57	DPP4
28	4	58	LAMA2
28	4	59	WISP2
28	4	60	C1R
28	4	61	LHFPL6
28	4	62	TXNIP
28	4	63	MYC
28	4	64	TM4SF1
28	4	65	CITED2
28	4	66	FKBP5
28	4	67	CTGF
28	4	68	STMN1
28	4	69	AC016831.5
28	4	70	SLC7A8
28	4	71	BCL6
28	4	72	H6PD
28	4	73	CKB
28	4	74	ACKR3
28	4	75	FOS
28	4	76	INSIG1
28	4	77	ID3
28	4	78	NR4A1
28	4	79	METTL7A
28	4	80	RPS6KA2
28	4	81	DKK3
28	4	82	RBMS3
28	4	83	RBP4
28	4	84	MYLK
28	4	85	AP000851.2
28	4	86	TSPAN7
28	4	87	RNASEH2A
28	4	88	MMP7
28	4	89	WDR73
28	4	90	PCDH17
28	4	91	MUC20-OT1
28	4	92	ZCCHC24
28	4	93	MGST1
28	4	94	NEAT1
28	4	95	CFH
28	4	96	SEPT11
28	4	97	CXXC4
28	4	98	LOXL4
28	4	99	MFAP4
28	4	100	KDR
28	5	1	MT-CO3
28	5	2	MT-ND5
28	5	3	MT-ND4
28	5	4	MT-CO1
28	5	5	MT-CO2
28	5	6	MT-ATP6
28	5	7	MT-CYB
28	5	8	MT-ND1
28	5	9	MT-ND3
28	5	10	MT-ND4L
28	5	11	MT-ND2
28	5	12	EMP3
28	5	13	S100A6
28	5	14	MTRNR2L12
28	5	15	ANXA2
28	5	16	RGS16
28	5	17	HSPB1
28	5	18	ID3
28	5	19	S100A10
28	5	20	MT-ATP8
28	5	21	S100A4
28	5	22	TUBA1A
28	5	23	GADD45G
28	5	24	PHLDA2
28	5	25	IER3
28	5	26	HES1
28	5	27	LGALS1
28	5	28	ID1
28	5	29	NFKBIA
28	5	30	GADD45B
28	5	31	IGFBP6
28	5	32	IER5L
28	5	33	C9orf3
28	5	34	CKB
28	5	35	EZR
28	5	36	NMB
28	5	37	CLU
28	5	38	TNFRSF11B
28	5	39	PPP1R14B
28	5	40	FHL1
28	5	41	TMSB10
28	5	42	AQP1
28	5	43	CRYAB
28	5	44	ARL2
28	5	45	FABP5
28	5	46	NBL1
28	5	47	SCX
28	5	48	MT-ND6
28	5	49	SOX4
28	5	50	SDF2L1
28	5	51	HSD3B7
28	5	52	KLF6
28	5	53	DDIT3
28	5	54	NDUFA4L2
28	5	55	S100A3
28	5	56	RGS3
28	5	57	CYP26B1
28	5	58	FRY
28	5	59	TSC22D1
28	5	60	MTRNR2L8
28	5	61	MSX1
28	5	62	ADRA2A
28	5	63	IER5
28	5	64	RRAD
28	5	65	MGP
28	5	66	NR1D1
28	5	67	LUM
28	5	68	TMSB4X
28	5	69	CAPS
28	5	70	GDF10
28	5	71	C2orf40
28	5	72	SEMA3D
28	5	73	MYOC
28	5	74	BMP4
28	5	75	SNCG
28	5	76	FAM129A
28	5	77	CLIC3
28	5	78	UPP1
28	5	79	KLF2
28	5	80	GSN
28	5	81	FAM180B
28	5	82	OSR2
28	5	83	IGFBP7
28	5	84	CBR3
28	5	85	MTRNR2L10
28	5	86	UCP2
28	5	87	JUN
28	5	88	MYOZ2
28	5	89	PIWIL2
28	5	90	MEOX1
28	5	91	BMPER
28	5	92	LINC01089
28	5	93	NRGN
28	5	94	MALAT1
28	5	95	CDH13
28	5	96	HAS1
28	5	97	TIMP1
28	5	98	PLAC9
28	5	99	TGM2
28	5	100	MBNL1-AS1
28	6	1	COL2A1
28	6	2	SBSPON
28	6	3	COL9A3
28	6	4	CLEC3A
28	6	5	SCRG1
28	6	6	FMOD
28	6	7	COL11A2
28	6	8	CILP2
28	6	9	COL11A1
28	6	10	FIBIN
28	6	11	COL9A2
28	6	12	SMOC2
28	6	13	MGP
28	6	14	AQP3
28	6	15	S100A1
28	6	16	TSPAN2
28	6	17	OGN
28	6	18	HAPLN1
28	6	19	ACAN
28	6	20	SPARC
28	6	21	C2orf40
28	6	22	PRDX4
28	6	23	BGN
28	6	24	SERPINA5
28	6	25	COMP
28	6	26	MIA
28	6	27	SPINT2
28	6	28	SERPINA1
28	6	29	TNNT3
28	6	30	SDC1
28	6	31	P4HB
28	6	32	SCX
28	6	33	LUM
28	6	34	CTGF
28	6	35	PCSK1N
28	6	36	COL3A1
28	6	37	CYR61
28	6	38	FXYD6
28	6	39	ANGPTL2
28	6	40	PAPSS2
28	6	41	PRELP
28	6	42	C9orf3
28	6	43	DPT
28	6	44	HTRA1
28	6	45	TIMP4
28	6	46	TRPV4
28	6	47	HRCT1
28	6	48	KLF2
28	6	49	CILP
28	6	50	ATP1B1
28	6	51	SRPX2
28	6	52	COL5A1
28	6	53	DCN
28	6	54	COL5A2
28	6	55	TSC22D1
28	6	56	FGF18
28	6	57	PART1
28	6	58	COLGALT2
28	6	59	C1QTNF4
28	6	60	COL1A2
28	6	61	FBXO2
28	6	62	DNER
28	6	63	CLIC3
28	6	64	GAS1
28	6	65	EGR2
28	6	66	FGFR3
28	6	67	MAP2K6
28	6	68	BMPER
28	6	69	A2M
28	6	70	NRGN
28	6	71	COL15A1
28	6	72	RGCC
28	6	73	CHI3L2
28	6	74	SRM
28	6	75	DIO2
28	6	76	FGFBP2
28	6	77	KIAA1549
28	6	78	CA9
28	6	79	TNFRSF11B
28	6	80	COL13A1
28	6	81	ADAMTS6
28	6	82	TF
28	6	83	NDUFA4L2
28	6	84	SHC4
28	6	85	GREM1
28	6	86	ADSSL1
28	6	87	ASPN
28	6	88	SLC40A1
28	6	89	RAB11FIP4
28	6	90	STK38L
28	6	91	NEBL
28	6	92	CST6
28	6	93	AEBP1
28	6	94	LAG3
28	6	95	PGAM2
28	6	96	PTGES
28	6	97	GDF5
28	6	98	ALDH1A2
28	6	99	COL25A1
28	6	100	SOX11
28	7	1	GEM
28	7	2	CDKN1A
28	7	3	MAT2A
28	7	4	KDM6B
28	7	5	PPP1R15A
28	7	6	ABL2
28	7	7	HMOX1
28	7	8	IRF1
28	7	9	IER3
28	7	10	MYC
28	7	11	NFKBIA
28	7	12	SOCS3
28	7	13	NR4A3
28	7	14	NFKBIZ
28	7	15	ARID5B
28	7	16	ATF3
28	7	17	NR4A2
28	7	18	NR4A1
28	7	19	EGR1
28	7	20	IL6
28	7	21	KCNQ1OT1
28	7	22	GLIS3
28	7	23	CXCL2
28	7	24	NAMPT
28	7	25	RND3
28	7	26	ID4
28	7	27	PHLDA1
28	7	28	TIPARP
28	7	29	MIR222HG
28	7	30	C11orf96
28	7	31	TNFAIP2
28	7	32	FNIP2
28	7	33	HSPH1
28	7	34	SOD2
28	7	35	RCAN1
28	7	36	BIRC3
28	7	37	ICAM1
28	7	38	ADAMTS1
28	7	39	PTGS2
28	7	40	BTG2
28	7	41	TUBB3
28	7	42	FOSL1
28	7	43	MEG8
28	7	44	NEAT1
28	7	45	GABPB1-AS1
28	7	46	KIAA0040
28	7	47	CXCL3
28	7	48	BMP2
28	7	49	CHAC1
28	7	50	TNFRSF10D
28	7	51	MT1A
28	7	52	DNAJB1
28	7	53	ELL2
28	7	54	LUCAT1
28	7	55	AC020916.1
28	7	56	GADD45B
28	7	57	AC016831.1
28	7	58	TBX3
28	7	59	KIF1B
28	7	60	ATXN7
28	7	61	BDKRB1
28	7	62	EGR3
28	7	63	LIF
28	7	64	VMP1
28	7	65	RGS16
28	7	66	SGK1
28	7	67	TNFAIP6
28	7	68	EZR
28	7	69	CXCL1
28	7	70	ZNF331
28	7	71	CHMP1B
28	7	72	CXCL8
28	7	73	NABP1
28	7	74	SPEN
28	7	75	TNFAIP3
28	7	76	INHBA
28	7	77	RGS2
28	7	78	RDH10
28	7	79	RND1
28	7	80	AKAP12
28	7	81	EFNB2
28	7	82	TSC22D1
28	7	83	CCL2
28	7	84	FOXC2
28	7	85	INSIG1
28	7	86	MEDAG
28	7	87	AC016831.5
28	7	88	RRAD
28	7	89	IER5
28	7	90	ZFP36L1
28	7	91	TNFRSF12A
28	7	92	CD83
28	7	93	ADAMTS4
28	7	94	AC058791.1
28	7	95	RPS17
28	7	96	NFATC2
28	7	97	CHD2
28	7	98	PHLDA2
28	7	99	PEAK1
28	7	100	GJA1
28	8	1	VEGFA
28	8	2	MIF
28	8	3	RPL17
28	8	4	RPS17
28	8	5	SLC2A1
28	8	6	SDF2L1
28	8	7	SNHG29
28	8	8	ANGPTL4
28	8	9	GAS5
28	8	10	EGLN3
28	8	11	BHLHE40
28	8	12	NME2
28	8	13	HSPA5
28	8	14	EEF1G
28	8	15	ERRFI1
28	8	16	PTGES
28	8	17	BNIP3
28	8	18	RNASEK
28	8	19	H19
28	8	20	ANKRD37
28	8	21	SEPTIN7
28	8	22	ZNF395
28	8	23	SERPINA1
28	8	24	MICOS10
28	8	25	GABARAP
28	8	26	SNHG5
28	8	27	HILPDA
28	8	28	EIF4EBP1
28	8	29	TNFRSF12A
28	8	30	DLX4
28	8	31	SIPA1L2
28	8	32	BMP2
28	8	33	SERPINA3
28	8	34	VSIG10L2
28	8	35	CDON
28	8	36	SOX9
28	8	37	PLEKHA1
28	8	38	RFLNB
28	8	39	H1F0
28	8	40	CA9
28	8	41	PGF
28	8	42	SLC6A6
28	8	43	FNIP2
28	8	44	BGN
28	8	45	CHD2
28	8	46	DDIT3
28	8	47	MT3
28	8	48	IGFBP5
28	8	49	ECRG4
28	8	50	UPP1
28	8	51	FOSL1
28	8	52	WNT7B
28	8	53	NCOR2
28	8	54	SEPTIN2
28	8	55	PAPSS2
28	8	56	CYP26B1
28	8	57	STAC2
28	8	58	SYNPO
28	8	59	COL13A1
28	8	60	PHLDA2
28	8	61	RCAN1
28	8	62	MIA
28	8	63	TCEAL2
28	8	64	CRIP1
28	8	65	FAM13A
28	8	66	P4HB
28	8	67	DDIT4L
28	8	68	WWP2
28	8	69	ATP1B1
28	8	70	USP9Y
28	8	71	PDK1
28	8	72	MRPS6
28	8	73	TGM2
28	8	74	AC093496.1
28	8	75	SLC7A11
28	8	76	TNFRSF10D
28	8	77	APLN
28	8	78	FLT1
28	8	79	ADSSL1
28	8	80	KIAA0040
28	8	81	UNC5B
28	8	82	CHAC1
28	8	83	PMAIP1
28	8	84	SHISAL2B
28	8	85	RNF144B
28	8	86	ICAM1
28	8	87	BHLHE41
28	8	88	IFITM10
28	8	89	TRIB3
28	8	90	COL5A1
28	8	91	HTRA1
28	8	92	FOXD1
28	8	93	SH3BP2
28	8	94	SLC16A10
28	8	95	HLA-DRB1
28	8	96	COL2A1
28	8	97	FOXC2
28	8	98	A2M
28	8	99	LOXL2
28	8	100	CRISPLD2
28	9	1	GAS5
28	9	2	GABARAP
28	9	3	RPL17
28	9	4	SNHG5
28	9	5	S100A1
28	9	6	SNHG29
28	9	7	EEF1G
28	9	8	RNASEK
28	9	9	SERPINA3
28	9	10	ATOH8
28	9	11	RPS17
28	9	12	ECRG4
28	9	13	AL021155.5
28	9	14	STC2
28	9	15	RGCC
28	9	16	NME2
28	9	17	AC253572.2
28	9	18	CCN2
28	9	19	SEPTIN7
28	9	20	TXNIP
28	9	21	HIP1
28	9	22	ADCY2
28	9	23	IGFBP6
28	9	24	TIPARP
28	9	25	MT1E
28	9	26	MIF
28	9	27	GALNT15
28	9	28	AL360012.1
28	9	29	RBP4
28	9	30	HIST1H1C
28	9	31	CCN1
28	9	32	ACTC1
28	9	33	SOCS3
28	9	34	MICOS10
28	9	35	SCIN
28	9	36	DSP
28	9	37	DUSP2
28	9	38	KIAA0040
28	9	39	FAXDC2
28	9	40	HIST1H1E
28	9	41	AC005165.1
28	9	42	AL355075.4
28	9	43	CHAD
28	9	44	USP53
28	9	45	ILF3-DT
28	9	46	DDIT4
28	9	47	CYP3A5
28	9	48	EGLN2
28	9	49	SLC7A8
28	9	50	RHOU
28	9	51	KNOP1
28	9	52	AC239799.2
28	9	53	CMYA5
28	9	54	ANGPTL7
28	9	55	NXPE2
28	9	56	PIK3R1
28	9	57	AL627171.2
28	9	58	MT1X
28	9	59	COL9A3
28	9	60	CHD2
28	9	61	ACADL
28	9	62	BTG2
28	9	63	AC007952.4
28	9	64	MT2A
28	9	65	MTSS1
28	9	66	CDA
28	9	67	C1QTNF7
28	9	68	NR1D1
28	9	69	DLX5
28	9	70	CLDN5
28	9	71	AC005005.4
28	9	72	PHLPP2
28	9	73	KMT2A
28	9	74	NOVA1
28	9	75	ANXA2R
28	9	76	Z93241.1
28	9	77	FRZB
28	9	78	MMP3
28	9	79	COL9A2
28	9	80	CDKN1A
28	9	81	THBS1
28	9	82	SQLE
28	9	83	BEX2
28	9	84	RNF217-AS1
28	9	85	PDZRN4
28	9	86	SNHG14
28	9	87	C2CD4B
28	9	88	CCN5
28	9	89	EFNA1
28	9	90	CKB
28	9	91	AC020916.1
28	9	92	NXPE4
28	9	93	ENHO
28	9	94	FKBP5
28	9	95	FBXO32
28	9	96	AC104794.3
28	9	97	TNFRSF10A
28	9	98	AC084816.1
28	9	99	SEPTIN2
28	9	100	MT1A
28	10	1	HLA-DRB1
28	10	2	CCN5
28	10	3	HLA-DRB5
28	10	4	HSPH1
28	10	5	C7
28	10	6	CFI
28	10	7	CRISPLD1
28	10	8	COL14A1
28	10	9	PTGDS
28	10	10	AHR
28	10	11	PTN
28	10	12	KCTD12
28	10	13	MGAT4C
28	10	14	DNAJB1
28	10	15	CCN1
28	10	16	SELENOP
28	10	17	ANGPTL1
28	10	18	BST2
28	10	19	RSPO3
28	10	20	APOE
28	10	21	FGL2
28	10	22	CXCL12
28	10	23	CD74
28	10	24	PDGFRA
28	10	25	ZFP36L1
28	10	26	HSPA6
28	10	27	KCNQ1OT1
28	10	28	PDE5A
28	10	29	EPHX1
28	10	30	C16orf89
28	10	31	HSPA1A
28	10	32	LAMA4
28	10	33	LGALS3BP
28	10	34	PPP1R15A
28	10	35	THY1
28	10	36	SEPTIN2
28	10	37	ENAH
28	10	38	STEAP4
28	10	39	SLC5A3
28	10	40	ZIC1
28	10	41	HSPA1B
28	10	42	HLA-DRA
28	10	43	FMO2
28	10	44	OLFML1
28	10	45	CP
28	10	46	SEPTIN7
28	10	47	ANGPT1
28	10	48	C1R
28	10	49	NID2
28	10	50	PLTP
28	10	51	NELL1
28	10	52	PCDH9
28	10	53	SNHG5
28	10	54	OLFM2
28	10	55	SNHG29
28	10	56	GABARAP
28	10	57	MICOS10
28	10	58	RND3
28	10	59	COLEC12
28	10	60	FOS
28	10	61	NME2
28	10	62	JUN
28	10	63	SERPINF1
28	10	64	PRSS23
28	10	65	PDE1A
28	10	66	FGF10
28	10	67	FILIP1L
28	10	68	FAM13C
28	10	69	NTNG1
28	10	70	SNCG
28	10	71	EFEMP1
28	10	72	ENPP2
28	10	73	C2
28	10	74	PLPP1
28	10	75	TSHZ2
28	10	76	OLFML2B
28	10	77	PLEKHA6
28	10	78	EEF1G
28	10	79	PLAU
28	10	80	OSR2
28	10	81	ZFP36L2
28	10	82	S1PR3
28	10	83	MTRNR2L1
28	10	84	TWIST1
28	10	85	TNC
28	10	86	OSR1
28	10	87	HGF
28	10	88	PLAC9
28	10	89	ADGRB3
28	10	90	TNFSF13B
28	10	91	EPHA3
28	10	92	NRP1
28	10	93	PLCXD3
28	10	94	SYNPO2
28	10	95	OLFML3
28	10	96	MRPS6
28	10	97	RNASEK
28	10	98	CFH
28	10	99	DIO2
28	10	100	ITM2B
28	11	1	CCN2
28	11	2	NME2
28	11	3	CRIP1
28	11	4	OGN
28	11	5	EEF1G
28	11	6	SNHG29
28	11	7	MICOS10
28	11	8	RNASEK
28	11	9	LUM
28	11	10	GABARAP
28	11	11	ASPN
28	11	12	CILP
28	11	13	ECRG4
28	11	14	RPL17
28	11	15	MIF
28	11	16	CCN1
28	11	17	H19
28	11	18	DCN
28	11	19	SEPTIN7
28	11	20	RPS17
28	11	21	SRGN
28	11	22	MIA
28	11	23	HLA-DQB1
28	11	24	SNHG5
28	11	25	FMOD
28	11	26	OMD
28	11	27	TREM1
28	11	28	RGCC
28	11	29	CA9
28	11	30	SEPTIN2
28	11	31	TNC
28	11	32	SNHG14
28	11	33	PRELP
28	11	34	ECM2
28	11	35	CLU
28	11	36	PART1
28	11	37	TSPAN2
28	11	38	NDUFA4L2
28	11	39	ITM2B
28	11	40	ISM1
28	11	41	GAS5
28	11	42	SCRG1
28	11	43	PTGES
28	11	44	CHAC1
28	11	45	FGFBP2
28	11	46	GPR155
28	11	47	GAS1
28	11	48	PRDX4
28	11	49	AKR1C2
28	11	50	USP53
28	11	51	MXRA5
28	11	52	RAI14
28	11	53	COLGALT2
28	11	54	FHL1
28	11	55	CRLF1
28	11	56	GDF6
28	11	57	AC093496.1
28	11	58	SEMA3D
28	11	59	CCN3
28	11	60	NFKBIZ
28	11	61	FIBIN
28	11	62	EDIL3
28	11	63	ANGPTL2
28	11	64	PAPSS2
28	11	65	EGLN2
28	11	66	S100A4
28	11	67	NFATC2
28	11	68	CRYAB
28	11	69	ANTXR1
28	11	70	AL627171.2
28	11	71	CAPS
28	11	72	HLF
28	11	73	ATP1B1
28	11	74	RSPO2
28	11	75	COL15A1
28	11	76	TGFBI
28	11	77	COMP
28	11	78	FZD8
28	11	79	F5
28	11	80	NBL1
28	11	81	LTBP2
28	11	82	HMOX1
28	11	83	A2M
28	11	84	RND3
28	11	85	FNIP2
28	11	86	CADM1
28	11	87	TMTC1
28	11	88	FNDC1
28	11	89	FGF18
28	11	90	STEAP2
28	11	91	SRPX2
28	11	92	SPON1
28	11	93	SMOC1
28	11	94	CHI3L2
28	11	95	ABI3BP
28	11	96	CRTAC1
28	11	97	GAP43
28	11	98	SMOC2
28	11	99	SERPINE1
28	11	100	C12orf75
28	12	1	MFAP5
28	12	2	FBN1
28	12	3	TMSB4X
28	12	4	FSTL1
28	12	5	SFRP4
28	12	6	FBLN2
28	12	7	LINC01133
28	12	8	S100A4
28	12	9	ANXA2
28	12	10	S100A6
28	12	11	TNXB
28	12	12	TPPP3
28	12	13	AQP1
28	12	14	S100A10
28	12	15	SCARA5
28	12	16	PRSS23
28	12	17	PLAC9
28	12	18	GLIPR2
28	12	19	CD248
28	12	20	CD34
28	12	21	PAMR1
28	12	22	DKK3
28	12	23	CELF2
28	12	24	GAP43
28	12	25	VCAN
28	12	26	GSN
28	12	27	C1QTNF3
28	12	28	PPP1R14B
28	12	29	IGFBP6
28	12	30	ABLIM1
28	12	31	ANGPTL1
28	12	32	ANK2
28	12	33	LIMA1
28	12	34	DPP4
28	12	35	CFD
28	12	36	CADM3
28	12	37	LTBP4
28	12	38	CRIP1
28	12	39	PLXDC1
28	12	40	TMSB10
28	12	41	TSHZ2
28	12	42	COL6A2
28	12	43	CRABP2
28	12	44	CYSLTR1
28	12	45	STXBP6
28	12	46	MAP1B
28	12	47	ITM2A
28	12	48	NOVA1
28	12	49	SLIT3
28	12	50	ITM2B
28	12	51	FYN
28	12	52	FILIP1L
28	12	53	CD70
28	12	54	EMP3
28	12	55	FHL1
28	12	56	GPNMB
28	12	57	FAM180B
28	12	58	OLFML2A
28	12	59	PDGFD
28	12	60	PALM
28	12	61	HEG1
28	12	62	HMCN2
28	12	63	ISLR
28	12	64	MAP1A
28	12	65	PLPP1
28	12	66	TUBA1A
28	12	67	VIT
28	12	68	SMIM14
28	12	69	ADD3
28	12	70	COL14A1
28	12	71	PPL
28	12	72	KLF6
28	12	73	BMP5
28	12	74	SPARCL1
28	12	75	SSC5D
28	12	76	THY1
28	12	77	SEMA3C
28	12	78	LGALS1
28	12	79	MAMDC2
28	12	80	WNT2
28	12	81	GAS7
28	12	82	OLFML1
28	12	83	CREB5
28	12	84	TOGARAM2
28	12	85	RAMP2
28	12	86	HSD3B7
28	12	87	AKR1C3
28	12	88	CSF1
28	12	89	MYL9
28	12	90	PLTP
28	12	91	NTM
28	12	92	TGFBR3
28	12	93	SLN
28	12	94	ECM2
28	12	95	ABI3BP
28	12	96	DPT
28	12	97	BASP1
28	12	98	THBS4
28	12	99	PI16
28	12	100	COL6A1
28	13	1	PODN
28	13	2	SRPX
28	13	3	CFD
28	13	4	ALDH1A1
28	13	5	APOD
28	13	6	C3
28	13	7	SERPINF1
28	13	8	CLSTN2
28	13	9	ADH1C
28	13	10	C1S
28	13	11	GSN
28	13	12	GPC3
28	13	13	AGTR1
28	13	14	C6
28	13	15	PTGFR
28	13	16	GGT5
28	13	17	VIT
28	13	18	ADH1B
28	13	19	FBLN2
28	13	20	ABCA8
28	13	21	ZFP36L2
28	13	22	NID1
28	13	23	PCDH18
28	13	24	GLUL
28	13	25	LAMA2
28	13	26	ABCA6
28	13	27	RARRES2
28	13	28	SELENOP
28	13	29	ACKR4
28	13	30	FBLN5
28	13	31	C1R
28	13	32	TSKU
28	13	33	MGST1
28	13	34	SAMHD1
28	13	35	JUN
28	13	36	ITM2A
28	13	37	NR2F2
28	13	38	ABCA9
28	13	39	ANTXR2
28	13	40	SVEP1
28	13	41	FBLN1
28	13	42	CYGB
28	13	43	CXCL14
28	13	44	SPRY1
28	13	45	PLPP3
28	13	46	NEGR1
28	13	47	EFEMP1
28	13	48	EPHX1
28	13	49	GADD45A
28	13	50	PTGER4
28	13	51	PLA2G2A
28	13	52	CXCL12
28	13	53	IL33
28	13	54	PCSK5
28	13	55	TMEM150C
28	13	56	FMO3
28	13	57	LMOD1
28	13	58	IGFBP7
28	13	59	MYOC
28	13	60	LHFPL6
28	13	61	CYP1B1
28	13	62	ADH4
28	13	63	C7
28	13	64	CCBE1
28	13	65	IRX3
28	13	66	HSPB6
28	13	67	FGF7
28	13	68	AOX1
28	13	69	CCL13
28	13	70	DCLK1
28	13	71	CHRDL1
28	13	72	MT-ND2
28	13	73	EBF1
28	13	74	DEPP1
28	13	75	MAOA
28	13	76	CAMK2N1
28	13	77	BMP5
28	13	78	WNT11
28	13	79	NGFR
28	13	80	STK17B
28	13	81	CFH
28	13	82	MMP2
28	13	83	ADAMTS1
28	13	84	PPL
28	13	85	TMEM176B
28	13	86	RBMS3
28	13	87	LEPR
28	13	88	CELF2
28	13	89	PLCXD3
28	13	90	LAMC1
28	13	91	MT-CYB
28	13	92	FOS
28	13	93	AKAP12
28	13	94	SASH1
28	13	95	LAMB1
28	13	96	CPE
28	13	97	IRF1
28	13	98	PDGFRL
28	13	99	MT-CO2
28	13	100	MT-ND1
28	14	1	CLIC5
28	14	2	PRG4
28	14	3	ITGBL1
28	14	4	DNASE1L3
28	14	5	GPR1
28	14	6	SPARCL1
28	14	7	HTRA4
28	14	8	GABRA4
28	14	9	DIRC3
28	14	10	HHIP
28	14	11	ZNF385B
28	14	12	TIMP3
28	14	13	PCSK6
28	14	14	TMEM196
28	14	15	TSPAN15
28	14	16	SEMA5A
28	14	17	ITGB8
28	14	18	COL22A1
28	14	19	HBEGF
28	14	20	SEMA3A
28	14	21	APLP2
28	14	22	SELP
28	14	23	MTUS2
28	14	24	CRTAC1
28	14	25	CHST2
28	14	26	CFI
28	14	27	SCARA5
28	14	28	HHIP-AS1
28	14	29	NTN4
28	14	30	COLEC12
28	14	31	GJB6
28	14	32	ITGA6
28	14	33	GFPT2
28	14	34	GJB2
28	14	35	SEMA3C
28	14	36	MAL
28	14	37	AC004540.2
28	14	38	ITM2B
28	14	39	PPP1R1A
28	14	40	APBB1IP
28	14	41	HTRA1
28	14	42	TSPAN7
28	14	43	SLC2A12
28	14	44	SMIM14
28	14	45	CREB5
28	14	46	TWISTNB
28	14	47	CXCL1
28	14	48	FGF10
28	14	49	TPPP3
28	14	50	BTC
28	14	51	CLUL1
28	14	52	S100A4
28	14	53	CTTNBP2
28	14	54	ARHGAP28
28	14	55	TFPI
28	14	56	FGL2
28	14	57	SORBS2
28	14	58	EPB41L3
28	14	59	EFNB2
28	14	60	SHANK2
28	14	61	MYPN
28	14	62	ARL2
28	14	63	F5
28	14	64	ADAMTSL1
28	14	65	AC005062.1
28	14	66	THBS4
28	14	67	PDGFD
28	14	68	DLX3
28	14	69	OLFM3
28	14	70	TNFSF15
28	14	71	TMSB4X
28	14	72	SAMD5
28	14	73	CIT
28	14	74	HAS1
28	14	75	PPM1L
28	14	76	TOX3
28	14	77	ENPP4
28	14	78	EPB41L1
28	14	79	NDNF
28	14	80	CRIP1
28	14	81	PLEKHA2
28	14	82	EREG
28	14	83	PLEKHA1
28	14	84	LIMA1
28	14	85	CADM3
28	14	86	PMAIP1
28	14	87	CSF1
28	14	88	DEFB1
28	14	89	LGALS3BP
28	14	90	IFI27
28	14	91	VSIG10L2
28	14	92	PHACTR2
28	14	93	ECRG4
28	14	94	CXCL8
28	14	95	STEAP4
28	14	96	AC104051.2
28	14	97	ZEB2
28	14	98	VCAM1
28	14	99	FLNB
28	14	100	KHDRBS3
28	15	1	SPARC
28	15	2	LOXL2
28	15	3	COL3A1
28	15	4	COL1A2
28	15	5	CCND1
28	15	6	COL5A1
28	15	7	COL5A2
28	15	8	COL1A1
28	15	9	TGFBI
28	15	10	DKK3
28	15	11	MXRA5
28	15	12	RFLNB
28	15	13	C12orf75
28	15	14	DPT
28	15	15	SERPINE1
28	15	16	ASPN
28	15	17	AQP1
28	15	18	CD70
28	15	19	COL8A1
28	15	20	ITGB1
28	15	21	COL6A1
28	15	22	SLN
28	15	23	COL6A2
28	15	24	ISLR
28	15	25	COL15A1
28	15	26	ANO1
28	15	27	LTBP1
28	15	28	LGALS1
28	15	29	LRRC15
28	15	30	TPM1
28	15	31	TNC
28	15	32	ENPP1
28	15	33	TNFRSF12A
28	15	34	CST6
28	15	35	CRABP2
28	15	36	FSTL1
28	15	37	TSPAN2
28	15	38	HSPG2
28	15	39	ELN
28	15	40	TREM1
28	15	41	ABHD2
28	15	42	IGFBP7
28	15	43	IGFBP3
28	15	44	COL13A1
28	15	45	FBLN5
28	15	46	S100A4
28	15	47	ATP1B1
28	15	48	COL6A3
28	15	49	NRGN
28	15	50	PRSS23
28	15	51	C1QTNF3
28	15	52	S100A10
28	15	53	AEBP1
28	15	54	CRLF1
28	15	55	PTHLH
28	15	56	TNFSF11
28	15	57	P4HB
28	15	58	MICAL2
28	15	59	PXDN
28	15	60	ANXA2
28	15	61	FAP
28	15	62	FNDC1
28	15	63	FLNA
28	15	64	IL32
28	15	65	THBS3
28	15	66	ANGPTL2
28	15	67	WISP1
28	15	68	TIMP1
28	15	69	TPPP3
28	15	70	ITGA11
28	15	71	FSTL3
28	15	72	CDH13
28	15	73	PPP1R14B
28	15	74	LTBP2
28	15	75	IGFBP1
28	15	76	COL12A1
28	15	77	PDLIM1
28	15	78	MATN2
28	15	79	BGN
28	15	80	SCX
28	15	81	TMSB4X
28	15	82	RAB31
28	15	83	SULF1
28	15	84	RAI14
28	15	85	ANPEP
28	15	86	FHL2
28	15	87	LRRC17
28	15	88	SYNPO
28	15	89	AOC2
28	15	90	SEMA3C
28	15	91	POSTN
28	15	92	HSD3B7
28	15	93	SSC5D
28	15	94	NBL1
28	15	95	MYBL1
28	15	96	PLEC
28	15	97	CAPS
28	15	98	TYMP
28	15	99	MSX1
28	15	100	SUSD5
28	16	1	CD55
28	16	2	FN1
28	16	3	CRLF1
28	16	4	TNFAIP6
28	16	5	HTRA1
28	16	6	NECTIN4
28	16	7	AMTN
28	16	8	TREM1
28	16	9	DYSF
28	16	10	RET
28	16	11	SLC7A2
28	16	12	ADGRG2
28	16	13	PRG4
28	16	14	IGFBP5
28	16	15	CCDC80
28	16	16	DEFB1
28	16	17	TIMP3
28	16	18	HMX1
28	16	19	CLU
28	16	20	EPB41L3
28	16	21	SMOC1
28	16	22	GFPT2
28	16	23	CAPS
28	16	24	SLC16A10
28	16	25	SMIM14
28	16	26	ADAMTSL2
28	16	27	CRTAC1
28	16	28	ADAMTS6
28	16	29	EMP3
28	16	30	SLC2A12
28	16	31	FABP3
28	16	32	SOX11
28	16	33	S100A3
28	16	34	RAPGEF4
28	16	35	BTC
28	16	36	ITPR3
28	16	37	LY6D
28	16	38	S100A6
28	16	39	AOAH
28	16	40	TNFRSF11B
28	16	41	CXCL14
28	16	42	CLVS2
28	16	43	ISLR
28	16	44	SEMA3A
28	16	45	PENK
28	16	46	PRDX4
28	16	47	DLX4
28	16	48	SORBS2
28	16	49	TYMP
28	16	50	GDF5
28	16	51	HSD3B7
28	16	52	HHIP-AS1
28	16	53	PRSS23
28	16	54	SHISAL2B
28	16	55	ARL2
28	16	56	TIMP1
28	16	57	SLURP1
28	16	58	TRPV4
28	16	59	HHIP
28	16	60	CRYAB
28	16	61	PTHLH
28	16	62	NDUFA4L2
28	16	63	ODAM
28	16	64	PTGES
28	16	65	SQLE
28	16	66	ABI3BP
28	16	67	GAS1
28	16	68	PPP1R14B
28	16	69	CPE
28	16	70	CLIC3
28	16	71	VSIG10L2
28	16	72	CDH19
28	16	73	PARP16
28	16	74	C15orf48
28	16	75	GRIA2
28	16	76	CDON
28	16	77	S100A4
28	16	78	MSMO1
28	16	79	PCSK1N
28	16	80	C11orf96
28	16	81	LMO2
28	16	82	PMAIP1
28	16	83	PLEKHA1
28	16	84	WISP1
28	16	85	RSPO2
28	16	86	TPPP3
28	16	87	DPT
28	16	88	F13A1
28	16	89	SRPX2
28	16	90	S100A1
28	16	91	UCP2
28	16	92	RTN1
28	16	93	VPS13A
28	16	94	PDE1C
28	16	95	AQP1
28	16	96	SGK1
28	16	97	ACKR3
28	16	98	MTUS2
28	16	99	ETNPPL
28	16	100	CLDN5
28	17	1	APOC1
28	17	2	PLIN2
28	17	3	C11orf96
28	17	4	HAS1
28	17	5	GPR183
28	17	6	APOB
28	17	7	TFPI
28	17	8	KHDRBS3
28	17	9	PCK1
28	17	10	TMEM196
28	17	11	PRG4
28	17	12	APOE
28	17	13	HBEGF
28	17	14	CTTNBP2
28	17	15	RSPO3
28	17	16	RAMP2
28	17	17	GDF15
28	17	18	PPM1L
28	17	19	ENPP4
28	17	20	G0S2
28	17	21	MEDAG
28	17	22	ARHGAP20
28	17	23	DLX4
28	17	24	BDKRB2
28	17	25	MTRNR2L1
28	17	26	EPB41L1
28	17	27	SPOCD1
28	17	28	SCUBE1
28	17	29	ZFP36L2
28	17	30	PDE4B
28	17	31	VEGFD
28	17	32	KCNJ15
28	17	33	ITPRIP
28	17	34	CALCRL
28	17	35	SNED1
28	17	36	ZFP36L1
28	17	37	ADM
28	17	38	ITGB8
28	17	39	MGST1
28	17	40	DUSP1
28	17	41	CFD
28	17	42	FAM84A
28	17	43	GADD45A
28	17	44	APBB1IP
28	17	45	ITGBL1
28	17	46	PLTP
28	17	47	FGF10
28	17	48	MT-ND2
28	17	49	PLA2G2A
28	17	50	REV3L
28	17	51	SASH1
28	17	52	TMEM100
28	17	53	MT-ND4
28	17	54	ZIC1
28	17	55	CLUL1
28	17	56	CREB5
28	17	57	LVRN
28	17	58	IRX3
28	17	59	NR1D1
28	17	60	BST2
28	17	61	TMEM176A
28	17	62	MT-CYB
28	17	63	ARC
28	17	64	MALAT1
28	17	65	ECE1
28	17	66	ERRFI1
28	17	67	EREG
28	17	68	SELENOP
28	17	69	NAMPT
28	17	70	CPB1
28	17	71	RAMP2-AS1
28	17	72	GLRX
28	17	73	SDC4
28	17	74	MT-CO1
28	17	75	PDK4
28	17	76	TGFBR3
28	17	77	EBF1
28	17	78	MT-CO3
28	17	79	ARRDC3
28	17	80	IER5L
28	17	81	MT-ND1
28	17	82	SCARA5
28	17	83	DIAPH2
28	17	84	DDIT3
28	17	85	TXNIP
28	17	86	ADAMTS5
28	17	87	EFEMP1
28	17	88	SMIM14
28	17	89	BHLHE40
28	17	90	PLCB1
28	17	91	ATP2B1
28	17	92	CSF1
28	17	93	NTN4
28	17	94	COL4A1
28	17	95	MAL
28	17	96	TSPAN7
28	17	97	RARRES1
28	17	98	ARHGAP28
28	17	99	TWISTNB
28	17	100	BASP1
28	18	1	IGFBP4
28	18	2	SFRP1
28	18	3	IGF1
28	18	4	SCG2
28	18	5	CXCL12
28	18	6	NPR3
28	18	7	EFEMP1
28	18	8	TMEM176B
28	18	9	PTGFR
28	18	10	TMEM176A
28	18	11	STMN2
28	18	12	C1S
28	18	13	ABCC9
28	18	14	C1R
28	18	15	SERPINF1
28	18	16	GAS6
28	18	17	WISP2
28	18	18	CES1
28	18	19	CFD
28	18	20	VCAN
28	18	21	SPON1
28	18	22	SFRP2
28	18	23	MDK
28	18	24	PCSK1
28	18	25	IL6
28	18	26	PLPP1
28	18	27	MARCKS
28	18	28	CYP1B1
28	18	29	MMP2
28	18	30	PLA2G2A
28	18	31	HELLPAR
28	18	32	C16orf89
28	18	33	ENPP2
28	18	34	LBP
28	18	35	MEST
28	18	36	GAL
28	18	37	FILIP1
28	18	38	SHISAL1
28	18	39	TUBB2B
28	18	40	FGF7
28	18	41	HSD11B1
28	18	42	HAS2
28	18	43	C3
28	18	44	DCLK1
28	18	45	OLFML3
28	18	46	EPHX1
28	18	47	KCNE4
28	18	48	MFAP4
28	18	49	COL14A1
28	18	50	MRPS6
28	18	51	SLIT3
28	18	52	PDLIM1
28	18	53	SLC5A3
28	18	54	FLRT2
28	18	55	AKR1C3
28	18	56	MGST1
28	18	57	SMOC1
28	18	58	SRPX
28	18	59	HP
28	18	60	EBF1
28	18	61	CD248
28	18	62	SRGN
28	18	63	CTSH
28	18	64	FSTL1
28	18	65	ARL4C
28	18	66	PLTP
28	18	67	GGT5
28	18	68	PDGFRA
28	18	69	MT-ND3
28	18	70	AKR1C1
28	18	71	IFI44L
28	18	72	MTRNR2L12
28	18	73	CHMP1B
28	18	74	ZNF331
28	18	75	ADD3
28	18	76	COL4A4
28	18	77	MME
28	18	78	CA2
28	18	79	S1PR3
28	18	80	CDH11
28	18	81	FBN1
28	18	82	ENTPD1
28	18	83	ANGPT1
28	18	84	KCTD12
28	18	85	FAM20A
28	18	86	IL13RA2
28	18	87	CXCL2
28	18	88	IGSF21
28	18	89	MFAP5
28	18	90	GAS1
28	18	91	TMSB10
28	18	92	BASP1
28	18	93	RARRES2
28	18	94	BICC1
28	18	95	LGALS3BP
28	18	96	SNCG
28	18	97	MT-ND1
28	18	98	NTRK2
28	18	99	LPCAT2
28	18	100	FBLN5
28	19	1	POSTN
28	19	2	CTHRC1
28	19	3	COL1A1
28	19	4	SPON2
28	19	5	COL1A2
28	19	6	MMP2
28	19	7	COL6A3
28	19	8	FNDC1
28	19	9	ARL4C
28	19	10	COL6A1
28	19	11	MMP11
28	19	12	LGALS1
28	19	13	TMEM119
28	19	14	CADM1
28	19	15	BASP1
28	19	16	FAP
28	19	17	LRRC32
28	19	18	MYL9
28	19	19	PDGFRB
28	19	20	CALD1
28	19	21	MARCKS
28	19	22	OLFML2B
28	19	23	TPM1
28	19	24	AEBP1
28	19	25	THY1
28	19	26	CDH11
28	19	27	TMSB10
28	19	28	TAGLN
28	19	29	LRRC17
28	19	30	LINC01705
28	19	31	THBS2
28	19	32	LRRC15
28	19	33	GPNMB
28	19	34	COL6A2
28	19	35	CTSH
28	19	36	HMCN1
28	19	37	COL4A2
28	19	38	COL5A2
28	19	39	ITGB1
28	19	40	NBL1
28	19	41	CRABP2
28	19	42	MMP14
28	19	43	MDK
28	19	44	FRMD6
28	19	45	PLXDC1
28	19	46	RGS3
28	19	47	COL4A1
28	19	48	ANTXR1
28	19	49	MXRA5
28	19	50	COL5A3
28	19	51	GJA1
28	19	52	FTH1
28	19	53	TGFBI
28	19	54	RAB31
28	19	55	ENAH
28	19	56	TUBA1A
28	19	57	C1QTNF3
28	19	58	COL14A1
28	19	59	CEMIP
28	19	60	LAMB1
28	19	61	FABP5
28	19	62	TMSB4X
28	19	63	ANGPTL1
28	19	64	MMP13
28	19	65	CAMK2N1
28	19	66	C3orf80
28	19	67	COL12A1
28	19	68	RUNX2
28	19	69	FAT1
28	19	70	SPARC
28	19	71	FLRT2
28	19	72	SLC40A1
28	19	73	HES4
28	19	74	PPP1R14B
28	19	75	TWIST1
28	19	76	MAFB
28	19	77	TNC
28	19	78	WISP2
28	19	79	COL18A1
28	19	80	CSRP2
28	19	81	MAP4K4
28	19	82	FLNA
28	19	83	PDGFRL
28	19	84	PCDH7
28	19	85	HRK
28	19	86	SFRP4
28	19	87	MME
28	19	88	C2
28	19	89	GUCY1A1
28	19	90	MEGF6
28	19	91	EDIL3
28	19	92	MICAL2
28	19	93	IFI27
28	19	94	NRP1
28	19	95	PTGFRN
28	19	96	LOXL2
28	19	97	NOV
28	19	98	SERPINF1
28	19	99	NID2
28	19	100	COL8A1
28	20	1	IL11
28	20	2	INHBA
28	20	3	FGF2
28	20	4	FGF1
28	20	5	PTGS2
28	20	6	WNT16
28	20	7	TNFRSF12A
28	20	8	KRT16
28	20	9	HSPA5
28	20	10	MSMO1
28	20	11	BMP2
28	20	12	INSIG1
28	20	13	KRT17
28	20	14	DGKI
28	20	15	LIF
28	20	16	FHL2
28	20	17	ADPRHL1
28	20	18	TNFRSF11B
28	20	19	ABI3BP
28	20	20	S100A2
28	20	21	SYNJ2
28	20	22	DSP
28	20	23	COL2A1
28	20	24	NFATC2
28	20	25	SQLE
28	20	26	CLDN4
28	20	27	CRYAB
28	20	28	JAG1
28	20	29	RFLNB
28	20	30	HMGA1
28	20	31	FOSL1
28	20	32	PHLDA2
28	20	33	DNER
28	20	34	KDM6B
28	20	35	TNFAIP6
28	20	36	SERPINE2
28	20	37	PAPSS2
28	20	38	KCNMA1
28	20	39	SDF2L1
28	20	40	AC010343.3
28	20	41	MAST4
28	20	42	SERPINA3
28	20	43	SLC7A11
28	20	44	STK38L
28	20	45	CYTOR
28	20	46	GLIS3
28	20	47	VCAN
28	20	48	NEBL
28	20	49	TRPV4
28	20	50	CHAC1
28	20	51	TIAM2
28	20	52	TM4SF1
28	20	53	CD55
28	20	54	SERPINA5
28	20	55	SCD
28	20	56	PDE4B
28	20	57	COL11A1
28	20	58	CCN1
28	20	59	FOXC2
28	20	60	EZR
28	20	61	RCAN1
28	20	62	EGR3
28	20	63	LINC00511
28	20	64	XYLT1
28	20	65	ANGPTL4
28	20	66	SPARC
28	20	67	GIPR
28	20	68	SERPINE1
28	20	69	EIF4EBP1
28	20	70	SLC4A7
28	20	71	FAM180A
28	20	72	F13A1
28	20	73	TGM2
28	20	74	S100A1
28	20	75	SOX9
28	20	76	DUSP4
28	20	77	SMOC1
28	20	78	SDK2
28	20	79	SGIP1
28	20	80	MMP3
28	20	81	DST
28	20	82	HAPLN1
28	20	83	KIF21A
28	20	84	PAX1
28	20	85	FRMD6
28	20	86	SIPA1L2
28	20	87	SPP1
28	20	88	FADS2
28	20	89	PSME4
28	20	90	EMP3
28	20	91	TMEM120B
28	20	92	CKB
28	20	93	AOC2
28	20	94	RAB11FIP4
28	20	95	SDC4
28	20	96	TNFSF10
28	20	97	COL6A3
28	20	98	ETNPPL
28	20	99	ENPP1
28	20	100	DHCR24
28	21	1	RGS5
28	21	2	ACTA2
28	21	3	GJA4
28	21	4	TINAGL1
28	21	5	ADGRF5
28	21	6	COX4I2
28	21	7	PPP1R14A
28	21	8	SYNPO2
28	21	9	CD36
28	21	10	MCAM
28	21	11	HIGD1B
28	21	12	FHL5
28	21	13	NOTCH3
28	21	14	TAGLN
28	21	15	HES4
28	21	16	IGFBP7
28	21	17	NR2F2
28	21	18	PLN
28	21	19	COL4A2
28	21	20	COL4A1
28	21	21	SCN4B
28	21	22	CARMN
28	21	23	RNF152
28	21	24	EDNRA
28	21	25	LINC01197
28	21	26	CHN1
28	21	27	FILIP1L
28	21	28	MYH11
28	21	29	CALD1
28	21	30	ARHGAP15
28	21	31	MYL9
28	21	32	THY1
28	21	33	GUCY1B1
28	21	34	TBX2
28	21	35	ADAMTS4
28	21	36	RCAN2
28	21	37	LINC00924
28	21	38	MYLK
28	21	39	LMOD1
28	21	40	PDE5A
28	21	41	KCNE4
28	21	42	GUCY1A1
28	21	43	ID4
28	21	44	EDNRB
28	21	45	HEYL
28	21	46	CCDC102B
28	21	47	FOXS1
28	21	48	GGT5
28	21	49	COL18A1
28	21	50	FABP4
28	21	51	AF121898.1
28	21	52	MAP1B
28	21	53	SPARCL1
28	21	54	TPM1
28	21	55	ANGPT2
28	21	56	EBF2
28	21	57	LGI4
28	21	58	C3orf70
28	21	59	NR2F2-AS1
28	21	60	CPE
28	21	61	HSPH1
28	21	62	LINC00989
28	21	63	HSPA1A
28	21	64	JAG1
28	21	65	LPL
28	21	66	NEXN
28	21	67	SUCNR1
28	21	68	MAP2
28	21	69	ABCC9
28	21	70	CD200
28	21	71	RGS4
28	21	72	HSPA1B
28	21	73	HSPA6
28	21	74	CYTOR
28	21	75	SGIP1
28	21	76	SPRY1
28	21	77	SLN
28	21	78	SFRP2
28	21	79	AHR
28	21	80	DMD
28	21	81	COL5A3
28	21	82	STEAP4
28	21	83	OLFML2A
28	21	84	AGT
28	21	85	AC242426.2
28	21	86	CYGB
28	21	87	F2R
28	21	88	ARHGAP6
28	21	89	ADAMTS1
28	21	90	RERGL
28	21	91	PEAR1
28	21	92	PPP1R12B
28	21	93	TCIM
28	21	94	SUSD2
28	21	95	NGFR
28	21	96	NID1
28	21	97	DNAJB1
28	21	98	TFPI
28	21	99	CSRNP3
28	21	100	TNFAIP3
28	22	1	NRXN1
28	22	2	PLP1
28	22	3	CDH19
28	22	4	SCN7A
28	22	5	CHL1
28	22	6	NGFR
28	22	7	AC027013.1
28	22	8	S100B
28	22	9	ARHGAP15
28	22	10	CLDN1
28	22	11	GFRA1
28	22	12	ITGA6
28	22	13	SLC22A3
28	22	14	COL28A1
28	22	15	OLFML2A
28	22	16	CNKSR3
28	22	17	SORCS1
28	22	18	MPZ
28	22	19	NR2F2
28	22	20	MAL
28	22	21	MYOT
28	22	22	EBF2
28	22	23	TCIM
28	22	24	GPM6B
28	22	25	AKAP12
28	22	26	SESN3
28	22	27	ITGB8
28	22	28	FOXS1
28	22	29	PI16
28	22	30	PTPRZ1
28	22	31	MAP1B
28	22	32	MARCKS
28	22	33	SHISA3
28	22	34	MCAM
28	22	35	NTM
28	22	36	CNTN4
28	22	37	COL18A1
28	22	38	FLRT2
28	22	39	IGFBP7
28	22	40	DMD
28	22	41	TENM3
28	22	42	PEAR1
28	22	43	COL4A1
28	22	44	ERBB3
28	22	45	CCN3
28	22	46	TMSB10
28	22	47	COL4A2
28	22	48	RARRES2
28	22	49	PCDH7
28	22	50	ABCA8
28	22	51	INMT
28	22	52	P2RY14
28	22	53	BNC2
28	22	54	RUNX2
28	22	55	APOD
28	22	56	FIGN
28	22	57	LAMB1
28	22	58	GPC3
28	22	59	GAS7
28	22	60	EDNRA
28	22	61	TSPAN11
28	22	62	GNG2
28	22	63	COL21A1
28	22	64	TAGLN
28	22	65	FMO1
28	22	66	MATN2
28	22	67	OLFML2B
28	22	68	PAK3
28	22	69	TENM4
28	22	70	ZEB2
28	22	71	HGF
28	22	72	CAPN6
28	22	73	IL18
28	22	74	ABCA9
28	22	75	CHN1
28	22	76	ITM2A
28	22	77	LGI4
28	22	78	MEOX2
28	22	79	SH3PXD2A
28	22	80	EGFR
28	22	81	FSTL3
28	22	82	NOTCH3
28	22	83	PLK2
28	22	84	GPR155
28	22	85	PEAK1
28	22	86	PRLR
28	22	87	CNTN1
28	22	88	LTBP4
28	22	89	STMN1
28	22	90	CHRDL1
28	22	91	CALD1
28	22	92	CIT
28	22	93	P2RY1
28	22	94	ADGRB3
28	22	95	DACT1
28	22	96	AHR
28	22	97	SEMA6A
28	22	98	SPON2
28	22	99	SLC1A2
28	22	100	TUBA1A
28	23	1	PECAM1
28	23	2	GIMAP7
28	23	3	EMCN
28	23	4	ACKR1
28	23	5	SOX18
28	23	6	PLVAP
28	23	7	PCAT19
28	23	8	VWF
28	23	9	CCL14
28	23	10	CD93
28	23	11	SELE
28	23	12	MMRN1
28	23	13	ADGRL4
28	23	14	TFF3
28	23	15	STC1
28	23	16	CCL21
28	23	17	RAMP3
28	23	18	CYYR1
28	23	19	BCAM
28	23	20	CALCRL
28	23	21	LYVE1
28	23	22	EDN1
28	23	23	CAVIN2
28	23	24	SOX17
28	23	25	PKHD1L1
28	23	26	SLCO2A1
28	23	27	CD74
28	23	28	KDR
28	23	29	EDNRB
28	23	30	HLA-DRA
28	23	31	ADCY4
28	23	32	CLDN5
28	23	33	GMFG
28	23	34	ENTPD1
28	23	35	SEMA6A
28	23	36	HLA-DRB1
28	23	37	ITGA6
28	23	38	CLEC2B
28	23	39	RNASE1
28	23	40	PODXL
28	23	41	FABP4
28	23	42	LPAR6
28	23	43	ROBO4
28	23	44	ADGRF5
28	23	45	CNKSR3
28	23	46	APLNR
28	23	47	RAMP2
28	23	48	SYNE2
28	23	49	TSPAN7
28	23	50	CD200
28	23	51	FLT1
28	23	52	TM4SF1
28	23	53	CD34
28	23	54	FABP5
28	23	55	PLAT
28	23	56	MYO5C
28	23	57	PDLIM1
28	23	58	F2RL3
28	23	59	TFPI
28	23	60	IFI27
28	23	61	HLA-DQA1
28	23	62	CD36
28	23	63	HLA-DRB5
28	23	64	TMSB10
28	23	65	MCF2L
28	23	66	CTSH
28	23	67	MCAM
28	23	68	ITM2A
28	23	69	THSD7A
28	23	70	TINAGL1
28	23	71	SPRY1
28	23	72	DOCK9
28	23	73	LRRC32
28	23	74	C2CD4B
28	23	75	PLIN5
28	23	76	DOCK4
28	23	77	ADGRL2
28	23	78	TCIM
28	23	79	PLCB4
28	23	80	HSPG2
28	23	81	ARHGAP29
28	23	82	IL33
28	23	83	MEF2C
28	23	84	CHRDL1
28	23	85	SPARCL1
28	23	86	PLCB1
28	23	87	AQP1
28	23	88	LAPTM5
28	23	89	AGRN
28	23	90	HLA-DQB1
28	23	91	APOLD1
28	23	92	LMCD1
28	23	93	FAM167B
28	23	94	HEG1
28	23	95	STAB1
28	23	96	AKAP12
28	23	97	ANGPT2
28	23	98	F2R
28	23	99	SCN11A
28	23	100	AC130650.2
28	24	1	C1QA
28	24	2	AIF1
28	24	3	C1QB
28	24	4	CYBB
28	24	5	C1QC
28	24	6	FOLR2
28	24	7	MARCO
28	24	8	TYROBP
28	24	9	RNASE1
28	24	10	MS4A6A
28	24	11	MS4A7
28	24	12	VSIG4
28	24	13	HLA-DRA
28	24	14	HLA-DQA1
28	24	15	LYZ
28	24	16	CD163
28	24	17	CD74
28	24	18	S100A8
28	24	19	FCGR3A
28	24	20	MS4A4A
28	24	21	FCGR2B
28	24	22	LILRB5
28	24	23	FCER1G
28	24	24	EMB
28	24	25	HLA-DRB1
28	24	26	ALOX5AP
28	24	27	LAPTM5
28	24	28	STAB1
28	24	29	S100A9
28	24	30	LYVE1
28	24	31	HLA-DRB5
28	24	32	FCER1A
28	24	33	HLA-DQB1
28	24	34	PTPRC
28	24	35	CD37
28	24	36	RGS1
28	24	37	MARCH1
28	24	38	CPVL
28	24	39	CCL4L2
28	24	40	CCL3
28	24	41	P2RY14
28	24	42	ADAM28
28	24	43	NCKAP1L
28	24	44	CCL3L1
28	24	45	GMFG
28	24	46	CXCL8
28	24	47	HCST
28	24	48	HPGDS
28	24	49	IL18
28	24	50	FCN1
28	24	51	CIITA
28	24	52	ENTPD1
28	24	53	CCL4
28	24	54	IFI30
28	24	55	AC104051.2
28	24	56	BTK
28	24	57	TNF
28	24	58	F13A1
28	24	59	INPP5D
28	24	60	CD36
28	24	61	CD93
28	24	62	SRGN
28	24	63	IKZF1
28	24	64	CD83
28	24	65	FYB1
28	24	66	FTH1
28	24	67	POU2F2
28	24	68	L1TD1
28	24	69	MYO5A
28	24	70	PECAM1
28	24	71	SORL1
28	24	72	MERTK
28	24	73	CD14
28	24	74	LPAR6
28	24	75	REPS2
28	24	76	UBE2C
28	24	77	DEPDC1
28	24	78	IGSF21
28	24	79	SAMHD1
28	24	80	SELENOP
28	24	81	TMSB10
28	24	82	CTSH
28	24	83	SLC40A1
28	24	84	GPR183
28	24	85	MAF
28	24	86	CCL18
28	24	87	CDK1
28	24	88	GNG2
28	24	89	TNFAIP3
28	24	90	GRK3
28	24	91	CXCL3
28	24	92	P2RX7
28	24	93	RTN1
28	24	94	MEF2C
28	24	95	TNFRSF1B
28	24	96	STK17B
28	24	97	WDFY4
28	24	98	SUCNR1
28	24	99	TGFBI
28	24	100	GIMAP7
28	25	1	ANLN
28	25	2	ASPM
28	25	3	TOP2A
28	25	4	CENPF
28	25	5	CEP55
28	25	6	UBE2C
28	25	7	TPX2
28	25	8	MKI67
28	25	9	PIMREG
28	25	10	CCNB2
28	25	11	BIRC5
28	25	12	DEPDC1
28	25	13	CDK1
28	25	14	DIAPH3
28	25	15	PBK
28	25	16	CENPE
28	25	17	NUSAP1
28	25	18	CDC20
28	25	19	STMN1
28	25	20	TYMS
28	25	21	LGALS1
28	25	22	CD70
28	25	23	HIST1H1B
28	25	24	ESCO2
28	25	25	CIT
28	25	26	TFPI2
28	25	27	C12orf75
28	25	28	MYEF2
28	25	29	SMC2
28	25	30	HIST1H3G
28	25	31	ITGB1
28	25	32	S100A10
28	25	33	NAV2
28	25	34	SLC4A8
28	25	35	COL6A1
28	25	36	MYBL1
28	25	37	PPP1R14B
28	25	38	NSD2
28	25	39	ANXA2
28	25	40	OLFML2B
28	25	41	MAP4K4
28	25	42	MAP1B
28	25	43	NRP2
28	25	44	FAM111B
28	25	45	FHL2
28	25	46	TMSB10
28	25	47	CLEC2B
28	25	48	PODXL
28	25	49	LMNB1
28	25	50	ANPEP
28	25	51	CCND1
28	25	52	TNFRSF12A
28	25	53	COL6A2
28	25	54	CEP152
28	25	55	ALCAM
28	25	56	COL6A3
28	25	57	SYNE2
28	25	58	CDC25B
28	25	59	HIST1H2AL
28	25	60	ITGA6
28	25	61	FLNA
28	25	62	UCP2
28	25	63	CD82
28	25	64	TM4SF1
28	25	65	TCF19
28	25	66	ORC6
28	25	67	C21orf58
28	25	68	EZR
28	25	69	PLEC
28	25	70	COL15A1
28	25	71	ITGA3
28	25	72	FOSL1
28	25	73	SULF1
28	25	74	HLA-DQA1
28	25	75	HLA-DRA
28	25	76	FSTL1
28	25	77	CDH13
28	25	78	CCDC88A
28	25	79	PRSS23
28	25	80	NHSL1
28	25	81	ITGA5
28	25	82	CKB
28	25	83	TEAD1
28	25	84	EMP3
28	25	85	SACS
28	25	86	TYMP
28	25	87	PCNT
28	25	88	KRT16
28	25	89	BIRC3
28	25	90	MYO5A
28	25	91	AC068491.3
28	25	92	ADAMTS4
28	25	93	MMS22L
28	25	94	HSD3B7
28	25	95	S100A6
28	25	96	PRC1-AS1
28	25	97	PTPN14
28	25	98	TMSB4X
28	25	99	GPSM2
28	25	100	RIBC2
28	26	1	CD3D
28	26	2	PTPRC
28	26	3	CD52
28	26	4	NKG7
28	26	5	CCL5
28	26	6	TRBC2
28	26	7	IL7R
28	26	8	TRBC1
28	26	9	CXCR4
28	26	10	KLRB1
28	26	11	LTB
28	26	12	GZMA
28	26	13	CD48
28	26	14	TRAC
28	26	15	SAMSN1
28	26	16	BCL11B
28	26	17	GZMK
28	26	18	RUNX3
28	26	19	CD69
28	26	20	HCST
28	26	21	CD37
28	26	22	EMB
28	26	23	SPOCK2
28	26	24	RAC2
28	26	25	IL32
28	26	26	RHOH
28	26	27	CCL4
28	26	28	SRGN
28	26	29	IKZF1
28	26	30	CD247
28	26	31	ALOX5AP
28	26	32	GPR65
28	26	33	XCL1
28	26	34	GIMAP7
28	26	35	GMFG
28	26	36	GPR183
28	26	37	TNFAIP3
28	26	38	PRDM1
28	26	39	STMN1
28	26	40	ARHGAP15
28	26	41	CLEC2B
28	26	42	ARL4C
28	26	43	LAPTM5
28	26	44	FYB1
28	26	45	TRAV17
28	26	46	STK17B
28	26	47	DUSP2
28	26	48	NLRC3
28	26	49	MGAT4A
28	26	50	KLRG1
28	26	51	CLEC2D
28	26	52	MKI67
28	26	53	CTSW
28	26	54	RGS1
28	26	55	AC091057.6
28	26	56	CD74
28	26	57	MAL
28	26	58	TOP2A
28	26	59	CEP55
28	26	60	AREG
28	26	61	GNG2
28	26	62	HLA-DRA
28	26	63	AC114760.2
28	26	64	DOCK10
28	26	65	TNF
28	26	66	DUSP4
28	26	67	HLA-DQA1
28	26	68	TNFRSF1B
28	26	69	SYNE2
28	26	70	ZC3H12D
28	26	71	HIST1H1B
28	26	72	TMSB10
28	26	73	IL27RA
28	26	74	CENPF
28	26	75	CYFIP2
28	26	76	AC008105.3
28	26	77	CDK1
28	26	78	BIRC3
28	26	79	NUSAP1
28	26	80	ZNF331
28	26	81	B3GALT2
28	26	82	PAG1
28	26	83	TMEM119
28	26	84	SORL1
28	26	85	ANKRD44
28	26	86	TMSB4X
28	26	87	EZR
28	26	88	MX2
28	26	89	FAM111B
28	26	90	APBB1IP
28	26	91	AL136987.1
28	26	92	TYMS
28	26	93	HLA-DRB1
28	26	94	TNFRSF6B
28	26	95	LMNB1
28	26	96	ASPM
28	26	97	CTSC
28	26	98	ITM2A
28	26	99	NCKAP1L
28	26	100	C21orf58
28	27	1	TPSAB1
28	27	2	TPSB2
28	27	3	MS4A2
28	27	4	CPA3
28	27	5	HPGDS
28	27	6	CD69
28	27	7	CTSG
28	27	8	HDC
28	27	9	FCER1G
28	27	10	AREG
28	27	11	HPGD
28	27	12	SLC18A2
28	27	13	GPR65
28	27	14	RGS1
28	27	15	KIT
28	27	16	SAMSN1
28	27	17	RAC2
28	27	18	KRT19
28	27	19	RGS13
28	27	20	ALOX5AP
28	27	21	CD37
28	27	22	FCER1A
28	27	23	SRGN
28	27	24	RHOH
28	27	25	TYROBP
28	27	26	BTK
28	27	27	CCL4
28	27	28	LAPTM5
28	27	29	CD52
28	27	30	CCL4L2
28	27	31	CADPS
28	27	32	P2RY14
28	27	33	CD83
28	27	34	HCST
28	27	35	IL18
28	27	36	IL1RL1
28	27	37	FTH1
28	27	38	ZNF331
28	27	39	CCL18
28	27	40	CAVIN2
28	27	41	HLA-DQA1
28	27	42	C15orf48
28	27	43	TNFAIP3
28	27	44	CD48
28	27	45	RGS2
28	27	46	TNF
28	27	47	CCL3
28	27	48	GMFG
28	27	49	IRF6
28	27	50	HLA-DRA
28	27	51	STMN1
28	27	52	CDC42EP3
28	27	53	LINC00923
28	27	54	PAG1
28	27	55	CHI3L2
28	27	56	MS4A6A
28	27	57	SLC36A1
28	27	58	ZFP41
28	27	59	BIRC3
28	27	60	MIA
28	27	61	ANKRD28
28	27	62	INTS9-AS1
28	27	63	ENC1
28	27	64	ADAM28
28	27	65	CXCL3
28	27	66	NTN5
28	27	67	AC068491.3
28	27	68	GREB1L
28	27	69	NTM
28	27	70	EDN1
28	27	71	SEMA6A
28	27	72	LRRC75A
28	27	73	CTSW
28	27	74	ST8SIA1
28	27	75	STXBP6
28	27	76	RUNX3
28	27	77	KLF6
28	27	78	MT-CO2
28	27	79	HLA-DQB1
28	27	80	IL4R
28	27	81	ALS2
28	27	82	MT-CO1
28	27	83	CDK1
28	27	84	FSIP1
28	27	85	FMNL3
28	27	86	SGK1
28	27	87	BST2
28	27	88	DIO2
28	27	89	IKZF1
28	27	90	SOX4
28	27	91	AC245014.3
28	27	92	NCKAP1L
28	27	93	TMEM233
28	27	94	Z97200.1
28	27	95	MT-ND2
28	27	96	GFRA1
28	27	97	HLA-DRB5
28	27	98	NFASC
28	27	99	MRPS6
28	27	100	FAM198B-AS1
28	28	1	HBM
28	28	2	AHSP
28	28	3	CA1
28	28	4	ALAS2
28	28	5	HBD
28	28	6	HBA1
28	28	7	HBB
28	28	8	HBA2
28	28	9	CA2
28	28	10	HIST1H1B
28	28	11	HIST1H2AL
28	28	12	IKZF1
28	28	13	TRIM58
28	28	14	NUSAP1
28	28	15	CD36
28	28	16	MKI67
28	28	17	HIST1H3G
28	28	18	LINC01118
28	28	19	DOPEY2
28	28	20	C21orf58
28	28	21	STUM
28	28	22	TFF3
28	28	23	GUCY1B1
28	28	24	CENPF
28	28	25	OSBP2
28	28	26	ESCO2
28	28	27	GUCY1A1
28	28	28	IL27RA
28	28	29	CACNG8
28	28	30	AF001548.2
28	28	31	CCL21
28	28	32	CCNB2
28	28	33	GGT5
28	28	34	MMRN1
28	28	35	UPB1
28	28	36	DAAM1
28	28	37	EGFLAM
28	28	38	CENPE
28	28	39	DDI2
28	28	40	HEYL
28	28	41	PDE5A
28	28	42	SULT1A3
28	28	43	LYVE1
28	28	44	ORC6
28	28	45	SLC25A37
28	28	46	AC080013.1
28	28	47	NPY1R
28	28	48	ANGPTL1
28	28	49	ARHGAP26
28	28	50	WNT5A
28	28	51	OLFM2
28	28	52	UCP2
28	28	53	TOP2A
28	28	54	SOX6
28	28	55	TET3
28	28	56	FILIP1L
28	28	57	CHST2
28	28	58	CEP152
28	28	59	HIST1H1D
28	28	60	GIMAP7
28	28	61	HIST1H2BI
28	28	62	PRICKLE1
28	28	63	DIAPH3
28	28	64	PPFIA2
28	28	65	TPX2
28	28	66	GRIP2
28	28	67	MTRNR2L8
28	28	68	THAP9
28	28	69	HES4
28	28	70	KCNK2
28	28	71	FMO2
28	28	72	GJB6
28	28	73	VGLL3
28	28	74	CYGB
28	28	75	PPDPFL
28	28	76	RFX3
28	28	77	COL5A3
28	28	78	BCL11B
28	28	79	MAP3K1
28	28	80	SYCE2
28	28	81	ZNF8
28	28	82	SMC2
28	28	83	USP49
28	28	84	USP32
28	28	85	AP002812.2
28	28	86	GPR135
28	28	87	TYMS
28	28	88	HIST1H1E
28	28	89	RIPOR3
28	28	90	CFHR3
28	28	91	NCALD
28	28	92	AC004771.3
28	28	93	PKHD1L1
28	28	94	CLDN15
28	28	95	CACNA1C
28	28	96	HSPA1A
28	28	97	PIEZO2
28	28	98	NOTCH3
28	28	99	MYH10
28	28	100	TTC21A
30	1	1	DST
30	1	2	MALAT1
30	1	3	PLCG2
30	1	4	MACF1
30	1	5	DDX17
30	1	6	NKTR
30	1	7	SYNE1
30	1	8	FTX
30	1	9	NEAT1
30	1	10	ZNF638
30	1	11	PTPRD
30	1	12	EDIL3
30	1	13	UTRN
30	1	14	TNRC6B
30	1	15	KMT2A
30	1	16	OGA
30	1	17	RIF1
30	1	18	KMT2C
30	1	19	VPS13C
30	1	20	CDON
30	1	21	PLEKHH2
30	1	22	KIAA1109
30	1	23	TNRC6A
30	1	24	OGT
30	1	25	MYO9A
30	1	26	UACA
30	1	27	PTPN14
30	1	28	ZNF292
30	1	29	ZNF704
30	1	30	COL6A3
30	1	31	ATM
30	1	32	TNXB
30	1	33	REV3L
30	1	34	PLEC
30	1	35	PHC3
30	1	36	FAT4
30	1	37	ANKRD36C
30	1	38	CEP126
30	1	39	SHPRH
30	1	40	SPEN
30	1	41	CCDC144A
30	1	42	SETX
30	1	43	CAMK1D
30	1	44	ATF7IP
30	1	45	SMG1
30	1	46	ZNF91
30	1	47	ANTXR1
30	1	48	PIK3R1
30	1	49	ITGA11
30	1	50	BDP1
30	1	51	CPLANE1
30	1	52	RNPC3
30	1	53	CCNL2
30	1	54	ANKRD36
30	1	55	RNF213
30	1	56	GOLGA8A
30	1	57	STEAP2
30	1	58	COL12A1
30	1	59	CCDC88A
30	1	60	RIN2
30	1	61	PRUNE2
30	1	62	MKLN1
30	1	63	PDGFRA
30	1	64	CRYBG3
30	1	65	TNC
30	1	66	ADAMTS6
30	1	67	ABHD2
30	1	68	TRIM56
30	1	69	ZEB2
30	1	70	FAT1
30	1	71	UBR5
30	1	72	SACS
30	1	73	PDE4D
30	1	74	ENPP1
30	1	75	F5
30	1	76	PKD1
30	1	77	INTU
30	1	78	SNHG14
30	1	79	ARID1B
30	1	80	NIN
30	1	81	MTR
30	1	82	ITGA1
30	1	83	ZNF141
30	1	84	DLC1
30	1	85	BTAF1
30	1	86	DYNC2H1
30	1	87	COLGALT2
30	1	88	SYNE3
30	1	89	BCL6
30	1	90	VPS13B
30	1	91	SUGP2
30	1	92	LPP
30	1	93	SYNE2
30	1	94	AL078639.1
30	1	95	SYNM
30	1	96	ECM2
30	1	97	BAZ2B
30	1	98	FN1
30	1	99	MLH3
30	1	100	RBM5
30	2	1	FRZB
30	2	2	COMP
30	2	3	LMO2
30	2	4	CHAD
30	2	5	PRELP
30	2	6	CILP
30	2	7	TPRG1
30	2	8	FGFBP2
30	2	9	CKB
30	2	10	ABI3BP
30	2	11	CRYAB
30	2	12	DCN
30	2	13	LEFTY2
30	2	14	ENHO
30	2	15	FBXO2
30	2	16	PPP1R3C
30	2	17	WWP2
30	2	18	LTBP2
30	2	19	THBS1
30	2	20	CPAMD8
30	2	21	CILP2
30	2	22	BHLHE41
30	2	23	S100A1
30	2	24	F13A1
30	2	25	ANGPTL5
30	2	26	FHL1
30	2	27	TCEAL2
30	2	28	SCRG1
30	2	29	EMILIN3
30	2	30	DEFB1
30	2	31	BBS9
30	2	32	NDUFA4L2
30	2	33	CLU
30	2	34	STK38L
30	2	35	TNFAIP8L1
30	2	36	SERTAD4
30	2	37	HRCT1
30	2	38	VCAN
30	2	39	CHST3
30	2	40	EZR
30	2	41	MBNL1-AS1
30	2	42	RBP4
30	2	43	OMD
30	2	44	CAPS
30	2	45	KCNMA1
30	2	46	AL078639.1
30	2	47	RAMP1
30	2	48	FMOD
30	2	49	NR1D1
30	2	50	SCIN
30	2	51	PFKFB3
30	2	52	C2orf40
30	2	53	TNFSF10
30	2	54	MYOT
30	2	55	TNFRSF11B
30	2	56	SERPINA5
30	2	57	FOXC2
30	2	58	ANGPTL7
30	2	59	ZNF704
30	2	60	PAPSS2
30	2	61	C9orf3
30	2	62	MFAP3L
30	2	63	FXYD6
30	2	64	GDF10
30	2	65	GADD45G
30	2	66	CCDC3
30	2	67	AFF3
30	2	68	HTRA3
30	2	69	SQLE
30	2	70	RAPGEF5
30	2	71	EMP3
30	2	72	IER3
30	2	73	FAXDC2
30	2	74	FAM180B
30	2	75	KCNK5
30	2	76	PRUNE2
30	2	77	IGFBP7
30	2	78	PDZRN4
30	2	79	AGAP1
30	2	80	SOCS2
30	2	81	STC2
30	2	82	GADD45B
30	2	83	TRPV4
30	2	84	HIST1H1E
30	2	85	GNB5
30	2	86	PRPH
30	2	87	ACTC1
30	2	88	GDF5
30	2	89	BEX2
30	2	90	CDA
30	2	91	DSP
30	2	92	HES1
30	2	93	FABP5
30	2	94	SRPX2
30	2	95	PAX1
30	2	96	SPINT2
30	2	97	MN1
30	2	98	TUBA1A
30	2	99	GRIK3
30	2	100	LINC01089
30	3	1	MT2A
30	3	2	MT1E
30	3	3	MT1M
30	3	4	MT1X
30	3	5	CHI3L1
30	3	6	LOX
30	3	7	AC008592.5
30	3	8	MT1G
30	3	9	SOD2
30	3	10	DDIT4
30	3	11	CDA
30	3	12	SLC25A37
30	3	13	GLRX
30	3	14	EGLN3
30	3	15	GPX3
30	3	16	BNIP3
30	3	17	EFNA1
30	3	18	ANGPTL4
30	3	19	RNF144B
30	3	20	MTHFD2
30	3	21	MT1F
30	3	22	MT1H
30	3	23	DNAH11
30	3	24	TMEM204
30	3	25	NAMPT
30	3	26	ACKR3
30	3	27	SLC2A5
30	3	28	ERRFI1
30	3	29	ZNF395
30	3	30	GALNT15
30	3	31	LINC01554
30	3	32	FTH1
30	3	33	PDK1
30	3	34	SAA1
30	3	35	HILPDA
30	3	36	MUC20-OT1
30	3	37	MT1A
30	3	38	NEAT1
30	3	39	ADSSL1
30	3	40	SDC4
30	3	41	SERPINE2
30	3	42	ICAM1
30	3	43	HSPB7
30	3	44	AL031777.3
30	3	45	CRISPLD2
30	3	46	ADM
30	3	47	HAPLN1
30	3	48	APOD
30	3	49	OXA1L
30	3	50	SLC7A2
30	3	51	MYBPH
30	3	52	SPINT2
30	3	53	RASD1
30	3	54	HSD3B7
30	3	55	WWP2
30	3	56	MYO10
30	3	57	POU3F1
30	3	58	AP001160.1
30	3	59	NOS2
30	3	60	COL27A1
30	3	61	ITGA5
30	3	62	NDUFA4L2
30	3	63	RBP4
30	3	64	LAG3
30	3	65	SERPINA1
30	3	66	SAA2
30	3	67	FOXC2
30	3	68	RGCC
30	3	69	SLPI
30	3	70	P4HB
30	3	71	AC023157.3
30	3	72	STC2
30	3	73	UPP1
30	3	74	IL6R
30	3	75	RASSF4
30	3	76	ATOH8
30	3	77	GTF2IRD2
30	3	78	CCDC71L
30	3	79	TRIB3
30	3	80	THBD
30	3	81	CD14
30	3	82	SEPT11
30	3	83	RPRM
30	3	84	BEX2
30	3	85	SFMBT2
30	3	86	POLR2J3-1
30	3	87	AC007952.4
30	3	88	ZNF292
30	3	89	SLC2A1
30	3	90	DDIT4L
30	3	91	NCKAP1L
30	3	92	ERBB3
30	3	93	DSP
30	3	94	ABCA1
30	3	95	TXNIP
30	3	96	TGM2
30	3	97	FBXO2
30	3	98	SLC2A3
30	3	99	WDR54
30	3	100	MT3
30	4	1	GADD45B
30	4	2	RGS16
30	4	3	TSC22D1
30	4	4	ID3
30	4	5	ID1
30	4	6	FOS
30	4	7	MAFB
30	4	8	IER5
30	4	9	IER3
30	4	10	RASD1
30	4	11	CITED2
30	4	12	CHI3L2
30	4	13	LAG3
30	4	14	KLF2
30	4	15	MGP
30	4	16	THUMPD3-AS1
30	4	17	NFKBIA
30	4	18	C2orf40
30	4	19	DCN
30	4	20	SOX4
30	4	21	C9orf3
30	4	22	SOCS3
30	4	23	LUM
30	4	24	CYR61
30	4	25	PLK2
30	4	26	NR4A2
30	4	27	NDUFA4L2
30	4	28	FIBIN
30	4	29	IER5L
30	4	30	CDKN1C
30	4	31	RGS2
30	4	32	HES1
30	4	33	SCRG1
30	4	34	CLU
30	4	35	A2M
30	4	36	EGR1
30	4	37	TIMP4
30	4	38	RSPO2
30	4	39	GADD45G
30	4	40	POU3F1
30	4	41	JUN
30	4	42	C12orf75
30	4	43	TNFRSF10D
30	4	44	ADM
30	4	45	RGS3
30	4	46	PHLDA1
30	4	47	EDIL3
30	4	48	SGK1
30	4	49	SCX
30	4	50	CTGF
30	4	51	C4BPA
30	4	52	DUSP1
30	4	53	SOCS1
30	4	54	NR4A1
30	4	55	FAM43A
30	4	56	SMOC2
30	4	57	RDH10
30	4	58	ARC
30	4	59	TUBA1A
30	4	60	NFKBIZ
30	4	61	BGN
30	4	62	ZNF503
30	4	63	CDKN1A
30	4	64	SLC40A1
30	4	65	SRGN
30	4	66	CFH
30	4	67	TPM1
30	4	68	SERPINA1
30	4	69	COL12A1
30	4	70	SSTR2
30	4	71	DNAJB1
30	4	72	DUSP2
30	4	73	MAF
30	4	74	CDC42EP3
30	4	75	PART1
30	4	76	PTGS2
30	4	77	ATP1B1
30	4	78	FABP5
30	4	79	GPR88
30	4	80	OMD
30	4	81	ATF3
30	4	82	GAS6
30	4	83	CD14
30	4	84	DLX5
30	4	85	ISM1
30	4	86	NMB
30	4	87	AEBP1
30	4	88	NRGN
30	4	89	FBXO2
30	4	90	ANGPTL2
30	4	91	FZD8
30	4	92	C1QTNF4
30	4	93	AP001160.1
30	4	94	DDIT3
30	4	95	AC036108.3
30	4	96	GEM
30	4	97	LINC02269
30	4	98	NRP2
30	4	99	HIST1H1A
30	4	100	RRAD
30	5	1	CYP4B1
30	5	2	GPX3
30	5	3	SUN2
30	5	4	GPM6B
30	5	5	PLPP3
30	5	6	FBLN1
30	5	7	LINC01088
30	5	8	CCDC3
30	5	9	GALNT15
30	5	10	IGFBP6
30	5	11	ADAMTS5
30	5	12	ANGPTL7
30	5	13	MMP3
30	5	14	PDK4
30	5	15	NTRK2
30	5	16	GLUL
30	5	17	FAXDC2
30	5	18	CORO6
30	5	19	RIPOR2
30	5	20	C1QTNF7
30	5	21	MYOC
30	5	22	JUN
30	5	23	TSKU
30	5	24	LTBP4
30	5	25	AMOTL2
30	5	26	NOX4
30	5	27	GSN
30	5	28	PIK3R1
30	5	29	DUSP1
30	5	30	MAMDC2
30	5	31	MEG3
30	5	32	DDIT4
30	5	33	ANGPTL5
30	5	34	MTHFD2
30	5	35	PDGFRL
30	5	36	ADAMTSL4
30	5	37	CDH13
30	5	38	HSPA1B
30	5	39	OXA1L
30	5	40	DHCR24
30	5	41	HSPA1A
30	5	42	IZUMO4
30	5	43	DIO3OS
30	5	44	ACADL
30	5	45	BTG2
30	5	46	TGFBR3
30	5	47	LAMA2
30	5	48	ADCY2
30	5	49	CYR61
30	5	50	MAOA
30	5	51	DEPP1
30	5	52	TNS2
30	5	53	DPP4
30	5	54	LHFPL6
30	5	55	SLPI
30	5	56	GPNMB
30	5	57	AR
30	5	58	KCNK15
30	5	59	TXNIP
30	5	60	FKBP5
30	5	61	TM4SF1
30	5	62	CKB
30	5	63	MYC
30	5	64	STMN1
30	5	65	OLFML3
30	5	66	AC016831.5
30	5	67	CITED2
30	5	68	SLC7A8
30	5	69	INSIG1
30	5	70	NR4A1
30	5	71	BCL6
30	5	72	H6PD
30	5	73	C1R
30	5	74	WISP2
30	5	75	CTGF
30	5	76	RBP4
30	5	77	METTL7A
30	5	78	DKK3
30	5	79	RBMS3
30	5	80	FOS
30	5	81	ID3
30	5	82	RPS6KA2
30	5	83	ACKR3
30	5	84	AP000851.2
30	5	85	TSPAN7
30	5	86	CFH
30	5	87	ZCCHC24
30	5	88	MYLK
30	5	89	PCDH17
30	5	90	MUC20-OT1
30	5	91	NEAT1
30	5	92	WDR73
30	5	93	MMP7
30	5	94	RNASEH2A
30	5	95	CXXC4
30	5	96	LOXL4
30	5	97	KDR
30	5	98	SEPT11
30	5	99	INPP5D
30	5	100	CYP4X1
30	6	1	COL2A1
30	6	2	COL9A3
30	6	3	CLEC3A
30	6	4	SBSPON
30	6	5	COL11A2
30	6	6	CILP2
30	6	7	FMOD
30	6	8	SCRG1
30	6	9	COL11A1
30	6	10	COL9A2
30	6	11	S100A1
30	6	12	AQP3
30	6	13	FIBIN
30	6	14	TSPAN2
30	6	15	SPARC
30	6	16	SMOC2
30	6	17	HAPLN1
30	6	18	SERPINA5
30	6	19	ACAN
30	6	20	MGP
30	6	21	OGN
30	6	22	COMP
30	6	23	PRDX4
30	6	24	SPINT2
30	6	25	MIA
30	6	26	BGN
30	6	27	C2orf40
30	6	28	PAPSS2
30	6	29	SDC1
30	6	30	P4HB
30	6	31	COL3A1
30	6	32	TNNT3
30	6	33	TRPV4
30	6	34	SERPINA1
30	6	35	PRELP
30	6	36	PCSK1N
30	6	37	SRPX2
30	6	38	CILP
30	6	39	SCX
30	6	40	FXYD6
30	6	41	HRCT1
30	6	42	COL5A1
30	6	43	CTGF
30	6	44	COL5A2
30	6	45	DPT
30	6	46	ANGPTL2
30	6	47	FGF18
30	6	48	CYR61
30	6	49	DNER
30	6	50	LUM
30	6	51	HTRA1
30	6	52	COL1A2
30	6	53	TNFRSF11B
30	6	54	CLIC3
30	6	55	COLGALT2
30	6	56	TIMP4
30	6	57	GAS1
30	6	58	C9orf3
30	6	59	COL15A1
30	6	60	FBXO2
30	6	61	ATP1B1
30	6	62	FGFBP2
30	6	63	FGFR3
30	6	64	EGR2
30	6	65	C1QTNF4
30	6	66	DCN
30	6	67	PART1
30	6	68	STK38L
30	6	69	KLF2
30	6	70	MAP2K6
30	6	71	KIAA1549
30	6	72	BMPER
30	6	73	ADAMTS6
30	6	74	RGCC
30	6	75	RAB11FIP4
30	6	76	TF
30	6	77	DIO2
30	6	78	NEBL
30	6	79	ABI3BP
30	6	80	SRM
30	6	81	GREM1
30	6	82	COL13A1
30	6	83	ADSSL1
30	6	84	CA9
30	6	85	COL25A1
30	6	86	GDF5
30	6	87	NRGN
30	6	88	PGAM2
30	6	89	SHC4
30	6	90	EMILIN3
30	6	91	TSC22D1
30	6	92	SCIN
30	6	93	PAPPA
30	6	94	FAP
30	6	95	XYLT1
30	6	96	EPYC
30	6	97	ALDH1A2
30	6	98	CHAD
30	6	99	FN1
30	6	100	AOC2
30	7	1	GAS5
30	7	2	GABARAP
30	7	3	SNHG5
30	7	4	RPL17
30	7	5	S100A1
30	7	6	SERPINA3
30	7	7	RNASEK
30	7	8	EEF1G
30	7	9	SNHG29
30	7	10	ATOH8
30	7	11	RPS17
30	7	12	STC2
30	7	13	ECRG4
30	7	14	AL021155.5
30	7	15	RGCC
30	7	16	AC253572.2
30	7	17	NME2
30	7	18	CCN2
30	7	19	TXNIP
30	7	20	SEPTIN7
30	7	21	TIPARP
30	7	22	HIP1
30	7	23	ADCY2
30	7	24	IGFBP6
30	7	25	MT1E
30	7	26	AL360012.1
30	7	27	GALNT15
30	7	28	MIF
30	7	29	CHAD
30	7	30	SOCS3
30	7	31	DUSP2
30	7	32	SCIN
30	7	33	HIST1H1C
30	7	34	ACTC1
30	7	35	RBP4
30	7	36	CCN1
30	7	37	KIAA0040
30	7	38	AC005165.1
30	7	39	FAXDC2
30	7	40	HIST1H1E
30	7	41	ILF3-DT
30	7	42	ANGPTL7
30	7	43	AL355075.4
30	7	44	DSP
30	7	45	USP53
30	7	46	MICOS10
30	7	47	DDIT4
30	7	48	CYP3A5
30	7	49	RHOU
30	7	50	SLC7A8
30	7	51	PIK3R1
30	7	52	AC239799.2
30	7	53	FRZB
30	7	54	EGLN2
30	7	55	KNOP1
30	7	56	BTG2
30	7	57	NXPE2
30	7	58	THBS1
30	7	59	CMYA5
30	7	60	AC007952.4
30	7	61	ACADL
30	7	62	DLX5
30	7	63	AL627171.2
30	7	64	COL9A3
30	7	65	MT1X
30	7	66	CHD2
30	7	67	C1QTNF7
30	7	68	MT2A
30	7	69	BEX2
30	7	70	CLDN5
30	7	71	NR1D1
30	7	72	MTSS1
30	7	73	EGR1
30	7	74	ANXA2R
30	7	75	AC005005.4
30	7	76	PHLPP2
30	7	77	CDKN1A
30	7	78	ENHO
30	7	79	Z93241.1
30	7	80	CDA
30	7	81	FOS
30	7	82	PDZRN4
30	7	83	KMT2A
30	7	84	AC020916.1
30	7	85	COL9A2
30	7	86	RNF217-AS1
30	7	87	MMP3
30	7	88	SNHG14
30	7	89	AC084816.1
30	7	90	GADD45B
30	7	91	NOVA1
30	7	92	CCN5
30	7	93	C2CD4B
30	7	94	AC104794.3
30	7	95	SQLE
30	7	96	UACA
30	7	97	EFNA1
30	7	98	NXPE4
30	7	99	FBXO32
30	7	100	FKBP5
30	8	1	VEGFA
30	8	2	MIF
30	8	3	SLC2A1
30	8	4	RPL17
30	8	5	ANGPTL4
30	8	6	RPS17
30	8	7	SDF2L1
30	8	8	EGLN3
30	8	9	SNHG29
30	8	10	HSPA5
30	8	11	BHLHE40
30	8	12	GAS5
30	8	13	ERRFI1
30	8	14	NME2
30	8	15	EEF1G
30	8	16	BNIP3
30	8	17	PTGES
30	8	18	ANKRD37
30	8	19	H19
30	8	20	ZNF395
30	8	21	SERPINA1
30	8	22	RNASEK
30	8	23	SEPTIN7
30	8	24	HILPDA
30	8	25	TNFRSF12A
30	8	26	EIF4EBP1
30	8	27	SIPA1L2
30	8	28	SNHG5
30	8	29	SERPINA3
30	8	30	BMP2
30	8	31	GABARAP
30	8	32	MICOS10
30	8	33	DLX4
30	8	34	SOX9
30	8	35	VSIG10L2
30	8	36	CDON
30	8	37	RFLNB
30	8	38	PLEKHA1
30	8	39	CA9
30	8	40	PGF
30	8	41	H1F0
30	8	42	BGN
30	8	43	SLC6A6
30	8	44	IGFBP5
30	8	45	MT3
30	8	46	CHD2
30	8	47	DDIT3
30	8	48	FNIP2
30	8	49	ECRG4
30	8	50	UPP1
30	8	51	NCOR2
30	8	52	FOSL1
30	8	53	WNT7B
30	8	54	COL13A1
30	8	55	PAPSS2
30	8	56	TCEAL2
30	8	57	SYNPO
30	8	58	WWP2
30	8	59	STAC2
30	8	60	CYP26B1
30	8	61	RCAN1
30	8	62	TNFRSF10D
30	8	63	DDIT4L
30	8	64	FAM13A
30	8	65	PHLDA2
30	8	66	P4HB
30	8	67	BHLHE41
30	8	68	MRPS6
30	8	69	SEPTIN2
30	8	70	FLT1
30	8	71	IFITM10
30	8	72	ATP1B1
30	8	73	ADSSL1
30	8	74	PDK1
30	8	75	SLC7A11
30	8	76	USP9Y
30	8	77	APLN
30	8	78	UNC5B
30	8	79	MIA
30	8	80	KIAA0040
30	8	81	TGM2
30	8	82	FOXC2
30	8	83	IER5
30	8	84	TRIB3
30	8	85	COL5A1
30	8	86	CHAC1
30	8	87	AC093496.1
30	8	88	RNF144B
30	8	89	ICAM1
30	8	90	SH3BP2
30	8	91	FOXD1
30	8	92	SHISAL2B
30	8	93	PMAIP1
30	8	94	LOXL2
30	8	95	CRISPLD2
30	8	96	CRIP1
30	8	97	A2M
30	8	98	FAM43A
30	8	99	HTRA1
30	8	100	AC139887.2
30	9	1	GEM
30	9	2	CDKN1A
30	9	3	KDM6B
30	9	4	MAT2A
30	9	5	ABL2
30	9	6	HMOX1
30	9	7	PPP1R15A
30	9	8	MYC
30	9	9	IRF1
30	9	10	IER3
30	9	11	NR4A3
30	9	12	NFKBIA
30	9	13	SOCS3
30	9	14	ARID5B
30	9	15	NFKBIZ
30	9	16	IL6
30	9	17	GLIS3
30	9	18	NAMPT
30	9	19	NR4A2
30	9	20	CXCL2
30	9	21	ATF3
30	9	22	SOD2
30	9	23	FNIP2
30	9	24	TNFAIP2
30	9	25	RND3
30	9	26	C11orf96
30	9	27	NR4A1
30	9	28	BIRC3
30	9	29	KCNQ1OT1
30	9	30	TIPARP
30	9	31	EGR1
30	9	32	RCAN1
30	9	33	MIR222HG
30	9	34	ICAM1
30	9	35	ID4
30	9	36	PHLDA1
30	9	37	FOSL1
30	9	38	ADAMTS1
30	9	39	NEAT1
30	9	40	GABPB1-AS1
30	9	41	CHAC1
30	9	42	MEG8
30	9	43	CXCL3
30	9	44	BTG2
30	9	45	BMP2
30	9	46	TUBB3
30	9	47	PTGS2
30	9	48	KIAA0040
30	9	49	ELL2
30	9	50	LUCAT1
30	9	51	MT1A
30	9	52	AC016831.1
30	9	53	ATXN7
30	9	54	KIF1B
30	9	55	BDKRB1
30	9	56	LIF
30	9	57	HSPH1
30	9	58	TNFAIP6
30	9	59	TNFRSF10D
30	9	60	TBX3
30	9	61	EZR
30	9	62	ZNF331
30	9	63	CXCL1
30	9	64	VMP1
30	9	65	CXCL8
30	9	66	EGR3
30	9	67	SPEN
30	9	68	CCL2
30	9	69	INHBA
30	9	70	MEDAG
30	9	71	FOXC2
30	9	72	AC020916.1
30	9	73	INSIG1
30	9	74	SGK1
30	9	75	AKAP12
30	9	76	RND1
30	9	77	TNFAIP3
30	9	78	AC016831.5
30	9	79	TNFRSF12A
30	9	80	NFATC2
30	9	81	CHMP1B
30	9	82	CHD2
30	9	83	EFNB2
30	9	84	ADAMTS4
30	9	85	NABP1
30	9	86	GJA1
30	9	87	AC058791.1
30	9	88	GADD45B
30	9	89	C2CD4B
30	9	90	RPS17
30	9	91	PEAK1
30	9	92	PDE4B
30	9	93	RDH10
30	9	94	MT-CO1
30	9	95	CYP1B1
30	9	96	CD83
30	9	97	MT-ATP6
30	9	98	ITPRIP
30	9	99	RGS2
30	9	100	RGS16
30	10	1	MT-CO3
30	10	2	MT-ND4
30	10	3	MT-CO1
30	10	4	MT-CYB
30	10	5	MT-CO2
30	10	6	MT-ATP6
30	10	7	MT-ND5
30	10	8	MT-ND3
30	10	9	MT-ND1
30	10	10	MT-ND2
30	10	11	MT-ND4L
30	10	12	MTRNR2L12
30	10	13	MT-ATP8
30	10	14	S100A6
30	10	15	MTRNR2L8
30	10	16	EMP3
30	10	17	MT-ND6
30	10	18	S100A4
30	10	19	MTRNR2L1
30	10	20	ANXA2
30	10	21	MTRNR2L10
30	10	22	PPP1R14B
30	10	23	AQP1
30	10	24	IGFBP6
30	10	25	ARL2
30	10	26	S100A10
30	10	27	LGALS1
30	10	28	PHLDA2
30	10	29	HSPB1
30	10	30	HAS1
30	10	31	MALAT1
30	10	32	HSD3B7
30	10	33	S100A3
30	10	34	MYOC
30	10	35	IER5L
30	10	36	DNASE1L3
30	10	37	CLIC3
30	10	38	NBL1
30	10	39	SDF2L1
30	10	40	PIWIL2
30	10	41	SEMA3D
30	10	42	LINC02381
30	10	43	ID3
30	10	44	HES1
30	10	45	FRY
30	10	46	AC104051.2
30	10	47	MTRNR2L3
30	10	48	NMB
30	10	49	TWISTNB
30	10	50	SNCG
30	10	51	CYP26B1
30	10	52	BMPER
30	10	53	Z97200.1
30	10	54	STAC2
30	10	55	SCX
30	10	56	CKB
30	10	57	DNAJC18
30	10	58	BIRC7
30	10	59	FGF18
30	10	60	TMSB4X
30	10	61	FAM129A
30	10	62	EZR
30	10	63	CHODL
30	10	64	GJB6
30	10	65	MTRNR2L6
30	10	66	TNFRSF11B
30	10	67	LINC01235
30	10	68	IGFL2
30	10	69	SYNPR
30	10	70	TIMP1
30	10	71	KLF6
30	10	72	NQO1
30	10	73	FAM180B
30	10	74	CCDC141
30	10	75	WISP2
30	10	76	TMSB10
30	10	77	CSPG4
30	10	78	AKR1C1
30	10	79	PLEC
30	10	80	RGS16
30	10	81	NFKBIA
30	10	82	MAP1A
30	10	83	TGM2
30	10	84	CRLF1
30	10	85	MYOZ2
30	10	86	KIAA1755
30	10	87	PAX8
30	10	88	TUBA1A
30	10	89	TTN
30	10	90	MEOX1
30	10	91	ERAP2
30	10	92	CSKMT
30	10	93	UPP1
30	10	94	DDIT3
30	10	95	PTGDR
30	10	96	SLC1A2
30	10	97	BDKRB1
30	10	98	AC110285.6
30	10	99	DLX4
30	10	100	PLAC9
30	11	1	SPARC
30	11	2	LOXL2
30	11	3	COL1A2
30	11	4	COL3A1
30	11	5	CCND1
30	11	6	COL5A1
30	11	7	TGFBI
30	11	8	DKK3
30	11	9	COL5A2
30	11	10	COL1A1
30	11	11	MXRA5
30	11	12	RFLNB
30	11	13	C12orf75
30	11	14	ASPN
30	11	15	DPT
30	11	16	AQP1
30	11	17	SERPINE1
30	11	18	COL8A1
30	11	19	ITGB1
30	11	20	COL6A1
30	11	21	COL6A2
30	11	22	SLN
30	11	23	CD70
30	11	24	TNC
30	11	25	LGALS1
30	11	26	COL15A1
30	11	27	ISLR
30	11	28	LTBP1
30	11	29	ANO1
30	11	30	TPM1
30	11	31	LRRC15
30	11	32	CST6
30	11	33	ENPP1
30	11	34	IGFBP7
30	11	35	TNFRSF12A
30	11	36	TSPAN2
30	11	37	CRABP2
30	11	38	ABHD2
30	11	39	TREM1
30	11	40	FSTL1
30	11	41	S100A4
30	11	42	HSPG2
30	11	43	ELN
30	11	44	IGFBP3
30	11	45	S100A10
30	11	46	ATP1B1
30	11	47	FBLN5
30	11	48	COL13A1
30	11	49	AEBP1
30	11	50	COL6A3
30	11	51	NRGN
30	11	52	C1QTNF3
30	11	53	PRSS23
30	11	54	CRLF1
30	11	55	ANXA2
30	11	56	MICAL2
30	11	57	FNDC1
30	11	58	P4HB
30	11	59	TNFSF11
30	11	60	IL32
30	11	61	PTHLH
30	11	62	ANGPTL2
30	11	63	FAP
30	11	64	THBS3
30	11	65	PXDN
30	11	66	FLNA
30	11	67	TPPP3
30	11	68	TIMP1
30	11	69	COL12A1
30	11	70	CDH13
30	11	71	ITGA11
30	11	72	WISP1
30	11	73	TMSB4X
30	11	74	PPP1R14B
30	11	75	FSTL3
30	11	76	LTBP2
30	11	77	RAB31
30	11	78	BGN
30	11	79	PDLIM1
30	11	80	MATN2
30	11	81	SCX
30	11	82	SULF1
30	11	83	NBL1
30	11	84	RAI14
30	11	85	IGFBP1
30	11	86	FHL2
30	11	87	ANPEP
30	11	88	THY1
30	11	89	HSD3B7
30	11	90	SEMA3C
30	11	91	SYNPO
30	11	92	AOC2
30	11	93	MSX1
30	11	94	CAPS
30	11	95	GPR155
30	11	96	MYBL1
30	11	97	SSC5D
30	11	98	EDIL3
30	11	99	PLEC
30	11	100	PRDX4
30	12	1	MFAP5
30	12	2	FBN1
30	12	3	TMSB4X
30	12	4	SFRP4
30	12	5	FSTL1
30	12	6	ANXA2
30	12	7	FBLN2
30	12	8	LINC01133
30	12	9	S100A6
30	12	10	S100A4
30	12	11	S100A10
30	12	12	AQP1
30	12	13	TNXB
30	12	14	SCARA5
30	12	15	PLAC9
30	12	16	TPPP3
30	12	17	CD248
30	12	18	PRSS23
30	12	19	GSN
30	12	20	GLIPR2
30	12	21	IGFBP6
30	12	22	CD34
30	12	23	PAMR1
30	12	24	DKK3
30	12	25	PPP1R14B
30	12	26	GAP43
30	12	27	CFD
30	12	28	C1QTNF3
30	12	29	CELF2
30	12	30	DPP4
30	12	31	LIMA1
30	12	32	ABLIM1
30	12	33	TMSB10
30	12	34	CADM3
30	12	35	LTBP4
30	12	36	VCAN
30	12	37	ANGPTL1
30	12	38	ANK2
30	12	39	EMP3
30	12	40	COL6A2
30	12	41	PLXDC1
30	12	42	CRABP2
30	12	43	ITM2A
30	12	44	TUBA1A
30	12	45	CYSLTR1
30	12	46	FHL1
30	12	47	STXBP6
30	12	48	SLIT3
30	12	49	TSHZ2
30	12	50	ITM2B
30	12	51	CD70
30	12	52	GPNMB
30	12	53	LGALS1
30	12	54	MAP1B
30	12	55	NOVA1
30	12	56	PLTP
30	12	57	FAM180B
30	12	58	FYN
30	12	59	ISLR
30	12	60	PALM
30	12	61	OLFML2A
30	12	62	HMCN2
30	12	63	PPL
30	12	64	PDGFD
30	12	65	MAP1A
30	12	66	VIT
30	12	67	AKR1C3
30	12	68	HEG1
30	12	69	CRIP1
30	12	70	MYL9
30	12	71	WNT2
30	12	72	KLF6
30	12	73	ADD3
30	12	74	CBR3
30	12	75	SSC5D
30	12	76	RAMP2
30	12	77	HSD3B7
30	12	78	BMP5
30	12	79	GAS7
30	12	80	OLFML1
30	12	81	SMIM14
30	12	82	PLPP1
30	12	83	NTM
30	12	84	FILIP1L
30	12	85	PI16
30	12	86	AKR1C2
30	12	87	SEMA3C
30	12	88	ECM2
30	12	89	NBL1
30	12	90	COL14A1
30	12	91	WISP2
30	12	92	SLN
30	12	93	IFI27
30	12	94	TOGARAM2
30	12	95	THBS4
30	12	96	DPT
30	12	97	CSF1
30	12	98	PDGFRL
30	12	99	SPARCL1
30	12	100	MFAP4
30	13	1	CCN2
30	13	2	NME2
30	13	3	CRIP1
30	13	4	EEF1G
30	13	5	SNHG29
30	13	6	GABARAP
30	13	7	OGN
30	13	8	RNASEK
30	13	9	MICOS10
30	13	10	RPL17
30	13	11	ECRG4
30	13	12	MIF
30	13	13	CILP
30	13	14	H19
30	13	15	CCN1
30	13	16	RPS17
30	13	17	SEPTIN7
30	13	18	LUM
30	13	19	ASPN
30	13	20	DCN
30	13	21	MIA
30	13	22	SNHG5
30	13	23	TREM1
30	13	24	HLA-DQB1
30	13	25	FMOD
30	13	26	SEPTIN2
30	13	27	SRGN
30	13	28	RGCC
30	13	29	PRELP
30	13	30	SNHG14
30	13	31	GAS5
30	13	32	CLU
30	13	33	CA9
30	13	34	OMD
30	13	35	CRLF1
30	13	36	TSPAN2
30	13	37	CHAC1
30	13	38	PTGES
30	13	39	ITM2B
30	13	40	GAS1
30	13	41	NDUFA4L2
30	13	42	PART1
30	13	43	PAPSS2
30	13	44	FGFBP2
30	13	45	ABI3BP
30	13	46	PRDX4
30	13	47	ECM2
30	13	48	AC093496.1
30	13	49	AL627171.2
30	13	50	USP53
30	13	51	SCRG1
30	13	52	AKR1C2
30	13	53	EGLN2
30	13	54	CAPS
30	13	55	MXRA5
30	13	56	ISM1
30	13	57	RAI14
30	13	58	TNC
30	13	59	SEMA3D
30	13	60	COLGALT2
30	13	61	SMOC1
30	13	62	GDF6
30	13	63	SRPX2
30	13	64	S100A4
30	13	65	CRYAB
30	13	66	NFATC2
30	13	67	NOVA1
30	13	68	GPR155
30	13	69	FNIP2
30	13	70	HLF
30	13	71	NFKBIZ
30	13	72	FN1
30	13	73	COL15A1
30	13	74	HMOX1
30	13	75	FHL1
30	13	76	CCN3
30	13	77	COMP
30	13	78	FGF18
30	13	79	GAP43
30	13	80	FIBIN
30	13	81	CCDC80
30	13	82	RND3
30	13	83	TMTC1
30	13	84	TNFRSF11B
30	13	85	ANGPTL2
30	13	86	LRRC75A
30	13	87	S100A1
30	13	88	ATP1B1
30	13	89	STEAP2
30	13	90	RSPO2
30	13	91	ATXN7
30	13	92	F5
30	13	93	IGFBP7
30	13	94	CRTAC1
30	13	95	ANTXR1
30	13	96	ADAMTS6
30	13	97	FZD8
30	13	98	SLC16A10
30	13	99	SERPINA5
30	13	100	AC092069.1
30	14	1	CLIC5
30	14	2	PRG4
30	14	3	ITGBL1
30	14	4	DNASE1L3
30	14	5	GPR1
30	14	6	SPARCL1
30	14	7	DIRC3
30	14	8	HTRA4
30	14	9	GABRA4
30	14	10	HHIP
30	14	11	ZNF385B
30	14	12	PCSK6
30	14	13	TMEM196
30	14	14	TIMP3
30	14	15	TSPAN15
30	14	16	SEMA5A
30	14	17	ITGB8
30	14	18	COL22A1
30	14	19	HBEGF
30	14	20	APLP2
30	14	21	SEMA3A
30	14	22	SELP
30	14	23	MTUS2
30	14	24	CRTAC1
30	14	25	CHST2
30	14	26	SCARA5
30	14	27	NTN4
30	14	28	CFI
30	14	29	HHIP-AS1
30	14	30	COLEC12
30	14	31	ITGA6
30	14	32	MAL
30	14	33	GJB2
30	14	34	SEMA3C
30	14	35	GJB6
30	14	36	GFPT2
30	14	37	ITM2B
30	14	38	AC004540.2
30	14	39	TSPAN7
30	14	40	PPP1R1A
30	14	41	HTRA1
30	14	42	APBB1IP
30	14	43	SMIM14
30	14	44	CREB5
30	14	45	SLC2A12
30	14	46	CXCL1
30	14	47	TWISTNB
30	14	48	CLUL1
30	14	49	FGF10
30	14	50	CTTNBP2
30	14	51	TFPI
30	14	52	TPPP3
30	14	53	FGL2
30	14	54	BTC
30	14	55	ARHGAP28
30	14	56	SORBS2
30	14	57	EPB41L3
30	14	58	MYPN
30	14	59	SHANK2
30	14	60	EFNB2
30	14	61	S100A4
30	14	62	ADAMTSL1
30	14	63	THBS4
30	14	64	PDGFD
30	14	65	AC005062.1
30	14	66	ARL2
30	14	67	F5
30	14	68	OLFM3
30	14	69	TOX3
30	14	70	TNFSF15
30	14	71	SAMD5
30	14	72	EPB41L1
30	14	73	CIT
30	14	74	DLX3
30	14	75	PPM1L
30	14	76	TMSB4X
30	14	77	ENPP4
30	14	78	HAS1
30	14	79	PLEKHA1
30	14	80	NDNF
30	14	81	PLEKHA2
30	14	82	EREG
30	14	83	CADM3
30	14	84	DEFB1
30	14	85	IFI27
30	14	86	LGALS3BP
30	14	87	CRIP1
30	14	88	CSF1
30	14	89	ECRG4
30	14	90	STEAP4
30	14	91	PMAIP1
30	14	92	CXCL8
30	14	93	KHDRBS3
30	14	94	LIMA1
30	14	95	ZEB2
30	14	96	PLCB1
30	14	97	PHACTR2
30	14	98	VCAM1
30	14	99	VSIG10L2
30	14	100	FLNB
30	15	1	CD55
30	15	2	HTRA1
30	15	3	FN1
30	15	4	TNFAIP6
30	15	5	CRLF1
30	15	6	NECTIN4
30	15	7	AMTN
30	15	8	RET
30	15	9	DYSF
30	15	10	IGFBP5
30	15	11	TREM1
30	15	12	SLC7A2
30	15	13	ADGRG2
30	15	14	PRG4
30	15	15	CCDC80
30	15	16	CLU
30	15	17	HMX1
30	15	18	DEFB1
30	15	19	TIMP3
30	15	20	EPB41L3
30	15	21	SLC16A10
30	15	22	GFPT2
30	15	23	ADAMTSL2
30	15	24	SMOC1
30	15	25	EMP3
30	15	26	CRTAC1
30	15	27	CAPS
30	15	28	ADAMTS6
30	15	29	SMIM14
30	15	30	SOX11
30	15	31	SLC2A12
30	15	32	FABP3
30	15	33	S100A3
30	15	34	BTC
30	15	35	RAPGEF4
30	15	36	S100A6
30	15	37	LY6D
30	15	38	DLX4
30	15	39	AOAH
30	15	40	ITPR3
30	15	41	SEMA3A
30	15	42	TNFRSF11B
30	15	43	SHISAL2B
30	15	44	PRDX4
30	15	45	CLVS2
30	15	46	PENK
30	15	47	CXCL14
30	15	48	GDF5
30	15	49	HHIP-AS1
30	15	50	TYMP
30	15	51	ISLR
30	15	52	SORBS2
30	15	53	ARL2
30	15	54	HSD3B7
30	15	55	TIMP1
30	15	56	NDUFA4L2
30	15	57	PRSS23
30	15	58	HHIP
30	15	59	SLURP1
30	15	60	CRYAB
30	15	61	PTGES
30	15	62	ODAM
30	15	63	VSIG10L2
30	15	64	TRPV4
30	15	65	RSPO2
30	15	66	PMAIP1
30	15	67	PPP1R14B
30	15	68	PTHLH
30	15	69	SQLE
30	15	70	C15orf48
30	15	71	CPE
30	15	72	GRIA2
30	15	73	PLEKHA1
30	15	74	CLIC3
30	15	75	CDON
30	15	76	DPT
30	15	77	PCSK1N
30	15	78	MSMO1
30	15	79	GAS1
30	15	80	PARP16
30	15	81	C11orf96
30	15	82	S100A4
30	15	83	WISP1
30	15	84	CDH19
30	15	85	SGK1
30	15	86	TPPP3
30	15	87	ITM2B
30	15	88	FRY
30	15	89	UCP2
30	15	90	DLX3
30	15	91	MTUS2
30	15	92	RTN1
30	15	93	PDE1C
30	15	94	VPS13A
30	15	95	AQP1
30	15	96	CLDN5
30	15	97	CBR3
30	15	98	PLAC9
30	15	99	FTH1
30	15	100	ETNPPL
30	16	1	PODN
30	16	2	SRPX
30	16	3	C3
30	16	4	CFD
30	16	5	ADH1C
30	16	6	GSN
30	16	7	AGTR1
30	16	8	ALDH1A1
30	16	9	C1S
30	16	10	CLSTN2
30	16	11	TSKU
30	16	12	APOD
30	16	13	FBLN2
30	16	14	SERPINF1
30	16	15	VIT
30	16	16	PTGFR
30	16	17	ADH1B
30	16	18	C1R
30	16	19	GLUL
30	16	20	ACKR4
30	16	21	PCDH18
30	16	22	MGST1
30	16	23	PLPP3
30	16	24	ZFP36L2
30	16	25	C6
30	16	26	PLA2G2A
30	16	27	FBLN5
30	16	28	FBLN1
30	16	29	GPC3
30	16	30	JUN
30	16	31	SELENOP
30	16	32	EFEMP1
30	16	33	ADH4
30	16	34	MMP2
30	16	35	SAMHD1
30	16	36	CXCL12
30	16	37	SVEP1
30	16	38	LMOD1
30	16	39	CYP1B1
30	16	40	ANTXR2
30	16	41	DEPP1
30	16	42	WNT11
30	16	43	NID1
30	16	44	MAOA
30	16	45	LAMA2
30	16	46	GADD45A
30	16	47	ABCA9
30	16	48	AOX1
30	16	49	RARRES2
30	16	50	IL33
30	16	51	PTGER4
30	16	52	PLTP
30	16	53	CCBE1
30	16	54	MYOC
30	16	55	IRX3
30	16	56	ABCA8
30	16	57	NEGR1
30	16	58	EBF1
30	16	59	HSPB6
30	16	60	EPHX1
30	16	61	GGT5
30	16	62	DCLK1
30	16	63	SFRP1
30	16	64	WISP2
30	16	65	ABCA6
30	16	66	TMEM150C
30	16	67	LAMC1
30	16	68	MT-ND2
30	16	69	NTM
30	16	70	MMP14
30	16	71	FMO3
30	16	72	PCSK5
30	16	73	PPL
30	16	74	ITM2A
30	16	75	FGF7
30	16	76	CYGB
30	16	77	IRF1
30	16	78	FOS
30	16	79	SASH1
30	16	80	CHRDL1
30	16	81	CPE
30	16	82	RAMP2
30	16	83	LHFPL6
30	16	84	FTH1
30	16	85	ST3GAL5
30	16	86	FSTL3
30	16	87	MT-CYB
30	16	88	CELF2
30	16	89	RBMS3
30	16	90	MT-CO2
30	16	91	TMEM176B
30	16	92	FYN
30	16	93	GAS6
30	16	94	PDGFRL
30	16	95	ATF3
30	16	96	CNN2
30	16	97	ADAMTS1
30	16	98	PALM
30	16	99	CXCL14
30	16	100	DUSP1
30	17	1	HSPH1
30	17	2	DNAJB1
30	17	3	HSPA1B
30	17	4	HSPA1A
30	17	5	HSPA6
30	17	6	PPP1R15A
30	17	7	KCNQ1OT1
30	17	8	CCN1
30	17	9	ZFP36L1
30	17	10	HLA-DRB5
30	17	11	ANGPTL1
30	17	12	MTRNR2L1
30	17	13	HLA-DRB1
30	17	14	FOS
30	17	15	AHR
30	17	16	MICOS10
30	17	17	ATF3
30	17	18	FILIP1L
30	17	19	THY1
30	17	20	COL14A1
30	17	21	ABL2
30	17	22	AC020916.1
30	17	23	SEPTIN2
30	17	24	SNHG5
30	17	25	RND3
30	17	26	JUN
30	17	27	NME2
30	17	28	CCN5
30	17	29	IER5L
30	17	30	SEPTIN7
30	17	31	CFI
30	17	32	RNASEK
30	17	33	GABARAP
30	17	34	BHLHE40
30	17	35	ANK2
30	17	36	CRIP1
30	17	37	FBXO32
30	17	38	TWIST1
30	17	39	PRSS23
30	17	40	RRAD
30	17	41	GEM
30	17	42	PLPP1
30	17	43	ID4
30	17	44	DDIT3
30	17	45	MIR222HG
30	17	46	SNHG29
30	17	47	OLFML2B
30	17	48	CRISPLD1
30	17	49	TCEAL7
30	17	50	CCN3
30	17	51	EGR1
30	17	52	ID3
30	17	53	KCTD12
30	17	54	TUBB3
30	17	55	EEF1G
30	17	56	FGL2
30	17	57	ZFP36L2
30	17	58	NFKBIA
30	17	59	MT-ATP6
30	17	60	OSR1
30	17	61	LRRN3
30	17	62	PLA2G2A
30	17	63	FAM13C
30	17	64	ARRDC3
30	17	65	BASP1
30	17	66	HELLPAR
30	17	67	KLF2
30	17	68	AKR1C1
30	17	69	CPED1
30	17	70	TMEM100
30	17	71	KCNE4
30	17	72	HES1
30	17	73	RPS17
30	17	74	PDE5A
30	17	75	EGR3
30	17	76	IRF1
30	17	77	SOCS1
30	17	78	RPL17
30	17	79	TMSB4X
30	17	80	TSHZ2
30	17	81	CRYAB
30	17	82	MAFB
30	17	83	TNC
30	17	84	TPPP3
30	17	85	PLK2
30	17	86	TNFAIP3
30	17	87	NR4A1
30	17	88	LAMA4
30	17	89	ENAH
30	17	90	HTR2A
30	17	91	PHLDA1
30	17	92	GAS5
30	17	93	ITM2B
30	17	94	HSPB1
30	17	95	PLAU
30	17	96	ZNF503
30	17	97	PDGFRA
30	17	98	COL6A1
30	17	99	DIO2
30	17	100	GDF15
30	18	1	APOC1
30	18	2	PLIN2
30	18	3	C11orf96
30	18	4	HAS1
30	18	5	GPR183
30	18	6	APOB
30	18	7	TFPI
30	18	8	KHDRBS3
30	18	9	PCK1
30	18	10	TMEM196
30	18	11	PRG4
30	18	12	HBEGF
30	18	13	APOE
30	18	14	CTTNBP2
30	18	15	ENPP4
30	18	16	G0S2
30	18	17	GDF15
30	18	18	RSPO3
30	18	19	PPM1L
30	18	20	RAMP2
30	18	21	DLX4
30	18	22	MEDAG
30	18	23	ARHGAP20
30	18	24	BDKRB2
30	18	25	EPB41L1
30	18	26	SPOCD1
30	18	27	ZFP36L2
30	18	28	MTRNR2L1
30	18	29	PDE4B
30	18	30	CALCRL
30	18	31	KCNJ15
30	18	32	ITPRIP
30	18	33	SCUBE1
30	18	34	ZFP36L1
30	18	35	ADM
30	18	36	GADD45A
30	18	37	VEGFD
30	18	38	DUSP1
30	18	39	ITGB8
30	18	40	MGST1
30	18	41	APBB1IP
30	18	42	FAM84A
30	18	43	SNED1
30	18	44	BST2
30	18	45	CFD
30	18	46	SASH1
30	18	47	CLUL1
30	18	48	FGF10
30	18	49	ITGBL1
30	18	50	REV3L
30	18	51	ZIC1
30	18	52	TMEM176A
30	18	53	NR1D1
30	18	54	TMEM100
30	18	55	LVRN
30	18	56	CREB5
30	18	57	MALAT1
30	18	58	IRX3
30	18	59	ERRFI1
30	18	60	PLA2G2A
30	18	61	ARC
30	18	62	PLTP
30	18	63	ECE1
30	18	64	COL4A1
30	18	65	GLRX
30	18	66	IER5L
30	18	67	EREG
30	18	68	SDC4
30	18	69	NAMPT
30	18	70	TXNIP
30	18	71	PDK4
30	18	72	MT-ND2
30	18	73	TGFBR3
30	18	74	SELENOP
30	18	75	DDIT3
30	18	76	RAMP2-AS1
30	18	77	SMIM14
30	18	78	DIAPH2
30	18	79	CPB1
30	18	80	ARRDC3
30	18	81	SLC2A3
30	18	82	BHLHE40
30	18	83	PLCB1
30	18	84	EBF1
30	18	85	ATP2B1
30	18	86	ADAMTS5
30	18	87	MAL
30	18	88	NTN4
30	18	89	TWISTNB
30	18	90	TMEM176B
30	18	91	MT-ND4
30	18	92	GADD45B
30	18	93	TOX3
30	18	94	CSF1
30	18	95	LINC02381
30	18	96	SCARA5
30	18	97	RARRES1
30	18	98	BASP1
30	18	99	ARHGAP28
30	18	100	HSPA5
30	19	1	PTGDS
30	19	2	C7
30	19	3	PTN
30	19	4	CXCL12
30	19	5	MGAT4C
30	19	6	ANGPT1
30	19	7	FMO2
30	19	8	APOE
30	19	9	CCN5
30	19	10	CRISPLD1
30	19	11	CFI
30	19	12	BST2
30	19	13	RSPO3
30	19	14	SELENOP
30	19	15	HLA-DRB1
30	19	16	KCTD12
30	19	17	PLTP
30	19	18	CP
30	19	19	COL14A1
30	19	20	SLC5A3
30	19	21	MRPS6
30	19	22	EFEMP1
30	19	23	CD74
30	19	24	LGALS3BP
30	19	25	PLEKHA6
30	19	26	C16orf89
30	19	27	IGFBP2
30	19	28	ZIC1
30	19	29	EPHX1
30	19	30	C1R
30	19	31	AHR
30	19	32	PDGFRA
30	19	33	NTNG1
30	19	34	ENPP2
30	19	35	TNFSF13B
30	19	36	OLFM2
30	19	37	CTSC
30	19	38	HLA-DRB5
30	19	39	SFRP1
30	19	40	ARHGAP20
30	19	41	STEAP4
30	19	42	OLFML3
30	19	43	NID2
30	19	44	HLA-DRA
30	19	45	PCDH9
30	19	46	FGL2
30	19	47	NELL1
30	19	48	C1S
30	19	49	SNED1
30	19	50	COLEC12
30	19	51	SCUBE1
30	19	52	CCL2
30	19	53	S1PR3
30	19	54	SERPINF1
30	19	55	SNCG
30	19	56	LAMA4
30	19	57	ENAH
30	19	58	AKR1C3
30	19	59	OLFML1
30	19	60	ARHGAP42
30	19	61	IFI27
30	19	62	C2
30	19	63	ADGRB3
30	19	64	PDE1A
30	19	65	SRPX
30	19	66	LAMB1
30	19	67	FGF10
30	19	68	PDE5A
30	19	69	CLDN11
30	19	70	HGF
30	19	71	PLCXD3
30	19	72	KCNK15
30	19	73	CYP1B1
30	19	74	MDK
30	19	75	FAM20A
30	19	76	APLP2
30	19	77	SYNPO2
30	19	78	KIT
30	19	79	SPOCK1
30	19	80	CFH
30	19	81	PTGER4
30	19	82	IFI6
30	19	83	TFPI
30	19	84	VCAM1
30	19	85	EBF1
30	19	86	APOC1
30	19	87	S100B
30	19	88	ADAMTS1
30	19	89	NRP1
30	19	90	OSR2
30	19	91	PLAU
30	19	92	SNAI2
30	19	93	CDH11
30	19	94	EPHA3
30	19	95	PLAC9
30	19	96	EPHA7
30	19	97	CCDC102B
30	19	98	ST5
30	19	99	ECM2
30	19	100	PRDM6
30	20	1	IGFBP4
30	20	2	IGF1
30	20	3	SFRP1
30	20	4	SCG2
30	20	5	NPR3
30	20	6	CXCL12
30	20	7	EFEMP1
30	20	8	PTGFR
30	20	9	ABCC9
30	20	10	SPON1
30	20	11	HELLPAR
30	20	12	STMN2
30	20	13	GAS6
30	20	14	TMEM176B
30	20	15	TMEM176A
30	20	16	PLPP1
30	20	17	PLA2G2A
30	20	18	CES1
30	20	19	IL6
30	20	20	PCSK1
30	20	21	MMP2
30	20	22	VCAN
30	20	23	C1R
30	20	24	C1S
30	20	25	CFD
30	20	26	SERPINF1
30	20	27	GAL
30	20	28	SFRP2
30	20	29	MDK
30	20	30	WISP2
30	20	31	TUBB2B
30	20	32	CYP1B1
30	20	33	MARCKS
30	20	34	SHISAL1
30	20	35	LBP
30	20	36	ENPP2
30	20	37	FILIP1
30	20	38	MEST
30	20	39	HAS2
30	20	40	C16orf89
30	20	41	FGF7
30	20	42	DCLK1
30	20	43	KCNE4
30	20	44	HSD11B1
30	20	45	ARL4C
30	20	46	PDLIM1
30	20	47	SLIT3
30	20	48	SMOC1
30	20	49	HP
30	20	50	MFAP4
30	20	51	SRGN
30	20	52	COL14A1
30	20	53	C3
30	20	54	MGST1
30	20	55	FSTL1
30	20	56	FLRT2
30	20	57	CTSH
30	20	58	CHMP1B
30	20	59	EBF1
30	20	60	OLFML3
30	20	61	EPHX1
30	20	62	AKR1C1
30	20	63	SLC5A3
30	20	64	CD248
30	20	65	COL4A4
30	20	66	ENTPD1
30	20	67	AKR1C3
30	20	68	CA2
30	20	69	SRPX
30	20	70	PDGFRA
30	20	71	MME
30	20	72	IGSF21
30	20	73	BASP1
30	20	74	CXCL2
30	20	75	GAS1
30	20	76	FBN1
30	20	77	IL13RA2
30	20	78	ADD3
30	20	79	MRPS6
30	20	80	LPCAT2
30	20	81	CD38
30	20	82	MFAP5
30	20	83	KCTD12
30	20	84	IFI44L
30	20	85	PRSS23
30	20	86	ZNF331
30	20	87	S1PR3
30	20	88	CDH11
30	20	89	LIF
30	20	90	NR4A3
30	20	91	NTRK2
30	20	92	PLTP
30	20	93	AOX1
30	20	94	BICC1
30	20	95	TMSB10
30	20	96	PODN
30	20	97	PCDH18
30	20	98	PDGFRL
30	20	99	GGT5
30	20	100	FBLN5
30	21	1	POSTN
30	21	2	CTHRC1
30	21	3	COL1A1
30	21	4	SPON2
30	21	5	MMP2
30	21	6	COL1A2
30	21	7	COL6A3
30	21	8	FNDC1
30	21	9	ARL4C
30	21	10	MMP11
30	21	11	COL6A1
30	21	12	LGALS1
30	21	13	TMEM119
30	21	14	CADM1
30	21	15	BASP1
30	21	16	FAP
30	21	17	MYL9
30	21	18	PDGFRB
30	21	19	LRRC32
30	21	20	LINC01705
30	21	21	CALD1
30	21	22	MARCKS
30	21	23	LRRC17
30	21	24	OLFML2B
30	21	25	CDH11
30	21	26	TMSB10
30	21	27	AEBP1
30	21	28	LRRC15
30	21	29	COL6A2
30	21	30	TPM1
30	21	31	GPNMB
30	21	32	CTSH
30	21	33	HMCN1
30	21	34	THBS2
30	21	35	COL5A2
30	21	36	TAGLN
30	21	37	THY1
30	21	38	MMP14
30	21	39	COL4A2
30	21	40	MDK
30	21	41	ITGB1
30	21	42	NBL1
30	21	43	CRABP2
30	21	44	COL5A3
30	21	45	PLXDC1
30	21	46	RGS3
30	21	47	GJA1
30	21	48	FRMD6
30	21	49	MXRA5
30	21	50	FTH1
30	21	51	COL4A1
30	21	52	ANTXR1
30	21	53	TGFBI
30	21	54	FABP5
30	21	55	ENAH
30	21	56	MMP13
30	21	57	CEMIP
30	21	58	RAB31
30	21	59	LAMB1
30	21	60	C3orf80
30	21	61	TUBA1A
30	21	62	SPARC
30	21	63	WISP2
30	21	64	C1QTNF3
30	21	65	RUNX2
30	21	66	PPP1R14B
30	21	67	COL14A1
30	21	68	COL18A1
30	21	69	CAMK2N1
30	21	70	HRK
30	21	71	FAT1
30	21	72	TMSB4X
30	21	73	SLC40A1
30	21	74	PCDH7
30	21	75	MAP4K4
30	21	76	LOXL2
30	21	77	CSRP2
30	21	78	C2
30	21	79	FLNA
30	21	80	ANGPTL1
30	21	81	HES4
30	21	82	IFI27
30	21	83	NID2
30	21	84	COL12A1
30	21	85	MME
30	21	86	FLRT2
30	21	87	MAFB
30	21	88	TWIST1
30	21	89	PLTP
30	21	90	MEGF6
30	21	91	MICAL2
30	21	92	PDGFRL
30	21	93	TNC
30	21	94	PXDN
30	21	95	CNN2
30	21	96	BNC2
30	21	97	COL3A1
30	21	98	PLAU
30	21	99	PTGFRN
30	21	100	CA12
30	22	1	IGFBP7
30	22	2	GGT5
30	22	3	NR2F2
30	22	4	SFRP2
30	22	5	SPRY1
30	22	6	ABCA8
30	22	7	C7
30	22	8	NGFR
30	22	9	SPARCL1
30	22	10	COL4A1
30	22	11	NOTCH3
30	22	12	ITM2A
30	22	13	CYGB
30	22	14	TAGLN
30	22	15	GPC3
30	22	16	CALD1
30	22	17	CXCL14
30	22	18	NID1
30	22	19	NRP1
30	22	20	ABCA6
30	22	21	PDE5A
30	22	22	KCNE4
30	22	23	CNTN4
30	22	24	MAP1B
30	22	25	LINC01197
30	22	26	COL4A2
30	22	27	CFH
30	22	28	SERPINF1
30	22	29	HSD11B1
30	22	30	LEPR
30	22	31	PLCXD3
30	22	32	RARRES2
30	22	33	THY1
30	22	34	GUCY1A1
30	22	35	CAMK2N1
30	22	36	SUSD2
30	22	37	AGT
30	22	38	STK17B
30	22	39	HES4
30	22	40	CCL13
30	22	41	GUCY1B1
30	22	42	FLRT2
30	22	43	TFPI
30	22	44	STXBP6
30	22	45	SCN4B
30	22	46	C6
30	22	47	AHR
30	22	48	LAMA2
30	22	49	APLNR
30	22	50	BMP5
30	22	51	HEYL
30	22	52	RNF152
30	22	53	EDNRA
30	22	54	LHFPL6
30	22	55	F3
30	22	56	RCAN2
30	22	57	FMO1
30	22	58	LINC00924
30	22	59	PEAR1
30	22	60	DIO2
30	22	61	AKAP12
30	22	62	EBF2
30	22	63	NEXN
30	22	64	SLC1A2
30	22	65	COL14A1
30	22	66	ID4
30	22	67	NCALD
30	22	68	SFRP4
30	22	69	MEOX2
30	22	70	NPY1R
30	22	71	CD200
30	22	72	PPFIA2
30	22	73	FOXS1
30	22	74	NR2F2-AS1
30	22	75	EPHX1
30	22	76	LRRC32
30	22	77	TMSB10
30	22	78	F10
30	22	79	FMO2
30	22	80	FMO3
30	22	81	MSX1
30	22	82	ANGPT1
30	22	83	PTGFR
30	22	84	FILIP1L
30	22	85	PRICKLE1
30	22	86	MARCKS
30	22	87	ABCA10
30	22	88	FST
30	22	89	EPHA3
30	22	90	INMT
30	22	91	HES1
30	22	92	DACT1
30	22	93	SCD5
30	22	94	APOD
30	22	95	LGALS3BP
30	22	96	APCDD1
30	22	97	ABCA9
30	22	98	F2R
30	22	99	FGF7
30	22	100	PDE3A
30	23	1	IL11
30	23	2	INHBA
30	23	3	FGF1
30	23	4	PTGS2
30	23	5	FGF2
30	23	6	KRT16
30	23	7	TNFRSF12A
30	23	8	WNT16
30	23	9	HSPA5
30	23	10	BMP2
30	23	11	MSMO1
30	23	12	KRT17
30	23	13	DGKI
30	23	14	LIF
30	23	15	INSIG1
30	23	16	FHL2
30	23	17	ADPRHL1
30	23	18	S100A2
30	23	19	SYNJ2
30	23	20	CLDN4
30	23	21	JAG1
30	23	22	NFATC2
30	23	23	DSP
30	23	24	RFLNB
30	23	25	HMGA1
30	23	26	PHLDA2
30	23	27	CRYAB
30	23	28	TNFRSF11B
30	23	29	ABI3BP
30	23	30	SQLE
30	23	31	FOSL1
30	23	32	SDF2L1
30	23	33	AC010343.3
30	23	34	KDM6B
30	23	35	DNER
30	23	36	MAST4
30	23	37	CYTOR
30	23	38	TNFAIP6
30	23	39	SERPINE2
30	23	40	COL2A1
30	23	41	SERPINA3
30	23	42	KCNMA1
30	23	43	SLC7A11
30	23	44	GLIS3
30	23	45	NEBL
30	23	46	CD55
30	23	47	TM4SF1
30	23	48	RCAN1
30	23	49	PAPSS2
30	23	50	CCN1
30	23	51	EGR3
30	23	52	PDE4B
30	23	53	LINC00511
30	23	54	ANGPTL4
30	23	55	CHAC1
30	23	56	SERPINE1
30	23	57	TIAM2
30	23	58	GIPR
30	23	59	FOXC2
30	23	60	STK38L
30	23	61	TGM2
30	23	62	SCD
30	23	63	TRPV4
30	23	64	DUSP4
30	23	65	EIF4EBP1
30	23	66	SLC4A7
30	23	67	SGIP1
30	23	68	COL11A1
30	23	69	SERPINA5
30	23	70	SOX9
30	23	71	VCAN
30	23	72	EZR
30	23	73	SMOC1
30	23	74	XYLT1
30	23	75	TMEM120B
30	23	76	FRMD6
30	23	77	FAM180A
30	23	78	SPP1
30	23	79	IER3
30	23	80	SIPA1L2
30	23	81	MMP3
30	23	82	SHC4
30	23	83	ENPP1
30	23	84	F13A1
30	23	85	ETNPPL
30	23	86	SPARC
30	23	87	PAX1
30	23	88	PSME4
30	23	89	LRP4
30	23	90	FAM43A
30	23	91	KIF21A
30	23	92	SDK2
30	23	93	RAB11FIP4
30	23	94	TNFSF10
30	23	95	UPP1
30	23	96	HAPLN1
30	23	97	FADS2
30	23	98	SDC4
30	23	99	AOC2
30	23	100	DST
30	24	1	RGS5
30	24	2	GJA4
30	24	3	ACTA2
30	24	4	TINAGL1
30	24	5	ADGRF5
30	24	6	COX4I2
30	24	7	PPP1R14A
30	24	8	CD36
30	24	9	SYNPO2
30	24	10	MCAM
30	24	11	HIGD1B
30	24	12	FHL5
30	24	13	PLN
30	24	14	TAGLN
30	24	15	NOTCH3
30	24	16	HES4
30	24	17	CARMN
30	24	18	MYH11
30	24	19	COL4A2
30	24	20	NR2F2
30	24	21	MYLK
30	24	22	ARHGAP15
30	24	23	MYL9
30	24	24	LMOD1
30	24	25	CHN1
30	24	26	TBX2
30	24	27	EDNRA
30	24	28	SCN4B
30	24	29	COL4A1
30	24	30	RNF152
30	24	31	ADAMTS4
30	24	32	IGFBP7
30	24	33	LINC01197
30	24	34	FABP4
30	24	35	EDNRB
30	24	36	FILIP1L
30	24	37	CCDC102B
30	24	38	CALD1
30	24	39	AF121898.1
30	24	40	COL18A1
30	24	41	LINC00924
30	24	42	GUCY1B1
30	24	43	LGI4
30	24	44	RCAN2
30	24	45	CPE
30	24	46	TPM1
30	24	47	FOXS1
30	24	48	HEYL
30	24	49	ID4
30	24	50	C3orf70
30	24	51	THY1
30	24	52	GUCY1A1
30	24	53	PDE5A
30	24	54	ANGPT2
30	24	55	SUCNR1
30	24	56	SLN
30	24	57	KCNE4
30	24	58	STEAP4
30	24	59	LPL
30	24	60	MAP1B
30	24	61	EBF2
30	24	62	RERGL
30	24	63	AC242426.2
30	24	64	DMD
30	24	65	ABCC9
30	24	66	TCIM
30	24	67	IGFBP2
30	24	68	NR2F2-AS1
30	24	69	CYTOR
30	24	70	JAG1
30	24	71	MUSTN1
30	24	72	MAP2
30	24	73	PPP1R12B
30	24	74	LINC00989
30	24	75	PDLIM1
30	24	76	COL5A3
30	24	77	BCAM
30	24	78	ADAMTS1
30	24	79	OLFML2A
30	24	80	ADRA2A
30	24	81	SGIP1
30	24	82	NEXN
30	24	83	CYFIP2
30	24	84	SPARCL1
30	24	85	GMFG
30	24	86	RGS4
30	24	87	LPP
30	24	88	COL25A1
30	24	89	ARHGAP6
30	24	90	APOLD1
30	24	91	SRGN
30	24	92	ACTG2
30	24	93	CTSC
30	24	94	TNFAIP3
30	24	95	F2R
30	24	96	ITGA1
30	24	97	GGT5
30	24	98	CH25H
30	24	99	FHL2
30	24	100	CD200
30	25	1	NRXN1
30	25	2	PLP1
30	25	3	CDH19
30	25	4	CHL1
30	25	5	SCN7A
30	25	6	S100B
30	25	7	AC027013.1
30	25	8	NGFR
30	25	9	ARHGAP15
30	25	10	CLDN1
30	25	11	ITGA6
30	25	12	GFRA1
30	25	13	SLC22A3
30	25	14	COL28A1
30	25	15	OLFML2A
30	25	16	CNKSR3
30	25	17	MPZ
30	25	18	SORCS1
30	25	19	MAL
30	25	20	MYOT
30	25	21	TCIM
30	25	22	GPM6B
30	25	23	ITGB8
30	25	24	MCAM
30	25	25	PTPRZ1
30	25	26	NR2F2
30	25	27	EBF2
30	25	28	NTM
30	25	29	AKAP12
30	25	30	SESN3
30	25	31	PI16
30	25	32	COL18A1
30	25	33	TENM3
30	25	34	SHISA3
30	25	35	ERBB3
30	25	36	DMD
30	25	37	FOXS1
30	25	38	MARCKS
30	25	39	CCN3
30	25	40	MAP1B
30	25	41	P2RY14
30	25	42	PCDH7
30	25	43	FIGN
30	25	44	APOD
30	25	45	GAS7
30	25	46	BNC2
30	25	47	RUNX2
30	25	48	TMSB10
30	25	49	MATN2
30	25	50	LAMB1
30	25	51	GNG2
30	25	52	FLRT2
30	25	53	PEAR1
30	25	54	RARRES2
30	25	55	CNTN4
30	25	56	INMT
30	25	57	LGI4
30	25	58	PRLR
30	25	59	FSTL3
30	25	60	COL21A1
30	25	61	IL18
30	25	62	COL4A2
30	25	63	GPR155
30	25	64	TSPAN11
30	25	65	SH3PXD2A
30	25	66	OLFML2B
30	25	67	STMN1
30	25	68	CIT
30	25	69	COL4A1
30	25	70	ZEB2
30	25	71	EGFR
30	25	72	ADGRB3
30	25	73	CAPN6
30	25	74	ABCA9
30	25	75	BTC
30	25	76	GPC3
30	25	77	ABCA8
30	25	78	PEAK1
30	25	79	CHN1
30	25	80	EDNRA
30	25	81	CNTN1
30	25	82	CHRDL1
30	25	83	PLK2
30	25	84	PLAT
30	25	85	PAK3
30	25	86	HGF
30	25	87	TENM4
30	25	88	HLA-DRA
30	25	89	ARHGEF28
30	25	90	SYNE2
30	25	91	FGL2
30	25	92	SEMA6A
30	25	93	FMO1
30	25	94	LTBP4
30	25	95	SPON2
30	25	96	TUBA1A
30	25	97	CELF2
30	25	98	NTRK3
30	25	99	LINC01341
30	25	100	SLIT3
30	26	1	PECAM1
30	26	2	GIMAP7
30	26	3	EMCN
30	26	4	ACKR1
30	26	5	SOX18
30	26	6	PLVAP
30	26	7	PCAT19
30	26	8	VWF
30	26	9	CCL14
30	26	10	CD93
30	26	11	SELE
30	26	12	MMRN1
30	26	13	ADGRL4
30	26	14	TFF3
30	26	15	STC1
30	26	16	CCL21
30	26	17	RAMP3
30	26	18	CYYR1
30	26	19	BCAM
30	26	20	CALCRL
30	26	21	LYVE1
30	26	22	EDN1
30	26	23	CAVIN2
30	26	24	SOX17
30	26	25	PKHD1L1
30	26	26	SLCO2A1
30	26	27	CD74
30	26	28	KDR
30	26	29	EDNRB
30	26	30	HLA-DRA
30	26	31	ADCY4
30	26	32	CLDN5
30	26	33	GMFG
30	26	34	ENTPD1
30	26	35	SEMA6A
30	26	36	ITGA6
30	26	37	HLA-DRB1
30	26	38	RNASE1
30	26	39	CLEC2B
30	26	40	PODXL
30	26	41	FABP4
30	26	42	LPAR6
30	26	43	ROBO4
30	26	44	ADGRF5
30	26	45	CNKSR3
30	26	46	RAMP2
30	26	47	APLNR
30	26	48	SYNE2
30	26	49	TSPAN7
30	26	50	FLT1
30	26	51	CD200
30	26	52	TM4SF1
30	26	53	FABP5
30	26	54	CD34
30	26	55	PLAT
30	26	56	MYO5C
30	26	57	PDLIM1
30	26	58	F2RL3
30	26	59	IFI27
30	26	60	TFPI
30	26	61	HLA-DQA1
30	26	62	CD36
30	26	63	TMSB10
30	26	64	MCF2L
30	26	65	HLA-DRB5
30	26	66	MCAM
30	26	67	CTSH
30	26	68	TINAGL1
30	26	69	THSD7A
30	26	70	ITM2A
30	26	71	C2CD4B
30	26	72	DOCK9
30	26	73	PLIN5
30	26	74	LRRC32
30	26	75	DOCK4
30	26	76	ARHGAP29
30	26	77	TCIM
30	26	78	SPRY1
30	26	79	HSPG2
30	26	80	ADGRL2
30	26	81	PLCB4
30	26	82	IL33
30	26	83	MEF2C
30	26	84	AQP1
30	26	85	LAPTM5
30	26	86	PLCB1
30	26	87	CHRDL1
30	26	88	AGRN
30	26	89	HLA-DQB1
30	26	90	APOLD1
30	26	91	FAM167B
30	26	92	LMCD1
30	26	93	HEG1
30	26	94	SPARCL1
30	26	95	STAB1
30	26	96	SCN11A
30	26	97	AC130650.2
30	26	98	CNTNAP3
30	26	99	AKAP12
30	26	100	ANXA3
30	27	1	C1QA
30	27	2	AIF1
30	27	3	C1QB
30	27	4	CYBB
30	27	5	C1QC
30	27	6	FOLR2
30	27	7	TYROBP
30	27	8	MARCO
30	27	9	RNASE1
30	27	10	MS4A6A
30	27	11	MS4A7
30	27	12	VSIG4
30	27	13	HLA-DRA
30	27	14	HLA-DQA1
30	27	15	LYZ
30	27	16	CD163
30	27	17	CD74
30	27	18	S100A8
30	27	19	FCGR3A
30	27	20	MS4A4A
30	27	21	FCER1G
30	27	22	FCGR2B
30	27	23	LILRB5
30	27	24	EMB
30	27	25	HLA-DRB1
30	27	26	ALOX5AP
30	27	27	LAPTM5
30	27	28	STAB1
30	27	29	FCER1A
30	27	30	S100A9
30	27	31	LYVE1
30	27	32	HLA-DRB5
30	27	33	RGS1
30	27	34	CD37
30	27	35	HLA-DQB1
30	27	36	MARCH1
30	27	37	CCL4L2
30	27	38	CPVL
30	27	39	PTPRC
30	27	40	CCL3
30	27	41	HPGDS
30	27	42	P2RY14
30	27	43	ADAM28
30	27	44	NCKAP1L
30	27	45	CCL3L1
30	27	46	GMFG
30	27	47	CXCL8
30	27	48	HCST
30	27	49	IL18
30	27	50	CCL4
30	27	51	BTK
30	27	52	CIITA
30	27	53	FCN1
30	27	54	ENTPD1
30	27	55	IFI30
30	27	56	SRGN
30	27	57	TNF
30	27	58	AC104051.2
30	27	59	INPP5D
30	27	60	F13A1
30	27	61	CD93
30	27	62	CD36
30	27	63	CD83
30	27	64	FTH1
30	27	65	HPGD
30	27	66	IKZF1
30	27	67	CPA3
30	27	68	L1TD1
30	27	69	FYB1
30	27	70	CTSG
30	27	71	MYO5A
30	27	72	POU2F2
30	27	73	PECAM1
30	27	74	MS4A2
30	27	75	SORL1
30	27	76	TPSB2
30	27	77	MERTK
30	27	78	CCL18
30	27	79	CD14
30	27	80	TMSB10
30	27	81	CTSH
30	27	82	IGSF21
30	27	83	DEPDC1
30	27	84	SLC40A1
30	27	85	REPS2
30	27	86	LPAR6
30	27	87	MAF
30	27	88	UBE2C
30	27	89	SAMHD1
30	27	90	RAC2
30	27	91	TNFAIP3
30	27	92	SELENOP
30	27	93	CDK1
30	27	94	GNG2
30	27	95	GPR65
30	27	96	CXCL3
30	27	97	GRK3
30	27	98	TPSAB1
30	27	99	RTN1
30	27	100	P2RX7
30	28	1	CD3D
30	28	2	PTPRC
30	28	3	CD52
30	28	4	NKG7
30	28	5	CCL5
30	28	6	TRBC2
30	28	7	IL7R
30	28	8	TRBC1
30	28	9	CXCR4
30	28	10	SAMSN1
30	28	11	KLRB1
30	28	12	LTB
30	28	13	GZMA
30	28	14	CD69
30	28	15	CD48
30	28	16	TRAC
30	28	17	BCL11B
30	28	18	GZMK
30	28	19	RUNX3
30	28	20	CD37
30	28	21	RAC2
30	28	22	TPSAB1
30	28	23	HCST
30	28	24	GPR65
30	28	25	RHOH
30	28	26	SPOCK2
30	28	27	SRGN
30	28	28	EMB
30	28	29	ALOX5AP
30	28	30	CCL4
30	28	31	IL32
30	28	32	TPSB2
30	28	33	MS4A2
30	28	34	CPA3
30	28	35	IKZF1
30	28	36	CD247
30	28	37	AREG
30	28	38	GMFG
30	28	39	XCL1
30	28	40	GIMAP7
30	28	41	TNFAIP3
30	28	42	RGS1
30	28	43	HPGDS
30	28	44	GPR183
30	28	45	PRDM1
30	28	46	FCER1G
30	28	47	STMN1
30	28	48	HDC
30	28	49	CTSG
30	28	50	LAPTM5
30	28	51	HPGD
30	28	52	ARHGAP15
30	28	53	CLEC2B
30	28	54	SLC18A2
30	28	55	ARL4C
30	28	56	FCER1A
30	28	57	FYB1
30	28	58	STK17B
30	28	59	TRAV17
30	28	60	DUSP2
30	28	61	NLRC3
30	28	62	MGAT4A
30	28	63	KIT
30	28	64	KRT19
30	28	65	CTSW
30	28	66	KLRG1
30	28	67	CLEC2D
30	28	68	MKI67
30	28	69	RGS13
30	28	70	AC091057.6
30	28	71	TNF
30	28	72	MAL
30	28	73	CD74
30	28	74	TYROBP
30	28	75	HLA-DRA
30	28	76	TOP2A
30	28	77	CEP55
30	28	78	HLA-DQA1
30	28	79	GNG2
30	28	80	AC114760.2
30	28	81	DOCK10
30	28	82	ZNF331
30	28	83	DUSP4
30	28	84	TNFRSF1B
30	28	85	SYNE2
30	28	86	ZC3H12D
30	28	87	TMSB10
30	28	88	CCL4L2
30	28	89	BIRC3
30	28	90	CDK1
30	28	91	CYFIP2
30	28	92	BTK
30	28	93	CENPF
30	28	94	IL27RA
30	28	95	HIST1H1B
30	28	96	AC008105.3
30	28	97	PAG1
30	28	98	NUSAP1
30	28	99	ANKRD44
30	28	100	B3GALT2
30	29	1	ANLN
30	29	2	ASPM
30	29	3	TOP2A
30	29	4	CENPF
30	29	5	CEP55
30	29	6	UBE2C
30	29	7	TPX2
30	29	8	MKI67
30	29	9	PIMREG
30	29	10	CCNB2
30	29	11	BIRC5
30	29	12	DEPDC1
30	29	13	CDK1
30	29	14	DIAPH3
30	29	15	PBK
30	29	16	CENPE
30	29	17	NUSAP1
30	29	18	CDC20
30	29	19	STMN1
30	29	20	TYMS
30	29	21	LGALS1
30	29	22	CD70
30	29	23	HIST1H1B
30	29	24	ESCO2
30	29	25	CIT
30	29	26	TFPI2
30	29	27	C12orf75
30	29	28	MYEF2
30	29	29	SMC2
30	29	30	HIST1H3G
30	29	31	S100A10
30	29	32	ITGB1
30	29	33	NAV2
30	29	34	SLC4A8
30	29	35	COL6A1
30	29	36	PPP1R14B
30	29	37	MYBL1
30	29	38	ANXA2
30	29	39	NSD2
30	29	40	OLFML2B
30	29	41	MAP4K4
30	29	42	MAP1B
30	29	43	NRP2
30	29	44	FAM111B
30	29	45	TMSB10
30	29	46	FHL2
30	29	47	CLEC2B
30	29	48	PODXL
30	29	49	LMNB1
30	29	50	ANPEP
30	29	51	CCND1
30	29	52	TNFRSF12A
30	29	53	COL6A2
30	29	54	ALCAM
30	29	55	CEP152
30	29	56	COL6A3
30	29	57	HIST1H2AL
30	29	58	SYNE2
30	29	59	CDC25B
30	29	60	ITGA6
30	29	61	FLNA
30	29	62	EZR
30	29	63	UCP2
30	29	64	TM4SF1
30	29	65	ORC6
30	29	66	TCF19
30	29	67	C21orf58
30	29	68	CD82
30	29	69	PLEC
30	29	70	EMP3
30	29	71	COL15A1
30	29	72	CKB
30	29	73	FOSL1
30	29	74	ITGA3
30	29	75	SULF1
30	29	76	CDH13
30	29	77	HLA-DQA1
30	29	78	HLA-DRA
30	29	79	CCDC88A
30	29	80	PRSS23
30	29	81	NHSL1
30	29	82	S100A6
30	29	83	ITGA5
30	29	84	FSTL1
30	29	85	SACS
30	29	86	TEAD1
30	29	87	KRT16
30	29	88	PCNT
30	29	89	TYMP
30	29	90	BIRC3
30	29	91	RRAD
30	29	92	HSD3B7
30	29	93	TMSB4X
30	29	94	ADAMTS4
30	29	95	HIST1H1A
30	29	96	AC068491.3
30	29	97	MMS22L
30	29	98	MYO5A
30	29	99	PRC1-AS1
30	29	100	GPSM2
30	30	1	HBM
30	30	2	AHSP
30	30	3	CA1
30	30	4	ALAS2
30	30	5	HBD
30	30	6	HBA1
30	30	7	HBB
30	30	8	HBA2
30	30	9	CA2
30	30	10	HIST1H1B
30	30	11	HIST1H2AL
30	30	12	IKZF1
30	30	13	TRIM58
30	30	14	CD36
30	30	15	NUSAP1
30	30	16	MKI67
30	30	17	HIST1H3G
30	30	18	LINC01118
30	30	19	DOPEY2
30	30	20	C21orf58
30	30	21	STUM
30	30	22	TFF3
30	30	23	CENPF
30	30	24	OSBP2
30	30	25	GUCY1B1
30	30	26	ESCO2
30	30	27	CACNG8
30	30	28	AF001548.2
30	30	29	GUCY1A1
30	30	30	IL27RA
30	30	31	CCL21
30	30	32	CCNB2
30	30	33	UPB1
30	30	34	MMRN1
30	30	35	EGFLAM
30	30	36	CENPE
30	30	37	DDI2
30	30	38	SULT1A3
30	30	39	DAAM1
30	30	40	SLC25A37
30	30	41	LYVE1
30	30	42	ORC6
30	30	43	AC080013.1
30	30	44	GGT5
30	30	45	WNT5A
30	30	46	HEYL
30	30	47	SOX6
30	30	48	UCP2
30	30	49	TOP2A
30	30	50	TET3
30	30	51	PDE5A
30	30	52	OLFM2
30	30	53	CHST2
30	30	54	CEP152
30	30	55	GIMAP7
30	30	56	ARHGAP26
30	30	57	HIST1H2BI
30	30	58	HIST1H1D
30	30	59	DIAPH3
30	30	60	ANGPTL1
30	30	61	NPY1R
30	30	62	GRIP2
30	30	63	TPX2
30	30	64	THAP9
30	30	65	FMO2
30	30	66	GJB6
30	30	67	MTRNR2L8
30	30	68	FILIP1L
30	30	69	VGLL3
30	30	70	PRICKLE1
30	30	71	BCL11B
30	30	72	PPFIA2
30	30	73	RFX3
30	30	74	SYCE2
30	30	75	KCNK2
30	30	76	ZNF8
30	30	77	MAP3K1
30	30	78	USP32
30	30	79	AP002812.2
30	30	80	COL5A3
30	30	81	ACKR4
30	30	82	USP49
30	30	83	RIPOR3
30	30	84	SMC2
30	30	85	GPR135
30	30	86	CFHR3
30	30	87	TYMS
30	30	88	CACNA1C
30	30	89	HIST1H1E
30	30	90	PIEZO2
30	30	91	AC004771.3
30	30	92	CLDN15
30	30	93	MYH10
30	30	94	POU2F2
30	30	95	HES4
30	30	96	PKHD1L1
30	30	97	TTC21A
30	30	98	TOP3B
30	30	99	CDK1
30	30	100	NELL1
