k	program	senescence_score	sasp_score	ecm_remodeling_score	fibrocartilage_score	communication_score	progenitor_interface_score	generic_stress_score	contamination_score	immune_score	mural_score	cycling_score	msp_axis_score	mean_usage	median_usage	q95_usage	dominant_sample	dominant_sample_fraction	dominant_disease_status	dominant_disease_fraction	n_samples_detected	mean_usage_oa	mean_usage_normal	median_usage_oa	median_usage_normal	usage_delta_oa_minus_normal	sample_mean_usage_sd	top_sample_by_mean	top_sample_mean_usage	silhouette	prediction_error	top_genes_20	program_label	candidate_status	analysis_tier	analysis_tier_rank	msp_rank_score
14	10	5.142652313930708	15.524227298058277	0.0	0.0	2.562345321246125	0.0	5.657310060964683	0.0	0.0	0.0	0.0	20.668643939485342	0.0590229643156456	0.0280519009665151	0.2237989400106504	MenOA5	0.1382937436931944	normal	0.622033726170916	14	0.05344385088343909	0.06342675178530319	0.019900785	0.033449999	-0.0099829009018641	0.03233474342693353	MenOA5	0.11349331875162424	0.8743303614517992	145275256.12035054	GEM,CDKN1A,PPP1R15A,ABL2,MAT2A,HMOX1,KDM6B,IRF1,NFKBIA,MYC,IER3,SOCS3,ATF3,NR4A3,NFKBIZ,ARID5B,NR4A1,KCNQ1OT1,NR4A2,HSPH1	senescence_inflammatory	msp_like_primary_caution_normal_skew	primary_k	0	21.392056452098952
12	8	2.97791162442478	5.584807007258588	0.0	0.7315048408184566	11.78437820088605	0.0	5.657310060964683	0.0	0.0	0.0	0.0	19.596695633200326	0.075252785646794	0.0210407730025242	0.3471146659014882	MenNorm5	0.2910803589206648	normal	0.7298763590881415	14	0.04829425893937763	0.0953527885354307	0.0053569597	0.033373222	-0.04705852959605306	0.08203870187472191	MenNorm5	0.3074881919730825	0.8856960871615933	146180669.3533125	TNFRSF12A,VEGFA,BMP2,HSPA5,RPS17,MIF,RPL17,PTGS2,KDM6B,FOSL1,CDKN1A,INHBA,SDF2L1,CHAC1,RCAN1,SERPINA3,GLIS3,EEF1G,NME2,GAS5	senescence_paracrine_MSP_like	msp_like_primary_caution_normal_skew	primary_k	0	20.014534915358997
14	9	0.4029321877586527	2.630622610055023	0.0	1.7202585104583135	10.078707214994514	0.0	1.4721205999412117	0.6797377023445434	0.0	0.0	0.0	12.635985960143572	0.0566066472762576	0.0025276421267954	0.3061130197767323	MenNorm5	0.3449363485263837	normal	0.8059548931928247	14	0.025949603093592347	0.07942711217616714	0.0	0.01518323475	-0.0534775090825748	0.07059138740229137	MenNorm5	0.2751892936948175	0.8743303614517992	145275256.12035054	VEGFA,HSPA5,TNFRSF12A,MIF,SDF2L1,ANGPTL4,IL11,BMP2,RPS17,RPL17,SERPINA3,SLC2A1,FGF2,BNIP3,EGLN3,EIF4EBP1,INHBA,BHLHE40,PTGS2,RFLNB	angiogenic_paracrine	msp_like_primary_caution_normal_skew	primary_k	0	12.606244411918533
14	4	0.0	0.0	2.12410455900652	23.651685955090866	0.9343698044025642	0.0	0.0	0.0	0.0	0.0	0.0	8.487088202650298	0.1102152870954688	0.031839212232949	0.4432319836715488	MenOA1	0.1851814959665761	OA	0.7351779724954051	14	0.18786507703677408	0.04962296731176856	0.15160746	0.0	0.1382421097250055	0.08895924639358056	MenOA1	0.2830088676530475	0.8743303614517992	145275256.12035054	SCRG1,FMOD,COL2A1,SBSPON,CILP2,CLEC3A,SMOC2,COL9A3,FIBIN,COL11A1,OGN,MGP,COMP,TSPAN2,COL11A2,C2orf40,ACAN,SPARC,BGN,CILP	fibrocartilage_matrix	primary_non_msp_or_context_program	primary_k	0	9.116725210717146
12	2	0.4029321877586527	0.0	0.3617391140906241	26.76106346016496	0.0	0.6286531841066286	0.42625583896605546	0.0	0.0	0.0	0.0	7.339691048738447	0.1753417657424296	0.0853655029498563	0.5798793955196448	MenNorm2	0.1523078491527496	OA	0.5668763548966795	14	0.22981060973468306	0.12855306202074518	0.18527753	0.0340178405	0.10125754771393788	0.12178444288826148	MenNorm2	0.35620857019739	0.8856960871615933	146180669.3533125	SCRG1,COMP,CILP2,FMOD,C2orf40,MGP,CILP,SBSPON,DCN,PRELP,COL2A1,CLEC3A,COL9A3,FIBIN,ACAN,C9orf3,FBXO2,SMOC2,BGN,FRZB	fibrocartilage_matrix	primary_non_msp_or_context_program	primary_k	0	8.035075350432948
14	7	1.0691243519392781	0.31061906245110604	6.745648428390129	0.0	0.9343698044025642	0.9786531841066286	0.0	0.5454431699804685	0.0	0.5454431699804685	0.0	6.90658417825136	0.0633867913660815	0.0136748809443987	0.2926224775927442	MenOA1	0.1984584624287413	OA	0.7619482128834258	14	0.11813817126570926	0.026636434332174264	0.0596731605	0.0	0.091501736933535	0.05396447986180051	MenOA1	0.17565286257967652	0.8743303614517992	145275256.12035054	COL1A1,COL1A2,COL6A1,POSTN,COL5A2,LGALS1,SPARC,TGFBI,COL6A2,COL3A1,MXRA5,COL6A3,FNDC1,LOXL2,DKK3,ITGB1,SPON2,COL5A1,LRRC15,TPM1	other_fibrochondrocyte_program	primary_non_msp_or_context_program	primary_k	0	7.236945668403644
12	6	1.0691243519392781	0.31061906245110604	6.745648428390129	0.0	0.9343698044025642	0.9786531841066286	0.0	0.5454431699804685	0.0	0.5454431699804685	0.0	6.90658417825136	0.0690224705571291	0.0168099009306319	0.3135298687900021	MenOA1	0.2001280055794496	OA	0.7674192443591803	14	0.12894111748076767	0.027858187684511187	0.0712613175	0.0	0.10108292979625648	0.0596112566316537	MenOA1	0.19194525880257626	0.8856960871615933	146180669.3533125	COL1A1,COL1A2,COL6A1,COL5A2,POSTN,LGALS1,SPARC,COL6A2,TGFBI,COL3A1,MXRA5,FNDC1,COL6A3,LOXL2,DKK3,ITGB1,SPON2,COL5A1,LRRC15,TPM1	other_fibrochondrocyte_program	primary_non_msp_or_context_program	primary_k	0	7.233606582102226
12	1	0.4029321877586527	1.930622610055023	1.3250012716347	0.0	4.961071779068464	0.0	9.465503393361118	0.45176272825891506	0.45176272825891506	0.0	0.0	5.894649740047158	0.1684725896591997	0.0753642757630118	0.7029939818147498	MenNorm1AVAS	0.2184958450623173	normal	0.8422629236833765	14	0.060606366588735076	0.24444958493777638	0.01554931475	0.15552723000000002	-0.1838432183490413	0.16539511819547045	MenNorm1AVAS	0.5465686808226625	0.8856960871615933	146180669.3533125	MT2A,MT1E,MT1X,MT1M,DDIT4,CHI3L1,GPX3,CDA,SOD2,SLC25A37,LOX,BNIP3,EGLN3,GLRX,AC008592.5,GALNT15,ERRFI1,MT1G,MTHFD2,EFNA1	generic_stress_response	primary_non_msp_or_context_program	primary_k	0	6.231776685793066
14	1	0.4029321877586527	1.930622610055023	1.6750012716347	0.0	4.611071779068465	0.0	9.465503393361118	0.45176272825891506	0.45176272825891506	0.0	0.0	5.789649740047158	0.1630258318378018	0.0697010078054025	0.68520697711674	MenNorm1AVAS	0.2290542701111868	normal	0.8427068220556486	14	0.058500561101623376	0.23615489986820143	0.017114616	0.145644265	-0.17765433876657805	0.16624680381597462	MenNorm1AVAS	0.5508628598152124	0.8743303614517992	145275256.12035054	MT1X,MT2A,MT1E,MT1M,DDIT4,GPX3,CHI3L1,CDA,GALNT15,SOD2,LOX,SLC25A37,MTHFD2,MT1G,AC008592.5,GLRX,BNIP3,EGLN3,ERRFI1,EFNA1	generic_stress_response	primary_non_msp_or_context_program	primary_k	0	6.105659835695326
12	9	0.7529321877586527	0.660619062451106	4.123300698215905	0.3815048408184566	0.5843698044025643	3.464822081877302	0.0	0.0	0.0	0.0	0.0	5.228838247495126	0.0659045068619914	0.004120811888387	0.3366097283253061	MenOA1	0.1583176395938745	OA	0.7000840176962684	14	0.10590393862486032	0.03410620238757855	0.039332334	0.0	0.07179773623728178	0.04345388520935925	MenOA1	0.13961439261588393	0.8856960871615933	146180669.3533125	CRLF1,CD55,FN1,HTRA1,TREM1,TNFAIP6,DYSF,CCDC80,SMOC1,ADGRG2,NECTIN4,CAPS,SLC7A2,IGFBP5,CRTAC1,TNFRSF11B,PRDX4,ADAMTS6,AMTN,CLU	other_fibrochondrocyte_program	primary_non_msp_or_context_program	primary_k	0	5.912202968307377
14	3	2.62791162442478	0.0	0.0	7.916235183003478	0.0	0.0	0.7762558389660554	0.0	0.0	0.0	0.0	4.845905996046155	0.1388533846894055	0.0866194490913135	0.4925791839023635	MenNorm3	0.2341305204759338	normal	0.6999744689701686	14	0.09640955882108976	0.16539184407981222	0.0629995575	0.102530165	-0.06898228525872246	0.11635950625985061	MenNorm3	0.44069288716234	0.8743303614517992	145275256.12035054	CKB,EMP3,S100A6,CRYAB,FHL1,FRZB,MT-ND5,ANXA2,EZR,ANGPTL5,GADD45G,GADD45B,RGS16,TUBA1A,MT-CO3,IER3,LEFTY2,MT-ND1,HSPB1,TPRG1	other_fibrochondrocyte_program	primary_non_msp_or_context_program	primary_k	0	5.377644955094287
14	11	0.7529321877586527	0.660619062451106	4.123300698215905	0.0	0.0	2.278564750209635	0.0	0.0	0.0	0.0	0.0	4.519873742667819	0.0548812040365719	0.0013081701744213	0.2859186691154862	MenOA1	0.1462333120870319	OA	0.6846637208146719	14	0.08668071942793182	0.030113746214513324	0.024924309	0.0	0.0565669732134185	0.03473179144303206	MenOA1	0.10732458123626899	0.8743303614517992	145275256.12035054	CD55,CRLF1,FN1,TREM1,TNFAIP6,HTRA1,NECTIN4,DYSF,ADGRG2,CCDC80,SLC7A2,CAPS,AMTN,CRTAC1,SMOC1,EMP3,IGFBP5,RET,ISLR,TIMP3	other_fibrochondrocyte_program	primary_non_msp_or_context_program	primary_k	0	5.227407118493756
14	2	0.0	0.31061906245110604	0.0	3.87878645148451	2.912345321246125	0.0	0.0	0.0	0.0	0.0	0.0	4.291685403262999	0.1316768035609015	0.0881361149623881	0.4277266327807741	MenOA6	0.150420628984896	OA	0.5177494851022005	14	0.1677332490673295	0.11447799699937629	0.11801582	0.0676913375	0.053255252067953215	0.07270593032260791	MenOA6	0.2834233703615113	0.8743303614517992	145275256.12035054	CCN2,SNHG5,GABARAP,SEPTIN7,EEF1G,RPL17,RPS17,GAS5,RNASEK,ECRG4,DST,SNHG29,SNHG14,AL627171.2,NME2,PIK3R1,SEPTIN2,MICOS10,USP53,DDX17	other_fibrochondrocyte_program	primary_non_msp_or_context_program	primary_k	0	4.990844145293208
12	3	0.0	0.31061906245110604	0.0	2.548088253639194	2.912345321246125	0.0	0.0	0.0	0.0	0.0	0.0	3.9590108538016704	0.1341581025457329	0.0920895940866133	0.4289125283208506	MenOA6	0.1564280497919511	OA	0.5295872058268801	14	0.1744504072182784	0.11393326780903881	0.126231795	0.068885258	0.060517139409239584	0.07801305261194662	MenOA6	0.3006764381089053	0.8856960871615933	146180669.3533125	CCN2,SEPTIN7,SNHG5,GABARAP,EEF1G,RPL17,RPS17,RNASEK,NME2,SNHG29,GAS5,ECRG4,SNHG14,DST,AL627171.2,SEPTIN2,MICOS10,PIK3R1,ECM2,USP53	other_fibrochondrocyte_program	primary_non_msp_or_context_program	primary_k	0	4.646154754217768
12	7	0.0	0.31061906245110604	1.6750012716347	0.0	0.8298087965982188	7.4918586261182485	0.0	0.0	0.0	0.0	0.0	2.391576393237595	0.0676560673096682	0.0063130582755268	0.4540001380628885	MenNorm6	0.2425885987782758	normal	0.5737818366357039	14	0.07074515138409883	0.06589524829642789	0.0028797833999999996	0.008383742	0.004849903087670943	0.05615043003608809	MenNorm6	0.227147222663748	0.8856960871615933	146180669.3533125	PRG4,ITGBL1,CLIC5,TMEM196,DNASE1L3,SPARCL1,ZNF385B,TIMP3,HBEGF,ITGB8,GPR1,GABRA4,PCSK6,DIRC3,HHIP,HTRA4,TSPAN15,CRTAC1,APLP2,CFI	PRG4_interface_progenitor	primary_non_msp_or_context_program	primary_k	0	2.9063991956810433
14	8	0.0	0.31061906245110604	1.6750012716347	0.0	0.8298087965982188	7.4918586261182485	0.0	0.0	0.0	0.0	0.0	2.391576393237595	0.0582789104700963	0.0004487537128458	0.4181136092848061	MenNorm6	0.2484270619599842	normal	0.5690664927262417	14	0.06175954834233625	0.056411268025358126	0.0	0.0006703372949999999	0.005348280316978121	0.05043925573504807	MenNorm6	0.20057947164277698	0.8743303614517992	145275256.12035054	PRG4,ITGBL1,CLIC5,TMEM196,DNASE1L3,ZNF385B,SPARCL1,TIMP3,GPR1,ITGB8,GABRA4,DIRC3,HBEGF,PCSK6,HTRA4,HHIP,TSPAN15,CRTAC1,APLP2,SEMA3A	PRG4_interface_progenitor	primary_non_msp_or_context_program	primary_k	0	2.8947222693176267
12	4	1.92791162442478	0.31061906245110604	1.3250012716347	0.0	0.0	0.0	1.8221205999412116	0.6797377023445434	0.0	0.0	0.0	2.328753047213495	0.1309583518070954	0.0632588086396765	0.508519912373569	MenNorm1VAS	0.2019208691663818	normal	0.8343560922966781	14	0.05126163625388633	0.1894852054204599	0.00888193	0.12838514	-0.13822356916657358	0.10339404533202395	MenNorm1VAS	0.3765998916995275	0.8856960871615933	146180669.3533125	GSN,PLPP3,FBLN1,IGFBP6,CYP4B1,MYOC,SUN2,TSKU,MT-ND2,LTBP4,JUN,GPX3,FBLN2,GLUL,ADAMTS5,CKB,ANGPTL5,S100A6,NTRK2,MT-ND4	other_fibrochondrocyte_program	primary_non_msp_or_context_program	primary_k	0	2.5850424577084596
12	5	0.0	0.0	0.7117391140906241	0.0	0.9343698044025642	0.0	0.0	0.0	0.0	0.0	0.0	1.5148926301906607	0.0896234272122392	0.0046551021232969	0.5256467079208348	MenNorm6	0.1498189860489817	normal	0.5551923018726033	14	0.09977492459394938	0.0864005645394141	0.011850653	0.0	0.013374360054535281	0.044863488927729595	MenNorm6	0.18281692221169749	0.8856960871615933	146180669.3533125	CXCL12,SFRP1,SERPINF1,EFEMP1,IGFBP4,C1R,C1S,IGF1,EPHX1,COL14A1,SRPX,PLA2G2A,CFD,SELENOP,CYP1B1,MMP2,PTGFR,PLTP,C3,AHR	other_fibrochondrocyte_program	primary_non_msp_or_context_program	primary_k	0	2.2152546580926975
14	5	0.0	0.0	0.7117391140906241	0.0	0.9343698044025642	0.9786531841066286	0.0	0.0	0.0	0.0	0.0	1.5148926301906607	0.0710018003299043	0.0013049014546143	0.4290485158639912	MenNorm6	0.1871841809189265	OA	0.5147264159212622	14	0.0918747263399321	0.0593412940877783	0.011514987	0.0	0.0325334322521538	0.04739618027588293	MenNorm6	0.18208650822573325	0.8743303614517992	145275256.12035054	IGFBP4,CXCL12,SFRP1,COL14A1,EFEMP1,SERPINF1,IGF1,C1R,EPHX1,KCTD12,HLA-DRB1,C16orf89,C1S,PTGDS,AHR,PLTP,CRISPLD1,PTN,PLPP1,SELENOP	other_fibrochondrocyte_program	primary_non_msp_or_context_program	primary_k	0	2.1405242683528076
14	6	0.4029321877586527	0.0	1.3250012716347	0.0	0.0	0.0	0.7762558389660554	1.0297377023445433	0.0	0.0	0.0	0.11767344415903971	0.0716126361754579	0.0033495160445348	0.3895552501067569	MenNorm1VAS	0.2643721964981103	normal	0.8584481652844002	14	0.02513113889854611	0.10738800881732724	0.0	0.020294472	-0.08225686991878113	0.07539962665354685	MenNorm1VAS	0.26736755164908	0.8743303614517992	145275256.12035054	GSN,PLPP3,FBLN1,TSKU,FBLN2,CFD,GLUL,PODN,MYOC,MGST1,C1S,LAMA2,C1R,C3,MAOA,GPX3,ZFP36L2,JUN,ALDH1A1,VIT	other_fibrochondrocyte_program	primary_non_msp_or_context_program	primary_k	0	0.07406019999054747
12	10	0.7529321877586527	0.0	0.7117391140906241	0.0	0.0	3.8148220818773018	0.0	18.171370181298936	0.0	18.171370181298936	0.0	-19.49739935700336	0.0173684494120143	0.0	0.0871192398402471	MenNorm6	0.1651868800171784	normal	0.6342012812747803	14	0.016178470384991508	0.019459725824631877	0.0	0.00023865705	-0.0032812554396403695	0.008102553711108311	MenNorm6	0.04020200333770975	0.8856960871615933	146180669.3533125	RGS5,ACTA2,GJA4,TINAGL1,ADGRF5,NR2F2,IGFBP7,COX4I2,MCAM,SYNPO2,PPP1R14A,TAGLN,NOTCH3,COL4A1,COL4A2,ARHGAP15,HES4,NRXN1,CD36,PLP1	mural_muscle_contamination	exclude_contamination_or_non_fibrochondrocyte	primary_k	0	-27.913458207687185
14	12	0.7529321877586527	0.0	0.3617391140906241	0.0	0.0	3.8148220818773018	0.0	18.171370181298936	0.0	18.171370181298936	0.0	-19.75989935700336	0.0157223710290188	0.0	0.0837710694547071	MenNorm6	0.1610567818378602	normal	0.6201406491503132	14	0.01536321695894698	0.017346823710866037	0.0	0.0	-0.001983606751919057	0.007396457311704194	MenNorm6	0.0358586001229826	0.8743303614517992	145275256.12035054	RGS5,ACTA2,GJA4,TINAGL1,ADGRF5,NR2F2,IGFBP7,COX4I2,MCAM,SYNPO2,TAGLN,PPP1R14A,NOTCH3,COL4A1,ARHGAP15,COL4A2,HES4,CD36,NRXN1,PLP1	mural_muscle_contamination	exclude_contamination_or_non_fibrochondrocyte	primary_k	0	-28.167698011328547
12	12	0.4029321877586527	0.0	0.0	0.0	0.4798087965982188	0.0	0.0	18.521370181298938	2.1088027317140345	0.0	18.521370181298938	-20.332404456143195	0.0020103873772177	0.0	0.0075194780241572	MenOA1	0.1411156992448436	normal	0.5106826191523689	14	0.002410612318088632	0.0017756250449943432	0.0	4.4635456e-05	0.000634987273094289	0.0008278915342787468	MenOA1	0.003941716951720582	0.8856960871615933	146180669.3533125	ANLN,ASPM,TOP2A,CENPF,CEP55,UBE2C,TPX2,MKI67,PIMREG,CCNB2,BIRC5,DEPDC1,CDK1,DIAPH3,PBK,CENPE,NUSAP1,CDC20,STMN1,TYMS	cycling_program	exclude_contamination_or_non_fibrochondrocyte	primary_k	0	-28.875320945282354
14	14	0.4029321877586527	0.0	0.0	0.0	0.4798087965982188	0.0	0.0	18.521370181298938	2.1088027317140345	0.0	18.521370181298938	-20.332404456143195	0.0017367216128405	0.0	0.0067403650589311	MenOA1	0.1486441072685735	OA	0.523178469479708	14	0.0022618810027258216	0.0014588247732252677	0.0	0.0	0.0008030562295005539	0.0006655336742167814	MenOA1	0.003686227502924075	0.8743303614517992	145275256.12035054	ANLN,ASPM,TOP2A,CENPF,CEP55,UBE2C,TPX2,MKI67,PIMREG,CCNB2,BIRC5,DEPDC1,CDK1,DIAPH3,PBK,CENPE,NUSAP1,CDC20,STMN1,TYMS	cycling_program	exclude_contamination_or_non_fibrochondrocyte	primary_k	0	-28.89037776132981
12	11	0.0	2.7975820997997665	0.0	0.0	0.0	0.0	0.0	21.177780261762596	21.177780261762596	0.0	0.0	-21.976502516197183	0.0042310958684879	0.0	0.0150180164512618	MenOA4	0.2535139660601895	OA	0.6486729822726468	14	0.006713089601913636	0.002636032674974273	0.00045913423	0.0	0.004077056926939363	0.0035226943228326983	MenOA4	0.014129292685848576	0.8856960871615933	146180669.3533125	AIF1,C1QA,C1QB,CYBB,TYROBP,C1QC,FOLR2,MS4A6A,RNASE1,HLA-DRA,MARCO,HLA-DQA1,MS4A7,VSIG4,LYZ,CD74,CD163,S100A8,FCER1G,EMB	immune_contamination	exclude_contamination_or_non_fibrochondrocyte	primary_k	0	-32.07242057919886
14	13	0.0	2.7975820997997665	0.0	0.0	0.0	0.0	0.0	21.177780261762596	21.177780261762596	0.0	0.0	-21.976502516197183	0.0039786462045473	0.0	0.0141122328635982	MenOA4	0.2547407854866703	OA	0.6486660078622064	14	0.00636387438140121	0.0024996991837609953	7.880599200000001e-05	0.0	0.003864175197640215	0.00332893417531302	MenOA4	0.013461851623071251	0.8743303614517992	145275256.12035054	AIF1,C1QA,C1QB,CYBB,TYROBP,C1QC,FOLR2,MS4A6A,RNASE1,HLA-DRA,MARCO,HLA-DQA1,MS4A7,VSIG4,LYZ,CD74,CD163,S100A8,FCER1G,EMB	immune_contamination	exclude_contamination_or_non_fibrochondrocyte	primary_k	0	-32.07487421805182
26	7	5.492652313930709	15.524227298058277	0.3617391140906241	0.0	2.562345321246125	0.0	4.466354042280349	0.0	0.0	0.0	0.0	21.58063947879018	0.0517251057901819	0.0227845390420552	0.1994090473250893	MenNorm5	0.1323289285371605	normal	0.6304496066821403	14	0.046444448501326306	0.056469550257415686	0.013492373	0.02965972	-0.01002510175608938	0.024668746097932483	MenNorm5	0.095731999701904	0.8044824501433266	141307402.02858678	GEM,CDKN1A,MAT2A,KDM6B,PPP1R15A,ABL2,HMOX1,IRF1,IER3,MYC,NFKBIA,SOCS3,NR4A3,NFKBIZ,ATF3,ARID5B,NR4A2,NR4A1,KCNQ1OT1,EGR1	senescence_inflammatory	msp_like_sensitivity_caution_normal_skew	sensitivity_k	1	21.315981621715856
24	7	5.142652313930708	15.524227298058277	0.3617391140906241	0.0	2.562345321246125	0.0	4.466354042280349	0.0	0.0	0.0	0.0	21.17813947879018	0.0535083097223977	0.0244118199712829	0.2057145134656065	MenNorm5	0.1317198696450123	normal	0.6258492734265313	14	0.04810411706374641	0.05778976471018553	0.0155778645	0.0305537765	-0.009685647646439116	0.02580697031815649	MenNorm5	0.0978385126884085	0.8082851920362498	141902612.2608617	GEM,CDKN1A,ABL2,MAT2A,PPP1R15A,KDM6B,HMOX1,IRF1,IER3,NFKBIA,MYC,SOCS3,NFKBIZ,NR4A3,ARID5B,ATF3,NR4A2,NR4A1,EGR1,KCNQ1OT1	senescence_inflammatory	msp_like_sensitivity_caution_normal_skew	sensitivity_k	1	20.914699739500154
24	17	0.4029321877586527	3.497582099799766	0.9750012716347	2.1980882536391944	9.028707214994515	0.0	0.7762558389660554	0.0	0.0	0.0	0.0	14.041981225839107	0.019583045690906	0.0	0.101426186345186	MenNorm5	0.2723786922654602	normal	0.6297444681148917	14	0.017163769357032645	0.021606811582580016	0.0	0.0	-0.00444304222554737	0.016936931987690442	MenNorm5	0.074332707139203	0.8082851920362498	141902612.2608617	IL11,INHBA,FGF2,FGF1,PTGS2,WNT16,TNFRSF12A,KRT16,MSMO1,HSPA5,BMP2,ABI3BP,INSIG1,DGKI,KRT17,FHL2,LIF,DSP,TNFRSF11B,ADPRHL1	angiogenic_paracrine	msp_like_sensitivity_caution_normal_skew	sensitivity_k	1	13.497223841308188
26	19	0.4029321877586527	3.497582099799766	0.3617391140906241	2.1980882536391944	9.028707214994515	0.0	0.7762558389660554	0.0	0.0	0.0	0.0	13.58203460768105	0.0168874463275979	0.0	0.0915213192805671	MenNorm5	0.2736584284320138	normal	0.6051037892099235	14	0.015850072324208635	0.017899700168612934	0.0	0.0	-0.0020496278444042983	0.015028690816072688	MenNorm5	0.0649116290587325	0.8044824501433266	141307402.02858678	IL11,INHBA,FGF2,FGF1,PTGS2,WNT16,TNFRSF12A,KRT16,MSMO1,HSPA5,BMP2,INSIG1,DGKI,KRT17,LIF,TNFRSF11B,FHL2,ABI3BP,ADPRHL1,DSP	angiogenic_paracrine	msp_like_sensitivity_caution_normal_skew	sensitivity_k	1	13.034717750817023
24	8	1.0691243519392781	1.2069324892309465	0.0	0.7315048408184566	8.820554591531096	0.0	1.8221205999412116	0.6797377023445434	0.0	0.0	0.0	10.553721674204272	0.0429784381961249	0.0	0.2490158844545957	MenNorm5	0.3628538214920426	normal	0.8317213322525465	14	0.017047840158455972	0.06296562852157744	0.0	0.0020908745999999997	-0.04591778836312147	0.05730700183290528	MenNorm5	0.21761657680842877	0.8082851920362498	141902612.2608617	VEGFA,MIF,SLC2A1,BHLHE40,RPL17,SDF2L1,RPS17,EGLN3,ANGPTL4,SNHG29,HSPA5,BNIP3,ERRFI1,NME2,GAS5,EEF1G,ANKRD37,PTGES,H19,ZNF395	angiogenic_paracrine	sensitivity_non_msp_or_split_program	sensitivity_k	1	9.488145180047916
24	13	2.97791162442478	0.660619062451106	5.201505754662355	0.3815048408184566	1.593238600566202	0.0	0.0	0.0	0.0	0.0	0.0	9.65553062796783	0.0410395556654186	0.0	0.2133718321504954	MenOA5	0.2346690997553147	OA	0.8357151780629328	14	0.08060624391897929	0.011526327032340822	0.035566600000000004	0.0	0.06907991688663846	0.041506776957782314	MenOA5	0.133040519051241	0.8082851920362498	141902612.2608617	SPARC,COL3A1,DKK3,CCND1,TGFBI,COL1A2,ASPN,LOXL2,COL5A1,COL5A2,MXRA5,COL1A1,C12orf75,TNC,SERPINE1,DPT,COL8A1,RFLNB,COL15A1,TREM1	other_fibrochondrocyte_program	sensitivity_non_msp_or_split_program	sensitivity_k	1	9.1861924284572
26	15	2.97791162442478	0.660619062451106	6.395648428390128	0.0	0.8298087965982188	0.0	0.0	0.0	0.0	0.0	0.0	9.654160128892663	0.0314871959728084	0.0	0.1676475230420411	MenOA1	0.2632923473890916	OA	0.8145136651182084	14	0.06150511367210076	0.010120492881481934	0.016762521	0.0	0.051384620790618826	0.03245409800291781	MenOA1	0.114397856835206	0.8044824501433266	141307402.02858678	SPARC,LOXL2,COL3A1,COL1A2,CCND1,COL5A1,COL5A2,TGFBI,COL1A1,DKK3,MXRA5,RFLNB,C12orf75,DPT,SERPINE1,ASPN,AQP1,COL8A1,ITGB1,CD70	other_fibrochondrocyte_program	sensitivity_non_msp_or_split_program	sensitivity_k	1	9.12757543411448
26	8	1.4191243519392782	1.2069324892309465	0.3617391140906241	0.7315048408184566	7.15114543363508	0.0	1.8221205999412116	0.6797377023445434	0.0	0.0	0.0	9.474646393981423	0.0402739020323738	0.0	0.2439566279177728	MenNorm5	0.3802331181594104	normal	0.8563653536332179	14	0.013818276050546618	0.060997922204887034	0.0	0.0	-0.047179646154340414	0.05734306034176682	MenNorm5	0.2148409529855725	0.8044824501433266	141307402.02858678	VEGFA,MIF,RPL17,SLC2A1,RPS17,SDF2L1,SNHG29,ANGPTL4,BHLHE40,EGLN3,HSPA5,GAS5,NME2,EEF1G,ERRFI1,PTGES,BNIP3,RNASEK,ANKRD37,H19	angiogenic_paracrine	sensitivity_non_msp_or_split_program	sensitivity_k	1	8.37431130649033
24	5	0.0	0.0	2.12410455900652	23.651685955090866	0.9343698044025642	0.6286531841066286	0.0	0.0	0.0	0.0	0.0	8.487088202650298	0.0710720335634779	0.0119598532775179	0.3214693883393114	MenOA1	0.2056412357224616	OA	0.7436623632869455	14	0.12040310676055546	0.031013272808939216	0.0723084675	0.0	0.08938983395161625	0.06015210668325888	MenOA1	0.19645917098853322	0.8082851920362498	141902612.2608617	COL2A1,SCRG1,SBSPON,COL9A3,FMOD,CLEC3A,CILP2,COL11A2,FIBIN,COL11A1,SMOC2,MGP,COL9A2,S100A1,OGN,AQP3,COMP,TSPAN2,ACAN,PRDX4	fibrocartilage_matrix	sensitivity_non_msp_or_split_program	sensitivity_k	1	8.075805731205374
26	6	0.0	0.0	2.4741045590065203	21.45337804579776	0.9343698044025642	0.6286531841066286	0.0	0.0	0.0	0.0	0.0	8.200011225327023	0.0598944233827708	0.0010249930551748	0.2967656109486355	MenOA1	0.239405412747053	OA	0.7676840614406638	14	0.105303773837883	0.023354541715738773	0.0480338585	0.0	0.08194923212214422	0.05910925119443194	MenOA1	0.193850222980164	0.8044824501433266	141307402.02858678	COL2A1,SBSPON,COL9A3,CLEC3A,SCRG1,FMOD,COL11A2,CILP2,COL11A1,FIBIN,COL9A2,SMOC2,MGP,AQP3,S100A1,OGN,TSPAN2,HAPLN1,ACAN,SPARC	fibrocartilage_matrix	sensitivity_non_msp_or_split_program	sensitivity_k	1	7.721200399832917
24	2	3.642695314038047	0.31061906245110604	0.0	9.71691987582599	0.5843698044025643	0.0	2.364452426494684	0.0	0.0	0.0	0.0	7.0230535925074475	0.1402433253648997	0.0830197171835816	0.5060435867096608	MenNorm3	0.2321080338041858	normal	0.6693598940766244	14	0.10609836063459496	0.15952245201171864	0.0729021805	0.085414343	-0.05342409137712367	0.12027777066709648	MenNorm3	0.44119030572885	0.8082851920362498	141902612.2608617	FRZB,GADD45B,RGS16,MT-ND5,IER3,MT-CO3,CLU,CRYAB,CKB,TPRG1,CHAD,C9orf3,FBXO2,HES1,GADD45G,NDUFA4L2,EMP3,BHLHE41,FGFBP2,COMP	fibrocartilage_matrix	sensitivity_non_msp_or_split_program	sensitivity_k	1	6.558837524899076
26	12	0.4029321877586527	1.2069324892309465	0.3617391140906241	6.9230430441662545	3.2623453212461246	0.0	0.42625583896605546	0.0	0.0	0.0	0.0	6.831541147893508	0.0448739073902084	0.0	0.251265499059155	MenOA5	0.4049983494862196	OA	0.7953663635930037	14	0.08312762480450438	0.015370282961303126	0.035121607	0.0	0.06775734184320126	0.06449975363562416	MenOA5	0.2485438397925775	0.8044824501433266	141307402.02858678	CCN2,CRIP1,NME2,OGN,EEF1G,SNHG29,MICOS10,RNASEK,GABARAP,LUM,ECRG4,ASPN,CILP,RPL17,MIF,CCN1,H19,DCN,SEPTIN7,RPS17	other_fibrochondrocyte_program	sensitivity_non_msp_or_split_program	sensitivity_k	1	6.021544448921069
24	6	0.4029321877586527	1.2069324892309465	0.0	6.573043044166255	3.2623453212461246	0.0	1.8221205999412116	0.0	0.0	0.0	0.0	6.193563860130507	0.0517115131018149	0.0	0.2406150761142924	MenNorm7	0.2748993086654838	normal	0.5545908040419554	14	0.05458066909552675	0.04998344860826929	0.0	0.0035011955999999997	0.004597220487257463	0.06617146528228156	MenNorm7	0.19948105054259	0.8082851920362498	141902612.2608617	GABARAP,RPL17,GAS5,EEF1G,SNHG5,SNHG29,RNASEK,NME2,CCN2,ECRG4,RPS17,SEPTIN7,MICOS10,S100A1,MIF,CCN1,SERPINA3,AL021155.5,RGCC,CRIP1	other_fibrochondrocyte_program	sensitivity_non_msp_or_split_program	sensitivity_k	1	5.64376524279954
26	2	0.4029321877586527	2.280622610055023	0.7117391140906241	0.0	4.961071779068464	0.0	7.3256773979734415	0.45176272825891506	0.45176272825891506	0.0	0.0	6.160168320966636	0.1006406258368684	0.0212301190215261	0.5021409024594329	MenNorm1AVAS	0.246260878659887	normal	0.8242754774969047	14	0.03919625507329875	0.14057597026624277	0.0040202964	0.0477335165	-0.10137971519294403	0.10890698095358542	MenNorm1AVAS	0.36152027149761	0.8044824501433266	141307402.02858678	MT2A,MT1E,MT1M,MT1X,CHI3L1,LOX,AC008592.5,MT1G,DDIT4,SOD2,SLC25A37,EGLN3,GLRX,CDA,ANGPTL4,BNIP3,GPX3,EFNA1,TMEM204,MT1F	other_fibrochondrocyte_program	msp_like_sensitivity_caution_normal_skew	sensitivity_k	1	5.441765199517405
26	3	1.4191243519392782	0.0	0.0	16.117342518842573	0.0	0.6286531841066286	1.1221205999412116	0.0	0.0	0.0	0.0	5.4369045144525705	0.0937488268737274	0.0245052792832472	0.398050241047469	MenNorm3	0.2239052439402845	normal	0.6656872783547304	14	0.0725021155082866	0.10679823128104565	0.015550330250000001	0.030987485500000002	-0.03429611577275905	0.07244127522917516	MenNorm3	0.28133560457392254	0.8044824501433266	141307402.02858678	FRZB,COMP,PRELP,CHAD,CILP,TPRG1,LMO2,DCN,THBS1,LTBP2,ENHO,FBXO2,SCRG1,PPP1R3C,LEFTY2,BHLHE41,WWP2,CILP2,FGFBP2,OMD	fibrocartilage_matrix	sensitivity_non_msp_or_split_program	sensitivity_k	1	4.989094026572001
24	3	0.4029321877586527	2.280622610055023	0.7117391140906241	0.0	4.961071779068464	0.0	10.32518703309156	0.45176272825891506	0.45176272825891506	0.0	0.0	5.560266393943012	0.1071945174402605	0.023328103653041	0.5311993940227833	MenNorm4	0.2426320133196836	normal	0.8414028295227077	14	0.037718584977429116	0.15345364234428355	0.0	0.058577963	-0.11573505736685444	0.11562164294701485	MenNorm1AVAS	0.368479552187775	0.8082851920362498	141902612.2608617	MT2A,MT1E,MT1X,MT1M,CHI3L1,LOX,AC008592.5,DDIT4,SLC25A37,SOD2,MT1G,GLRX,EGLN3,CDA,BNIP3,ANGPTL4,EFNA1,GPX3,ERRFI1,TMEM204	generic_stress_response	sensitivity_non_msp_or_split_program	sensitivity_k	1	4.849121003174187
24	14	0.7529321877586527	0.660619062451106	4.123300698215905	0.0	0.0	3.464822081877302	0.0	0.0	0.0	0.0	0.0	4.519873742667819	0.0400217190805524	0.0	0.2274792974688216	MenOA1	0.1457209178336879	OA	0.6786392784415421	14	0.061390473617488714	0.022024588296000812	0.0052056307	0.0	0.0393658853214879	0.02466572478301769	MenOA3	0.07627145067786675	0.8082851920362498	141902612.2608617	CD55,FN1,CRLF1,HTRA1,TNFAIP6,NECTIN4,TREM1,DYSF,AMTN,SLC7A2,ADGRG2,RET,IGFBP5,CCDC80,PRG4,CLU,CRTAC1,TIMP3,SMOC1,DEFB1	other_fibrochondrocyte_program	sensitivity_non_msp_or_split_program	sensitivity_k	1	4.228431907000443
24	16	0.0	0.0	8.047588545289777	0.0	0.0	0.9786531841066286	0.0	0.8954431699804685	0.0	0.8954431699804685	0.0	5.005931763489794	0.0216782407539843	0.0	0.1107517123050256	MenOA1	0.2134705841555157	OA	0.7361722983241121	14	0.03928356131989408	0.009924786919228068	0.004550791849999999	0.0	0.02935877440066601	0.020400180775391213	MenOA3	0.06668434158125468	0.8082851920362498	141902612.2608617	POSTN,CTHRC1,COL1A1,SPON2,COL1A2,COL6A3,COL6A1,LGALS1,MMP2,MMP11,ARL4C,FNDC1,FAP,TMEM119,MYL9,BASP1,CADM1,LRRC32,COL6A2,CALD1	fibrotic_ECM_remodeling	sensitivity_non_msp_or_split_program	sensitivity_k	1	4.131269010188529
26	9	1.0691243519392781	1.5569324892309466	0.3617391140906241	3.1787864514845103	3.2623453212461246	0.0	5.307310060964682	0.6797377023445434	0.0	0.0	0.0	5.201188786434839	0.0420315317185478	0.0	0.199435708375917	MenNorm7	0.4177624723714436	normal	0.8108046462907414	14	0.01920043178295136	0.05979504229795925	0.0	0.0102739625	-0.04059461051500789	0.06169721881611541	MenNorm7	0.246343420260735	0.8044824501433266	141307402.02858678	GAS5,GABARAP,RPL17,SNHG5,S100A1,SNHG29,EEF1G,RNASEK,SERPINA3,ATOH8,RPS17,ECRG4,AL021155.5,STC2,NME2,RGCC,AC253572.2,CCN2,SEPTIN7,TXNIP	other_fibrochondrocyte_program	sensitivity_non_msp_or_split_program	sensitivity_k	1	4.025794990519681
26	16	0.7529321877586527	0.660619062451106	3.7733006982159045	0.0	0.0	3.464822081877302	0.0	0.0	0.0	0.0	0.0	4.257373742667819	0.0353592019770017	0.0	0.2038600578685755	MenOA1	0.1470019281869773	OA	0.6658728485527964	14	0.05364731958587191	0.02045960812312739	0.0	0.0	0.03318771146274452	0.021853567854978474	MenOA3	0.0691638661166204	0.8044824501433266	141307402.02858678	CD55,FN1,CRLF1,HTRA1,TNFAIP6,NECTIN4,AMTN,TREM1,DYSF,RET,SLC7A2,ADGRG2,PRG4,IGFBP5,CCDC80,DEFB1,TIMP3,CLU,HMX1,EPB41L3	other_fibrochondrocyte_program	sensitivity_non_msp_or_split_program	sensitivity_k	1	3.9633698862938647
26	4	2.62791162442478	0.660619062451106	0.0	0.3815048408184566	0.5843698044025643	0.0	2.7144524264946837	0.0	0.0	0.0	0.0	3.749698590700307	0.0840532122097059	0.0505279909049679	0.2876657844349904	MenNorm2	0.1888400023313234	normal	0.6421996850814062	14	0.06946222895859655	0.08994641245524151	0.044259847500000005	0.053742134	-0.020484183496644964	0.055533494716704136	MenNorm2	0.2089656296678	0.8044824501433266	141307402.02858678	MT-CO3,MT-ND5,MT-ND4,MT-CO1,MT-CO2,MT-ATP6,MT-CYB,MT-ND1,MT-ND3,MT-ND4L,MT-ND2,EMP3,S100A6,RGS16,MTRNR2L12,ANXA2,ID3,HSPB1,GADD45B,MT-ATP8	other_fibrochondrocyte_program	sensitivity_non_msp_or_split_program	sensitivity_k	1	3.37201858603766
26	18	0.0	0.0	6.395648428390128	0.0	0.0	0.9786531841066286	0.0	0.8954431699804685	0.0	0.8954431699804685	0.0	3.766976675815058	0.0212232312743503	0.0	0.1082473037881198	MenOA1	0.1911881838870458	OA	0.7397073837945333	14	0.039070429681499666	0.009722320468025408	0.00538441575	0.0	0.029348109213474256	0.019315426638432213	MenOA3	0.06265395717685757	0.8044824501433266	141307402.02858678	POSTN,CTHRC1,COL1A1,SPON2,COL1A2,MMP2,COL6A3,FNDC1,COL6A1,ARL4C,LGALS1,MMP11,TMEM119,CADM1,BASP1,FAP,LRRC32,MYL9,PDGFRB,CALD1	other_fibrochondrocyte_program	sensitivity_non_msp_or_split_program	sensitivity_k	1	2.9368787230507323
26	17	0.0	1.2069324892309465	0.7117391140906241	0.0	0.9343698044025642	0.0	0.0	0.0	0.0	0.0	0.0	2.540785246036965	0.024553576711937	0.0	0.1471825571692843	MenOA4	0.1550205179789691	OA	0.6537505796705276	14	0.04094497825510376	0.014534697569534604	0.0	0.0	0.02641028068556915	0.01781124366038212	MenOA3	0.06922290797638793	0.8044824501433266	141307402.02858678	IGFBP4,SFRP1,IGF1,SCG2,CXCL12,NPR3,EFEMP1,PTGFR,TMEM176B,C1S,SERPINF1,STMN2,ABCC9,SFRP2,TMEM176A,GAS6,C1R,CFD,WISP2,CES1	other_fibrochondrocyte_program	sensitivity_non_msp_or_split_program	sensitivity_k	1	2.2307442100790267
24	15	0.0	1.2069324892309465	0.7117391140906241	0.0	0.9343698044025642	0.0	0.0	0.0	0.0	0.0	0.0	2.540785246036965	0.0251981913206753	0.0	0.150667721777486	MenOA4	0.1559204483979847	OA	0.6612776673653723	14	0.04206816066754018	0.014473285477114623	6.504757e-05	0.0	0.027594875190425562	0.01828665368129606	MenOA3	0.06928263769079653	0.8082851920362498	141902612.2608617	IGFBP4,IGF1,SFRP1,SCG2,CXCL12,NPR3,EFEMP1,SERPINF1,PTGFR,SFRP2,TMEM176B,STMN2,C1S,ABCC9,GAS6,TMEM176A,C1R,CFD,CES1,WISP2	other_fibrochondrocyte_program	sensitivity_non_msp_or_split_program	sensitivity_k	1	2.2289443492409955
24	9	0.0	0.31061906245110604	1.6750012716347	0.0	0.8298087965982188	7.4918586261182485	0.0	0.0	0.0	0.0	0.0	2.391576393237595	0.0438485698836483	0.0	0.3434331811290624	MenNorm6	0.254998460897495	normal	0.5615347447011305	14	0.04698719255880137	0.04165260004164878	0.0	0.0	0.005334592517152591	0.03980869286427743	MenNorm6	0.15452550564938847	0.8082851920362498	141902612.2608617	PRG4,ITGBL1,CLIC5,TMEM196,DNASE1L3,GPR1,GABRA4,SPARCL1,ZNF385B,DIRC3,TIMP3,HBEGF,HTRA4,ITGB8,PCSK6,HHIP,TSPAN15,SEMA5A,CRTAC1,SEMA3A	PRG4_interface_progenitor	sensitivity_non_msp_or_split_program	sensitivity_k	1	1.881579471442605
26	11	0.0	0.31061906245110604	1.6750012716347	0.0	0.8298087965982188	7.4918586261182485	0.0	0.0	0.0	0.0	0.0	2.391576393237595	0.0395718557654512	0.0	0.3210542413599753	MenNorm6	0.2607100606914884	normal	0.5529650994264435	14	0.04387083061475437	0.037771854980375434	0.0	0.0	0.006098975634378938	0.03844891940837984	MenNorm6	0.1458691147379835	0.8044824501433266	141307402.02858678	PRG4,ITGBL1,CLIC5,TMEM196,DNASE1L3,GPR1,DIRC3,GABRA4,SPARCL1,ZNF385B,TIMP3,PCSK6,HBEGF,HTRA4,ITGB8,HHIP,TSPAN15,SEMA5A,SEMA3A,CRTAC1	PRG4_interface_progenitor	sensitivity_non_msp_or_split_program	sensitivity_k	1	1.8701562718546183
26	5	0.7529321877586527	0.0	1.6750012716347	0.0	0.0	0.0	4.957310060964683	0.0	0.0	0.0	0.0	1.1306609574555386	0.0674245841518994	0.0092101071875471	0.3387432643566213	MenNorm1VAS	0.3268952674824012	normal	0.8848269557659068	14	0.018298068303969104	0.10412396019333273	0.0	0.035854042	-0.08582589188936363	0.08899894193171136	MenNorm1VAS	0.30492336558878574	0.8044824501433266	141307402.02858678	GPX3,CYP4B1,SUN2,FBLN1,PLPP3,GPM6B,LINC01088,ANGPTL7,CCDC3,IGFBP6,GALNT15,ADAMTS5,MMP3,PDK4,GLUL,NTRK2,FAXDC2,TSKU,CORO6,C1QTNF7	other_fibrochondrocyte_program	sensitivity_non_msp_or_split_program	sensitivity_k	1	0.4768704224907362
26	1	0.0	0.0	0.3617391140906241	0.0	0.0	0.0	0.0	0.0	0.0	0.0	0.0	0.27130433556796807	0.114271656622362	0.0813291807247333	0.3687832706691407	MenOA4	0.1114840303349079	OA	0.5515936461928822	14	0.1575571995593485	0.09301728850284172	0.113522977	0.057955703	0.06453991105650678	0.045186654529266033	MenOA3	0.2195327917463012	0.8044824501433266	141307402.02858678	MALAT1,DST,PLCG2,MACF1,DDX17,NKTR,FTX,SYNE1,NEAT1,EDIL3,ZNF638,UTRN,TNRC6B,PTPRD,KMT2A,OGA,UACA,RIF1,KMT2C,VPS13C	other_fibrochondrocyte_program	sensitivity_non_msp_or_split_program	sensitivity_k	1	0.04833627489815226
24	11	0.7529321877586527	0.0	0.3617391140906241	0.0	0.5843698044025643	0.0	0.7762558389660554	0.6797377023445434	0.0	0.0	0.0	0.8138151206236752	0.0398404820963343	0.0	0.2562830622429773	MenNorm7	0.2358112508766876	normal	0.867776118387212	14	0.012903198269646005	0.06013084686986388	0.0	0.0	-0.04722764860021787	0.04187565052048966	MenNorm7	0.13659728182781425	0.8082851920362498	141902612.2608617	PODN,CFD,SRPX,GSN,C3,ZFP36L2,AGTR1,ADH1C,SERPINF1,ALDH1A1,CLSTN2,APOD,C1S,VIT,C6,PTGFR,MGST1,ADH1B,GPC3,SELENOP	other_fibrochondrocyte_program	sensitivity_non_msp_or_split_program	sensitivity_k	1	0.0023237676980282784
26	13	0.7529321877586527	0.0	0.3617391140906241	0.0	0.5843698044025643	0.0	1.4721205999412117	0.6797377023445434	0.0	0.0	0.0	0.674642168428644	0.0355847458024657	0.0	0.2341108745699774	MenNorm7	0.2405717475605714	normal	0.8725127645168765	14	0.011370805488697124	0.054852223784192466	0.0	0.0	-0.043481418295495344	0.039158900022509664	MenNorm7	0.1261181104213715	0.8044824501433266	141307402.02858678	PODN,CFD,SRPX,GSN,C3,AGTR1,ADH1C,ZFP36L2,APOD,ALDH1A1,SERPINF1,CLSTN2,C1S,VIT,C6,PTGFR,GPC3,MGST1,ADH1B,FBLN2	other_fibrochondrocyte_program	sensitivity_non_msp_or_split_program	sensitivity_k	1	-0.14637017786477052
24	1	0.0	0.0	0.0	0.0	0.0	0.0	0.0	0.0	0.0	0.0	0.0	0.0	0.1268506699342837	0.0936405895245574	0.3994376294350283	MenOA4	0.1101238684107754	OA	0.5591341360139914	14	0.17514332140317798	0.10128885844534724	0.13208161499999999	0.06732088	0.07385446295783074	0.05058508246896685	MenOA3	0.23008610319477446	0.8082851920362498	141902612.2608617	DST,MALAT1,PLCG2,MACF1,DDX17,FTX,NKTR,EDIL3,SYNE1,NEAT1,PTPRD,UACA,UTRN,COL12A1,TNRC6B,ZNF704,ECM2,LTBP2,ZNF638,STEAP2	other_fibrochondrocyte_program	sensitivity_non_msp_or_split_program	sensitivity_k	1	-0.2202477368215508
24	12	0.0	0.0	0.0	0.0	0.0	1.578564750209635	0.0	0.0	0.0	0.0	0.0	0.0	0.0407900295499149	0.0	0.2129028095231016	MenNorm3	0.1213155574657398	normal	0.5341002699781549	14	0.04725534329047124	0.03726611418949908	0.0	0.0	0.009989229100972163	0.019601786199453283	MenNorm3	0.0666288193085595	0.8082851920362498	141902612.2608617	MFAP5,TMSB4X,FBN1,FSTL1,S100A4,SFRP4,S100A6,ANXA2,AQP1,S100A10,TPPP3,FBLN2,TNXB,LINC01133,PRSS23,SCARA5,PLAC9,DKK3,GLIPR2,PPP1R14B	other_fibrochondrocyte_program	sensitivity_non_msp_or_split_program	sensitivity_k	1	-0.2426311149314796
24	10	0.0	0.0	0.0	0.0	1.943238600566202	0.9786531841066286	2.364452426494684	0.801762728258915	0.801762728258915	0.5454431699804685	0.0	0.6454829077978228	0.0390343737831868	0.0	0.2354541357970166	MenNorm6	0.3189614605780026	normal	0.5658639221735238	14	0.04238201149558038	0.03798490534099521	0.00331237315	0.0	0.004397106154585169	0.04609589457859889	MenNorm6	0.1686929864879225	0.8082851920362498	141902612.2608617	HLA-DRB1,HLA-DRB5,CFI,C7,CCN5,HSPH1,COL14A1,CRISPLD1,PTGDS,PTN,AHR,MGAT4C,KCTD12,DNAJB1,APOE,RSPO3,SELENOP,CXCL12,BST2,FGL2	other_fibrochondrocyte_program	sensitivity_non_msp_or_split_program	sensitivity_k	1	-0.39332137748763996
26	10	0.0	0.0	0.0	0.0	1.943238600566202	0.9786531841066286	2.364452426494684	0.801762728258915	0.801762728258915	0.5454431699804685	0.0	0.6454829077978228	0.0371020313656177	0.0	0.2274176498605868	MenNorm6	0.3273492173410258	normal	0.5908235032882648	14	0.03869933057503439	0.03820939130281969	0.0	0.0	0.0004899392722147039	0.04628731958615072	MenNorm6	0.167233415191816	0.8044824501433266	141307402.02858678	HLA-DRB1,CCN5,HLA-DRB5,HSPH1,C7,CFI,COL14A1,CRISPLD1,PTGDS,AHR,PTN,MGAT4C,KCTD12,DNAJB1,RSPO3,APOE,SELENOP,BST2,CCN1,FGL2	other_fibrochondrocyte_program	sensitivity_non_msp_or_split_program	sensitivity_k	1	-0.4100968910136863
24	4	0.7529321877586527	0.0	1.6750012716347	0.0	0.0	0.0	5.307310060964682	0.6797377023445434	0.0	0.0	0.0	0.2789625997593139	0.072119148125014	0.010709828241562	0.3587484507133607	MenNorm1VAS	0.3169390920309201	normal	0.8986949051693649	14	0.017251545700953108	0.11311725875005428	0.0	0.044937266000000003	-0.09586571304910117	0.09309679659251595	MenNorm1VAS	0.31366053707743247	0.8082851920362498	141902612.2608617	GPX3,CYP4B1,SUN2,GPM6B,PLPP3,FBLN1,GALNT15,LINC01088,ANGPTL7,IGFBP6,ADAMTS5,CCDC3,MMP3,PDK4,FAXDC2,GLUL,NTRK2,RIPOR2,CORO6,TSKU	other_fibrochondrocyte_program	sensitivity_non_msp_or_split_program	sensitivity_k	1	-0.694784435474798
26	14	0.0	0.0	0.0	0.0	0.0	1.578564750209635	0.0	0.6797377023445434	0.0	0.0	0.0	-0.7816983576962249	0.0369768577416842	0.0	0.1940926795106712	MenNorm3	0.1239677672395271	normal	0.5291966120756155	14	0.04385103105899846	0.03393576477238704	0.0	0.0	0.009915266286611414	0.018232103107681454	MenNorm3	0.06202099886724182	0.8044824501433266	141307402.02858678	MFAP5,FBN1,TMSB4X,FSTL1,SFRP4,S100A4,FBLN2,ANXA2,LINC01133,S100A6,TPPP3,TNXB,AQP1,S100A10,PRSS23,SCARA5,PLAC9,GLIPR2,DKK3,CD34	other_fibrochondrocyte_program	sensitivity_non_msp_or_split_program	sensitivity_k	1	-1.3695027433475508
24	19	0.7529321877586527	0.0	0.0	0.0	0.0	0.9786531841066286	0.0	1.7410899281542371	0.0	1.7410899281542371	0.0	-1.1363814014549223	0.0050055014597946	0.0	0.0229232588793089	MenNorm3	0.0964921240424034	normal	0.5609591686709504	14	0.0057520763597764405	0.005080896889955376	0.0	0.0	0.000671179469821064	0.0011706886045024679	MenOA5	0.007360401347398575	0.8082851920362498	141902612.2608617	NRXN1,PLP1,CDH19,SCN7A,CHL1,NGFR,AC027013.1,S100B,ARHGAP15,CLDN1,GFRA1,ITGA6,SLC22A3,COL28A1,OLFML2A,NR2F2,CNKSR3,SORCS1,MPZ,MAL	other_fibrochondrocyte_program	sensitivity_non_msp_or_split_program	sensitivity_k	1	-2.1999106136168476
26	21	0.7529321877586527	0.0	0.0	0.0	0.0	0.9786531841066286	0.0	1.7410899281542371	0.0	1.7410899281542371	0.0	-1.1363814014549223	0.004870721184557	0.0	0.0220323948005827	MenNorm3	0.0995350886728289	normal	0.558141222263753	14	0.005642022794378223	0.00492505656645484	0.0	0.0	0.0007169662279233827	0.001239688553394545	MenOA5	0.007480100724402926	0.8044824501433266	141307402.02858678	NRXN1,PLP1,CDH19,SCN7A,CHL1,NGFR,AC027013.1,S100B,ARHGAP15,CLDN1,GFRA1,ITGA6,SLC22A3,COL28A1,OLFML2A,CNKSR3,NR2F2,SORCS1,MPZ,MAL	other_fibrochondrocyte_program	sensitivity_non_msp_or_split_program	sensitivity_k	1	-2.2059965428776986
24	22	0.0	1.5569324892309466	0.0	0.0	0.0	0.0	0.0	3.700311446408953	3.5514323469846767	0.0	3.700311446408953	-2.9319655475239905	0.0021108092221872	0.0	0.0076915135807732	MenOA4	0.2349857476463465	OA	0.5923777720263952	14	0.003131377749464276	0.001598191846715149	0.0	0.0	0.001533185902749127	0.0015890026641002858	MenOA4	0.0066886553542358255	0.8082851920362498	141902612.2608617	CD3D,PTPRC,CD52,NKG7,CCL5,TRBC2,IL7R,TRBC1,CXCR4,SAMSN1,KLRB1,LTB,GZMA,CD69,CD48,TRAC,BCL11B,GZMK,RUNX3,CD37	other_fibrochondrocyte_program	sensitivity_non_msp_or_split_program	sensitivity_k	1	-5.2520927660211605
26	24	0.0	1.5569324892309466	0.0	0.0	0.0	0.0	0.0	3.700311446408953	3.5514323469846767	0.0	3.700311446408953	-2.9319655475239905	0.0020148736214732	0.0	0.0073961340038871	MenOA4	0.2362715450306161	OA	0.5908825832440872	14	0.0030307129690008315	0.001550779011452634	0.0	0.0	0.0014799339575481975	0.0015491485053718598	MenOA4	0.0065241141776756	0.8044824501433266	141307402.02858678	CD3D,PTPRC,CD52,NKG7,CCL5,TRBC2,IL7R,TRBC1,CXCR4,SAMSN1,KLRB1,LTB,GZMA,CD69,CD48,TRAC,BCL11B,GZMK,RUNX3,CD37	other_fibrochondrocyte_program	sensitivity_non_msp_or_split_program	sensitivity_k	1	-5.2546643607896995
26	26	0.0	0.0	0.0	0.0	0.0	0.0	0.0	4.750311446408952	0.0	0.0	4.750311446408952	-5.462858163370295	0.0003778398564138	0.0	0.0008440714595832	MenNorm4	0.1807653357515674	normal	0.5549765439644748	14	0.00041609055132196284	0.000324690230863671	0.0	0.0	9.140032045829185e-05	0.00020818924138520749	MenNorm4	0.0007666446343795524	0.8044824501433266	141307402.02858678	HBM,AHSP,CA1,ALAS2,HBD,HBA1,HBB,HBA2,CA2,HIST1H1B,IKZF1,HIST1H2AL,TRIM58,CD36,NUSAP1,MKI67,HIST1H3G,LINC01118,DOPEY2,C21orf58	other_fibrochondrocyte_program	sensitivity_non_msp_or_split_program	sensitivity_k	1	-8.199544558077907
24	24	0.0	0.0	0.0	0.0	0.0	0.0	0.0	4.750311446408952	0.0	0.0	4.750311446408952	-5.462858163370295	0.0003856574692106	0.0	0.0008685915986528	MenNorm4	0.1848132504472483	normal	0.5598165182612277	14	0.0004167487476844557	0.0003324047764850194	0.0	0.0	8.434397119943626e-05	0.00021345451563780485	MenNorm4	0.0007954745130292022	0.8082851920362498	141902612.2608617	HBM,AHSP,CA1,ALAS2,HBD,HBA1,HBB,HBA2,CA2,HIST1H1B,IKZF1,HIST1H2AL,TRIM58,CD36,NUSAP1,MKI67,HIST1H3G,LINC01118,DOPEY2,C21orf58	other_fibrochondrocyte_program	sensitivity_non_msp_or_split_program	sensitivity_k	1	-8.207640387469269
24	20	0.0	0.0	0.0	0.0	0.0	1.578564750209635	0.0	12.568354511316738	1.529890307549317	2.804738544899634	0.0	-14.453607688014246	0.0038157617654384	0.0	0.0155756760351584	MenNorm4	0.1644726003431023	normal	0.6287361614583302	14	0.0036005590459060642	0.004310136369087674	0.0	0.0	-0.0007095773231816094	0.002566908504934008	MenNorm4	0.008946589212175676	0.8082851920362498	141902612.2608617	PECAM1,GIMAP7,EMCN,ACKR1,SOX18,PLVAP,PCAT19,VWF,CCL14,CD93,SELE,MMRN1,ADGRL4,TFF3,STC1,CCL21,RAMP3,CYYR1,BCAM,CALCRL	other_fibrochondrocyte_program	exclude_contamination_or_non_fibrochondrocyte	sensitivity_k	1	-21.06673014435882
26	22	0.0	0.0	0.0	0.0	0.0	1.578564750209635	0.0	12.918354511316737	1.529890307549317	2.804738544899634	0.0	-14.856107688014246	0.0034754058979642	0.0	0.0147193950333271	MenNorm4	0.1549323720055461	normal	0.6146560193657042	14	0.0034480509045485812	0.0039031100908728297	0.0	0.0	-0.0004550591863242484	0.0023403264645551944	MenNorm4	0.007892027024018861	0.8044824501433266	141307402.02858678	PECAM1,GIMAP7,EMCN,ACKR1,SOX18,PLVAP,PCAT19,VWF,CCL14,CD93,SELE,MMRN1,ADGRL4,TFF3,STC1,CCL21,RAMP3,CYYR1,BCAM,CALCRL	other_fibrochondrocyte_program	exclude_contamination_or_non_fibrochondrocyte	sensitivity_k	1	-21.625149687683706
24	23	1.0691243519392781	0.0	0.3617391140906241	0.0	0.8298087965982188	0.0	0.0	18.521370181298938	1.1798903075493172	0.0	18.521370181298938	-18.92747913176751	0.0014673418438547	0.0	0.0059035188617326	MenOA1	0.1604714127454914	OA	0.5164091434592948	14	0.0019252022065982372	0.0012598082306821104	0.0	0.0	0.0006653939759161268	0.0005910142045969919	MenOA1	0.00332245665500155	0.8082851920362498	141902612.2608617	ANLN,ASPM,TOP2A,CENPF,UBE2C,CEP55,TPX2,MKI67,PIMREG,CCNB2,BIRC5,DEPDC1,CDK1,DIAPH3,PBK,CENPE,NUSAP1,CDC20,STMN1,TYMS	cycling_program	exclude_contamination_or_non_fibrochondrocyte	sensitivity_k	1	-28.50910704790796
26	25	0.7529321877586527	0.0	0.3617391140906241	0.0	0.4798087965982188	0.0	0.0	18.521370181298938	1.1798903075493172	0.0	18.521370181298938	-19.65860012057523	0.0014115858562696	0.0	0.0056927767183048	MenOA1	0.1485401198251919	OA	0.5176817865791775	14	0.0018924212485183698	0.0012138730237661066	0.0	0.0	0.0006785482247522632	0.0005553910845684778	MenOA1	0.003073850795418578	0.8044824501433266	141307402.02858678	ANLN,ASPM,TOP2A,CENPF,CEP55,UBE2C,TPX2,MKI67,PIMREG,CCNB2,BIRC5,DEPDC1,CDK1,DIAPH3,PBK,CENPE,NUSAP1,CDC20,STMN1,TYMS	cycling_program	exclude_contamination_or_non_fibrochondrocyte	sensitivity_k	1	-29.21636545087508
26	20	0.7529321877586527	0.0	0.7117391140906241	0.0	0.0	3.8148220818773018	0.0	18.521370181298938	0.0	18.521370181298938	0.0	-19.899899357003356	0.0077680245485259	0.0	0.0359377126900194	MenNorm6	0.2181629487528121	normal	0.6270439814211941	14	0.007483454788660099	0.008780297983007933	0.0	0.0	-0.0012968431943478345	0.00512178269507455	MenNorm6	0.024576906469324374	0.8044824501433266	141307402.02858678	RGS5,ACTA2,GJA4,TINAGL1,ADGRF5,COX4I2,PPP1R14A,SYNPO2,CD36,MCAM,HIGD1B,FHL5,NOTCH3,TAGLN,IGFBP7,NR2F2,HES4,PLN,COL4A2,COL4A1	mural_muscle_contamination	exclude_contamination_or_non_fibrochondrocyte	sensitivity_k	1	-29.59691034515845
24	18	0.7529321877586527	0.0	0.7117391140906241	0.0	0.0	3.8148220818773018	0.0	18.521370181298938	0.0	18.521370181298938	0.0	-19.899899357003356	0.0080437925174257	0.0	0.0371300605316991	MenNorm6	0.2194140969798301	normal	0.6310673902533985	14	0.007572383245407015	0.00907447531724948	0.0	0.0	-0.0015020920718424651	0.005295760869706246	MenNorm6	0.025250875325564748	0.8082851920362498	141902612.2608617	RGS5,ACTA2,GJA4,TINAGL1,ADGRF5,COX4I2,PPP1R14A,SYNPO2,CD36,MCAM,HIGD1B,FHL5,NOTCH3,TAGLN,IGFBP7,NR2F2,HES4,PLN,COL4A2,COL4A1	mural_muscle_contamination	exclude_contamination_or_non_fibrochondrocyte	sensitivity_k	1	-29.59941264161249
26	23	0.0	4.486837458243198	0.0	0.0	0.0	0.0	0.0	23.816292208536307	23.816292208536307	0.0	0.5454431699804685	-23.574924200310036	0.0023976300872351	0.0	0.0090899076709784	MenOA4	0.2417124640209655	OA	0.669058362850229	14	0.004085617889506501	0.0014535239125095425	0.0	0.0	0.0026320939769969584	0.002058362148307706	MenOA4	0.007914538017589585	0.8044824501433266	141307402.02858678	C1QA,AIF1,C1QB,CYBB,C1QC,FOLR2,TYROBP,MARCO,RNASE1,MS4A6A,MS4A7,VSIG4,HLA-DRA,HLA-DQA1,LYZ,CD163,CD74,S100A8,FCGR3A,MS4A4A	immune_contamination	exclude_contamination_or_non_fibrochondrocyte	sensitivity_k	1	-35.96649523262012
24	21	0.0	4.486837458243198	0.0	0.0	0.0	0.0	0.0	23.816292208536307	23.816292208536307	0.0	0.5454431699804685	-23.574924200310036	0.0024589724491935	0.0	0.0092893565626425	MenOA4	0.2422443664403758	OA	0.6727201381639859	14	0.004156181514318382	0.0014610651672188394	0.0	0.0	0.0026951163470995427	0.0020959309654250517	MenOA4	0.008020532344110957	0.8082851920362498	141902612.2608617	C1QA,AIF1,C1QB,CYBB,C1QC,FOLR2,TYROBP,MARCO,RNASE1,MS4A6A,MS4A7,VSIG4,HLA-DRA,HLA-DQA1,LYZ,CD163,CD74,S100A8,FCGR3A,MS4A4A	immune_contamination	exclude_contamination_or_non_fibrochondrocyte	sensitivity_k	1	-35.96755903745894
22	9	5.142652313930708	15.524227298058277	0.0	0.0	3.7000736594675754	0.0	4.466354042280349	0.0	0.0	0.0	0.0	22.101449898354733	0.0534616727690116	0.0231689173992	0.2081284827871175	MenNorm5	0.1335082596714354	normal	0.6247259177294092	14	0.04828500205584695	0.057776102393146095	0.0145985925	0.029409151	-0.009491100337299142	0.027732061661353363	MenOA5	0.10112824158144301	0.7807298872207149	142485302.25937766	GEM,CDKN1A,ABL2,MAT2A,HMOX1,PPP1R15A,KDM6B,IER3,NFKBIA,IRF1,MYC,NR4A3,NFKBIZ,SOCS3,ARID5B,NR4A2,IL6,ATF3,NR4A1,KCNQ1OT1	senescence_inflammatory	msp_like_other_k_caution_normal_skew	context_k	2	21.834433379011863
16	9	5.142652313930708	15.524227298058277	0.0	0.0	3.3500736594675753	0.0	4.466354042280349	0.0	0.0	0.0	0.0	21.733949898354734	0.0558264141868345	0.0257727807041706	0.2127390523956746	MenOA5	0.1342350715656522	normal	0.6198970420642778	14	0.05102473269941364	0.059899681716884645	0.0177563895	0.0312004305	-0.008874949017471004	0.028406787503735237	MenOA5	0.10515273520570875	0.7744621952155285	144698308.23126858	GEM,CDKN1A,PPP1R15A,ABL2,MAT2A,HMOX1,KDM6B,NFKBIA,IRF1,IER3,MYC,SOCS3,NR4A3,NFKBIZ,ATF3,NR4A2,ARID5B,IL6,KCNQ1OT1,NR4A1	senescence_inflammatory	msp_like_other_k_caution_normal_skew	context_k	2	21.46547975522343
28	7	5.492652313930709	15.524227298058277	0.3617391140906241	0.0	2.562345321246125	0.0	4.466354042280349	0.0	0.0	0.0	0.0	21.58063947879018	0.0514758126341383	0.0224992088743798	0.1989731351132066	MenNorm5	0.1329256149234069	normal	0.624269684997409	14	0.04687337300889258	0.05565945809863722	0.014232024499999999	0.0286470445	-0.008786085089744641	0.024387599446440162	MenNorm5	0.09568847348438475	0.7988720153128822	140839324.06958038	GEM,CDKN1A,MAT2A,KDM6B,PPP1R15A,ABL2,HMOX1,IRF1,IER3,MYC,NFKBIA,SOCS3,NR4A3,NFKBIZ,ARID5B,ATF3,NR4A2,NR4A1,EGR1,IL6	senescence_inflammatory	msp_like_other_k_caution_normal_skew	context_k	2	21.314788248943366
9	3	3.992695314038047	3.1475820997997666	0.0	1.3702585104583136	13.992403477979646	0.0	3.0644524264946837	0.0	0.0	0.0	0.0	21.688742190167826	0.1495915114634023	0.0907775349945411	0.5219329626223211	MenNorm5	0.2203206375955362	normal	0.6370133121014289	14	0.13021746465231165	0.16669634284057971	0.0832870175	0.091935843	-0.03647887818826806	0.13298760823002173	MenNorm5	0.46807887752505	0.7122885393530889	148027667.73398447	RPS17,RPL17,EEF1G,GAS5,NME2,MIF,SNHG29,GABARAP,RNASEK,VEGFA,SEPTIN7,SNHG5,SERPINA3,BMP2,MICOS10,TNFRSF12A,ECRG4,HSPA5,FOSL1,CHAC1	senescence_paracrine_MSP_like	msp_like_other_k_caution_normal_skew	context_k	2	21.248100914976753
30	9	5.142652313930708	15.524227298058277	0.3617391140906241	0.0	2.562345321246125	0.0	4.466354042280349	0.0	0.0	0.0	0.0	21.17813947879018	0.0430456093841663	0.011720342093139	0.1845544900683083	MenNorm5	0.1502431612652832	normal	0.6423961413741077	14	0.03796594899124845	0.04803228160556069	0.0026194232999999997	0.0193828825	-0.010066332614312237	0.02415026737774074	MenNorm5	0.09054520070017806	0.7495418567195152	140564113.74093524	GEM,CDKN1A,KDM6B,MAT2A,ABL2,HMOX1,PPP1R15A,MYC,IRF1,IER3,NR4A3,NFKBIA,SOCS3,ARID5B,NFKBIZ,IL6,GLIS3,NAMPT,NR4A2,CXCL2	senescence_inflammatory	msp_like_other_k_caution_normal_skew	context_k	2	20.877653156259612
20	9	5.142652313930708	15.524227298058277	0.0	0.0	2.562345321246125	0.0	4.466354042280349	0.0	0.0	0.0	0.0	20.90683514322221	0.0538565701699426	0.0240755929184547	0.2078844982882989	MenOA5	0.1328331167984077	normal	0.6219465378941628	14	0.04901474860310053	0.05784720670186556	0.015938155000000002	0.0297598875	-0.008832458098765025	0.027266400939179012	MenOA5	0.10157052078523751	0.7836638522271612	143105734.46445733	GEM,CDKN1A,ABL2,MAT2A,PPP1R15A,HMOX1,KDM6B,IER3,NFKBIA,IRF1,MYC,NR4A3,SOCS3,NFKBIZ,ARID5B,NR4A2,IL6,ATF3,KCNQ1OT1,NR4A1	senescence_inflammatory	msp_like_other_k_caution_normal_skew	context_k	2	20.641168909625396
5	2	2.62791162442478	2.280622610055023	0.0	8.66691987582599	13.642403477979647	0.0	2.364452426494684	0.0	0.0	0.0	0.0	20.978990722171456	0.1938457787815314	0.1416806875214119	0.6413504218853826	MenNorm5	0.2123482443571496	normal	0.5941424792375186	14	0.18162005797305	0.2025995048613978	0.160106135	0.12195228699999999	-0.020979446888347797	0.1436456866160194	MenNorm5	0.5918722549494999	0.9985213610276532	151021527.92571026	RPS17,RPL17,MIF,VEGFA,EEF1G,GAS5,NME2,SNHG29,RNASEK,GABARAP,SEPTIN7,BMP2,SNHG5,TNFRSF12A,SERPINA3,ECRG4,FGF2,PAPSS2,HSPA5,CHAC1	fibrocartilage_matrix	msp_like_other_k_balanced	context_k	2	20.554294233457156
18	10	5.142652313930708	15.524227298058277	0.0	0.0	2.212345321246125	0.0	4.466354042280349	0.0	0.0	0.0	0.0	20.53933514322221	0.0535482271085106	0.0238917986520041	0.2069220971622429	MenOA5	0.1331968518863771	normal	0.6219070850683646	14	0.04879625677847658	0.05752482308438098	0.016046355499999998	0.0296365785	-0.0087285663059044	0.026963101429980568	MenOA5	0.10115854010837999	0.7800992908893756	143785083.70412406	GEM,CDKN1A,ABL2,MAT2A,PPP1R15A,HMOX1,KDM6B,NFKBIA,IER3,IRF1,MYC,NR4A3,SOCS3,NFKBIZ,ARID5B,NR4A2,IL6,ATF3,NR4A1,KCNQ1OT1	senescence_inflammatory	not_prioritized	context_k	2	20.272941439449458
8	3	2.97791162442478	3.1475820997997666	0.0	1.3702585104583136	13.642403477979647	0.0	3.0644524264946837	0.0	0.0	0.0	0.0	20.15424094711257	0.1591976904643817	0.1011422320261446	0.5490962321808079	MenNorm5	0.2193167066220825	normal	0.6282755441000343	14	0.14140464828197524	0.1746125014130931	0.0988837255	0.09839131500000001	-0.03320785313111785	0.13546118184230826	MenNorm5	0.495728187041625	0.7013022166166022	148671761.49681348	RPS17,RPL17,EEF1G,GAS5,MIF,NME2,SNHG29,VEGFA,RNASEK,GABARAP,SEPTIN7,SNHG5,SERPINA3,BMP2,TNFRSF12A,MICOS10,ECRG4,HSPA5,FOSL1,CHAC1	senescence_paracrine_MSP_like	msp_like_other_k_caution_normal_skew	context_k	2	19.715607533868404
7	3	2.97791162442478	3.1475820997997666	0.0	1.3702585104583136	13.642403477979647	0.0	3.0644524264946837	0.0	0.0	0.0	0.0	20.15424094711257	0.157724363718917	0.0987013900779975	0.5480093779921235	MenNorm5	0.2196825555395737	normal	0.6374243163234452	14	0.13689212702628192	0.17590527728373775	0.093058875	0.09857901999999999	-0.03901315025745583	0.13586700467033605	MenNorm5	0.49549850911214044	0.7679169861686888	149407182.88119596	RPS17,RPL17,EEF1G,GAS5,MIF,NME2,SNHG29,VEGFA,RNASEK,GABARAP,SEPTIN7,SNHG5,SERPINA3,BMP2,MICOS10,TNFRSF12A,HSPA5,ECRG4,FOSL1,CHAC1	senescence_paracrine_MSP_like	msp_like_other_k_caution_normal_skew	context_k	2	19.71487583603342
6	4	2.97791162442478	3.1475820997997666	0.0	1.3702585104583136	13.642403477979647	0.0	3.0644524264946837	0.0	0.0	0.0	0.0	20.15424094711257	0.149901965463835	0.0885453182714729	0.5374613311971905	MenNorm5	0.2264276203363734	normal	0.644238549495451	14	0.1279537214863696	0.16869099238302304	0.081218755	0.089809749	-0.04073727089665344	0.13462845703747664	MenNorm5	0.484638363094895	0.9463005189929532	150103051.70879626	RPS17,RPL17,EEF1G,MIF,GAS5,NME2,SNHG29,VEGFA,RNASEK,GABARAP,SEPTIN7,SNHG5,SERPINA3,BMP2,TNFRSF12A,MICOS10,HSPA5,ECRG4,FOSL1,CHAC1	senescence_paracrine_MSP_like	msp_like_other_k_caution_normal_skew	context_k	2	19.701385706439822
10	5	2.97791162442478	3.497582099799766	0.0	0.7315048408184566	11.78437820088605	0.0	5.657310060964683	0.0	0.0	0.0	0.0	17.822554461860328	0.0922472729964769	0.0381461934099337	0.3952273583245687	MenNorm5	0.2595164207932878	normal	0.7544734828099767	14	0.0537971193137552	0.12007371636805345	0.012215386	0.060475817	-0.06627659705429825	0.0893207795895991	MenNorm5	0.3404094730417025	0.7563726184356605	147404826.03554556	VEGFA,TNFRSF12A,RPS17,BMP2,HSPA5,MIF,RPL17,FOSL1,PTGS2,SERPINA3,GAS5,EEF1G,KDM6B,SDF2L1,CDKN1A,ANGPTL4,NME2,SNHG29,INHBA,CHAC1	senescence_paracrine_MSP_like	msp_like_other_k_caution_normal_skew	context_k	2	17.303521620273752
30	23	0.4029321877586527	3.497582099799766	0.3617391140906241	2.1980882536391944	9.378707214994515	0.0	1.4721205999412117	0.0	0.0	0.0	0.0	13.810361655486014	0.0135705640698616	0.0	0.0700683622811154	MenNorm5	0.2731806146146596	normal	0.601346706723299	14	0.012865342131046552	0.01434985136587426	0.0	0.0	-0.0014845092348277078	0.012005428669742047	MenNorm5	0.052692364638816006	0.7495418567195152	140564113.74093524	IL11,INHBA,FGF1,PTGS2,FGF2,KRT16,TNFRSF12A,WNT16,HSPA5,BMP2,MSMO1,KRT17,DGKI,LIF,INSIG1,FHL2,ADPRHL1,S100A2,SYNJ2,CLDN4	angiogenic_paracrine	msp_like_other_k_caution_normal_skew	context_k	2	13.264000426256695
28	20	0.4029321877586527	3.497582099799766	0.3617391140906241	2.1980882536391944	9.028707214994515	0.0	0.7762558389660554	0.0	0.0	0.0	0.0	13.58203460768105	0.0156451355941781	0.0	0.0846012134374988	MenNorm5	0.277271723360648	normal	0.6092058063077902	14	0.014536464154351543	0.016665478653525696	0.0	0.0	-0.0021290144991741537	0.014038304323968154	MenNorm5	0.06075189641255375	0.7988720153128822	140839324.06958038	IL11,INHBA,FGF2,FGF1,PTGS2,WNT16,TNFRSF12A,KRT16,HSPA5,MSMO1,BMP2,INSIG1,KRT17,DGKI,LIF,FHL2,ADPRHL1,TNFRSF11B,ABI3BP,S100A2	angiogenic_paracrine	msp_like_other_k_caution_normal_skew	context_k	2	13.027491160959755
16	11	0.0	2.630622610055023	0.3617391140906241	3.5287864514845104	10.078707214994514	0.0	1.4721205999412117	0.0	0.0	0.0	0.0	13.677748622741863	0.0449222678946428	0.0	0.2642670684306029	MenNorm5	0.3970637844585228	normal	0.7742538314664787	14	0.024360026810630837	0.061088346531421006	0.0	0.0	-0.03672831972079017	0.06251364464289118	MenNorm5	0.24830093541888748	0.7744621952155285	144698308.23126858	VEGFA,HSPA5,TNFRSF12A,IL11,SDF2L1,MIF,BMP2,ANGPTL4,FGF2,RPS17,SLC2A1,INHBA,PTGS2,RFLNB,RPL17,EIF4EBP1,BHLHE40,SERPINA3,SIPA1L2,PAPSS2	angiogenic_paracrine	msp_like_other_k_caution_normal_skew	context_k	2	12.883621053824816
20	11	0.0	2.630622610055023	0.3617391140906241	3.5287864514845104	10.078707214994514	0.0	1.4721205999412117	0.0	0.0	0.0	0.0	13.677748622741863	0.0440774781992924	0.0	0.2522131700074313	MenNorm5	0.3989370574579696	normal	0.7636601830432657	14	0.025009982708938946	0.059292903589890006	0.0	0.0	-0.03428292088095106	0.060451012335999074	MenNorm5	0.24436503879636	0.7836638522271612	143105734.46445733	VEGFA,HSPA5,IL11,TNFRSF12A,SDF2L1,BMP2,MIF,FGF2,ANGPTL4,INHBA,SLC2A1,RPS17,PTGS2,RFLNB,BHLHE40,EIF4EBP1,PAPSS2,RPL17,SIPA1L2,SOX9	angiogenic_paracrine	msp_like_other_k_caution_normal_skew	context_k	2	12.879874507825924
18	11	0.0	2.630622610055023	0.3617391140906241	3.5287864514845104	10.078707214994514	0.0	1.4721205999412117	0.0	0.0	0.0	0.0	13.677748622741863	0.0425114601887535	0.0	0.249323990550258	MenNorm5	0.408524213757065	normal	0.7786239225079702	14	0.022700183390600273	0.05822057059753465	0.0	0.0	-0.03552038720693438	0.05989123154321365	MenNorm5	0.2410537442289875	0.7800992908893756	143785083.70412406	VEGFA,HSPA5,TNFRSF12A,IL11,SDF2L1,BMP2,MIF,FGF2,ANGPTL4,INHBA,SLC2A1,RPS17,PTGS2,RFLNB,EIF4EBP1,BHLHE40,RPL17,PAPSS2,SIPA1L2,SOX9	angiogenic_paracrine	msp_like_other_k_caution_normal_skew	context_k	2	12.860700195227732
22	16	0.4029321877586527	3.497582099799766	0.9750012716347	2.548088253639194	7.4642118264532	0.0	0.7762558389660554	0.0	0.0	0.0	0.0	12.486761067870725	0.0199049182554271	0.0	0.1034024528027733	MenNorm5	0.2718656780271761	normal	0.630334510564246	14	0.01750964654846806	0.022015826466861333	0.0	0.0	-0.004506179918393274	0.017207686266935793	MenNorm5	0.0756012183970575	0.7807298872207149	142485302.25937766	IL11,INHBA,FGF2,FGF1,PTGS2,WNT16,TNFRSF12A,KRT16,MSMO1,ABI3BP,HSPA5,INSIG1,BMP2,DGKI,KRT17,FHL2,LIF,DSP,TNFRSF11B,SQLE	angiogenic_paracrine	msp_like_other_k_caution_normal_skew	context_k	2	11.943029711816374
5	4	1.4191243519392782	0.8569324892309466	9.802590342277828	4.641352345640813	0.9343698044025642	0.6286531841066286	0.0	0.0	0.0	0.0	0.0	11.85375475831774	0.1861046677909368	0.1301985080576883	0.6071647470505507	MenOA1	0.1880697216242463	OA	0.7428228071084703	14	0.3248245844029163	0.08133614660697173	0.293326215	0.0210532385	0.24348843779594453	0.14691367767415212	MenOA1	0.47348877204809275	0.9985213610276532	151021527.92571026	SPARC,COL1A2,ASPN,COL5A2,COL3A1,DPT,COL5A1,COL1A1,CRLF1,TGFBI,S100A4,CCND1,DKK3,FN1,FMOD,ANGPTL2,LOXL2,MXRA5,ISLR,AQP1	fibrotic_ECM_remodeling	not_prioritized	context_k	2	11.477615315069247
22	10	1.0691243519392781	1.2069324892309465	0.0	0.7315048408184566	8.820554591531096	0.0	1.8221205999412116	0.6797377023445434	0.0	0.0	0.0	10.553721674204272	0.0442354398628937	0.0	0.2494170358911848	MenNorm5	0.3537824676716937	normal	0.8028424569317446	14	0.020576260656533694	0.06252082893291433	0.0	0.00113718625	-0.041944568276380635	0.05820803528116641	MenNorm5	0.218092907287225	0.7807298872207149	142485302.25937766	VEGFA,MIF,SLC2A1,SDF2L1,RPL17,BHLHE40,RPS17,EGLN3,ANGPTL4,HSPA5,SNHG29,NME2,ERRFI1,BNIP3,EEF1G,GAS5,PTGES,H19,ANKRD37,ZNF395	angiogenic_paracrine	not_prioritized	context_k	2	9.506287887688613
22	13	2.97791162442478	0.660619062451106	5.201505754662355	0.3815048408184566	1.593238600566202	0.0	0.0	0.0	0.0	0.0	0.0	9.65553062796783	0.0412915810673515	0.0	0.2187159286959992	MenOA5	0.2534012750975901	OA	0.8409128417766093	14	0.08177503064640466	0.011221831206668203	0.035734696499999996	0.0	0.07055319943973647	0.04273826038332485	MenOA5	0.14385144755331	0.7807298872207149	142485302.25937766	SPARC,COL3A1,DKK3,CCND1,ASPN,TGFBI,LOXL2,COL1A2,COL5A2,COL5A1,MXRA5,C12orf75,COL1A1,TNC,SERPINE1,COL8A1,DPT,TREM1,COL15A1,TSPAN2	other_fibrochondrocyte_program	not_prioritized	context_k	2	9.148728077772649
28	15	2.97791162442478	0.660619062451106	6.395648428390128	0.0	0.8298087965982188	0.0	0.0	0.0	0.0	0.0	0.0	9.654160128892663	0.0310899943455857	0.0	0.1653590763663246	MenOA1	0.2636663282999987	OA	0.8136494559136171	14	0.06060993865907349	0.010024208157944763	0.016061063	0.0	0.05058573050112873	0.03199159594344184	MenOA1	0.11286756109632501	0.7988720153128822	140839324.06958038	SPARC,LOXL2,COL3A1,COL1A2,CCND1,COL5A1,COL5A2,COL1A1,TGFBI,DKK3,MXRA5,RFLNB,C12orf75,DPT,SERPINE1,ASPN,AQP1,CD70,COL8A1,ITGB1	other_fibrochondrocyte_program	not_prioritized	context_k	2	9.126827472292666
20	5	0.4029321877586527	0.31061906245110604	2.12410455900652	23.651685955090866	0.9343698044025642	0.0	0.0	0.0	0.0	0.0	0.0	9.21448642165619	0.0783544082241378	0.0167728127925761	0.3442792241099834	MenOA1	0.2087348672265272	OA	0.7516574487984682	14	0.13497198122248139	0.03301663367387677	0.09163250749999999	0.0	0.10195534754860461	0.06666825195106857	MenOA1	0.221829785828945	0.7836638522271612	143105734.46445733	COL2A1,SCRG1,FMOD,CILP2,SBSPON,CLEC3A,COL9A3,COL11A1,FIBIN,COL11A2,SMOC2,COMP,TSPAN2,S100A1,MGP,SPARC,COL9A2,OGN,AQP3,SERPINA5	fibrocartilage_matrix	not_prioritized	context_k	2	8.797016687203136
16	5	0.0	0.0	2.12410455900652	26.06106346016496	0.9343698044025642	0.0	0.0	0.0	0.0	0.0	0.0	9.089432578918823	0.1013857118405009	0.0281029594720431	0.4153099203277737	MenOA1	0.1909636070159171	OA	0.72355954321875	14	0.16957554241291825	0.04762231418518739	0.12756776	0.0	0.12195322822773086	0.08224947276526023	MenOA1	0.2666717824170033	0.7744621952155285	144698308.23126858	SCRG1,FMOD,COL2A1,CILP2,SBSPON,CLEC3A,COL9A3,FIBIN,SMOC2,COMP,COL11A1,MGP,COL11A2,TSPAN2,OGN,SPARC,C2orf40,ACAN,COL9A2,S100A1	fibrocartilage_matrix	not_prioritized	context_k	2	8.707505364886988
7	2	0.0	0.660619062451106	3.423300698215905	21.103378045797758	0.5843698044025643	0.6286531841066286	0.0	0.0	0.0	0.0	0.0	9.018434532817501	0.1823307731288244	0.1028194747400627	0.5987081306398631	MenOA1	0.1645632158934916	OA	0.6453279643846497	14	0.269331254969952	0.10999851863926759	0.24272801500000002	0.027603386	0.15933273633068445	0.12598015818000738	MenOA1	0.4073475235529525	0.7679169861686888	149407182.88119596	SCRG1,FMOD,SBSPON,PRDX4,COL2A1,CLU,CILP2,HTRA1,OGN,MGP,CRLF1,TSPAN2,NDUFA4L2,FN1,CILP,S100A1,COMP,LUM,PRELP,SERPINA5	fibrocartilage_matrix	not_prioritized	context_k	2	8.689308101030518
6	2	0.0	0.660619062451106	3.423300698215905	21.103378045797758	0.5843698044025643	0.6286531841066286	0.0	0.0	0.0	0.0	0.0	9.018434532817501	0.1818920240396609	0.100328899619722	0.6023652627305034	MenOA1	0.1655311838090156	OA	0.6524421421531368	14	0.27256482511514474	0.10766998500859096	0.24589613999999999	0.0222124665	0.16489484010655378	0.12735274322859258	MenOA1	0.4097504706976875	0.9463005189929532	150103051.70879626	SCRG1,FMOD,SBSPON,PRDX4,COL2A1,OGN,CILP2,HTRA1,CLU,TSPAN2,MGP,CRLF1,FN1,CILP,NDUFA4L2,LUM,S100A1,COMP,PRELP,SERPINA5	fibrocartilage_matrix	not_prioritized	context_k	2	8.68737216519947
30	6	0.0	0.0	3.073300698215905	23.301685955090864	0.9343698044025642	0.6286531841066286	0.0	0.0	0.0	0.0	0.0	9.111485307057338	0.0480617233343032	0.0	0.2506522538898333	MenOA1	0.2566276896149256	OA	0.7653102056996712	14	0.08532106575693152	0.01927106752963106	0.026072796500000002	0.0	0.06604999822730045	0.04950706761802901	MenOA1	0.16789446111811349	0.7495418567195152	140564113.74093524	COL2A1,COL9A3,CLEC3A,SBSPON,COL11A2,CILP2,FMOD,SCRG1,COL11A1,COL9A2,S100A1,AQP3,FIBIN,TSPAN2,SPARC,SMOC2,HAPLN1,SERPINA5,ACAN,MGP	fibrocartilage_matrix	not_prioritized	context_k	2	8.598229927827486
28	8	1.4191243519392782	1.2069324892309465	0.3617391140906241	1.3702585104583136	7.15114543363508	0.0	1.8221205999412116	0.6797377023445434	0.0	0.0	0.0	9.634334811391387	0.0393224589982647	0.0	0.2410393917891469	MenNorm5	0.3847967636539922	normal	0.8531072152060539	14	0.013797944722424876	0.05926012243375137	0.0	0.0	-0.04546217771132649	0.05647573372553165	MenNorm5	0.211906460112757	0.7988720153128822	140839324.06958038	VEGFA,MIF,RPL17,RPS17,SLC2A1,SDF2L1,SNHG29,ANGPTL4,GAS5,EGLN3,BHLHE40,NME2,HSPA5,EEF1G,ERRFI1,PTGES,BNIP3,RNASEK,H19,ANKRD37	angiogenic_paracrine	not_prioritized	context_k	2	8.524872432911131
8	2	0.0	0.660619062451106	3.423300698215905	20.40337804579776	0.5843698044025643	0.6286531841066286	0.0	0.0	0.0	0.0	0.0	8.8434345328175	0.1846920426184524	0.1076896058904313	0.5998931701590903	MenOA1	0.1637588055380782	OA	0.6372258954061054	14	0.26950102835744955	0.11372267597965116	0.24188238499999998	0.035224758	0.15577835237779838	0.12592590359193317	MenOA1	0.4114334956923875	0.7013022166166022	148671761.49681348	SCRG1,FMOD,PRDX4,SBSPON,COL2A1,HTRA1,CLU,CRLF1,CILP2,OGN,FN1,MGP,NDUFA4L2,TSPAN2,CILP,S100A1,LUM,COMP,PRELP,CAPS	fibrocartilage_matrix	not_prioritized	context_k	2	8.515916921741344
30	8	1.4191243519392782	1.2069324892309465	0.3617391140906241	0.7315048408184566	7.15114543363508	0.0	1.8221205999412116	0.6797377023445434	0.0	0.0	0.0	9.474646393981423	0.0394066106416486	0.0	0.2381102284828472	MenNorm5	0.3717850394793748	normal	0.8533886280205337	14	0.01380825877549307	0.05957040959618284	0.0	0.0	-0.04576215082068977	0.054190991588469614	MenNorm5	0.206925810910651	0.7495418567195152	140564113.74093524	VEGFA,MIF,SLC2A1,RPL17,ANGPTL4,RPS17,SDF2L1,EGLN3,SNHG29,HSPA5,BHLHE40,GAS5,ERRFI1,NME2,EEF1G,BNIP3,PTGES,ANKRD37,H19,ZNF395	angiogenic_paracrine	not_prioritized	context_k	2	8.391207463850403
30	11	2.97791162442478	0.660619062451106	5.201505754662355	0.0	0.8298087965982188	0.6286531841066286	0.0	0.0	0.0	0.0	0.0	8.758553123596833	0.0345234444398176	0.0	0.180987265763489	MenOA1	0.2538154608058903	OA	0.8137670136995886	14	0.06731833949244678	0.011074970534450444	0.022341848499999997	0.0	0.05624336895799634	0.03496450491915	MenOA1	0.12085574262217276	0.7495418567195152	140564113.74093524	SPARC,LOXL2,COL1A2,COL3A1,CCND1,COL5A1,TGFBI,DKK3,COL5A2,COL1A1,MXRA5,RFLNB,C12orf75,ASPN,DPT,AQP1,SERPINE1,COL8A1,ITGB1,COL6A1	other_fibrochondrocyte_program	not_prioritized	context_k	2	8.250922201985052
18	5	0.4029321877586527	0.31061906245110604	2.12410455900652	21.45337804579776	0.9343698044025642	0.0	0.0	0.0	0.0	0.0	0.0	8.664909444332913	0.0815640081447586	0.017383739725036	0.3573593490495962	MenOA1	0.2085150451690614	OA	0.7554363141928468	14	0.14192529561397602	0.03391162679119938	0.098193245	0.0	0.10801366882277663	0.06990217353959008	MenOA1	0.23253532088583168	0.7800992908893756	143785083.70412406	COL2A1,FMOD,SCRG1,CILP2,SBSPON,CLEC3A,COL9A3,COL11A1,FIBIN,SMOC2,COL11A2,TSPAN2,SPARC,COMP,OGN,MGP,S100A1,COL9A2,AQP3,SERPINA5	fibrocartilage_matrix	not_prioritized	context_k	2	8.24787935399479
22	5	0.0	0.0	2.12410455900652	23.651685955090866	0.9343698044025642	0.6286531841066286	0.0	0.0	0.0	0.0	0.0	8.487088202650298	0.0700377312172897	0.0109544481191726	0.3197088178872126	MenOA2	0.2083859493560361	OA	0.7401431796809164	14	0.11855095168012603	0.030960132565244578	0.06781436	0.0	0.08759081911488145	0.06015454124376883	MenOA1	0.196450455577945	0.7807298872207149	142485302.25937766	COL2A1,SCRG1,SBSPON,COL9A3,FMOD,CLEC3A,CILP2,COL11A2,FIBIN,COL11A1,SMOC2,MGP,COL9A2,S100A1,COMP,OGN,AQP3,TSPAN2,ACAN,SPARC	fibrocartilage_matrix	not_prioritized	context_k	2	8.070316303938226
9	2	0.4029321877586527	0.0	0.3617391140906241	26.76106346016496	0.5843698044025643	0.6286531841066286	0.42625583896605546	0.0	0.0	0.0	0.0	7.95327934336114	0.2022303197456257	0.1152441400899313	0.6299146506400705	MenNorm2	0.1479915945995267	OA	0.5703113024149202	14	0.2668345979401477	0.14861956653279573	0.23268962999999998	0.0525887365	0.11821503140735196	0.13524854724872798	MenNorm2	0.404474077976195	0.7122885393530889	148027667.73398447	SCRG1,COMP,FMOD,CILP2,C2orf40,MGP,CILP,DCN,PRELP,SBSPON,FIBIN,CLEC3A,COL9A3,COL2A1,ACAN,SMOC2,BGN,FRZB,C9orf3,FBXO2	fibrocartilage_matrix	not_prioritized	context_k	2	7.657296154162086
10	2	0.4029321877586527	0.0	0.3617391140906241	26.76106346016496	0.5843698044025643	0.6286531841066286	0.42625583896605546	0.0	0.0	0.0	0.0	7.95327934336114	0.1884448487652076	0.1030261998473401	0.6024290448335077	MenNorm2	0.1519113963833096	OA	0.5587892152561552	14	0.24317131582778792	0.14203648198737695	0.199872265	0.049045758	0.10113483384041097	0.1283813536783442	MenNorm2	0.38557704978971247	0.7563726184356605	147404826.03554556	SCRG1,COMP,CILP2,FMOD,C2orf40,MGP,SBSPON,CILP,DCN,PRELP,CLEC3A,COL2A1,COL9A3,FIBIN,ACAN,C9orf3,BGN,SMOC2,FBXO2,FRZB	fibrocartilage_matrix	not_prioritized	context_k	2	7.649456550594521
28	6	0.0	0.0	2.4741045590065203	21.103378045797758	0.9343698044025642	0.6286531841066286	0.0	0.0	0.0	0.0	0.0	8.112511225327022	0.0598038668783139	0.0015441934901479	0.2962761946937965	MenOA1	0.2400189510649389	OA	0.7680289758384102	14	0.10511965738003246	0.0232331272365925	0.048447967999999994	0.0	0.08188653014343995	0.059091961003305105	MenOA1	0.193919630717679	0.7988720153128822	140839324.06958038	COL2A1,SBSPON,COL9A3,CLEC3A,SCRG1,FMOD,COL11A2,CILP2,COL11A1,FIBIN,COL9A2,SMOC2,MGP,AQP3,S100A1,TSPAN2,OGN,HAPLN1,ACAN,SPARC	fibrocartilage_matrix	not_prioritized	context_k	2	7.632473323197145
30	4	3.992695314038047	2.280622610055023	0.0	2.898088253639194	1.8287224890894422	0.0	5.307310060964682	0.45176272825891506	0.45176272825891506	0.0	0.0	7.5938203569535485	0.0891173594344034	0.0443867957641255	0.324188909455124	MenOA4	0.1468920088716762	OA	0.5329672350740122	14	0.10968101649388354	0.07017175138042599	0.068771867	0.025081013	0.03950926511345755	0.050012451421443054	MenNorm3	0.16936482058028	0.7495418567195152	140564113.74093524	GADD45B,RGS16,TSC22D1,ID3,ID1,FOS,MAFB,IER5,IER3,RASD1,CITED2,CHI3L2,LAG3,KLF2,MGP,THUMPD3-AS1,NFKBIA,C2orf40,DCN,SOX4	other_fibrochondrocyte_program	not_prioritized	context_k	2	7.074154975080739
22	2	3.642695314038047	0.31061906245110604	0.0	9.36691987582599	0.9343698044025642	0.0	2.364452426494684	0.0	0.0	0.0	0.0	7.303053592507448	0.1320148805515186	0.0727201113738984	0.4942915380569771	MenNorm3	0.2408534534141968	normal	0.6707902789903017	14	0.09949122950783079	0.14996746999390084	0.064184477	0.075021365	-0.05047624048607005	0.11942706291262135	MenNorm3	0.429854332357	0.7807298872207149	142485302.25937766	FRZB,RGS16,GADD45B,MT-ND5,IER3,CLU,C9orf3,MT-CO3,CRYAB,CKB,NDUFA4L2,GADD45G,HES1,FBXO2,TPRG1,C2orf40,ID1,FHL1,EMP3,FGFBP2	fibrocartilage_matrix	not_prioritized	context_k	2	6.821346685679054
18	3	0.4029321877586527	2.280622610055023	0.7117391140906241	0.0	6.80114543363508	0.0	10.32518703309156	0.45176272825891506	0.45176272825891506	0.0	0.0	7.492343731237957	0.1175342806535146	0.0340147700328139	0.5612693280433511	MenNorm4	0.2377500571788209	normal	0.8386263168499531	14	0.04249143724471877	0.16879023368857163	0.0	0.077629632	-0.12629879644385286	0.122027308261545	MenNorm1AVAS	0.3970769777653325	0.7800992908893756	143785083.70412406	MT2A,MT1E,MT1X,MT1M,CHI3L1,LOX,EGLN3,DDIT4,SLC25A37,AC008592.5,SOD2,GLRX,ANGPTL4,MT1G,BNIP3,ERRFI1,CDA,EFNA1,GPX3,TMEM204	angiogenic_paracrine	msp_like_other_k_caution_normal_skew	context_k	2	6.790962252750858
20	3	0.4029321877586527	2.280622610055023	0.7117391140906241	0.0	6.80114543363508	0.0	10.32518703309156	0.45176272825891506	0.45176272825891506	0.0	0.0	7.492343731237957	0.1129752208872015	0.029648922595975	0.5480845894906791	MenNorm4	0.239103213663944	normal	0.8432228409945907	14	0.039497455339190836	0.16276713376438198	0.0	0.071828235	-0.12326967842519115	0.11865316088781463	MenNorm1AVAS	0.3856042975742811	0.7836638522271612	143105734.46445733	MT2A,MT1E,MT1X,MT1M,CHI3L1,LOX,EGLN3,DDIT4,SLC25A37,AC008592.5,SOD2,GLRX,ANGPTL4,MT1G,BNIP3,ERRFI1,CDA,EFNA1,GPX3,TMEM204	angiogenic_paracrine	msp_like_other_k_caution_normal_skew	context_k	2	6.788255939780612
28	11	1.0691243519392781	1.2069324892309465	0.3617391140906241	6.9230430441662545	3.2623453212461246	0.0	0.42625583896605546	0.0	0.0	0.0	0.0	7.597662136701227	0.0449948895702356	0.0	0.25312903791689	MenOA5	0.4065032776595831	OA	0.7973130605559755	14	0.08347375796270828	0.015233500537473483	0.0350538695	0.0	0.0682402574252348	0.06463377247478647	MenOA5	0.25057761702810877	0.7988720153128822	140839324.06958038	CCN2,NME2,CRIP1,OGN,EEF1G,SNHG29,MICOS10,RNASEK,LUM,GABARAP,ASPN,CILP,ECRG4,RPL17,MIF,CCN1,H19,DCN,SEPTIN7,RPS17	other_fibrochondrocyte_program	not_prioritized	context_k	2	6.784655581382061
20	12	1.0691243519392781	0.31061906245110604	8.397588545289775	0.0	0.5843698044025643	0.9786531841066286	0.0	0.8954431699804685	0.0	0.8954431699804685	0.0	7.375539265926095	0.0436664933262915	0.004297062667068	0.2121158358336992	MenOA1	0.2314315657239403	OA	0.8262849809248386	14	0.08788869452113525	0.013113311431804926	0.0402743285	0.0	0.07477538308933032	0.04521486628527625	MenOA1	0.1413914252219495	0.7836638522271612	143105734.46445733	COL1A1,COL1A2,POSTN,SPARC,COL5A2,LGALS1,TGFBI,COL6A1,LOXL2,CTHRC1,SPON2,COL3A1,COL6A3,MXRA5,FNDC1,TPM1,ITGB1,COL6A2,LRRC15,COL5A1	fibrotic_ECM_remodeling	not_prioritized	context_k	2	6.46495454948798
18	14	1.0691243519392781	0.31061906245110604	8.397588545289775	0.0	0.5843698044025643	0.9786531841066286	0.0	0.8954431699804685	0.0	0.8954431699804685	0.0	7.375539265926095	0.0392078004618189	0.0016168355028722	0.1970092314379309	MenOA1	0.2344219357508607	OA	0.8272405197934821	14	0.07911576776622624	0.011713480827902294	0.031387318	0.0	0.06740228693832395	0.04131583390937458	MenOA1	0.1285248252452755	0.7800992908893756	143785083.70412406	COL1A1,COL1A2,POSTN,COL5A2,SPARC,LGALS1,COL6A1,CTHRC1,TGFBI,SPON2,LOXL2,COL6A3,FNDC1,TPM1,COL3A1,MXRA5,LRRC15,ITGB1,COL6A2,AEBP1	fibrotic_ECM_remodeling	not_prioritized	context_k	2	6.45897380943414
30	13	1.0691243519392781	0.660619062451106	0.3617391140906241	6.573043044166255	3.2623453212461246	0.0	0.42625583896605546	0.0	0.0	0.0	0.0	7.045795723938363	0.0394545562632735	0.0	0.2257674811101167	MenOA5	0.4098118287408845	OA	0.7782285519410195	14	0.07168782258640156	0.014682420986264483	0.025909799	0.0	0.05700540160013708	0.05853757393159376	MenOA5	0.220678003363715	0.7495418567195152	140564113.74093524	CCN2,NME2,CRIP1,EEF1G,SNHG29,GABARAP,OGN,RNASEK,MICOS10,RPL17,ECRG4,MIF,CILP,H19,CCN1,RPS17,SEPTIN7,LUM,ASPN,DCN	other_fibrochondrocyte_program	not_prioritized	context_k	2	6.226172066456593
9	7	0.7529321877586527	1.2069324892309465	4.123300698215905	0.3815048408184566	1.243238600566202	2.278564750209635	0.0	0.0	0.0	0.0	0.0	6.38501689622981	0.07189113618317	0.0115689853734947	0.3530103344819706	MenOA1	0.1620824855375394	OA	0.6473761349007533	14	0.10595588456625968	0.04357453400464992	0.034983741	0.00150207255	0.06238135056160976	0.04323850555114457	MenOA1	0.1553782561833125	0.7122885393530889	148027667.73398447	CRLF1,CD55,FN1,HTRA1,TREM1,TNFAIP6,DYSF,SMOC1,CCDC80,CAPS,NECTIN4,TNFRSF11B,ADGRG2,PRDX4,SLC7A2,IGFBP5,AMTN,PTGES,ADAMTS6,CRTAC1	other_fibrochondrocyte_program	not_prioritized	context_k	2	6.060851925154731
10	7	1.0691243519392781	0.31061906245110604	6.745648428390129	0.0	0.5843698044025643	0.9786531841066286	0.0	0.5454431699804685	0.0	0.5454431699804685	0.0	6.53908417825136	0.073450282311546	0.0204091986136473	0.327622769244495	MenOA1	0.193179496683179	OA	0.7342782412245453	14	0.13014384470875703	0.033966245204643836	0.06871332499999999	0.0018151885	0.0961775995041132	0.05832939401484172	MenOA1	0.195367463917518	0.7563726184356605	147404826.03554556	COL1A1,COL1A2,COL6A1,LGALS1,POSTN,COL5A2,COL6A2,SPARC,TGFBI,COL6A3,MXRA5,FNDC1,COL3A1,DKK3,SPON2,LOXL2,ITGB1,TPM1,TMSB4X,LRRC15	other_fibrochondrocyte_program	not_prioritized	context_k	2	5.880003599894769
16	10	1.0691243519392781	0.31061906245110604	6.745648428390129	0.0	0.5843698044025643	0.9786531841066286	0.0	0.5454431699804685	0.0	0.5454431699804685	0.0	6.53908417825136	0.0486580790245445	0.0044688036131534	0.2355159336676971	MenOA1	0.2166493599104297	OA	0.7745342398161373	14	0.09234651516307348	0.019374380331680627	0.039919015	0.0	0.07297213483139285	0.043714578718703774	MenOA1	0.14762772286981327	0.7744621952155285	144698308.23126858	COL1A1,COL1A2,POSTN,LGALS1,COL6A1,SPARC,COL5A2,TGFBI,LOXL2,SPON2,CTHRC1,FNDC1,COL6A2,COL3A1,COL6A3,MXRA5,CRABP2,TPM1,ITGB1,DKK3	other_fibrochondrocyte_program	not_prioritized	context_k	2	5.833063873440267
28	2	1.4191243519392782	0.0	0.0	16.117342518842573	0.5843698044025643	0.6286531841066286	1.1221205999412116	0.0	0.0	0.0	0.0	6.050492809075263	0.0962867461207052	0.027885500842668	0.4029179539282546	MenNorm3	0.2244886596266686	normal	0.6647177857477135	14	0.07465026708175221	0.10939803853789692	0.0186257425	0.034114052	-0.034747771456144716	0.07422191346313413	MenNorm3	0.28880581312622	0.7988720153128822	140839324.06958038	FRZB,COMP,PRELP,CHAD,CILP,DCN,TPRG1,LMO2,THBS1,LTBP2,ENHO,FBXO2,BHLHE41,PPP1R3C,SCRG1,WWP2,LEFTY2,CILP2,FGFBP2,OMD	fibrocartilage_matrix	not_prioritized	context_k	2	5.601515489821926
18	2	2.62791162442478	0.31061906245110604	0.0	9.71691987582599	0.5843698044025643	0.0	1.4721205999412117	0.0	0.0	0.0	0.0	6.034518714762884	0.1345927335272807	0.0722937013089387	0.5068850076571616	MenNorm3	0.2417333051650581	normal	0.6779732587796354	14	0.09979060891243764	0.15490007097237857	0.0600193515	0.07780994299999999	-0.055109462059940925	0.12260149472259545	MenNorm3	0.44033648787240004	0.7800992908893756	143785083.70412406	FRZB,GADD45B,MT-ND5,RGS16,IER3,CLU,MT-CO3,C9orf3,CRYAB,CKB,FBXO2,CHAD,TPRG1,C2orf40,GADD45G,EMP3,HES1,LEFTY2,FGFBP2,COMP	fibrocartilage_matrix	not_prioritized	context_k	2	5.551052104432768
28	3	0.4029321877586527	2.280622610055023	0.7117391140906241	0.0	4.961071779068464	0.0	7.3256773979734415	0.45176272825891506	0.45176272825891506	0.0	0.0	6.160168320966636	0.0970950771258832	0.019784354208958	0.4855211185000246	MenNorm1AVAS	0.2531882015808623	normal	0.8162066185475866	14	0.03943648175366013	0.13410117025004728	0.0050129412	0.0420257215	-0.09466468849638715	0.10245909171318175	MenNorm1AVAS	0.35759288440338005	0.7988720153128822	140839324.06958038	MT2A,MT1E,MT1M,MT1X,CHI3L1,LOX,AC008592.5,MT1G,DDIT4,SOD2,EGLN3,SLC25A37,GLRX,CDA,ANGPTL4,GPX3,BNIP3,EFNA1,TMEM204,MT1F	other_fibrochondrocyte_program	msp_like_other_k_caution_normal_skew	context_k	2	5.427910553675454
8	5	1.0691243519392781	0.31061906245110604	5.5515057546623545	0.0	0.9343698044025642	0.9786531841066286	0.0	0.5454431699804685	0.0	0.5454431699804685	0.0	6.0109771729555295	0.0953619668632511	0.0357617147669758	0.3969481595963923	MenOA1	0.1662505467054824	OA	0.7537630650230405	14	0.17258388400236357	0.04161825061536578	0.11427769	0.0030059691	0.1309656333869978	0.072784948947569	MenOA1	0.21523647491978948	0.7013022166166022	148671761.49681348	COL1A1,COL1A2,COL6A1,LGALS1,MXRA5,COL5A2,DKK3,TGFBI,COL6A2,POSTN,COL6A3,ITGB1,FNDC1,SPARC,ASPN,COL3A1,LOXL2,CCND1,AQP1,TMSB4X	other_fibrochondrocyte_program	not_prioritized	context_k	2	5.40575449455433
7	5	1.0691243519392781	0.31061906245110604	5.5515057546623545	0.0	0.9343698044025642	0.9786531841066286	0.0	0.5454431699804685	0.0	0.5454431699804685	0.0	6.0109771729555295	0.0968539138341028	0.0382887683112527	0.3978613388991136	MenOA1	0.1666414339280753	OA	0.7483700563021428	14	0.1738210697303858	0.043189400499137845	0.11674135	0.0051698123500000005	0.13063166923124797	0.07297676368113773	MenOA1	0.21838190887783301	0.7679169861686888	149407182.88119596	COL1A1,COL1A2,COL6A1,LGALS1,DKK3,MXRA5,COL5A2,TGFBI,COL6A2,COL6A3,POSTN,ITGB1,SPARC,FNDC1,AQP1,ASPN,CCND1,LOXL2,COL3A1,TMSB4X	other_fibrochondrocyte_program	not_prioritized	context_k	2	5.404972720109145
9	5	1.0691243519392781	0.31061906245110604	5.5515057546623545	0.0	0.9343698044025642	0.9786531841066286	0.0	0.5454431699804685	0.0	0.5454431699804685	0.0	6.0109771729555295	0.086956854257341	0.030367356731488	0.3718279929392225	MenOA1	0.1690467479990416	OA	0.7559546464315454	14	0.15752061201283474	0.037601337561296924	0.100349747	0.00021332078	0.11991927445153781	0.06692239638727251	MenOA1	0.19926100530642	0.7122885393530889	148027667.73398447	COL1A1,COL1A2,COL6A1,COL5A2,LGALS1,POSTN,MXRA5,TGFBI,COL6A2,COL6A3,DKK3,FNDC1,SPARC,COL3A1,ITGB1,ASPN,TPM1,LRRC15,LOXL2,TMSB4X	other_fibrochondrocyte_program	not_prioritized	context_k	2	5.400162091967212
22	14	0.7529321877586527	1.2069324892309465	4.123300698215905	0.0	0.5843698044025643	3.464822081877302	0.0	0.0	0.0	0.0	0.0	5.597828450053376	0.0410356355809144	0.0	0.2334698340070556	MenOA1	0.1451707699509169	OA	0.6837934987640948	14	0.06393216235231938	0.02229040468830252	0.0068029436999999995	0.0	0.041641757664016864	0.025821502319783664	MenOA3	0.07906998297692956	0.7807298872207149	142485302.25937766	CD55,FN1,CRLF1,HTRA1,TNFAIP6,TREM1,NECTIN4,DYSF,AMTN,SLC7A2,ADGRG2,CCDC80,IGFBP5,RET,CLU,PRG4,CRTAC1,SMOC1,TIMP3,SLC16A10	other_fibrochondrocyte_program	not_prioritized	context_k	2	5.307486910151542
20	14	0.7529321877586527	1.2069324892309465	4.123300698215905	0.0	0.5843698044025643	3.464822081877302	0.0	0.0	0.0	0.0	0.0	5.597828450053376	0.0473883448924051	0.0	0.2597394576717222	MenOA1	0.1475210889906398	OA	0.6882437428925101	14	0.07454589673445415	0.025387276313073467	0.015548221000000001	0.0	0.04915862042138068	0.029780159622515914	MenOA1	0.09201649344516633	0.7836638522271612	143105734.46445733	CD55,CRLF1,FN1,HTRA1,TNFAIP6,TREM1,NECTIN4,DYSF,ADGRG2,SLC7A2,IGFBP5,AMTN,CCDC80,CLU,RET,PRG4,CRTAC1,SMOC1,CAPS,TIMP3	other_fibrochondrocyte_program	not_prioritized	context_k	2	5.302786272072096
16	12	0.7529321877586527	1.2069324892309465	4.123300698215905	0.0	0.5843698044025643	2.278564750209635	0.0	0.0	0.0	0.0	0.0	5.597828450053376	0.0516825883311062	0.0	0.2745969657960173	MenOA1	0.1482300349054631	OA	0.6991424620642952	14	0.08333896573347836	0.02702215773365644	0.022984815999999998	0.0	0.05631680799982192	0.033647889572977624	MenOA1	0.10221152976673249	0.7744621952155285	144698308.23126858	CD55,CRLF1,FN1,TREM1,TNFAIP6,HTRA1,NECTIN4,DYSF,CCDC80,ADGRG2,SLC7A2,CAPS,AMTN,IGFBP5,SMOC1,CRTAC1,EMP3,RET,ISLR,TIMP3	other_fibrochondrocyte_program	not_prioritized	context_k	2	5.301368380242449
18	13	0.7529321877586527	1.2069324892309465	4.123300698215905	0.0	0.5843698044025643	3.464822081877302	0.0	0.0	0.0	0.0	0.0	5.597828450053376	0.0484569370597811	0.0	0.2669450989746977	MenOA1	0.1519163235002029	OA	0.7028246294527188	14	0.07813544115513438	0.024698266120221274	0.017185082	0.0	0.053437175034913104	0.03165373906285699	MenOA1	0.09758763330503249	0.7800992908893756	143785083.70412406	CD55,CRLF1,FN1,HTRA1,TREM1,TNFAIP6,DYSF,NECTIN4,ADGRG2,SLC7A2,IGFBP5,AMTN,CCDC80,SMOC1,CLU,RET,CAPS,CRTAC1,PRG4,TIMP3	other_fibrochondrocyte_program	not_prioritized	context_k	2	5.29399580305297
20	2	2.62791162442478	0.31061906245110604	0.0	9.36691987582599	0.5843698044025643	0.0	2.364452426494684	0.0	0.0	0.0	0.0	5.76855234945219	0.1334142074450195	0.0728841868050268	0.500739063763087	MenNorm3	0.2416999483107607	normal	0.6760053402395204	14	0.09930929670305384	0.1530393051811146	0.061316815999999996	0.07774874300000001	-0.05373000847806077	0.12114479878893644	MenNorm3	0.43656000040685	0.7836638522271612	143105734.46445733	FRZB,GADD45B,RGS16,MT-ND5,IER3,CLU,MT-CO3,C9orf3,CRYAB,CKB,FBXO2,TPRG1,GADD45G,EMP3,HES1,C2orf40,CHAD,NDUFA4L2,FHL1,FGFBP2	fibrocartilage_matrix	not_prioritized	context_k	2	5.285152452830669
30	3	0.0	2.280622610055023	0.7117391140906241	0.0	4.961071779068464	0.0	7.3256773979734415	0.45176272825891506	0.45176272825891506	0.0	0.0	5.696796305044185	0.0827015571451472	0.0093428328968131	0.4532003495228586	MenNorm1AVAS	0.2732497228100048	normal	0.8671602863381218	14	0.024267843416538648	0.12167006136090029	0.0	0.030183252	-0.09740221794436164	0.09914601284060652	MenNorm1AVAS	0.330048313052633	0.7495418567195152	140564113.74093524	MT2A,MT1E,MT1M,MT1X,CHI3L1,LOX,AC008592.5,MT1G,SOD2,DDIT4,CDA,SLC25A37,GLRX,EGLN3,GPX3,BNIP3,EFNA1,ANGPTL4,RNF144B,MTHFD2	other_fibrochondrocyte_program	not_prioritized	context_k	2	4.924415495294718
20	6	1.0691243519392781	1.2069324892309465	0.0	6.573043044166255	3.2623453212461246	0.0	3.7663540422803488	0.6797377023445434	0.0	0.0	0.0	5.789139802774174	0.0636574452561872	0.0091024201000719	0.2797296996780306	MenNorm7	0.2706803348399286	normal	0.6340875760293193	14	0.054997187313579145	0.07060814172745568	0.0	0.0217525075	-0.015610954413876534	0.06966679340267473	MenNorm7	0.24093133881599	0.7836638522271612	143105734.46445733	GABARAP,GAS5,RPL17,SNHG5,EEF1G,SNHG29,RNASEK,ECRG4,NME2,RPS17,S100A1,CCN2,SERPINA3,SEPTIN7,MIF,AL021155.5,CHAD,STC2,MICOS10,CCN1	other_fibrochondrocyte_program	not_prioritized	context_k	2	4.907910281922045
10	8	0.7529321877586527	0.660619062451106	4.123300698215905	0.3815048408184566	0.5843698044025643	2.278564750209635	0.0	0.0	0.0	0.0	0.0	5.228838247495126	0.0682761523206808	0.0066307955630548	0.3451204711070266	MenOA1	0.1617650345308362	OA	0.7026796547275777	14	0.10984894677876421	0.03507876294164766	0.0421958995	0.0	0.07477018383711655	0.0454897120698905	MenOA1	0.14778780658296276	0.7563726184356605	147404826.03554556	CRLF1,CD55,FN1,HTRA1,TREM1,TNFAIP6,DYSF,SMOC1,CCDC80,CAPS,ADGRG2,NECTIN4,TNFRSF11B,SLC7A2,PRDX4,IGFBP5,CRTAC1,ADAMTS6,AMTN,ISLR	other_fibrochondrocyte_program	not_prioritized	context_k	2	4.905308178433454
18	6	1.0691243519392781	1.2069324892309465	0.0	6.573043044166255	3.2623453212461246	0.0	3.7663540422803488	0.6797377023445434	0.0	0.0	0.0	5.789139802774174	0.0622458270853596	0.0072082458220894	0.2771599684678414	MenNorm7	0.2763169558677775	normal	0.6353286201737567	14	0.05366472006899209	0.06916635358838996	0.0	0.019613755	-0.015501633519397873	0.06959853863486218	MenNorm7	0.24038660802470177	0.7800992908893756	143785083.70412406	GABARAP,GAS5,RPL17,SNHG5,EEF1G,SNHG29,RNASEK,ECRG4,NME2,RPS17,S100A1,CCN2,SERPINA3,SEPTIN7,MIF,AL021155.5,MICOS10,CHAD,STC2,ATOH8	other_fibrochondrocyte_program	not_prioritized	context_k	2	4.896637039866348
22	3	0.4029321877586527	2.280622610055023	0.7117391140906241	0.0	4.961071779068464	0.0	10.32518703309156	0.45176272825891506	0.45176272825891506	0.0	0.0	5.560266393943012	0.1059772184414241	0.0222567317329042	0.5307475424805715	MenNorm4	0.2457721579813828	normal	0.8394471797786026	14	0.037941735249492285	0.15176015402736515	0.0	0.0551516975	-0.11381841877787285	0.11665730600479828	MenNorm1AVAS	0.37226930764240573	0.7807298872207149	142485302.25937766	MT2A,MT1E,MT1X,MT1M,CHI3L1,LOX,AC008592.5,SLC25A37,DDIT4,SOD2,MT1G,GLRX,EGLN3,CDA,ANGPTL4,BNIP3,EFNA1,ERRFI1,GPX3,TMEM204	generic_stress_response	not_prioritized	context_k	2	4.842840713850789
30	2	1.92791162442478	0.0	0.0	12.674021181230998	0.0	0.6286531841066286	0.42625583896605546	0.0	0.0	0.0	0.0	5.300352495603035	0.082830198264411	0.0166339913827679	0.3712189713019467	MenNorm3	0.2467265424414816	normal	0.7143080485628898	14	0.054921977678868736	0.10126009183323081	0.0013243027	0.030320817	-0.04633811415436208	0.07533518654417529	MenNorm3	0.275253165854195	0.7495418567195152	140564113.74093524	FRZB,COMP,LMO2,CHAD,PRELP,CILP,TPRG1,FGFBP2,CKB,ABI3BP,CRYAB,DCN,LEFTY2,ENHO,FBXO2,PPP1R3C,WWP2,LTBP2,THBS1,CPAMD8	fibrocartilage_matrix	not_prioritized	context_k	2	4.806899410720072
30	7	1.92791162442478	1.5569324892309466	0.3617391140906241	3.1787864514845103	3.2623453212461246	0.0	6.625677397973441	0.6797377023445434	0.0	0.0	0.0	5.925120682391414	0.0419486205251209	0.0	0.2003523350291988	MenNorm7	0.4090870372082639	normal	0.7992984759385893	14	0.020375706300550654	0.05894665058934787	0.0	0.0083491715	-0.03857094428879722	0.059565609243844596	MenNorm7	0.24070689423232	0.7495418567195152	140564113.74093524	GAS5,GABARAP,SNHG5,RPL17,S100A1,SERPINA3,RNASEK,EEF1G,SNHG29,ATOH8,RPS17,STC2,ECRG4,AL021155.5,RGCC,AC253572.2,NME2,CCN2,TXNIP,SEPTIN7	other_fibrochondrocyte_program	not_prioritized	context_k	2	4.767077756802615
16	2	0.4029321877586527	1.5569324892309466	0.7117391140906241	0.0	4.961071779068464	0.0	8.765503393361119	0.45176272825891506	0.45176272825891506	0.0	0.0	5.257066519188635	0.133044388006838	0.0458378901442672	0.6034108579400649	MenNorm4	0.2289330379934866	normal	0.8265178084805711	14	0.052127959063307576	0.18826745282548277	0.00527679185	0.101615645	-0.13613949376217518	0.13274738668151997	MenNorm1AVAS	0.4354862214365175	0.7744621952155285	144698308.23126858	MT2A,MT1E,MT1X,MT1M,CHI3L1,DDIT4,EGLN3,LOX,SLC25A37,AC008592.5,SOD2,GLRX,MT1G,BNIP3,CDA,ERRFI1,ANGPTL4,GPX3,EFNA1,TMEM204	generic_stress_response	not_prioritized	context_k	2	4.5733190790722045
16	7	0.4029321877586527	1.2069324892309465	0.0	8.266235183003477	3.2623453212461246	0.0	4.957310060964683	0.6797377023445434	0.0	0.0	0.0	5.208125644938893	0.0695899744399826	0.0158444107405749	0.2998751600010455	MenNorm7	0.2489692062962732	normal	0.6660808087258508	14	0.05493608385821471	0.08118207731159756	0.0	0.0328927765	-0.026245993453382847	0.0663371179326369	MenNorm7	0.24191325808591402	0.7744621952155285	144698308.23126858	GABARAP,GAS5,RPL17,SNHG5,ECRG4,S100A1,SNHG29,EEF1G,RNASEK,RPS17,NME2,CCN2,SERPINA3,CHAD,AL021155.5,STC2,FRZB,SEPTIN7,ATOH8,MIF	fibrocartilage_matrix	not_prioritized	context_k	2	4.370318381174076
22	6	0.4029321877586527	1.2069324892309465	0.0	6.9230430441662545	3.2623453212461246	0.0	3.7663540422803488	0.6797377023445434	0.0	0.0	0.0	5.110518813966455	0.0616681471619191	0.0067163046636947	0.2749981998622783	MenNorm7	0.2731239498463911	normal	0.6300258441339331	14	0.053693651431857774	0.0679783220114146	0.0	0.017938572	-0.014284670579556825	0.06669356170088678	MenNorm7	0.2356601639395025	0.7807298872207149	142485302.25937766	GABARAP,GAS5,RPL17,SNHG5,EEF1G,RNASEK,ECRG4,SNHG29,S100A1,CCN2,NME2,RPS17,SERPINA3,SEPTIN7,AL021155.5,CHAD,MIF,CCN1,STC2,RGCC	other_fibrochondrocyte_program	not_prioritized	context_k	2	4.224402063101401
22	15	0.0	0.0	8.047588545289777	0.0	0.0	0.9786531841066286	0.0	0.8954431699804685	0.0	0.8954431699804685	0.0	5.005931763489794	0.0236182888110211	0.0	0.1229005254716658	MenOA1	0.2146928116834126	OA	0.7635909619574347	14	0.04472332368312896	0.009733878072535897	0.006310113	0.0	0.03498944561059306	0.02398404724844658	MenOA3	0.07900559353798509	0.7807298872207149	142485302.25937766	POSTN,CTHRC1,COL1A1,SPON2,COL1A2,COL6A1,COL6A3,LGALS1,MMP2,ARL4C,FNDC1,TMEM119,FAP,MMP11,COL6A2,MYL9,BASP1,TMSB10,PDGFRB,CADM1	fibrotic_ECM_remodeling	not_prioritized	context_k	2	4.128824555132735
16	3	2.62791162442478	0.31061906245110604	0.0	5.873043044166255	0.0	0.0	0.7762558389660554	0.0	0.0	0.0	0.0	4.599134164420289	0.124535201459193	0.0704492668660766	0.4589079494690001	MenNorm3	0.2468007743067866	normal	0.6867684497848958	14	0.09051687610344568	0.1455170353608815	0.0600449465	0.07575383499999999	-0.05500015925743583	0.1154401597825266	MenNorm3	0.4179469620054375	0.7744621952155285	144698308.23126858	EMP3,S100A6,ANXA2,FHL1,MT-ND5,CKB,CRYAB,EZR,MT-CO3,TUBA1A,GADD45G,MT-ND1,RGS16,MT-ND4,FRZB,ANGPTL5,IER3,GADD45B,HSPB1,MT-ATP6	other_fibrochondrocyte_program	not_prioritized	context_k	2	4.105532615806716
28	9	1.0691243519392781	1.5569324892309466	0.3617391140906241	3.1787864514845103	3.2623453212461246	0.0	5.307310060964682	0.6797377023445434	0.0	0.0	0.0	5.201188786434839	0.0416687943735306	0.0	0.1974997211835635	MenNorm7	0.4178357761391662	normal	0.8060535416134985	14	0.019479829596797525	0.058962214805272674	0.0	0.0097928775	-0.03948238520847515	0.06095198250281238	MenNorm7	0.24435359207260002	0.7988720153128822	140839324.06958038	GAS5,GABARAP,RPL17,SNHG5,S100A1,SNHG29,EEF1G,RNASEK,SERPINA3,ATOH8,RPS17,ECRG4,AL021155.5,STC2,RGCC,NME2,AC253572.2,CCN2,SEPTIN7,TXNIP	other_fibrochondrocyte_program	not_prioritized	context_k	2	4.025648382984235
30	21	0.0	0.0	7.697588545289776	0.0	0.0	0.9786531841066286	0.0	0.8954431699804685	0.0	0.8954431699804685	0.0	4.743431763489793	0.0179257347460137	0.0	0.0917230944488637	MenOA1	0.1986467996487336	OA	0.7509938708709056	14	0.03361366482594305	0.007811987686530747	0.0022102509000000003	0.0	0.025801677139412303	0.016980193193261658	MenOA3	0.05631879664061624	0.7495418567195152	140564113.74093524	POSTN,CTHRC1,COL1A1,SPON2,MMP2,COL1A2,COL6A3,FNDC1,ARL4C,MMP11,COL6A1,LGALS1,TMEM119,CADM1,BASP1,FAP,MYL9,PDGFRB,LRRC32,LINC01705	other_fibrochondrocyte_program	not_prioritized	context_k	2	3.898416579202092
10	3	0.0	0.31061906245110604	0.0	2.548088253639194	2.912345321246125	0.0	0.0	0.0	0.0	0.0	0.0	3.9590108538016704	0.130492214154208	0.0854027004677612	0.4304952742925302	MenOA6	0.1591207240328581	OA	0.5509624211822652	14	0.17559103758668856	0.10630764140378947	0.12739251000000001	0.057022406	0.0692833961828991	0.07884784909643815	MenOA6	0.29631963046295	0.7563726184356605	147404826.03554556	CCN2,SEPTIN7,SNHG5,GABARAP,EEF1G,RPS17,RPL17,RNASEK,DST,SNHG14,NME2,SNHG29,GAS5,ECRG4,AL627171.2,SEPTIN2,MICOS10,PIK3R1,ECM2,USP53	other_fibrochondrocyte_program	not_prioritized	context_k	2	3.6407694057359543
28	14	0.0	1.930622610055023	1.6750012716347	0.0	0.8298087965982188	7.4918586261182485	0.0	0.0	0.0	0.0	0.0	3.7685794087009246	0.0321329121201955	0.0	0.2445176129767807	MenNorm6	0.2764185680404982	OA	0.5064876474080154	14	0.039766914313521654	0.027440790893649876	0.0	0.0	0.012326123419871778	0.03524643793063042	MenNorm6	0.12428689656841399	0.7988720153128822	140839324.06958038	CLIC5,PRG4,ITGBL1,DNASE1L3,GPR1,SPARCL1,HTRA4,GABRA4,DIRC3,HHIP,ZNF385B,TIMP3,PCSK6,TMEM196,TSPAN15,SEMA5A,ITGB8,COL22A1,HBEGF,SEMA3A	PRG4_interface_progenitor	not_prioritized	context_k	2	3.215742272619928
30	14	0.0	1.930622610055023	1.6750012716347	0.0	0.8298087965982188	7.4918586261182485	0.0	0.0	0.0	0.0	0.0	3.7685794087009246	0.0308500686853069	0.0	0.2357782594467091	MenNorm6	0.2773268634846478	OA	0.5049676672122762	14	0.03808502205547324	0.02635909847755142	0.0	0.0	0.01172592357792182	0.0337616754060177	MenNorm6	0.119046761898561	0.7495418567195152	140564113.74093524	CLIC5,PRG4,ITGBL1,DNASE1L3,GPR1,SPARCL1,DIRC3,HTRA4,GABRA4,HHIP,ZNF385B,PCSK6,TMEM196,TIMP3,TSPAN15,SEMA5A,ITGB8,COL22A1,HBEGF,APLP2	PRG4_interface_progenitor	not_prioritized	context_k	2	3.213925681731629
28	5	2.62791162442478	0.660619062451106	0.3617391140906241	0.3815048408184566	0.0	0.0	2.364452426494684	0.0	0.0	0.0	0.0	3.4774146316455816	0.077925024701192	0.0451193852877444	0.2715148497489397	MenNorm2	0.1925657440774437	normal	0.6320730456696488	14	0.06603775874094577	0.08182966383485632	0.042188896000000004	0.0453085065	-0.015791905093910555	0.05183988884337685	MenNorm2	0.1966834965510325	0.7988720153128822	140839324.06958038	MT-CO3,MT-ND5,MT-ND4,MT-CO1,MT-CO2,MT-ATP6,MT-CYB,MT-ND1,MT-ND3,MT-ND4L,MT-ND2,EMP3,S100A6,MTRNR2L12,ANXA2,RGS16,HSPB1,ID3,S100A10,MT-ATP8	other_fibrochondrocyte_program	not_prioritized	context_k	2	3.092283143490694
28	19	0.0	0.0	6.395648428390128	0.0	0.0	0.9786531841066286	0.0	0.8954431699804685	0.0	0.8954431699804685	0.0	3.766976675815058	0.0213140317114185	0.0	0.1082711539778892	MenOA1	0.1899289526423387	OA	0.738701018107811	14	0.03908784223751558	0.009787618824524858	0.005617607	0.0	0.029300223412990725	0.01925847767620609	MenOA3	0.062466494020740775	0.7988720153128822	140839324.06958038	POSTN,CTHRC1,COL1A1,SPON2,COL1A2,MMP2,COL6A3,FNDC1,ARL4C,COL6A1,MMP11,LGALS1,TMEM119,CADM1,BASP1,FAP,LRRC32,MYL9,PDGFRB,CALD1	other_fibrochondrocyte_program	not_prioritized	context_k	2	2.9393971855401464
28	16	0.7529321877586527	0.660619062451106	3.7733006982159045	0.0	0.0	3.8148220818773018	0.0	0.6797377023445434	0.0	0.0	0.0	3.475675384971594	0.0344943424340083	0.0	0.2004512069964553	MenOA1	0.1473731646618718	OA	0.663686209526085	14	0.05195176710321604	0.020063224109038557	0.0	0.0	0.03188854299417748	0.021205023771761186	MenOA3	0.06735276612350069	0.7988720153128822	140839324.06958038	CD55,FN1,CRLF1,TNFAIP6,HTRA1,NECTIN4,AMTN,TREM1,DYSF,RET,SLC7A2,ADGRG2,PRG4,IGFBP5,CCDC80,DEFB1,TIMP3,HMX1,CLU,EPB41L3	other_fibrochondrocyte_program	not_prioritized	context_k	2	2.8410602044755784
30	15	0.7529321877586527	0.660619062451106	3.7733006982159045	0.0	0.0	3.8148220818773018	0.0	0.6797377023445434	0.0	0.0	0.0	3.475675384971594	0.0349859880676328	0.0	0.1990948475233488	MenOA1	0.1483450340586848	OA	0.6525313150271923	14	0.05158924150905096	0.020898899267699108	0.0	0.0	0.030690342241351854	0.02114077276519116	MenOA3	0.06984811514657495	0.7495418567195152	140564113.74093524	CD55,HTRA1,FN1,TNFAIP6,CRLF1,NECTIN4,AMTN,RET,DYSF,IGFBP5,TREM1,SLC7A2,ADGRG2,PRG4,CCDC80,CLU,HMX1,DEFB1,TIMP3,EPB41L3	other_fibrochondrocyte_program	not_prioritized	context_k	2	2.8391164656819528
6	6	0.0	0.31061906245110604	2.4741045590065203	0.0	0.8298087965982188	7.4918586261182485	0.0	0.0	0.0	0.0	0.0	2.99090385876646	0.0897928166711054	0.0152416695115209	0.5489794950109753	MenNorm6	0.2100533603691798	normal	0.5435796389286618	14	0.0982055084259486	0.08344247232371768	0.014283893	0.0151436435	0.014763036102230925	0.06564588508304797	MenNorm6	0.263183353179885	0.9463005189929532	150103051.70879626	PRG4,ITGBL1,CLIC5,TIMP3,TMEM196,DNASE1L3,SPARCL1,ZNF385B,CRTAC1,ITGB8,HHIP,HBEGF,PCSK6,GABRA4,GPR1,HTRA4,DIRC3,TSPAN15,SEMA3A,APLP2	PRG4_interface_progenitor	not_prioritized	context_k	2	2.5707971380281003
7	6	0.0	0.31061906245110604	2.4741045590065203	0.0	0.8298087965982188	7.4918586261182485	0.0	0.0	0.0	0.0	0.0	2.99090385876646	0.0895236167862507	0.0154495488776119	0.5459284048709263	MenNorm6	0.2103437893791401	normal	0.5434284828539189	14	0.09777976676609768	0.08314473461137592	0.014302629	0.015308116	0.014635032154721755	0.06535649229617688	MenNorm6	0.2622053519890315	0.7679169861686888	149407182.88119596	PRG4,ITGBL1,CLIC5,TIMP3,TMEM196,DNASE1L3,SPARCL1,ZNF385B,CRTAC1,ITGB8,HHIP,HBEGF,PCSK6,GABRA4,GPR1,HTRA4,DIRC3,TSPAN15,SEMA3A,APLP2	PRG4_interface_progenitor	not_prioritized	context_k	2	2.5702162800081796
8	6	0.0	0.31061906245110604	2.4741045590065203	0.0	0.8298087965982188	7.4918586261182485	0.0	0.0	0.0	0.0	0.0	2.99090385876646	0.0874807444519348	0.0133207510350907	0.5408707552653029	MenNorm6	0.2144526935420099	normal	0.5458739895461082	14	0.09505473076983528	0.08134578463980549	0.011350331500000001	0.013871148	0.013708946130029792	0.0647611810215316	MenNorm6	0.2592288771368265	0.7013022166166022	148671761.49681348	PRG4,ITGBL1,CLIC5,TMEM196,TIMP3,DNASE1L3,SPARCL1,ZNF385B,ITGB8,CRTAC1,HHIP,HBEGF,PCSK6,GABRA4,GPR1,HTRA4,DIRC3,TSPAN15,SEMA3A,APLP2	PRG4_interface_progenitor	not_prioritized	context_k	2	2.56199847168244
5	5	0.0	0.31061906245110604	2.4741045590065203	0.0	0.8298087965982188	7.4918586261182485	0.0	0.0	0.0	0.0	0.0	2.99090385876646	0.0903776473556538	0.0156134085511012	0.554023608067735	MenNorm6	0.2144553044660717	normal	0.5534238415266017	14	0.09716257915989682	0.08564919938271634	0.011614602	0.0171957545	0.011513379777180477	0.06749533188235347	MenNorm6	0.2710181224241925	0.9985213610276532	151021527.92571026	PRG4,ITGBL1,CLIC5,TMEM196,TIMP3,DNASE1L3,SPARCL1,ZNF385B,ITGB8,CRTAC1,HBEGF,HHIP,PCSK6,GABRA4,GPR1,HTRA4,DIRC3,TSPAN15,SEMA3A,APLP2	PRG4_interface_progenitor	not_prioritized	context_k	2	2.5619932498343165
28	18	0.0	1.2069324892309465	0.7117391140906241	0.0	0.9343698044025642	0.0	0.0	0.0	0.0	0.0	0.0	2.540785246036965	0.023871960040023	0.0	0.1433664119310972	MenOA4	0.1537842874908533	OA	0.6487598822181482	14	0.039432114573624985	0.01435741617837459	0.0	0.0	0.025074698395250394	0.017283934842765154	MenOA3	0.06761459088020177	0.7988720153128822	140839324.06958038	IGFBP4,SFRP1,IGF1,SCG2,CXCL12,NPR3,EFEMP1,TMEM176B,PTGFR,TMEM176A,STMN2,C1S,ABCC9,C1R,SERPINF1,GAS6,WISP2,CES1,CFD,VCAN	other_fibrochondrocyte_program	not_prioritized	context_k	2	2.2332166710552586
30	20	0.0	1.2069324892309465	0.7117391140906241	0.0	0.9343698044025642	0.0	0.0	0.0	0.0	0.0	0.0	2.540785246036965	0.0194209092087158	0.0	0.113436535063994	MenOA4	0.1559837122564035	OA	0.6537201304950246	14	0.03234294714908032	0.011452244243664672	0.0	0.0	0.02089070290541565	0.015250678415452204	MenOA3	0.0541280579591025	0.7495418567195152	140564113.74093524	IGFBP4,IGF1,SFRP1,SCG2,NPR3,CXCL12,EFEMP1,PTGFR,ABCC9,SPON1,HELLPAR,STMN2,GAS6,TMEM176B,TMEM176A,PLPP1,PLA2G2A,CES1,IL6,PCSK1	other_fibrochondrocyte_program	not_prioritized	context_k	2	2.2288178215241583
5	1	1.769124351939278	0.660619062451106	1.3250012716347	5.3413523456408125	0.5843698044025643	0.0	11.37518703309156	0.45176272825891506	0.45176272825891506	0.0	0.0	2.7441319984564667	0.356335862007579	0.3217062819889416	0.8775005982310199	MenNorm1AVAS	0.1490656700523789	normal	0.7609995047582152	14	0.1950344978686766	0.46832420464876207	0.14548798000000002	0.48368636	-0.27328970678008546	0.22490527417536313	MenNorm1AVAS	0.774359385050875	0.9985213610276532	151021527.92571026	GPX3,MT1X,DDIT4,MT1E,GALNT15,MT1M,SUN2,MT2A,RBP4,ANGPTL7,FAXDC2,GPM6B,SOCS3,TXNIP,CDA,FOS,CYP4B1,RASD1,GADD45B,FRZB	generic_stress_response	not_prioritized	context_k	2	2.2201192942222514
9	6	0.0	0.31061906245110604	1.6750012716347	0.0	0.8298087965982188	7.4918586261182485	0.0	0.0	0.0	0.0	0.0	2.391576393237595	0.0811769150693105	0.0167967275912395	0.5095406759224733	MenNorm6	0.2240362705662036	normal	0.5654113548445974	14	0.08534599277564116	0.07822456208041703	0.014392763499999999	0.017808089	0.007121430695224126	0.06229233538485679	MenNorm6	0.2515625298983913	0.7122885393530889	148027667.73398447	PRG4,ITGBL1,CLIC5,TMEM196,DNASE1L3,SPARCL1,ZNF385B,TIMP3,ITGB8,HBEGF,GABRA4,GPR1,HHIP,PCSK6,DIRC3,HTRA4,CRTAC1,TSPAN15,APLP2,CFI	PRG4_interface_progenitor	not_prioritized	context_k	2	1.943503852105188
10	6	0.0	0.31061906245110604	1.6750012716347	0.0	0.8298087965982188	7.4918586261182485	0.0	0.0	0.0	0.0	0.0	2.391576393237595	0.0745274055501336	0.0107476226500838	0.4798826850902521	MenNorm6	0.2331910794528826	normal	0.5818837404987613	14	0.07596514154436701	0.0738526354339737	0.004499139	0.014870972	0.0021125061103933057	0.05838619570410547	MenNorm6	0.240475880937483	0.7563726184356605	147404826.03554556	PRG4,ITGBL1,CLIC5,TMEM196,DNASE1L3,SPARCL1,TIMP3,ZNF385B,HBEGF,ITGB8,GABRA4,GPR1,PCSK6,HHIP,DIRC3,HTRA4,TSPAN15,CRTAC1,APLP2,SEMA3A	PRG4_interface_progenitor	not_prioritized	context_k	2	1.9251942343318298
18	9	0.0	0.31061906245110604	1.6750012716347	0.0	0.8298087965982188	7.4918586261182485	0.0	0.0	0.0	0.0	0.0	2.391576393237595	0.0487194367217426	0.0	0.3743196933647199	MenNorm6	0.2523694137022472	normal	0.5791014498793269	14	0.050529411136446864	0.04814373748520286	0.0	0.0	0.002385673651244001	0.043340586233386144	MenNorm6	0.17117261036112502	0.7800992908893756	143785083.70412406	PRG4,ITGBL1,CLIC5,TMEM196,DNASE1L3,SPARCL1,GPR1,ZNF385B,TIMP3,GABRA4,DIRC3,HBEGF,ITGB8,PCSK6,HTRA4,HHIP,TSPAN15,SEMA5A,SEMA3A,CRTAC1	PRG4_interface_progenitor	not_prioritized	context_k	2	1.8868375658331007
20	10	0.0	0.31061906245110604	1.6750012716347	0.0	0.8298087965982188	7.4918586261182485	0.0	0.0	0.0	0.0	0.0	2.391576393237595	0.0467433259551438	0.0	0.362535580612812	MenNorm6	0.2563573641841859	normal	0.5786217525337722	14	0.048433518145902375	0.046054963695826207	0.0	0.0	0.0023785544500761688	0.04234531965517259	MenNorm6	0.16633690052106	0.7836638522271612	143105734.46445733	PRG4,ITGBL1,CLIC5,TMEM196,DNASE1L3,GPR1,SPARCL1,ZNF385B,GABRA4,DIRC3,TIMP3,HBEGF,HTRA4,ITGB8,PCSK6,HHIP,TSPAN15,SEMA5A,CRTAC1,SEMA3A	PRG4_interface_progenitor	not_prioritized	context_k	2	1.8788616648692233
16	8	0.0	0.31061906245110604	1.6750012716347	0.0	0.8298087965982188	7.4918586261182485	0.0	0.0	0.0	0.0	0.0	2.391576393237595	0.0545765337717205	0.0	0.3989278120087118	MenNorm6	0.2579419688419791	normal	0.5718386093311563	14	0.05764668362233341	0.053457387489470785	0.0	0.0	0.004189296132862626	0.04987121730075143	MenNorm6	0.19620552464786362	0.7744621952155285	144698308.23126858	PRG4,ITGBL1,CLIC5,TMEM196,DNASE1L3,ZNF385B,SPARCL1,TIMP3,GPR1,GABRA4,HBEGF,DIRC3,ITGB8,PCSK6,HTRA4,HHIP,TSPAN15,CRTAC1,SEMA3A,SEMA5A	PRG4_interface_progenitor	not_prioritized	context_k	2	1.875692455553637
28	13	1.4191243519392782	0.0	0.3617391140906241	0.0	0.5843698044025643	0.0	1.4721205999412117	0.0	0.0	0.0	0.0	2.222461514932588	0.0296000481456483	0.0	0.1914378373781317	MenNorm7	0.2401853257097863	normal	0.8395835004570917	14	0.011964579437443995	0.044214203404799236	0.0	0.0	-0.03224962396735524	0.03128058941269777	MenNorm7	0.10547492296793876	0.7988720153128822	140839324.06958038	PODN,SRPX,CFD,ALDH1A1,APOD,C3,SERPINF1,CLSTN2,ADH1C,C1S,GSN,GPC3,AGTR1,C6,PTGFR,GGT5,VIT,ADH1B,FBLN2,ABCA8	other_fibrochondrocyte_program	not_prioritized	context_k	2	1.7420908635130155
6	1	1.769124351939278	0.660619062451106	1.3250012716347	3.1787864514845103	0.5843698044025643	0.0	11.37518703309156	0.45176272825891506	0.45176272825891506	0.0	0.0	2.2034905249173904	0.3365184042934329	0.2939469871724675	0.8702385051740255	MenNorm1AVAS	0.1565225612712041	normal	0.7776592395744012	14	0.1766924746153563	0.4527066142795572	0.12307608	0.45748704	-0.2760141396642009	0.22317093250987408	MenNorm1AVAS	0.75962256290289	0.9463005189929532	150103051.70879626	GPX3,MT1X,DDIT4,GALNT15,MT1E,MT1M,SUN2,MT2A,ANGPTL7,RBP4,FAXDC2,GPM6B,TXNIP,CYP4B1,SOCS3,CDA,FOS,RASD1,OXA1L,MMP3	generic_stress_response	not_prioritized	context_k	2	1.6645640382455247
7	1	1.769124351939278	0.660619062451106	1.3250012716347	3.1787864514845103	0.5843698044025643	0.0	11.37518703309156	0.45176272825891506	0.45176272825891506	0.0	0.0	2.2034905249173904	0.3265027471923818	0.2811729354168095	0.8579293417652477	MenNorm1AVAS	0.1596687491357227	normal	0.784370035876726	14	0.1650971402108987	0.44280419427065343	0.11297845000000001	0.444354725	-0.2777070540597547	0.22407818682026678	MenNorm1AVAS	0.75307913234975	0.7679169861686888	149407182.88119596	GPX3,MT1X,DDIT4,GALNT15,MT1E,MT1M,SUN2,MT2A,ANGPTL7,RBP4,FAXDC2,GPM6B,CYP4B1,TXNIP,SOCS3,CDA,FOS,RASD1,OXA1L,MMP3	generic_stress_response	not_prioritized	context_k	2	1.6582716625164875
22	11	0.0	0.31061906245110604	1.3250012716347	0.0	0.8298087965982188	7.4918586261182485	0.0	0.0	0.0	0.0	0.0	2.129076393237595	0.0450002955645268	0.0	0.3512388353652329	MenNorm6	0.2544302777833325	normal	0.572764296127985	14	0.04734005933060812	0.04393815266238426	0.0	0.0	0.0034019066682238613	0.04075122025850774	MenNorm6	0.15913867198571152	0.7807298872207149	142485302.25937766	PRG4,ITGBL1,CLIC5,TMEM196,DNASE1L3,GPR1,SPARCL1,GABRA4,ZNF385B,DIRC3,TIMP3,HBEGF,HTRA4,ITGB8,PCSK6,HHIP,TSPAN15,SEMA5A,CRTAC1,SEMA3A	PRG4_interface_progenitor	not_prioritized	context_k	2	1.62021583767093
9	1	1.4191243519392782	1.2069324892309465	2.12410455900652	0.0	0.5843698044025643	0.0	11.37518703309156	0.45176272825891506	0.45176272825891506	0.0	0.0	2.069987790337993	0.2714023337376623	0.1971385350498158	0.8209020283192392	MenNorm1AVAS	0.1868671466068948	normal	0.8384105096436629	14	0.1032270035853133	0.3942127981319329	0.06467065999999999	0.344458985	-0.2909857945466196	0.23303698955822294	MenNorm1AVAS	0.73665393684175	0.7122885393530889	148027667.73398447	GPX3,MT1X,GALNT15,DDIT4,SUN2,MT1E,MT1M,MT2A,GPM6B,CYP4B1,FAXDC2,GLUL,TXNIP,RBP4,CDA,PLPP3,FBLN1,ANGPTL7,MMP3,MTHFD2	generic_stress_response	not_prioritized	context_k	2	1.4703721329947461
16	4	0.0	0.0	0.7117391140906241	0.0	0.9343698044025642	0.6286531841066286	0.0	0.0	0.0	0.0	0.0	1.5148926301906607	0.088707687326399	0.0039844576457186	0.5059869064531641	MenNorm6	0.1537884882066815	normal	0.5532485087344942	14	0.10031634581930783	0.08607648237206673	0.010586016	0.0	0.014239863447241097	0.045815325577625556	MenNorm6	0.18976389995454349	0.7744621952155285	144698308.23126858	CXCL12,SFRP1,SERPINF1,EFEMP1,IGFBP4,C1R,COL14A1,C1S,EPHX1,IGF1,SELENOP,PLA2G2A,SRPX,CFD,PLTP,MMP2,CYP1B1,AHR,PTGFR,PLPP1	other_fibrochondrocyte_program	not_prioritized	context_k	2	1.2073156537772975
8	1	1.769124351939278	0.660619062451106	1.3250012716347	1.3702585104583136	0.5843698044025643	0.0	11.37518703309156	0.45176272825891506	0.45176272825891506	0.0	0.0	1.7513585396608415	0.3281970143515166	0.2826391924199137	0.862214162191108	MenNorm1AVAS	0.1606526220171958	normal	0.7858832747982512	14	0.16444026781578547	0.4463508888997027	0.1148685	0.443936065	-0.28191062108391723	0.22742704364447613	MenNorm1AVAS	0.764587643332	0.7013022166166022	148671761.49681348	GPX3,MT1X,DDIT4,GALNT15,MT1E,MT1M,SUN2,MT2A,ANGPTL7,RBP4,FAXDC2,GPM6B,CYP4B1,TXNIP,CDA,SOCS3,FOS,OXA1L,JUN,MMP3	generic_stress_response	not_prioritized	context_k	2	1.2041719314969925
18	8	0.0	0.0	0.7117391140906241	0.0	0.9343698044025642	0.0	0.0	0.0	0.0	0.0	0.0	1.5148926301906607	0.0521634990401946	0.0	0.3400788209470495	MenNorm7	0.1637054932517055	normal	0.6727975303158715	14	0.04316644843986142	0.0611245199932999	0.0	0.0	-0.01795807155343848	0.031840925687671426	MenNorm7	0.1242995359856575	0.7800992908893756	143785083.70412406	CFD,PODN,SERPINF1,C1S,C3,SRPX,PTGFR,EFEMP1,SFRP1,C1R,CXCL12,MGST1,FBLN2,TMEM176B,PLA2G2A,IGFBP4,GGT5,TMEM176A,IGF1,MMP2	other_fibrochondrocyte_program	not_prioritized	context_k	2	1.1874816436872497
20	7	0.0	0.0	0.7117391140906241	0.0	0.9343698044025642	0.0	0.0	0.0	0.0	0.0	0.0	1.5148926301906607	0.0497832253263471	0.0	0.32595050049077	MenNorm7	0.1689753819888808	normal	0.6840112121795203	14	0.03963445245857925	0.059163120148024925	0.0	0.0	-0.019528667689445674	0.03235612680998279	MenNorm7	0.12219950173866999	0.7836638522271612	143105734.46445733	CFD,PODN,SERPINF1,SRPX,C1S,C3,PTGFR,EFEMP1,SFRP1,CXCL12,C1R,MGST1,TMEM176B,PLA2G2A,GGT5,IGFBP4,FBLN2,TMEM176A,IGF1,PCDH18	other_fibrochondrocyte_program	not_prioritized	context_k	2	1.176941866212899
6	3	0.0	0.0	0.7117391140906241	0.0	0.9343698044025642	0.0	0.42625583896605546	0.0	0.0	0.0	0.0	1.4296414623974496	0.1476451422837568	0.0360831393575111	0.7094814146687324	MenNorm6	0.1279460555481082	normal	0.6046044738266623	14	0.14431504324733402	0.1559276795176122	0.033185562	0.0364104935	-0.01161263627027817	0.05960883547028943	MenNorm7	0.26542573133201447	0.9463005189929532	150103051.70879626	SERPINF1,C1S,C1R,CXCL12,EFEMP1,SFRP1,EPHX1,IGFBP4,CFD,SELENOP,COL14A1,SRPX,CYP1B1,IGF1,PLA2G2A,MMP2,EBF1,PTGFR,PODN,AHR	other_fibrochondrocyte_program	not_prioritized	context_k	2	1.1737493513012331
10	1	1.4191243519392782	1.2069324892309465	2.12410455900652	0.0	0.5843698044025643	0.0	13.057172301037092	0.45176272825891506	0.45176272825891506	0.0	0.0	1.7335907367488868	0.2447936792945441	0.1605402534640655	0.785355492988414	MenNorm1AVAS	0.1994130570280622	normal	0.8657697229224197	14	0.07518937155528888	0.36667873230291376	0.0356022435	0.31703449	-0.2914893607476249	0.2318776366930334	MenNorm1AVAS	0.714494743382	0.7563726184356605	147404826.03554556	GPX3,MT1X,GALNT15,DDIT4,SUN2,MT1E,MT1M,MT2A,GPM6B,CYP4B1,GLUL,CDA,RBP4,FBLN1,PLPP3,TXNIP,MTHFD2,JUN,FAXDC2,MMP3	generic_stress_response	not_prioritized	context_k	2	1.1088832585633048
22	7	0.0	0.0	0.7117391140906241	0.0	0.9343698044025642	0.0	0.42625583896605546	0.0	0.0	0.0	0.0	1.4296414623974496	0.0509149001052103	0.0	0.3292744971678569	MenNorm7	0.1711063565387747	normal	0.6913900130092289	14	0.03944087647288919	0.061477171081809064	0.0	0.0	-0.02203629460891987	0.033727076202231525	MenNorm7	0.12715962069569	0.7807298872207149	142485302.25937766	CFD,PODN,SERPINF1,SRPX,C1S,C3,PTGFR,EFEMP1,SFRP1,CXCL12,C1R,MGST1,PLA2G2A,TMEM176B,GGT5,IGFBP4,FBLN2,TMEM176A,PCDH18,IGF1	other_fibrochondrocyte_program	not_prioritized	context_k	2	1.0874287493199002
5	3	0.0	0.0	0.7117391140906241	0.0	0.9343698044025642	0.6286531841066286	1.1221205999412116	0.0	0.0	0.0	0.0	1.2904685102024183	0.1733360440642987	0.0487874221221881	0.7746194767111686	MenNorm6	0.1268239968254974	normal	0.5702604078845946	14	0.18919641003734136	0.17218695500602904	0.054967375	0.0442857255	0.01700945503131232	0.06694955481972015	MenNorm6	0.30404060472314504	0.9985213610276532	151021527.92571026	SERPINF1,C1R,C1S,COL14A1,EFEMP1,SFRP1,CXCL12,EPHX1,MMP2,IGFBP4,SELENOP,BASP1,CYP1B1,IGF1,CFD,AHR,EBF1,SRPX,TMSB10,CALD1	other_fibrochondrocyte_program	not_prioritized	context_k	2	1.0368205165514235
7	4	0.0	0.0	0.7117391140906241	0.0	0.9343698044025642	0.0	1.1221205999412116	0.0	0.0	0.0	0.0	1.2904685102024183	0.1447580199195634	0.0350702649367016	0.6986999096307259	MenNorm6	0.1288905662689261	normal	0.6052553522170908	14	0.14085006662959407	0.1529887488902078	0.031224970999999997	0.0360816925	-0.012138682260613737	0.0585005888346909	MenNorm7	0.260627476032561	0.7679169861686888	149407182.88119596	SERPINF1,C1S,C1R,CXCL12,EFEMP1,SFRP1,EPHX1,IGFBP4,CFD,SELENOP,COL14A1,SRPX,CYP1B1,IGF1,PLA2G2A,MMP2,PTGFR,EBF1,PODN,AHR	other_fibrochondrocyte_program	not_prioritized	context_k	2	1.032687377664566
8	4	0.0	0.0	0.7117391140906241	0.0	0.9343698044025642	0.0	1.1221205999412116	0.0	0.0	0.0	0.0	1.2904685102024183	0.1377060083049456	0.0296932925632619	0.6795421291465433	MenNorm6	0.1307822073655133	normal	0.6090409933308756	14	0.13219445652830664	0.14603159934638016	0.0243210755	0.0323586855	-0.013837142818073522	0.05607817457732223	MenNorm7	0.24943026197051776	0.7013022166166022	148671761.49681348	SERPINF1,C1S,C1R,CXCL12,EFEMP1,SFRP1,EPHX1,IGFBP4,CFD,SELENOP,COL14A1,SRPX,IGF1,CYP1B1,PLA2G2A,PTGFR,EBF1,MMP2,AHR,PODN	other_fibrochondrocyte_program	not_prioritized	context_k	2	1.0289040954713917
9	4	0.0	0.0	0.7117391140906241	0.0	0.9343698044025642	0.0	1.1221205999412116	0.0	0.0	0.0	0.0	1.2904685102024183	0.129282144149098	0.0262876208808123	0.6539156532488111	MenNorm6	0.1333970480180246	normal	0.6020811076009434	14	0.12534949850494131	0.13527038140129916	0.022737706	0.028056728500000003	-0.009920882896357841	0.052725844301835426	MenNorm6	0.2339466972193979	0.7122885393530889	148027667.73398447	SERPINF1,CXCL12,C1S,C1R,SFRP1,EFEMP1,IGFBP4,EPHX1,COL14A1,CFD,SELENOP,IGF1,SRPX,CYP1B1,PLA2G2A,PTGFR,AHR,GGT5,EBF1,MMP2	other_fibrochondrocyte_program	not_prioritized	context_k	2	1.023674414166369
10	4	0.0	0.0	0.7117391140906241	0.0	0.9343698044025642	0.0	1.1221205999412116	0.0	0.0	0.0	0.0	1.2904685102024183	0.1208249535653981	0.0202076206280611	0.6239587905159766	MenNorm6	0.1342101342659538	normal	0.6101757301449846	14	0.11583271133279326	0.12828017481340617	0.015670201	0.023183693999999998	-0.012447463480612916	0.05000027518943427	MenNorm6	0.2203812257037375	0.7563726184356605	147404826.03554556	SERPINF1,CXCL12,C1S,C1R,EFEMP1,SFRP1,IGFBP4,EPHX1,CFD,SELENOP,SRPX,COL14A1,IGF1,CYP1B1,PLA2G2A,PTGFR,GGT5,AHR,PODN,MMP2	other_fibrochondrocyte_program	not_prioritized	context_k	2	1.0220482416705106
20	1	0.0	0.0	0.3617391140906241	1.3702585104583136	0.5843698044025643	0.0	0.0	0.0	0.0	0.0	0.0	1.227457257805239	0.130338560676349	0.0961067802594527	0.4099387373906087	MenOA4	0.1127394739039867	OA	0.5777860013793422	14	0.18612207064378067	0.09975567905937865	0.14408013	0.06606366999999999	0.08636639158440201	0.05575782510422553	MenOA3	0.24363648159104787	0.7836638522271612	143105734.46445733	DST,PLCG2,MALAT1,EDIL3,MACF1,FTX,DDX17,TNC,OGN,NKTR,SYNE1,COL12A1,PTPRD,ECM2,LTBP2,ASPN,CDON,STEAP2,ZNF704,ANTXR1	other_fibrochondrocyte_program	not_prioritized	context_k	2	1.0019783099972654
18	1	0.0	0.0	0.3617391140906241	1.3702585104583136	0.5843698044025643	0.0	0.0	0.0	0.0	0.0	0.0	1.227457257805239	0.1260691120263992	0.0904491277288999	0.4040334669886281	MenOA5	0.1157609302253925	OA	0.5836511887630365	14	0.18215018784761144	0.09528423608374577	0.13907954	0.059809755	0.08686595176386568	0.056004665948436526	MenOA3	0.23563173928136016	0.7800992908893756	143785083.70412406	DST,PLCG2,MALAT1,EDIL3,MACF1,FTX,TNC,DDX17,OGN,SYNE1,ECM2,ASPN,PTPRD,NKTR,COL12A1,LTBP2,STEAP2,ANTXR1,CDON,ZNF704	other_fibrochondrocyte_program	not_prioritized	context_k	2	0.995935397354454
16	1	0.0	0.0	0.0	1.3702585104583136	0.8298087965982188	0.0	0.0	0.0	0.0	0.0	0.0	1.2138638640427082	0.1211149993024905	0.0834926853458057	0.3999351402696278	MenOA5	0.1298263432205383	OA	0.5966248280776962	14	0.17900872037232574	0.0888134899935787	0.135120155	0.050450463	0.09019523037874703	0.05850300060639855	MenOA5	0.2221340993960675	0.7744621952155285	144698308.23126858	DST,PLCG2,MALAT1,EDIL3,TNC,MACF1,ECM2,FTX,ASPN,SYNE1,OGN,PTPRD,DDX17,ANTXR1,SNHG14,NKTR,MXRA5,CDON,F5,COL12A1	other_fibrochondrocyte_program	not_prioritized	context_k	2	0.9542111776016315
18	7	0.0	0.0	0.3617391140906241	0.0	1.943238600566202	0.9786531841066286	0.42625583896605546	0.45176272825891506	0.45176272825891506	0.0	0.0	1.7069265608715167	0.0514102993844719	0.0	0.2964195991948299	MenNorm6	0.2814159159874974	normal	0.5036003748869465	14	0.06409312395348642	0.044677900470061475	0.012076847	0.0	0.01941522348342494	0.05420818792693568	MenNorm6	0.19716412919760987	0.7800992908893756	143785083.70412406	COL14A1,HLA-DRB1,CFI,CCN5,CRISPLD1,PTN,PTGDS,KCTD12,HLA-DRB5,AHR,MGAT4C,C7,HSPH1,CXCL12,PDGFRA,ANGPTL1,SELENOP,APOE,RSPO3,SFRP1	other_fibrochondrocyte_program	not_prioritized	context_k	2	0.9182133647670645
18	4	0.7529321877586527	0.0	1.6750012716347	0.0	0.0	0.0	5.307310060964682	0.0	0.0	0.0	0.0	1.0606609574555388	0.0788286358827415	0.0128481199029529	0.3897100647209088	MenNorm1VAS	0.3180699144304271	normal	0.9093764617380256	14	0.016894133078772935	0.12549381339865034	0.0	0.053799082	-0.1085996803198774	0.10289082700174822	MenNorm1VAS	0.34634588496126745	0.7800992908893756	143785083.70412406	GPX3,CYP4B1,SUN2,PLPP3,FBLN1,GPM6B,LINC01088,GLUL,ADAMTS5,GALNT15,TSKU,ANGPTL7,IGFBP6,GSN,JUN,CCDC3,PDK4,MYOC,MMP3,FAXDC2	other_fibrochondrocyte_program	not_prioritized	context_k	2	0.4245211285946846
20	4	0.7529321877586527	0.0	1.6750012716347	0.0	0.0	0.0	5.307310060964682	0.0	0.0	0.0	0.0	1.0606609574555388	0.0776837828683137	0.0123154630622126	0.3840995817193955	MenNorm1VAS	0.3197839822310793	normal	0.9093876537501704	14	0.016654758588554044	0.12359156394801181	0.0	0.052503731	-0.10693680535945776	0.10184435236053925	MenNorm1VAS	0.3425993622820598	0.7836638522271612	143105734.46445733	GPX3,CYP4B1,SUN2,PLPP3,FBLN1,GPM6B,LINC01088,ADAMTS5,GALNT15,GLUL,ANGPTL7,IGFBP6,TSKU,CCDC3,GSN,PDK4,JUN,MMP3,MYOC,FAXDC2	other_fibrochondrocyte_program	not_prioritized	context_k	2	0.4210929929933802
20	8	0.0	0.0	0.3617391140906241	0.0	1.943238600566202	0.9786531841066286	0.42625583896605546	0.801762728258915	0.801762728258915	0.0	0.0	1.3044265608715169	0.0485698741562666	0.0	0.2808959501330484	MenNorm6	0.2842573115781865	normal	0.5056833972941955	14	0.0602523748828664	0.0423287968199058	0.010135143499999999	0.0	0.017923578062960605	0.051772301563303244	MenNorm6	0.18778114790194603	0.7836638522271612	143105734.46445733	COL14A1,HLA-DRB1,CFI,CCN5,PTGDS,PTN,CRISPLD1,HLA-DRB5,KCTD12,AHR,C7,MGAT4C,HSPH1,CXCL12,PDGFRA,APOE,SELENOP,RSPO3,ANGPTL1,DNAJB1	other_fibrochondrocyte_program	not_prioritized	context_k	2	0.33503057358568633
30	16	0.7529321877586527	0.0	0.7117391140906241	0.0	0.9343698044025642	0.0	2.364452426494684	0.6797377023445434	0.0	0.0	0.0	1.1261758031179494	0.0244201136991888	0.0	0.1640241312329727	MenNorm1VAS	0.2644069649962219	normal	0.8917954891284033	14	0.00655990970372878	0.038504158118780406	0.0	0.0	-0.031944248415051626	0.02978992243407213	MenNorm1VAS	0.09110315578541184	0.7495418567195152	140564113.74093524	PODN,SRPX,C3,CFD,ADH1C,GSN,AGTR1,ALDH1A1,C1S,CLSTN2,TSKU,APOD,FBLN2,SERPINF1,VIT,PTGFR,ADH1B,C1R,GLUL,ACKR4	other_fibrochondrocyte_program	not_prioritized	context_k	2	0.25749302195323387
20	13	0.4029321877586527	0.0	0.0	0.0	0.0	1.578564750209635	0.0	0.0	0.0	0.0	0.0	0.4633720159224506	0.0445583133948118	0.000601803344161	0.2237489962691694	MenNorm3	0.1193404510197209	normal	0.5153042703921948	14	0.053840240294218036	0.0394510954454964	0.00860860575	0.0	0.014389144848721634	0.022412578227506492	MenNorm3	0.07198004516764775	0.7836638522271612	143105734.46445733	MFAP5,TMSB4X,FBN1,S100A4,FSTL1,AQP1,ANXA2,S100A6,S100A10,TPPP3,SFRP4,TNXB,FBLN2,PRSS23,LINC01133,DKK3,GAP43,IGFBP6,SCARA5,PPP1R14B	other_fibrochondrocyte_program	not_prioritized	context_k	2	0.22469111388300878
18	12	0.4029321877586527	0.0	0.0	0.0	0.0	1.578564750209635	0.0	0.0	0.0	0.0	0.0	0.4633720159224506	0.0436998675954001	0.0009288693075121	0.2189279576003412	MenNorm3	0.1250311451573541	normal	0.5068516716303862	14	0.053595683534533964	0.03807638793247697	0.0112178885	0.0	0.015519295602056997	0.02343493527358562	MenNorm3	0.07398838687184024	0.7800992908893756	143785083.70412406	MFAP5,TMSB4X,S100A4,AQP1,ANXA2,S100A6,FBN1,S100A10,FSTL1,TPPP3,DKK3,TNXB,SFRP4,PRSS23,GAP43,LINC01133,FBLN2,IGFBP6,PPP1R14B,PAMR1	other_fibrochondrocyte_program	not_prioritized	context_k	2	0.21330972560774236
30	10	0.0	0.31061906245110604	0.3617391140906241	0.0	0.0	0.0	0.42625583896605546	0.0	0.0	0.0	0.0	0.45007937085819716	0.0437071716916626	0.0249787288624156	0.1552044720320123	MenNorm2	0.1684159386318817	normal	0.625832696606166	14	0.037931531225080806	0.04517080237079194	0.021183789	0.027225084	-0.007239271145711136	0.022085407522584092	MenNorm2	0.09514633892038751	0.7495418567195152	140564113.74093524	MT-CO3,MT-ND4,MT-CO1,MT-CYB,MT-CO2,MT-ATP6,MT-ND5,MT-ND3,MT-ND1,MT-ND2,MT-ND4L,MTRNR2L12,MT-ATP8,S100A6,MTRNR2L8,EMP3,MT-ND6,S100A4,MTRNR2L1,ANXA2	other_fibrochondrocyte_program	not_prioritized	context_k	2	0.11324749359443376
30	1	0.0	0.0	0.3617391140906241	0.0	0.0	0.0	0.0	0.0	0.0	0.0	0.0	0.27130433556796807	0.1098046298951904	0.0773219003868187	0.3565637436539585	MenOA4	0.1102836782102772	OA	0.562393288663615	14	0.1542954100999028	0.08745479359655822	0.11295	0.052936523	0.06684061650334458	0.044640980341287356	MenOA3	0.2087242914878175	0.7495418567195152	140564113.74093524	DST,MALAT1,PLCG2,MACF1,DDX17,NKTR,SYNE1,FTX,NEAT1,ZNF638,PTPRD,EDIL3,UTRN,TNRC6B,KMT2A,OGA,RIF1,KMT2C,VPS13C,CDON	other_fibrochondrocyte_program	not_prioritized	context_k	2	0.05073697914741368
28	1	0.0	0.0	0.3617391140906241	0.0	0.0	0.0	0.0	0.0	0.0	0.0	0.0	0.27130433556796807	0.1139189275532027	0.0815574960701388	0.3669145810529598	MenOA4	0.1115999357081705	OA	0.5545354621158276	14	0.15767235443915756	0.09223333494997561	0.114005105	0.057685481499999997	0.06543901948918195	0.04479804594830584	MenOA3	0.21816797365632892	0.7988720153128822	140839324.06958038	MALAT1,DST,PLCG2,MACF1,DDX17,NKTR,SYNE1,FTX,NEAT1,EDIL3,ZNF638,UTRN,TNRC6B,PTPRD,KMT2A,OGA,UACA,RIF1,KMT2C,VPS13C	other_fibrochondrocyte_program	not_prioritized	context_k	2	0.04810446415162706
30	18	1.4191243519392782	0.0	0.3617391140906241	0.0	0.9343698044025642	3.8148220818773018	2.014452426494684	1.0297377023445433	0.0	0.0	0.0	1.297296791925669	0.0253950193700825	0.0	0.1306600425195999	MenNorm4	0.4288253641881401	normal	0.8965350628420364	14	0.006275364646991479	0.03941581852397221	0.0	0.0031010142	-0.03314045387698073	0.03593271248915507	MenNorm4	0.147167613876925	0.7495418567195152	140564113.74093524	APOC1,PLIN2,C11orf96,HAS1,GPR183,APOB,TFPI,KHDRBS3,PCK1,TMEM196,PRG4,HBEGF,APOE,CTTNBP2,ENPP4,G0S2,GDF15,RSPO3,PPM1L,RAMP2	other_fibrochondrocyte_program	not_prioritized	context_k	2	-0.07522278762288281
22	1	0.0	0.0	0.0	0.3815048408184566	0.0	0.0	0.0	0.0	0.0	0.0	0.0	0.09537621020461415	0.1244280071043844	0.0906935341793833	0.3962480090654686	MenOA4	0.1137220661281354	OA	0.5708308025829496	14	0.1757389940152675	0.09682447501918906	0.133065255	0.0632656525	0.07891451899607843	0.052003992225429244	MenOA3	0.23370339154076683	0.7807298872207149	142485302.25937766	DST,PLCG2,MALAT1,MACF1,FTX,DDX17,EDIL3,NKTR,SYNE1,PTPRD,ECM2,COL12A1,OGN,NEAT1,ZNF704,STEAP2,UACA,LTBP2,UTRN,TNRC6B	other_fibrochondrocyte_program	not_prioritized	context_k	2	-0.13206792205165666
30	19	0.0	0.8569324892309466	0.0	0.0	0.9343698044025642	0.0	0.0	0.801762728258915	0.801762728258915	0.5454431699804685	0.0	0.787453772971245	0.0227616624372195	0.0	0.1394907962455913	MenOA6	0.2741920247171183	OA	0.5440812951020361	14	0.031418588804741104	0.018133145342241044	0.0	0.0	0.01328544346250006	0.02342583632254369	MenOA6	0.09408647606373001	0.7495418567195152	140564113.74093524	PTGDS,C7,PTN,CXCL12,MGAT4C,ANGPT1,FMO2,APOE,CCN5,CRISPLD1,CFI,BST2,RSPO3,SELENOP,HLA-DRB1,KCTD12,PLTP,CP,COL14A1,SLC5A3	other_fibrochondrocyte_program	not_prioritized	context_k	2	-0.16181164059244912
22	12	0.0	0.0	0.0	0.0	0.0	1.578564750209635	0.0	0.0	0.0	0.0	0.0	0.0	0.0418414570035358	0.0	0.2166814884615944	MenNorm3	0.1217619583328964	normal	0.5350103105030286	14	0.04853915974262005	0.03845825005842039	0.000642445845	0.0	0.010080909684199654	0.020446961966800195	MenNorm3	0.06879529174617043	0.7807298872207149	142485302.25937766	MFAP5,TMSB4X,FBN1,S100A4,S100A6,FSTL1,ANXA2,AQP1,SFRP4,S100A10,TPPP3,TNXB,FBLN2,LINC01133,PRSS23,DKK3,PLAC9,PPP1R14B,IGFBP6,SCARA5	other_fibrochondrocyte_program	not_prioritized	context_k	2	-0.2435239166657928
22	8	0.0	0.0	0.0	0.0	1.943238600566202	0.9786531841066286	2.014452426494684	0.801762728258915	0.801762728258915	0.0	0.0	0.7154829077978229	0.0459265991362563	0.0	0.2656069373936007	MenNorm6	0.2870301262844423	normal	0.5160957049520656	14	0.055665761160511626	0.041023059337012745	0.011020351500000001	0.0	0.014642701823498881	0.050290456975919336	MenNorm6	0.179881379269317	0.7807298872207149	142485302.25937766	HLA-DRB1,COL14A1,CFI,CCN5,PTGDS,HLA-DRB5,CRISPLD1,PTN,HSPH1,C7,AHR,KCTD12,MGAT4C,CXCL12,APOE,RSPO3,DNAJB1,SELENOP,PDGFRA,ANGPTL1	other_fibrochondrocyte_program	not_prioritized	context_k	2	-0.25945870890051925
28	4	0.7529321877586527	0.0	1.6750012716347	0.0	0.0	0.0	3.7663540422803488	0.6797377023445434	0.0	0.0	0.0	0.5871538034961807	0.0671909632872039	0.0093247080019574	0.3365665286763162	MenNorm1VAS	0.3246726544716953	normal	0.8835433769680302	14	0.01841111920425167	0.1035689108056357	0.0	0.035469415000000004	-0.08515779160138402	0.08796728876315206	MenNorm1VAS	0.3018709573010275	0.7988720153128822	140839324.06958038	GPX3,CYP4B1,SUN2,PLPP3,FBLN1,GPM6B,LINC01088,ANGPTL7,IGFBP6,CCDC3,ADAMTS5,GALNT15,MMP3,GLUL,PDK4,NTRK2,TSKU,FAXDC2,CORO6,MYOC	other_fibrochondrocyte_program	not_prioritized	context_k	2	-0.4020603566194816
28	10	0.0	0.0	0.0	0.0	1.943238600566202	0.9786531841066286	2.364452426494684	0.801762728258915	0.801762728258915	0.5454431699804685	0.0	0.6454829077978228	0.0369380726321722	0.0	0.2216461298258158	MenNorm6	0.3272992091002178	normal	0.5812682195445944	14	0.039276055174736736	0.0375491897999779	0.0	0.0	0.0017268653747588361	0.04642656787629012	MenNorm6	0.16640374045523001	0.7988720153128822	140839324.06958038	HLA-DRB1,CCN5,HLA-DRB5,HSPH1,C7,CFI,CRISPLD1,COL14A1,PTGDS,AHR,PTN,KCTD12,MGAT4C,DNAJB1,CCN1,SELENOP,ANGPTL1,BST2,RSPO3,APOE	other_fibrochondrocyte_program	not_prioritized	context_k	2	-0.40999687453207034
30	5	0.7529321877586527	0.0	1.6750012716347	0.0	0.0	0.0	3.7663540422803488	0.6797377023445434	0.0	0.0	0.0	0.5871538034961807	0.0637880386671393	0.0057747095931667	0.3266970956030068	MenNorm1VAS	0.3292878622145667	normal	0.8932462659852405	14	0.01618049888171916	0.09969989973365552	0.0	0.031346729000000004	-0.08351940085193636	0.08510221681311957	MenNorm1VAS	0.2919918966572775	0.7495418567195152	140564113.74093524	CYP4B1,GPX3,SUN2,GPM6B,PLPP3,FBLN1,LINC01088,CCDC3,GALNT15,IGFBP6,ADAMTS5,ANGPTL7,MMP3,PDK4,NTRK2,GLUL,FAXDC2,CORO6,RIPOR2,C1QTNF7	other_fibrochondrocyte_program	not_prioritized	context_k	2	-0.41129077210522436
30	17	0.0	0.8569324892309466	0.0	0.0	0.8298087965982188	0.9786531841066286	6.007310060964683	0.0	0.0	0.0	0.0	0.39822984008149764	0.0254932491802304	0.0	0.1339699447122406	MenNorm6	0.4283276697107067	normal	0.741351838504445	14	0.016727975538926992	0.03289052243465128	0.0	0.0	-0.016162546895724286	0.037466789474402504	MenNorm6	0.14920567272076	0.7495418567195152	140564113.74093524	HSPH1,DNAJB1,HSPA1B,HSPA1A,HSPA6,PPP1R15A,KCNQ1OT1,CCN1,ZFP36L1,HLA-DRB5,ANGPTL1,MTRNR2L1,HLA-DRB1,FOS,AHR,MICOS10,ATF3,FILIP1L,THY1,COL14A1	other_fibrochondrocyte_program	not_prioritized	context_k	2	-0.4584254993399157
28	17	0.7529321877586527	0.0	0.3617391140906241	0.0	0.9343698044025642	3.8148220818773018	1.1221205999412116	1.0297377023445433	0.0	0.0	0.0	0.7096421684286444	0.0276882954686385	0.0	0.1431316129692703	MenNorm4	0.4096051600458552	normal	0.8844617614220575	14	0.007608492259833856	0.04248360701864619	0.0	0.00167898995	-0.03487511475881233	0.037730633587787256	MenNorm4	0.15387648773756998	0.7988720153128822	140839324.06958038	APOC1,PLIN2,C11orf96,HAS1,GPR183,APOB,TFPI,KHDRBS3,PCK1,TMEM196,PRG4,APOE,HBEGF,CTTNBP2,RSPO3,RAMP2,GDF15,PPM1L,ENPP4,G0S2	other_fibrochondrocyte_program	not_prioritized	context_k	2	-0.6244370028353377
30	22	0.7529321877586527	0.0	0.0	0.0	0.0	2.278564750209635	0.0	0.8954431699804685	0.0	0.8954431699804685	0.0	-0.16388762955508807	0.0142849384913478	0.0	0.0872996299734391	MenNorm7	0.141337291066007	normal	0.5790286032115567	14	0.01553148502684679	0.014801675158068937	0.0	0.0	0.0007298098687778531	0.006075275825636816	MenNorm7	0.030281870230752	0.7495418567195152	140564113.74093524	IGFBP7,GGT5,NR2F2,SFRP2,SPRY1,ABCA8,C7,NGFR,SPARCL1,COL4A1,NOTCH3,ITM2A,CYGB,TAGLN,GPC3,CALD1,CXCL14,NID1,NRP1,ABCA6	other_fibrochondrocyte_program	not_prioritized	context_k	2	-0.8942837966773363
16	6	0.4029321877586527	0.0	1.6750012716347	0.0	0.0	0.0	4.607310060964682	0.6797377023445434	0.0	0.0	0.0	0.01646259975931419	0.0839345197295787	0.0139776516867741	0.4180898921275353	MenNorm1VAS	0.3081790231563661	normal	0.9027481715122644	14	0.019732705016591322	0.13346808079650094	0.0	0.0556414525	-0.11373537577990961	0.10626536779699816	MenNorm1VAS	0.3614606638886735	0.7744621952155285	144698308.23126858	GPX3,SUN2,CYP4B1,PLPP3,FBLN1,GLUL,GSN,TSKU,LINC01088,ADAMTS5,GALNT15,MYOC,GPM6B,JUN,IGFBP6,LAMA2,ANGPTL7,LTBP4,MAOA,NOX4	other_fibrochondrocyte_program	not_prioritized	context_k	2	-0.9397642977256897
22	4	0.7529321877586527	0.0	1.6750012716347	0.0	0.0	0.0	6.625677397973441	0.6797377023445434	0.0	0.0	0.0	0.01528913235756213	0.0749153016488738	0.0118010809023804	0.3727796435626018	MenNorm1VAS	0.3235473529556344	normal	0.9091932830859356	14	0.0160796356080375	0.11922258754334872	0.0	0.049444997500000004	-0.10314295193531121	0.09922832552875113	MenNorm1VAS	0.334464854707275	0.7807298872207149	142485302.25937766	GPX3,CYP4B1,SUN2,PLPP3,GPM6B,FBLN1,LINC01088,GALNT15,ADAMTS5,GLUL,ANGPTL7,IGFBP6,CCDC3,TSKU,PDK4,MMP3,JUN,FAXDC2,GSN,MYOC	other_fibrochondrocyte_program	not_prioritized	context_k	2	-0.9716744247259784
28	12	0.0	0.0	0.0	0.0	0.0	1.578564750209635	0.0	0.6797377023445434	0.0	0.0	0.0	-0.7816983576962249	0.0355350925341904	0.0	0.1875354123530025	MenNorm3	0.1237529842674761	normal	0.529630292090539	14	0.04200571724264137	0.032616972970263905	0.0	0.0	0.009388744272377465	0.017047899893583813	MenNorm3	0.059288872590102175	0.7988720153128822	140839324.06958038	MFAP5,FBN1,TMSB4X,FSTL1,SFRP4,FBLN2,LINC01133,S100A4,ANXA2,S100A6,TNXB,TPPP3,AQP1,S100A10,SCARA5,PRSS23,PLAC9,GLIPR2,CD248,CD34	other_fibrochondrocyte_program	not_prioritized	context_k	2	-1.3690731774034486
30	12	0.0	0.0	0.0	0.0	0.0	0.6286531841066286	0.0	0.6797377023445434	0.0	0.0	0.0	-0.7816983576962249	0.0351285941809859	0.0	0.1841877249564746	MenNorm3	0.1392355316720646	normal	0.5310151354633741	14	0.041149432913120745	0.031879149668924	0.0	0.0	0.009270283244196743	0.017252684650644418	MenNorm3	0.06508022426692725	0.7495418567195152	140564113.74093524	MFAP5,FBN1,TMSB4X,SFRP4,FSTL1,ANXA2,FBLN2,LINC01133,S100A6,S100A4,S100A10,AQP1,TNXB,SCARA5,PLAC9,TPPP3,CD248,PRSS23,GSN,GLIPR2	other_fibrochondrocyte_program	not_prioritized	context_k	2	-1.4000382722126257
30	25	0.0	0.0	0.0	0.0	0.0	0.9786531841066286	0.0	0.8954431699804685	0.45176272825891506	0.8954431699804685	0.0	-1.0297596454775386	0.0034515372809455	0.0	0.0156257653068539	MenNorm3	0.1076141849145466	normal	0.5707609462366949	14	0.003883690892697089	0.0035977391765968127	0.0	0.0	0.0002859517161002763	0.0010089650770119412	MenNorm3	0.005762394296776975	0.7495418567195152	140564113.74093524	NRXN1,PLP1,CDH19,CHL1,SCN7A,S100B,AC027013.1,NGFR,ARHGAP15,CLDN1,ITGA6,GFRA1,SLC22A3,COL28A1,OLFML2A,CNKSR3,MPZ,SORCS1,MAL,MYOT	other_fibrochondrocyte_program	not_prioritized	context_k	2	-1.692709600296866
20	16	0.7529321877586527	0.0	0.0	0.0	0.0	0.9786531841066286	0.0	1.7410899281542371	0.0	1.7410899281542371	0.0	-1.1363814014549223	0.0054541199089915	0.0	0.0250614188018488	MenNorm3	0.0944501670567077	normal	0.5565082045035034	14	0.006381593711909488	0.005467810490923916	0.0	0.0	0.0009137832209855715	0.0012121459904708817	MenNorm3	0.0075272197473382095	0.7836638522271612	143105734.46445733	NRXN1,PLP1,CDH19,SCN7A,CHL1,NGFR,AC027013.1,S100B,ARHGAP15,CLDN1,GFRA1,ITGA6,SLC22A3,COL28A1,OLFML2A,NR2F2,CNKSR3,SORCS1,MPZ,MAL	other_fibrochondrocyte_program	not_prioritized	context_k	2	-2.1958266996454565
22	18	0.7529321877586527	0.0	0.0	0.0	0.0	0.9786531841066286	0.0	1.7410899281542371	0.0	1.7410899281542371	0.0	-1.1363814014549223	0.0051096575810346	0.0	0.0229407696503482	MenNorm3	0.0975698735633811	normal	0.5769072614725906	14	0.005664099762393741	0.0053457519067063005	0.0	0.0	0.00031834785568744025	0.0011216589351155147	MenNorm3	0.00738812891538105	0.7807298872207149	142485302.25937766	NRXN1,PLP1,CDH19,SCN7A,CHL1,NGFR,AC027013.1,S100B,ARHGAP15,CLDN1,GFRA1,ITGA6,SLC22A3,COL28A1,OLFML2A,NR2F2,CNKSR3,SORCS1,MPZ,MAL	other_fibrochondrocyte_program	not_prioritized	context_k	2	-2.202066112658803
28	22	0.7529321877586527	0.0	0.0	0.0	0.0	0.9786531841066286	0.0	1.7410899281542371	0.0	1.7410899281542371	0.0	-1.1363814014549223	0.004602139104134	0.0	0.0207823164423044	MenNorm3	0.1013937704332372	normal	0.5548160031745877	14	0.005373415766113327	0.004618847213377034	0.0	0.0	0.0007545685527362931	0.001244103704794117	MenOA5	0.0073742973205038	0.7988720153128822	140839324.06958038	NRXN1,PLP1,CDH19,SCN7A,CHL1,NGFR,AC027013.1,S100B,ARHGAP15,CLDN1,GFRA1,ITGA6,SLC22A3,COL28A1,OLFML2A,CNKSR3,SORCS1,MPZ,NR2F2,MAL	other_fibrochondrocyte_program	not_prioritized	context_k	2	-2.209713906398515
28	27	0.0	3.497582099799766	0.0	0.0	0.0	0.0	0.0	4.251432346984677	4.251432346984677	0.0	0.0	-1.9162024142025764	0.0011094183670389	0.0	0.003838189958125	MenOA4	0.2878208532764884	OA	0.6497694127789887	14	0.001834204498097429	0.0007112362765176843	0.0	0.0	0.0011229682215797448	0.001050337349174315	MenOA4	0.004464447922165362	0.7988720153128822	140839324.06958038	TPSAB1,TPSB2,MS4A2,CPA3,HPGDS,CD69,CTSG,HDC,FCER1G,AREG,HPGD,SLC18A2,GPR65,RGS1,KIT,SAMSN1,RAC2,KRT19,RGS13,ALOX5AP	other_fibrochondrocyte_program	not_prioritized	context_k	2	-4.617560294247891
16	16	0.0	1.5569324892309466	0.0	0.0	0.0	0.0	0.0	3.700311446408953	3.5514323469846767	0.0	3.700311446408953	-2.9319655475239905	0.0021376031084154	0.0	0.0076883589159374	MenOA4	0.2287058659955315	OA	0.587796737567786	14	0.003157086355105878	0.0016374592602775991	0.0	0.0	0.001519627094828279	0.0016024103520794397	MenOA4	0.006625977333542825	0.7744621952155285	144698308.23126858	CD3D,PTPRC,CD52,NKG7,CCL5,TRBC2,IL7R,TRBC1,CXCR4,KLRB1,SAMSN1,LTB,GZMA,CD48,CD69,TRAC,BCL11B,GZMK,RUNX3,CD37	other_fibrochondrocyte_program	not_prioritized	context_k	2	-5.23953300271953
30	28	0.0	1.5569324892309466	0.0	0.0	0.0	0.0	0.0	3.700311446408953	3.5514323469846767	0.0	3.700311446408953	-2.9319655475239905	0.001910695179136	0.0	0.0069486369561784	MenOA4	0.2319756352676309	OA	0.5928436812562691	14	0.002903286883958508	0.0014674462316884571	0.0	0.0	0.001435840652270051	0.0014659940539137528	MenOA4	0.006140961523945175	0.7495418567195152	140564113.74093524	CD3D,PTPRC,CD52,NKG7,CCL5,TRBC2,IL7R,TRBC1,CXCR4,SAMSN1,KLRB1,LTB,GZMA,CD69,CD48,TRAC,BCL11B,GZMK,RUNX3,CD37	other_fibrochondrocyte_program	not_prioritized	context_k	2	-5.246072541263729
22	21	0.0	1.5569324892309466	0.0	0.0	0.0	0.0	0.0	3.700311446408953	3.5514323469846767	0.0	3.700311446408953	-2.9319655475239905	0.0021103844020602	0.0	0.0076959507541854	MenOA4	0.2342733990338848	OA	0.5897369290258523	14	0.003131488275271969	0.0016127552730958237	0.0	0.0	0.001518733002176145	0.001592705779769586	MenOA4	0.00670903758173725	0.7807298872207149	142485302.25937766	CD3D,PTPRC,CD52,NKG7,CCL5,TRBC2,IL7R,TRBC1,CXCR4,SAMSN1,KLRB1,LTB,GZMA,CD69,CD48,TRAC,BCL11B,GZMK,RUNX3,CD37	other_fibrochondrocyte_program	not_prioritized	context_k	2	-5.250668068796236
20	19	0.0	1.5569324892309466	0.0	0.0	0.0	0.0	0.0	3.700311446408953	3.5514323469846767	0.0	3.700311446408953	-2.9319655475239905	0.0021599311514718	0.0	0.0078757139896623	MenOA4	0.2348710296297853	OA	0.5904532214342465	14	0.003203535684548552	0.0016433680014859117	0.0	0.0	0.0015601676830626402	0.001627207458261671	MenOA4	0.0068655041531303	0.7836638522271612	143105734.46445733	CD3D,PTPRC,CD52,NKG7,CCL5,TRBC2,IL7R,TRBC1,CXCR4,SAMSN1,KLRB1,LTB,GZMA,CD69,CD48,TRAC,BCL11B,GZMK,RUNX3,CD37	other_fibrochondrocyte_program	not_prioritized	context_k	2	-5.251863329988038
18	17	0.0	1.5569324892309466	0.0	0.0	0.0	0.0	0.0	3.700311446408953	3.5514323469846767	0.0	3.700311446408953	-2.9319655475239905	0.0022171993793685	0.0	0.0081055920380962	MenOA4	0.235251398079596	OA	0.5896173756602835	14	0.003281087447491635	0.0016897663692322824	0.0	0.0	0.0015913210782593527	0.001669094129784308	MenOA4	0.0070452954386035	0.7800992908893756	143785083.70412406	CD3D,PTPRC,CD52,NKG7,CCL5,TRBC2,IL7R,TRBC1,CXCR4,SAMSN1,KLRB1,LTB,GZMA,CD69,CD48,TRAC,BCL11B,GZMK,RUNX3,CD37	other_fibrochondrocyte_program	not_prioritized	context_k	2	-5.252624066887659
28	26	0.4029321877586527	1.5569324892309466	0.0	0.0	0.0	0.0	0.0	5.111578945685981	2.4588027317140346	0.0	5.111578945685981	-4.091551155770122	0.001563004671533	0.0	0.0059677055752423	MenOA4	0.2049307706265283	OA	0.5547531283170598	14	0.002228117894626641	0.0013159857648262375	0.0	0.0	0.0009121321298004035	0.0010412781536043832	MenOA4	0.00438056082143685	0.7988720153128822	140839324.06958038	CD3D,PTPRC,CD52,NKG7,CCL5,TRBC2,IL7R,TRBC1,CXCR4,KLRB1,LTB,GZMA,CD48,TRAC,SAMSN1,BCL11B,GZMK,RUNX3,CD69,HCST	other_fibrochondrocyte_program	not_prioritized	context_k	2	-7.057202169866169
28	28	0.0	0.0	0.0	0.0	0.0	0.0	0.0	6.161578945685981	0.0	0.0	6.161578945685981	-7.085815787538877	0.0003890329461693	0.0	0.0008999448381116	MenNorm4	0.1769572096144781	normal	0.5533708911203908	14	0.0004297037234788984	0.00033393831092408936	0.0	0.0	9.576541255480904e-05	0.00020971273499341796	MenNorm4	0.0007751910668510525	0.7988720153128822	140839324.06958038	HBM,AHSP,CA1,ALAS2,HBD,HBA1,HBB,HBA2,CA2,HIST1H1B,HIST1H2AL,IKZF1,TRIM58,NUSAP1,CD36,MKI67,HIST1H3G,LINC01118,DOPEY2,C21orf58	cycling_program	exclude_contamination_or_non_fibrochondrocyte	context_k	2	-10.520519679610823
30	30	0.0	0.0	0.0	0.0	0.0	0.0	0.0	6.511578945685981	0.0	0.0	6.511578945685981	-7.488315787538878	0.0003798109437315	0.0	0.0008692501502345	MenNorm4	0.1808437390414924	normal	0.5572792627874559	14	0.0004184409544813351	0.00032754094480477865	0.0	0.0	9.090000967655647e-05	0.00020896738817766106	MenNorm4	0.0007752453937354685	0.7495418567195152	140564113.74093524	HBM,AHSP,CA1,ALAS2,HBD,HBA1,HBB,HBA2,CA2,HIST1H1B,HIST1H2AL,IKZF1,TRIM58,CD36,NUSAP1,MKI67,HIST1H3G,LINC01118,DOPEY2,C21orf58	cycling_program	exclude_contamination_or_non_fibrochondrocyte	context_k	2	-11.105792738464853
6	5	1.0691243519392781	0.31061906245110604	5.5515057546623545	0.0	0.5843698044025643	0.9786531841066286	0.0	15.721370181298937	0.0	0.5454431699804685	15.721370181298937	-11.80883889006071	0.0942496472482089	0.0347457366684876	0.3933368895128646	MenOA1	0.1695589283320292	OA	0.750604941505786	14	0.17009307051741246	0.04162938227303356	0.112001445	0.0026862839999999997	0.1284636882443789	0.07202696311847857	MenOA1	0.21641860161574483	0.9463005189929532	150103051.70879626	COL1A1,COL1A2,LGALS1,COL6A1,DKK3,COL6A2,MXRA5,COL5A2,TGFBI,COL6A3,ITGB1,POSTN,CCND1,AQP1,LOXL2,SPARC,TMSB4X,FNDC1,S100A10,ASPN	cycling_program	exclude_contamination_or_non_fibrochondrocyte	context_k	2	-20.008641837374235
28	23	0.0	0.0	0.0	0.0	0.0	1.578564750209635	0.0	12.568354511316738	1.529890307549317	2.804738544899634	0.0	-14.453607688014246	0.0033506305777868	0.0	0.0142044232919422	MenOA4	0.1411890864949542	normal	0.5958307339525263	14	0.0034720866884089814	0.003662209372836119	0.0	0.0	-0.0001901226844271374	0.0021638765625911875	MenOA3	0.0073385655630640355	0.7988720153128822	140839324.06958038	PECAM1,GIMAP7,EMCN,ACKR1,SOX18,PLVAP,PCAT19,VWF,CCL14,CD93,SELE,MMRN1,ADGRL4,TFF3,STC1,CCL21,RAMP3,CYYR1,BCAM,CALCRL	other_fibrochondrocyte_program	exclude_contamination_or_non_fibrochondrocyte	context_k	2	-21.020163116662523
30	26	0.0	0.0	0.0	0.0	0.0	1.578564750209635	0.0	12.918354511316737	1.529890307549317	2.804738544899634	0.0	-14.856107688014246	0.0032683135349828	0.0	0.0138454688562998	MenNorm6	0.1408964728871139	normal	0.6065407331400271	14	0.00332843210839119	0.003628841550782856	0.0	0.0	-0.0003004094423916656	0.0021150855619857765	MenOA3	0.007149357982443095	0.7495418567195152	140564113.74093524	PECAM1,GIMAP7,EMCN,ACKR1,SOX18,PLVAP,PCAT19,VWF,CCL14,CD93,SELE,MMRN1,ADGRL4,TFF3,STC1,CCL21,RAMP3,CYYR1,BCAM,CALCRL	other_fibrochondrocyte_program	exclude_contamination_or_non_fibrochondrocyte	context_k	2	-21.597077889446844
22	19	0.0	0.0	0.0	0.0	0.0	0.6286531841066286	0.0	12.918354511316737	1.529890307549317	2.804738544899634	0.0	-14.856107688014246	0.0037742531427982	0.0	0.015352474837634	MenNorm4	0.1653940615097764	normal	0.6190767818312165	14	0.0036458203595885353	0.004185839940473434	0.0	0.0	-0.0005400195808848984	0.0026009590540209348	MenNorm4	0.008817872421269175	0.7807298872207149	142485302.25937766	PECAM1,GIMAP7,EMCN,ACKR1,SOX18,PLVAP,PCAT19,VWF,CCL14,SELE,CD93,MMRN1,ADGRL4,TFF3,STC1,CCL21,RAMP3,CYYR1,BCAM,CALCRL	other_fibrochondrocyte_program	exclude_contamination_or_non_fibrochondrocyte	context_k	2	-21.646073066692168
20	17	0.0	0.0	0.0	0.0	0.0	0.6286531841066286	0.0	12.918354511316737	1.529890307549317	2.804738544899634	0.0	-14.856107688014246	0.0037896768413565	0.0	0.0152478442470764	MenNorm4	0.1657456058390705	normal	0.625772377463557	14	0.0035961037386620163	0.0042293853185017645	0.0	0.0	-0.0006332815798397481	0.0026473886777144185	MenNorm4	0.00881689717137085	0.7836638522271612	143105734.46445733	PECAM1,GIMAP7,EMCN,ACKR1,SOX18,PLVAP,PCAT19,CCL14,VWF,SELE,CD93,MMRN1,ADGRL4,TFF3,STC1,CCL21,RAMP3,CYYR1,BCAM,CALCRL	other_fibrochondrocyte_program	exclude_contamination_or_non_fibrochondrocyte	context_k	2	-21.646776155350757
8	8	1.0691243519392781	0.0	0.3617391140906241	0.0	0.4798087965982188	0.0	0.0	18.521370181298938	2.1088027317140345	0.0	18.521370181298938	-19.29497913176751	0.0024237522051193	0.0	0.009259306688631	MenOA1	0.1431441981310462	normal	0.5563230954193027	14	0.0025599645026395113	0.002317454925037561	0.0	0.000326054175	0.00024250957760195034	0.0009475297521099702	MenOA1	0.004713800621373075	0.7013022166166022	148671761.49681348	ANLN,ASPM,TOP2A,CENPF,CEP55,UBE2C,TPX2,MKI67,PIMREG,CCNB2,BIRC5,DEPDC1,CDK1,DIAPH3,PBK,CENPE,NUSAP1,CDC20,STMN1,TYMS	cycling_program	exclude_contamination_or_non_fibrochondrocyte	context_k	2	-28.841952618679073
16	13	0.7529321877586527	0.0	0.7117391140906241	0.0	0.0	3.8148220818773018	0.0	18.171370181298936	0.0	18.171370181298936	0.0	-19.49739935700336	0.0151203138911575	0.0	0.0789047709643432	MenNorm6	0.1595890968200919	normal	0.6375362648444457	14	0.01410710479187018	0.017304284787985864	0.0	0.0	-0.0031971799961156844	0.007135083855136642	MenNorm6	0.0344836097644715	0.7744621952155285	144698308.23126858	RGS5,ACTA2,GJA4,TINAGL1,ADGRF5,NR2F2,COX4I2,IGFBP7,MCAM,SYNPO2,PPP1R14A,TAGLN,NOTCH3,COL4A1,COL4A2,ARHGAP15,CD36,HES4,NRXN1,HIGD1B	mural_muscle_contamination	exclude_contamination_or_non_fibrochondrocyte	context_k	2	-28.902262641293014
18	15	0.7529321877586527	0.0	0.7117391140906241	0.0	0.0	3.464822081877302	0.0	18.171370181298936	0.0	18.171370181298936	0.0	-19.49739935700336	0.0129033033946771	0.0	0.0638825520616122	MenNorm6	0.1880944919088356	normal	0.6234251514212386	14	0.012612095285090552	0.014402386851212763	0.0	0.0	-0.001790291566122211	0.006928323266415026	MenNorm6	0.03437809216848525	0.7800992908893756	143785083.70412406	RGS5,ACTA2,GJA4,TINAGL1,ADGRF5,NR2F2,COX4I2,MCAM,PPP1R14A,SYNPO2,IGFBP7,NOTCH3,TAGLN,CD36,ARHGAP15,COL4A2,COL4A1,HES4,NRXN1,HIGD1B	mural_muscle_contamination	exclude_contamination_or_non_fibrochondrocyte	context_k	2	-28.9592734314705
28	25	0.7529321877586527	0.0	0.3617391140906241	0.0	0.4798087965982188	0.0	0.0	18.521370181298938	1.1798903075493172	0.0	18.521370181298938	-19.65860012057523	0.0013880870899642	0.0	0.0056109356715133	MenOA1	0.1483034457262264	OA	0.5158870368305293	14	0.0018502282430200765	0.0011966656724162205	0.0	0.0	0.0006535625706038559	0.0005429717214165138	MenOA1	0.003009524602997682	0.7988720153128822	140839324.06958038	ANLN,ASPM,TOP2A,CENPF,CEP55,UBE2C,TPX2,MKI67,PIMREG,CCNB2,BIRC5,DEPDC1,CDK1,DIAPH3,PBK,CENPE,NUSAP1,CDC20,STMN1,TYMS	cycling_program	exclude_contamination_or_non_fibrochondrocyte	context_k	2	-29.215892102677152
30	29	0.7529321877586527	0.0	0.3617391140906241	0.0	0.4798087965982188	0.0	0.0	18.521370181298938	1.1798903075493172	0.0	18.521370181298938	-19.65860012057523	0.0014239242885998	0.0	0.0057254269389447	MenOA1	0.1485156914708222	OA	0.5030694809057552	14	0.0018527523604834229	0.0012559430563863802	0.0	0.0	0.0005968093040970427	0.0005528343011891898	MenOA1	0.00308059291588806	0.7495418567195152	140564113.74093524	ANLN,ASPM,TOP2A,CENPF,CEP55,UBE2C,TPX2,MKI67,PIMREG,CCNB2,BIRC5,DEPDC1,CDK1,DIAPH3,PBK,CENPE,NUSAP1,CDC20,STMN1,TYMS	cycling_program	exclude_contamination_or_non_fibrochondrocyte	context_k	2	-29.216316594166344
28	21	0.7529321877586527	0.31061906245110604	0.7117391140906241	0.0	0.0	3.464822081877302	0.0	18.521370181298938	0.0	18.521370181298938	0.0	-19.635873153919917	0.0073323163761558	0.0	0.0329660554170622	MenNorm6	0.218760034192215	normal	0.6194368941641796	14	0.007205863319928088	0.008186063258438396	0.0	0.0	-0.0009801999385103078	0.00488373924847468	MenNorm6	0.0233367241112405	0.7988720153128822	140839324.06958038	RGS5,ACTA2,GJA4,TINAGL1,ADGRF5,COX4I2,PPP1R14A,SYNPO2,CD36,MCAM,HIGD1B,FHL5,NOTCH3,TAGLN,HES4,IGFBP7,NR2F2,PLN,COL4A2,COL4A1	mural_muscle_contamination	exclude_contamination_or_non_fibrochondrocyte	context_k	2	-29.334078312953814
30	24	0.7529321877586527	0.31061906245110604	0.7117391140906241	0.0	0.0	3.114822081877302	0.0	18.521370181298938	0.0	18.521370181298938	0.0	-19.635873153919917	0.0046002713857643	0.0	0.017981251666913	MenNorm6	0.2201478180530694	normal	0.6433974248367198	14	0.004230811892250598	0.0054207219908882585	0.0	0.0	-0.0011899100986376603	0.0034922437062798427	MenNorm6	0.0156696963425037	0.7495418567195152	140564113.74093524	RGS5,GJA4,ACTA2,TINAGL1,ADGRF5,COX4I2,PPP1R14A,CD36,SYNPO2,MCAM,HIGD1B,FHL5,PLN,TAGLN,NOTCH3,HES4,CARMN,MYH11,COL4A2,NR2F2	mural_muscle_contamination	exclude_contamination_or_non_fibrochondrocyte	context_k	2	-29.336853880675527
22	17	0.7529321877586527	0.0	0.7117391140906241	0.0	0.0	3.8148220818773018	0.0	18.521370181298938	0.0	18.521370181298938	0.0	-19.899899357003356	0.0086960697458128	0.0	0.0401343281531779	MenNorm6	0.2194943525752575	normal	0.6463984780971785	14	0.007836058678930127	0.010082534526104893	0.0	0.0	-0.0022464758471747656	0.005774343360754977	MenNorm6	0.027413385905461753	0.7807298872207149	142485302.25937766	RGS5,GJA4,ACTA2,TINAGL1,ADGRF5,COX4I2,PPP1R14A,SYNPO2,CD36,MCAM,HIGD1B,FHL5,NOTCH3,TAGLN,IGFBP7,NR2F2,HES4,COL4A2,PLN,COL4A1	mural_muscle_contamination	exclude_contamination_or_non_fibrochondrocyte	context_k	2	-29.599573152803337
20	15	0.7529321877586527	0.0	0.7117391140906241	0.0	0.0	3.8148220818773018	0.0	18.521370181298938	0.0	18.521370181298938	0.0	-19.899899357003356	0.0093850277709646	0.0	0.044699507441935	MenNorm6	0.2241013492281239	normal	0.6477535739049947	14	0.008475531945567672	0.010824350899413485	0.0	0.0	-0.002348818953845812	0.006341918926066484	MenNorm6	0.02987249774145185	0.7836638522271612	143105734.46445733	RGS5,ACTA2,GJA4,TINAGL1,ADGRF5,COX4I2,PPP1R14A,SYNPO2,CD36,MCAM,NOTCH3,HIGD1B,TAGLN,FHL5,NR2F2,IGFBP7,HES4,COL4A2,COL4A1,PLN	mural_muscle_contamination	exclude_contamination_or_non_fibrochondrocyte	context_k	2	-29.608787146109073
10	10	0.4029321877586527	0.0	0.0	0.0	0.4798087965982188	0.0	0.0	18.521370181298938	2.1088027317140345	0.0	18.521370181298938	-20.332404456143195	0.0021940769583531	0.0	0.0082673242226529	MenOA1	0.1335883143528085	normal	0.5392194687397706	14	0.0024391293827407613	0.0020528766890156903	0.0	0.00013560344	0.000386252693725071	0.0009343795293975767	MenOA1	0.0040108164779744755	0.7563726184356605	147404826.03554556	ANLN,ASPM,TOP2A,CENPF,CEP55,UBE2C,TPX2,MKI67,PIMREG,CCNB2,BIRC5,DEPDC1,CDK1,DIAPH3,PBK,CENPE,NUSAP1,CDC20,STMN1,TYMS	cycling_program	exclude_contamination_or_non_fibrochondrocyte	context_k	2	-29.860266175498282
9	9	0.4029321877586527	0.0	0.0	0.0	0.4798087965982188	0.0	0.0	18.521370181298938	2.1088027317140345	0.0	18.521370181298938	-20.332404456143195	0.0024478894031833	0.0	0.0092440029257881	MenOA1	0.135952856748039	normal	0.5583707603668114	14	0.002591750908088004	0.0023547322840051037	0.0	0.000346194965	0.00023701862408290024	0.0010514707934289036	MenOA1	0.004554361360172588	0.7122885393530889	148027667.73398447	ANLN,ASPM,TOP2A,CENPF,CEP55,UBE2C,TPX2,MKI67,PIMREG,CCNB2,BIRC5,DEPDC1,CDK1,DIAPH3,PBK,CENPE,NUSAP1,CDC20,STMN1,TYMS	cycling_program	exclude_contamination_or_non_fibrochondrocyte	context_k	2	-29.864995260288744
16	15	0.4029321877586527	0.0	0.0	0.0	0.4798087965982188	0.0	0.0	18.521370181298938	1.1798903075493172	0.0	18.521370181298938	-20.332404456143195	0.001651482783407	0.0	0.0064097596344211	MenOA1	0.1505888460082653	OA	0.5190256625198371	14	0.0021510102750178467	0.0014010678350344465	0.0	0.0	0.0007499424399834002	0.0006312354094961458	MenOA1	0.0035706558693432574	0.7744621952155285	144698308.23126858	ANLN,ASPM,TOP2A,CENPF,CEP55,UBE2C,TPX2,MKI67,PIMREG,CCNB2,BIRC5,DEPDC1,CDK1,DIAPH3,PBK,CENPE,NUSAP1,CDC20,STMN1,TYMS	cycling_program	exclude_contamination_or_non_fibrochondrocyte	context_k	2	-29.894267238809192
20	20	0.4029321877586527	0.0	0.0	0.0	0.4798087965982188	0.0	0.0	18.521370181298938	1.1798903075493172	0.0	18.521370181298938	-20.332404456143195	0.001618536054357	0.0	0.0063303798835677	MenOA1	0.1545453205032257	OA	0.5179067285353578	14	0.002106079853628119	0.0013674525945870845	0.0	0.0	0.0007386272590410344	0.0006386148285051017	MenOA1	0.003587427806320833	0.7836638522271612	143105734.46445733	ANLN,ASPM,TOP2A,CENPF,CEP55,UBE2C,TPX2,MKI67,PIMREG,CCNB2,BIRC5,DEPDC1,CDK1,DIAPH3,PBK,CENPE,NUSAP1,CDC20,STMN1,TYMS	cycling_program	exclude_contamination_or_non_fibrochondrocyte	context_k	2	-29.902180187799118
18	18	0.4029321877586527	0.0	0.0	0.0	0.4798087965982188	0.0	0.0	18.521370181298938	1.1798903075493172	0.0	18.521370181298938	-20.332404456143195	0.0015964198320212	0.0	0.0062625852696008	MenOA1	0.1550086879298177	OA	0.5212917524968003	14	0.0020850870748221886	0.0013386631762674064	0.0	0.0	0.0007464238985547822	0.0006382509789098523	MenOA1	0.0035394771752277	0.7800992908893756	143785083.70412406	ANLN,ASPM,TOP2A,CENPF,CEP55,UBE2C,TPX2,MKI67,PIMREG,CCNB2,BIRC5,DEPDC1,CDK1,DIAPH3,PBK,CENPE,NUSAP1,CDC20,STMN1,TYMS	cycling_program	exclude_contamination_or_non_fibrochondrocyte	context_k	2	-29.9031069226523
22	22	0.4029321877586527	0.0	0.0	0.0	0.4798087965982188	0.0	0.0	18.521370181298938	1.1798903075493172	0.0	18.521370181298938	-20.332404456143195	0.0015329316146666	0.0	0.0060828309015731	MenOA1	0.155830109376892	OA	0.5134935344211139	14	0.0019816140173459012	0.0013096999131507402	0.0	0.0	0.000671914104195161	0.0005999531259144884	MenOA1	0.00341832708867129	0.7807298872207149	142485302.25937766	ANLN,ASPM,TOP2A,CENPF,UBE2C,CEP55,TPX2,MKI67,PIMREG,CCNB2,BIRC5,DEPDC1,CDK1,DIAPH3,PBK,CENPE,NUSAP1,CDC20,STMN1,TYMS	cycling_program	exclude_contamination_or_non_fibrochondrocyte	context_k	2	-29.90474976554645
7	7	0.4029321877586527	0.0	0.0	0.0	0.4798087965982188	0.0	0.0	18.727780261762597	18.727780261762597	0.0	18.521370181298938	-20.569776048676403	0.0023065654199594	0.0	0.0082443811859648	MenOA4	0.1429998359507313	OA	0.5107041164187414	14	0.0028190364855907603	0.0019407240117269406	0.0	0.0	0.0008783124738638197	0.0008306492735085881	MenOA4	0.004169793993465625	0.7679169861686888	149407182.88119596	ASPM,ANLN,TOP2A,CENPF,CEP55,UBE2C,TPX2,MKI67,PIMREG,CCNB2,BIRC5,DEPDC1,CDK1,DIAPH3,PBK,CENPE,NUSAP1,CDC20,STMN1,TYMS	immune_contamination	exclude_contamination_or_non_fibrochondrocyte	context_k	2	-30.219665851459162
10	9	0.0	2.7975820997997665	0.0	0.0	0.0	0.0	0.0	21.177780261762596	21.177780261762596	0.0	0.0	-21.976502516197183	0.0047491140834513	0.0	0.0170918961619498	MenOA4	0.2600224659915024	OA	0.6409458263941776	14	0.007385850218705687	0.0029964388850873594	0.000501136765	0.0	0.004389411333618327	0.003971535328559551	MenOA4	0.015986789605886325	0.7563726184356605	147404826.03554556	AIF1,C1QA,C1QB,CYBB,TYROBP,C1QC,FOLR2,HLA-DRA,MS4A6A,RNASE1,MARCO,HLA-DQA1,MS4A7,VSIG4,LYZ,CD74,CD163,S100A8,FCER1G,EMB	immune_contamination	exclude_contamination_or_non_fibrochondrocyte	context_k	2	-33.085437579061484
9	8	0.0	2.7975820997997665	0.0	0.0	0.0	0.0	0.0	21.177780261762596	21.177780261762596	0.0	0.0	-21.976502516197183	0.0050208959912066	0.0	0.0180222945012215	MenOA4	0.2605821957875319	OA	0.6695347174935298	14	0.008151515478003078	0.0029372500882537656	0.00128812735	0.0	0.005214265389749312	0.004376715854569025	MenOA4	0.0170102536039895	0.7122885393530889	148027667.73398447	AIF1,C1QA,C1QB,CYBB,TYROBP,C1QC,FOLR2,MS4A6A,RNASE1,HLA-DRA,MARCO,HLA-DQA1,MS4A7,VSIG4,LYZ,CD74,CD163,S100A8,FCER1G,EMB	immune_contamination	exclude_contamination_or_non_fibrochondrocyte	context_k	2	-33.086557038653545
8	7	0.0	2.7975820997997665	0.0	0.0	0.0	0.0	0.0	21.177780261762596	21.177780261762596	0.0	0.0	-21.976502516197183	0.0049407807403981	0.0	0.0176369752398987	MenOA4	0.262064125098203	OA	0.6617973979663551	14	0.007909941749182414	0.002941346155838086	0.0009773567999999998	0.0	0.004968595593344328	0.004263432615231718	MenOA4	0.016792765708572598	0.7013022166166022	148671761.49681348	AIF1,C1QA,C1QB,CYBB,TYROBP,C1QC,FOLR2,MS4A6A,RNASE1,HLA-DRA,MARCO,HLA-DQA1,MS4A7,VSIG4,LYZ,CD74,CD163,S100A8,FCER1G,EMB	immune_contamination	exclude_contamination_or_non_fibrochondrocyte	context_k	2	-33.08952089727489
30	27	0.0	4.486837458243198	0.0	0.0	0.0	0.0	0.0	23.816292208536307	23.816292208536307	0.0	0.5454431699804685	-23.574924200310036	0.0023390855639691	0.0	0.008887832936919	MenOA4	0.2397914335790714	OA	0.6668271964401459	14	0.0039821939079314386	0.0014271907486598228	0.0	0.0	0.002555003159271616	0.0020101648051653203	MenOA4	0.007719840300893	0.7495418567195152	140564113.74093524	C1QA,AIF1,C1QB,CYBB,C1QC,FOLR2,TYROBP,MARCO,RNASE1,MS4A6A,MS4A7,VSIG4,HLA-DRA,HLA-DQA1,LYZ,CD163,CD74,S100A8,FCGR3A,MS4A4A	immune_contamination	exclude_contamination_or_non_fibrochondrocyte	context_k	2	-35.962653171736335
22	20	0.0	4.486837458243198	0.0	0.0	0.0	0.0	0.0	23.816292208536307	23.816292208536307	0.0	0.5454431699804685	-23.574924200310036	0.0025046292320683	0.0	0.0094973162313317	MenOA4	0.2431365181079214	OA	0.6737004550364064	14	0.0042608831322694645	0.0014912780025229605	0.0	0.0	0.002769605129746504	0.0021569584859335057	MenOA4	0.008246216756027125	0.7807298872207149	142485302.25937766	C1QA,AIF1,C1QB,CYBB,C1QC,FOLR2,TYROBP,MARCO,RNASE1,MS4A6A,MS4A7,VSIG4,HLA-DRA,HLA-DQA1,LYZ,CD163,CD74,S100A8,FCGR3A,MS4A4A	immune_contamination	exclude_contamination_or_non_fibrochondrocyte	context_k	2	-35.96934334079403
20	18	0.0	4.486837458243198	0.0	0.0	0.0	0.0	0.0	23.816292208536307	23.816292208536307	0.0	0.5454431699804685	-23.574924200310036	0.0025254574951483	0.0	0.0095554783739543	MenOA4	0.2431458194293084	OA	0.6707764172657117	14	0.004280205693907189	0.0015122088847755657	0.0	0.0	0.0027679968091316237	0.002169687531394197	MenOA4	0.00831104529968075	0.7836638522271612	143105734.46445733	C1QA,AIF1,C1QB,CYBB,C1QC,FOLR2,TYROBP,MARCO,RNASE1,MS4A6A,MS4A7,HLA-DRA,VSIG4,HLA-DQA1,LYZ,CD163,CD74,S100A8,FCGR3A,MS4A4A	immune_contamination	exclude_contamination_or_non_fibrochondrocyte	context_k	2	-35.96936194343681
28	24	0.0	4.136837458243198	0.3617391140906241	0.0	0.0	0.0	0.0	23.816292208536307	23.816292208536307	0.0	0.5454431699804685	-23.601119864742067	0.0022729245984881	0.0	0.008650695857865	MenOA4	0.2342409755186114	OA	0.6681870642667612	14	0.0038657260843568153	0.0013836014925998866	0.0	0.0	0.0024821245917569287	0.0019256152440677678	MenOA4	0.00725003851270055	0.7988720153128822	140839324.06958038	C1QA,AIF1,C1QB,CYBB,C1QC,FOLR2,MARCO,TYROBP,RNASE1,MS4A6A,MS4A7,VSIG4,HLA-DRA,HLA-DQA1,LYZ,CD163,CD74,S100A8,FCGR3A,MS4A4A	immune_contamination	exclude_contamination_or_non_fibrochondrocyte	context_k	2	-35.97774792004744
18	16	0.0	3.1475820997997666	0.0	0.0	0.0	0.0	0.0	23.816292208536307	23.816292208536307	0.0	0.5454431699804685	-24.713291254986952	0.0027309525132052	0.0	0.0102723163295087	MenOA4	0.241846665930637	OA	0.6555725358004288	14	0.00451865075450665	0.001703606329016011	0.0	0.0	0.002815044425490639	0.002258227105546128	MenOA4	0.008906021044881349	0.7800992908893756	143785083.70412406	C1QA,AIF1,C1QB,CYBB,C1QC,FOLR2,TYROBP,RNASE1,MARCO,MS4A6A,MS4A7,HLA-DRA,VSIG4,HLA-DQA1,LYZ,CD163,CD74,S100A8,FCGR3A,MS4A4A	immune_contamination	exclude_contamination_or_non_fibrochondrocyte	context_k	2	-37.10513069111638
16	14	0.0	3.1475820997997666	0.0	0.0	0.0	0.0	0.0	23.816292208536307	23.816292208536307	0.0	0.5454431699804685	-24.713291254986952	0.003112234903188	0.0	0.0118964853277629	MenOA4	0.2435482552700978	OA	0.6583500872774004	14	0.005148044301001599	0.0019304499572874573	0.0	0.0	0.003217594343714141	0.002648253620312315	MenOA4	0.01016949764707865	0.7744621952155285	144698308.23126858	C1QA,AIF1,C1QB,CYBB,C1QC,FOLR2,TYROBP,RNASE1,MS4A6A,MARCO,HLA-DRA,MS4A7,HLA-DQA1,VSIG4,LYZ,CD74,CD163,S100A8,FCER1G,FCGR3A	immune_contamination	exclude_contamination_or_non_fibrochondrocyte	context_k	2	-37.1085338697953
