program_id	score_column	group_type	group	n_cells	mean_score	median_score	q25_score	q75_score	high_score_fraction
K12_P1_generic_stress_response	score_K12_P1_generic_stress_response	status	abnormal	14467	0.031194403458353896	0.0072692639254457484	-0.21795672415051387	0.2600259151410522	0.2621137761802723
K12_P1_generic_stress_response	score_K12_P1_generic_stress_response	status	normal	14219	-0.0317384791358046	-0.05700740669097931	-0.3463340833229278	0.23023531530664804	0.23771010619593502
K12_P1_generic_stress_response	score_K12_P1_generic_stress_response	anatomy	inner	15815	0.14228486683487346	0.11663137239269754	-0.11194569037826457	0.3567088497395189	0.35757192538729055
K12_P1_generic_stress_response	score_K12_P1_generic_stress_response	anatomy	outer	12871	-0.1748298631802909	-0.21150198811463264	-0.4292460758542206	0.04953842175112319	0.11786185999533835
K12_P1_generic_stress_response	score_K12_P1_generic_stress_response	celltype	Ch.1(CHAD)	10389	0.1530703140155661	0.12856184462788078	-0.09818598411264463	0.3635915906267188	0.36519395514486475
K12_P1_generic_stress_response	score_K12_P1_generic_stress_response	celltype	Ch.2(FNDC1)	6156	-0.11367132630127151	-0.1347830620741947	-0.2924063489779322	0.046054822667122006	0.08333333333333333
K12_P1_generic_stress_response	score_K12_P1_generic_stress_response	celltype	Ch.3(PRG4)	4729	0.25234514921698703	0.2587123992557542	0.05457034879279858	0.4555215382780644	0.5165997039543244
K12_P1_generic_stress_response	score_K12_P1_generic_stress_response	celltype	Ch.4(CFD)	2224	-0.22576937616523693	-0.28096227174766375	-0.4798229176548713	-0.01679460192960433	0.09397482014388489
K12_P1_generic_stress_response	score_K12_P1_generic_stress_response	celltype	Ch.5(cycling)	292	-0.07014491267268813	-0.07806474350711598	-0.2180759362348038	0.06364666808287492	0.09246575342465753
K12_P1_generic_stress_response	score_K12_P1_generic_stress_response	celltype	PCL.1	2880	-0.2720371829224686	-0.3055094997292799	-0.48300580204169824	-0.09374456945041972	0.04722222222222222
K12_P1_generic_stress_response	score_K12_P1_generic_stress_response	celltype	PCL.2	2016	-0.3857968870712296	-0.41488583177190025	-0.6653172474298434	-0.23060428268789016	0.0248015873015873
K12_P1_generic_stress_response	score_K12_P1_generic_stress_response	status_anatomy	abnormal|inner	8966	0.0717806203037095	0.04611578685052124	-0.1816021703564704	0.30773695715565946	0.30314521525764
K12_P1_generic_stress_response	score_K12_P1_generic_stress_response	status_anatomy	abnormal|outer	5501	-0.03495648187803193	-0.05366804724846622	-0.27908555168211935	0.18295524942758123	0.19523722959461917
K12_P1_generic_stress_response	score_K12_P1_generic_stress_response	status_anatomy	normal|inner	6849	0.23458170935179798	0.18951804274374617	-0.008202047144564859	0.4177811383582701	0.42882172579938677
K12_P1_generic_stress_response	score_K12_P1_generic_stress_response	status_anatomy	normal|outer	7370	-0.27923196230426994	-0.31600292901153626	-0.5201628377444789	-0.09090310974325419	0.06010854816824966
K12_P1_generic_stress_response	score_K12_P1_generic_stress_response	status_celltype	abnormal|Ch.1(CHAD)	1845	0.16464944489066302	0.15166593036999432	-0.08191209459980744	0.3932555048655168	0.389159891598916
K12_P1_generic_stress_response	score_K12_P1_generic_stress_response	status_celltype	abnormal|Ch.2(FNDC1)	5950	-0.11494464415976545	-0.1362470870571944	-0.2941172424720004	0.045303555180894	0.08403361344537816
K12_P1_generic_stress_response	score_K12_P1_generic_stress_response	status_celltype	abnormal|Ch.3(PRG4)	4280	0.25634778014881	0.26240475667177243	0.0566819642056079	0.46234315661070047	0.5231308411214953
K12_P1_generic_stress_response	score_K12_P1_generic_stress_response	status_celltype	abnormal|Ch.4(CFD)	1238	-0.12225234557752981	-0.15389064848995485	-0.3952984133331095	0.12394922683848082	0.15266558966074315
K12_P1_generic_stress_response	score_K12_P1_generic_stress_response	status_celltype	abnormal|Ch.5(cycling)	288	-0.06401095379036281	-0.07180065336417138	-0.21204722736290565	0.06531640716409694	0.09375
K12_P1_generic_stress_response	score_K12_P1_generic_stress_response	status_celltype	abnormal|PCL.1	688	-0.10078709748472482	-0.10598539596536005	-0.3302249035431808	0.0983733353247285	0.12936046511627908
K12_P1_generic_stress_response	score_K12_P1_generic_stress_response	status_celltype	abnormal|PCL.2	178	-0.14950323422175668	-0.18724336417076892	-0.4597922815255869	0.14604401619247365	0.16853932584269662
K12_P1_generic_stress_response	score_K12_P1_generic_stress_response	status_celltype	normal|Ch.1(CHAD)	8544	0.1505699047851642	0.12247132503563654	-0.09962757268557854	0.3564564376448517	0.3600187265917603
K12_P1_generic_stress_response	score_K12_P1_generic_stress_response	status_celltype	normal|Ch.2(FNDC1)	206	-0.07689345611661616	-0.0908602316005765	-0.23563676610177972	0.08653011565713827	0.06310679611650485
K12_P1_generic_stress_response	score_K12_P1_generic_stress_response	status_celltype	normal|Ch.3(PRG4)	449	0.21419089445484388	0.21679100445736593	0.035603752620998665	0.3997406038544481	0.45434298440979953
K12_P1_generic_stress_response	score_K12_P1_generic_stress_response	status_celltype	normal|Ch.4(CFD)	986	-0.3557430920552789	-0.38409244897210126	-0.5473830162954896	-0.2118847792016826	0.02028397565922921
K12_P1_generic_stress_response	score_K12_P1_generic_stress_response	status_celltype	normal|Ch.5(cycling)	4	-0.5117899522001113	-0.4993418218445067	-0.6102917877614883	-0.40083998628312967	0.0
K12_P1_generic_stress_response	score_K12_P1_generic_stress_response	status_celltype	normal|PCL.1	2192	-0.32578720973869474	-0.35211474461167	-0.5227226629700622	-0.16831424896969902	0.02144160583941606
K12_P1_generic_stress_response	score_K12_P1_generic_stress_response	status_celltype	normal|PCL.2	1838	-0.40868060317961163	-0.43325590443526474	-0.6653172474298434	-0.25089414753938666	0.01088139281828074
K12_P1_generic_stress_response	score_K12_P1_generic_stress_response	anatomy_celltype	inner|Ch.1(CHAD)	6979	0.24353833380157677	0.1965949393547748	-0.002627367479682505	0.42990383681168115	0.4401776758847972
K12_P1_generic_stress_response	score_K12_P1_generic_stress_response	anatomy_celltype	inner|Ch.2(FNDC1)	3904	-0.10663909604902837	-0.1272685309137522	-0.2844801929019874	0.04686184483154142	0.08376024590163934
K12_P1_generic_stress_response	score_K12_P1_generic_stress_response	anatomy_celltype	inner|Ch.3(PRG4)	4222	0.2603768797659456	0.26597476343511806	0.06427395098115861	0.46325725514493543	0.5270014211274278
K12_P1_generic_stress_response	score_K12_P1_generic_stress_response	anatomy_celltype	inner|Ch.4(CFD)	216	-0.2996644072457586	-0.345515591362616	-0.44147903719605064	-0.18781743126858907	0.009259259259259259
K12_P1_generic_stress_response	score_K12_P1_generic_stress_response	anatomy_celltype	inner|Ch.5(cycling)	233	-0.07200582397464617	-0.0838347417160338	-0.21599857785966128	0.04490303534280478	0.06437768240343347
K12_P1_generic_stress_response	score_K12_P1_generic_stress_response	anatomy_celltype	inner|PCL.1	221	-0.17554289732160436	-0.18754029066162964	-0.3666027630577079	-0.00015007850319935512	0.05429864253393665
K12_P1_generic_stress_response	score_K12_P1_generic_stress_response	anatomy_celltype	inner|PCL.2	40	-0.3027792186211272	-0.3845170362233788	-0.5150756495410134	-0.13269984483552277	0.05
K12_P1_generic_stress_response	score_K12_P1_generic_stress_response	anatomy_celltype	outer|Ch.1(CHAD)	3410	-0.03208402911832499	-0.04707343509887572	-0.29484812037595054	0.20330391477012638	0.21173020527859238
K12_P1_generic_stress_response	score_K12_P1_generic_stress_response	anatomy_celltype	outer|Ch.2(FNDC1)	2252	-0.12586219082381025	-0.15002642616580059	-0.30547158665766816	0.04422149362021694	0.08259325044404973
K12_P1_generic_stress_response	score_K12_P1_generic_stress_response	anatomy_celltype	outer|Ch.3(PRG4)	507	0.18546158634183324	0.18785745509882462	-0.01576041490667563	0.3786016228189333	0.42998027613412226
K12_P1_generic_stress_response	score_K12_P1_generic_stress_response	anatomy_celltype	outer|Ch.4(CFD)	2008	-0.2178205082800812	-0.26897684322480087	-0.4857530696028606	0.0013316778903317119	0.10308764940239044
K12_P1_generic_stress_response	score_K12_P1_generic_stress_response	anatomy_celltype	outer|Ch.5(cycling)	59	-0.06279589007343014	-0.058693162127118614	-0.22683189820851327	0.16745084154573578	0.2033898305084746
K12_P1_generic_stress_response	score_K12_P1_generic_stress_response	anatomy_celltype	outer|PCL.1	2659	-0.28005720440339793	-0.3173722919383538	-0.49197732974371355	-0.10390463648580534	0.046634072959759305
K12_P1_generic_stress_response	score_K12_P1_generic_stress_response	anatomy_celltype	outer|PCL.2	1976	-0.38747740667548264	-0.4163354699045994	-0.6653172474298434	-0.23150451768702449	0.024291497975708502
K12_P1_generic_stress_response	score_K12_P1_generic_stress_response	status_anatomy_celltype	abnormal|inner|Ch.1(CHAD)	714	0.21211645252043473	0.2010675612767538	-0.04835054893491475	0.44272553307543383	0.4523809523809524
K12_P1_generic_stress_response	score_K12_P1_generic_stress_response	status_anatomy_celltype	abnormal|inner|Ch.2(FNDC1)	3779	-0.10986113159934248	-0.13023955803982773	-0.2875170905224005	0.044238146401909956	0.08335538502249272
K12_P1_generic_stress_response	score_K12_P1_generic_stress_response	status_anatomy_celltype	abnormal|inner|Ch.3(PRG4)	3851	0.2640882762058585	0.2693811886468566	0.06667736427559373	0.4661708690344409	0.5325889379381978
K12_P1_generic_stress_response	score_K12_P1_generic_stress_response	status_anatomy_celltype	abnormal|inner|Ch.4(CFD)	167	-0.3360658356687687	-0.3786441677514615	-0.46085823658602404	-0.2284898613393062	0.0
K12_P1_generic_stress_response	score_K12_P1_generic_stress_response	status_anatomy_celltype	abnormal|inner|Ch.5(cycling)	231	-0.06840800043523347	-0.08135094326780665	-0.2121489630616751	0.045483996936590915	0.06493506493506493
K12_P1_generic_stress_response	score_K12_P1_generic_stress_response	status_anatomy_celltype	abnormal|inner|PCL.1	190	-0.15083288677038334	-0.1437602337870495	-0.35643240007860694	0.04276512291521717	0.06315789473684211
K12_P1_generic_stress_response	score_K12_P1_generic_stress_response	status_anatomy_celltype	abnormal|inner|PCL.2	34	-0.26827499022884377	-0.36381212603140367	-0.5062121893027274	-0.07006098125708529	0.058823529411764705
K12_P1_generic_stress_response	score_K12_P1_generic_stress_response	status_anatomy_celltype	abnormal|outer|Ch.1(CHAD)	1131	0.13468353556470636	0.1265422419059847	-0.10701240676880484	0.3457082008662078	0.34924845269672855
K12_P1_generic_stress_response	score_K12_P1_generic_stress_response	status_anatomy_celltype	abnormal|outer|Ch.2(FNDC1)	2171	-0.12379337468295226	-0.1482414599168246	-0.30539661793940853	0.048054516003632815	0.0852141870105942
K12_P1_generic_stress_response	score_K12_P1_generic_stress_response	status_anatomy_celltype	abnormal|outer|Ch.3(PRG4)	429	0.18686374677889464	0.19415241772069777	-0.029588458655873996	0.38268213404031914	0.4382284382284382
K12_P1_generic_stress_response	score_K12_P1_generic_stress_response	status_anatomy_celltype	abnormal|outer|Ch.4(CFD)	1071	-0.08891261369588943	-0.10428342697288462	-0.36705358256574483	0.14948988914795097	0.17647058823529413
K12_P1_generic_stress_response	score_K12_P1_generic_stress_response	status_anatomy_celltype	abnormal|outer|Ch.5(cycling)	57	-0.046191343703255415	-0.046182945507325414	-0.19840021514025113	0.1677684508176327	0.21052631578947367
K12_P1_generic_stress_response	score_K12_P1_generic_stress_response	status_anatomy_celltype	abnormal|outer|PCL.1	498	-0.08169332245605992	-0.0649225208661566	-0.32711739202582035	0.13347998571631417	0.15461847389558234
K12_P1_generic_stress_response	score_K12_P1_generic_stress_response	status_anatomy_celltype	abnormal|outer|PCL.2	144	-0.12145990294230552	-0.1739486491158493	-0.43853164343844486	0.18120607128121904	0.19444444444444445
K12_P1_generic_stress_response	score_K12_P1_generic_stress_response	status_anatomy_celltype	normal|inner|Ch.1(CHAD)	6265	0.24711937502020973	0.19629991853918427	0.0004906663577687792	0.4281217025061107	0.4387869114126097
K12_P1_generic_stress_response	score_K12_P1_generic_stress_response	status_anatomy_celltype	normal|inner|Ch.2(FNDC1)	125	-0.009230517291932593	-0.014589186811742516	-0.15794697262087112	0.13992798126307288	0.096
K12_P1_generic_stress_response	score_K12_P1_generic_stress_response	status_anatomy_celltype	normal|inner|Ch.3(PRG4)	371	0.22185238464436996	0.22018849500250814	0.045238719794281665	0.40863642944229406	0.46900269541778977
K12_P1_generic_stress_response	score_K12_P1_generic_stress_response	status_anatomy_celltype	normal|inner|Ch.4(CFD)	49	-0.17560239608978567	-0.23284563358362192	-0.3555003432876578	-0.025047076502484535	0.04081632653061224
K12_P1_generic_stress_response	score_K12_P1_generic_stress_response	status_anatomy_celltype	normal|inner|Ch.5(cycling)	2	-0.4875544427768125	-0.4875544427768125	-0.5397522053244246	-0.4353566802292005	0.0
K12_P1_generic_stress_response	score_K12_P1_generic_stress_response	status_anatomy_celltype	normal|inner|PCL.1	31	-0.3269913490871525	-0.29585566199092106	-0.4369788111012729	-0.23040094891356916	0.0
K12_P1_generic_stress_response	score_K12_P1_generic_stress_response	status_anatomy_celltype	normal|inner|PCL.2	6	-0.4983031795107337	-0.5126556715685484	-0.5845609581113248	-0.41848666825559516	0.0
K12_P1_generic_stress_response	score_K12_P1_generic_stress_response	status_anatomy_celltype	normal|outer|Ch.1(CHAD)	2279	-0.11484581747133439	-0.12132908280356136	-0.3623049519598423	0.1014876937939986	0.14348398420359806
K12_P1_generic_stress_response	score_K12_P1_generic_stress_response	status_anatomy_celltype	normal|outer|Ch.2(FNDC1)	81	-0.18131157158680683	-0.1709153981762009	-0.30546159633270803	-0.05269518389943647	0.012345679012345678
K12_P1_generic_stress_response	score_K12_P1_generic_stress_response	status_anatomy_celltype	normal|outer|Ch.3(PRG4)	78	0.17774970393799547	0.16923643390299675	0.014230411789338543	0.3202052436623688	0.38461538461538464
K12_P1_generic_stress_response	score_K12_P1_generic_stress_response	status_anatomy_celltype	normal|outer|Ch.4(CFD)	937	-0.36516346996596105	-0.39837956969187005	-0.5525560858937283	-0.21878781410519393	0.0192102454642476
K12_P1_generic_stress_response	score_K12_P1_generic_stress_response	status_anatomy_celltype	normal|outer|Ch.5(cycling)	2	-0.5360254616234101	-0.5360254616234101	-0.6006713545266268	-0.47137956872019343	0.0
K12_P1_generic_stress_response	score_K12_P1_generic_stress_response	status_anatomy_celltype	normal|outer|PCL.1	2161	-0.3257699361062088	-0.3531127532362087	-0.5247284521743378	-0.16623027355897668	0.02174919018972698
K12_P1_generic_stress_response	score_K12_P1_generic_stress_response	status_anatomy_celltype	normal|outer|PCL.2	1832	-0.4083870794580031	-0.4325047902244097	-0.6653172474298434	-0.250532771679589	0.010917030567685589
K12_P2_fibrocartilage_matrix	score_K12_P2_fibrocartilage_matrix	status	abnormal	14467	0.15750472811909708	0.0353783725753419	-0.26592964100553385	0.49492601222404764	0.3474804728001659
K12_P2_fibrocartilage_matrix	score_K12_P2_fibrocartilage_matrix	status	normal	14219	-0.16025183920802996	-0.16627761094334081	-0.5126294150068889	0.14382005374993562	0.15085449047049723
K12_P2_fibrocartilage_matrix	score_K12_P2_fibrocartilage_matrix	anatomy	inner	15815	0.17921964597335754	0.10601009599531004	-0.16379114756816204	0.44102623248968753	0.35194435662345874
K12_P2_fibrocartilage_matrix	score_K12_P2_fibrocartilage_matrix	anatomy	outer	12871	-0.22021278075275041	-0.3241844513047559	-0.5654758783895253	0.021943816110809297	0.12477662963250719
K12_P2_fibrocartilage_matrix	score_K12_P2_fibrocartilage_matrix	celltype	Ch.1(CHAD)	10389	0.12913727567864283	0.07916321382666819	-0.14530270615777785	0.34024654789931724	0.2900182885744538
K12_P2_fibrocartilage_matrix	score_K12_P2_fibrocartilage_matrix	celltype	Ch.2(FNDC1)	6156	-0.07608491037734189	-0.0960371621943279	-0.29293238998591453	0.10876710532020574	0.1200454840805718
K12_P2_fibrocartilage_matrix	score_K12_P2_fibrocartilage_matrix	celltype	Ch.3(PRG4)	4729	0.584672373532879	0.5563316034691319	0.23640727760955355	0.8892323561476292	0.714104461831254
K12_P2_fibrocartilage_matrix	score_K12_P2_fibrocartilage_matrix	celltype	Ch.4(CFD)	2224	-0.2846062373011898	-0.3093452247798333	-0.44188971105773867	-0.1553379239212283	0.018884892086330936
K12_P2_fibrocartilage_matrix	score_K12_P2_fibrocartilage_matrix	celltype	Ch.5(cycling)	292	-0.42490929828370905	-0.4195631938240696	-0.5733182199520773	-0.27638779741987746	0.0
K12_P2_fibrocartilage_matrix	score_K12_P2_fibrocartilage_matrix	celltype	PCL.1	2880	-0.5834470219084061	-0.5865708766025501	-0.6875747704830062	-0.4960965629165412	0.0
K12_P2_fibrocartilage_matrix	score_K12_P2_fibrocartilage_matrix	celltype	PCL.2	2016	-0.5956244510052533	-0.6012999310755356	-0.7297455732920344	-0.48489257229134725	0.000496031746031746
K12_P2_fibrocartilage_matrix	score_K12_P2_fibrocartilage_matrix	status_anatomy	abnormal|inner	8966	0.26058069790388305	0.1845149820701986	-0.19693769466792638	0.641184546513764	0.4373187597590899
K12_P2_fibrocartilage_matrix	score_K12_P2_fibrocartilage_matrix	status_anatomy	abnormal|outer	5501	-0.01049729789260837	-0.102926839673981	-0.34930483638563736	0.17554678482247799	0.20105435375386294
K12_P2_fibrocartilage_matrix	score_K12_P2_fibrocartilage_matrix	status_anatomy	normal|inner	6849	0.07271020056394129	0.0630869754376667	-0.13755263760394482	0.2733496233875134	0.2401810483282231
K12_P2_fibrocartilage_matrix	score_K12_P2_fibrocartilage_matrix	status_anatomy	normal|outer	7370	-0.37674532772882113	-0.4843995641371528	-0.63917837809095	-0.18577079061331048	0.06784260515603799
K12_P2_fibrocartilage_matrix	score_K12_P2_fibrocartilage_matrix	status_celltype	abnormal|Ch.1(CHAD)	1845	0.49446985001994853	0.4035699202446283	-0.0004120871232940998	0.9230804174993453	0.564769647696477
K12_P2_fibrocartilage_matrix	score_K12_P2_fibrocartilage_matrix	status_celltype	abnormal|Ch.2(FNDC1)	5950	-0.07761797657756292	-0.09762289406407722	-0.29405902405982337	0.10755477928300192	0.11899159663865547
K12_P2_fibrocartilage_matrix	score_K12_P2_fibrocartilage_matrix	status_celltype	abnormal|Ch.3(PRG4)	4280	0.6270173138191683	0.6055657305142303	0.2994115407213068	0.9247145781292636	0.7574766355140187
K12_P2_fibrocartilage_matrix	score_K12_P2_fibrocartilage_matrix	status_celltype	abnormal|Ch.4(CFD)	1238	-0.2099246778964808	-0.23061987736534573	-0.3642889269276957	-0.08821918905174875	0.02827140549273021
K12_P2_fibrocartilage_matrix	score_K12_P2_fibrocartilage_matrix	status_celltype	abnormal|Ch.5(cycling)	288	-0.42056864842091596	-0.4189892942135426	-0.5658694063872955	-0.2751915082685275	0.0
K12_P2_fibrocartilage_matrix	score_K12_P2_fibrocartilage_matrix	status_celltype	abnormal|PCL.1	688	-0.5466072661686369	-0.5512364400646275	-0.6279855627821174	-0.47561460194294797	0.0
K12_P2_fibrocartilage_matrix	score_K12_P2_fibrocartilage_matrix	status_celltype	abnormal|PCL.2	178	-0.5528471516420178	-0.5678274408456268	-0.651854168585399	-0.4461519490084957	0.0
K12_P2_fibrocartilage_matrix	score_K12_P2_fibrocartilage_matrix	status_celltype	normal|Ch.1(CHAD)	8544	0.05024699013794654	0.04773876607493652	-0.16485347987724017	0.2645455091533073	0.230688202247191
K12_P2_fibrocartilage_matrix	score_K12_P2_fibrocartilage_matrix	status_celltype	normal|Ch.2(FNDC1)	206	-0.03180460022532656	-0.04988353470391066	-0.24013526368935617	0.1723394221351943	0.15048543689320387
K12_P2_fibrocartilage_matrix	score_K12_P2_fibrocartilage_matrix	status_celltype	normal|Ch.3(PRG4)	449	0.18102795387738366	0.18063455246497362	0.04754915444470259	0.3195476148685432	0.30066815144766146
K12_P2_fibrocartilage_matrix	score_K12_P2_fibrocartilage_matrix	status_celltype	normal|Ch.4(CFD)	986	-0.37837476726369446	-0.3982462442425626	-0.5067755729325012	-0.266717203585198	0.007099391480730223
K12_P2_fibrocartilage_matrix	score_K12_P2_fibrocartilage_matrix	status_celltype	normal|Ch.5(cycling)	4	-0.7374360884048122	-0.7296970990738081	-0.7985775330546904	-0.66855565442393	0.0
K12_P2_fibrocartilage_matrix	score_K12_P2_fibrocartilage_matrix	status_celltype	normal|PCL.1	2192	-0.5950098649508154	-0.6040698433072469	-0.7071768823565986	-0.5041451024780249	0.0
K12_P2_fibrocartilage_matrix	score_K12_P2_fibrocartilage_matrix	status_celltype	normal|PCL.2	1838	-0.5997671927281348	-0.6036217386330152	-0.7324307811860186	-0.48701381336352567	0.000544069640914037
K12_P2_fibrocartilage_matrix	score_K12_P2_fibrocartilage_matrix	anatomy_celltype	inner|Ch.1(CHAD)	6979	0.13175943314780558	0.08116425901802388	-0.1254771396727693	0.32710076079441863	0.282132110617567
K12_P2_fibrocartilage_matrix	score_K12_P2_fibrocartilage_matrix	anatomy_celltype	inner|Ch.2(FNDC1)	3904	-0.09629359802387066	-0.12047085151124866	-0.3221196609329726	0.10143878364214878	0.11116803278688525
K12_P2_fibrocartilage_matrix	score_K12_P2_fibrocartilage_matrix	anatomy_celltype	inner|Ch.3(PRG4)	4222	0.6115810845276338	0.5821631984063227	0.28677864661723385	0.8987506423809396	0.7484604452865941
K12_P2_fibrocartilage_matrix	score_K12_P2_fibrocartilage_matrix	anatomy_celltype	inner|Ch.4(CFD)	216	-0.26751866845866523	-0.2671419349889911	-0.4042579469202776	-0.13576881491115292	0.013888888888888888
K12_P2_fibrocartilage_matrix	score_K12_P2_fibrocartilage_matrix	anatomy_celltype	inner|Ch.5(cycling)	233	-0.42950802641883884	-0.4226280527411495	-0.5715482653193534	-0.298153994299469	0.0
K12_P2_fibrocartilage_matrix	score_K12_P2_fibrocartilage_matrix	anatomy_celltype	inner|PCL.1	221	-0.5093862203931586	-0.5113105635221571	-0.5823343508514262	-0.4285460636389506	0.0
K12_P2_fibrocartilage_matrix	score_K12_P2_fibrocartilage_matrix	anatomy_celltype	inner|PCL.2	40	-0.5230439452703869	-0.5103270858782472	-0.6419778670102068	-0.40613097407208226	0.0
K12_P2_fibrocartilage_matrix	score_K12_P2_fibrocartilage_matrix	anatomy_celltype	outer|Ch.1(CHAD)	3410	0.12377069591990764	0.07330088523835557	-0.19817217463102893	0.37267938587100985	0.306158357771261
K12_P2_fibrocartilage_matrix	score_K12_P2_fibrocartilage_matrix	anatomy_celltype	outer|Ch.2(FNDC1)	2252	-0.04105173250343052	-0.06192493821662924	-0.23905876251693398	0.11778515686888422	0.13543516873889877
K12_P2_fibrocartilage_matrix	score_K12_P2_fibrocartilage_matrix	anatomy_celltype	outer|Ch.3(PRG4)	507	0.36059233838523674	0.18570516175440768	-0.09908370877308659	0.697300500174635	0.4280078895463511
K12_P2_fibrocartilage_matrix	score_K12_P2_fibrocartilage_matrix	anatomy_celltype	outer|Ch.4(CFD)	2008	-0.28644434231612265	-0.31465424798323294	-0.4432522407618664	-0.15933046113868723	0.01942231075697211
K12_P2_fibrocartilage_matrix	score_K12_P2_fibrocartilage_matrix	anatomy_celltype	outer|Ch.5(cycling)	59	-0.4067482193771796	-0.40200670060302357	-0.5980845412799825	-0.1984706236793286	0.0
K12_P2_fibrocartilage_matrix	score_K12_P2_fibrocartilage_matrix	anatomy_celltype	outer|PCL.1	2659	-0.5896025078560819	-0.5946666501401442	-0.696349793958756	-0.5027360001227268	0.0
K12_P2_fibrocartilage_matrix	score_K12_P2_fibrocartilage_matrix	anatomy_celltype	outer|PCL.2	1976	-0.597093692012032	-0.6021626333860453	-0.7302665596524109	-0.48587385946985373	0.0005060728744939271
K12_P2_fibrocartilage_matrix	score_K12_P2_fibrocartilage_matrix	status_anatomy_celltype	abnormal|inner|Ch.1(CHAD)	714	0.627961833479205	0.5709324374088625	0.10287674789362562	1.1282103668157544	0.6470588235294118
K12_P2_fibrocartilage_matrix	score_K12_P2_fibrocartilage_matrix	status_anatomy_celltype	abnormal|inner|Ch.2(FNDC1)	3779	-0.1015846410772111	-0.12580895489489252	-0.32715030415577817	0.09444600437212763	0.10796507012437152
K12_P2_fibrocartilage_matrix	score_K12_P2_fibrocartilage_matrix	status_anatomy_celltype	abnormal|inner|Ch.3(PRG4)	3851	0.6531848310163404	0.6232956751557197	0.3418914164485804	0.9287105183389582	0.7914827317579849
K12_P2_fibrocartilage_matrix	score_K12_P2_fibrocartilage_matrix	status_anatomy_celltype	abnormal|inner|Ch.4(CFD)	167	-0.19028615077945057	-0.21240398487987827	-0.31043241689880713	-0.09752696281304954	0.017964071856287425
K12_P2_fibrocartilage_matrix	score_K12_P2_fibrocartilage_matrix	status_anatomy_celltype	abnormal|inner|Ch.5(cycling)	231	-0.4269089868287525	-0.4206774307478341	-0.5699130870948652	-0.2978984334466111	0.0
K12_P2_fibrocartilage_matrix	score_K12_P2_fibrocartilage_matrix	status_anatomy_celltype	abnormal|inner|PCL.1	190	-0.5072958749411325	-0.5139786622488001	-0.5818778829304976	-0.42670145775596613	0.0
K12_P2_fibrocartilage_matrix	score_K12_P2_fibrocartilage_matrix	status_anatomy_celltype	abnormal|inner|PCL.2	34	-0.49248993925462453	-0.46992681692303706	-0.5969579563935213	-0.3902570343427437	0.0
K12_P2_fibrocartilage_matrix	score_K12_P2_fibrocartilage_matrix	status_anatomy_celltype	abnormal|outer|Ch.1(CHAD)	1131	0.41019639627113413	0.3071335846266213	-0.03320995418565978	0.7660965364954508	0.5128205128205128
K12_P2_fibrocartilage_matrix	score_K12_P2_fibrocartilage_matrix	status_anatomy_celltype	abnormal|outer|Ch.2(FNDC1)	2171	-0.035899862738700404	-0.05816866423393492	-0.2321502739552468	0.12343731947118286	0.1381851681252879
K12_P2_fibrocartilage_matrix	score_K12_P2_fibrocartilage_matrix	status_anatomy_celltype	abnormal|outer|Ch.3(PRG4)	429	0.39211962448045007	0.18060308679563772	-0.14618216631366568	0.8711505487802492	0.4522144522144522
K12_P2_fibrocartilage_matrix	score_K12_P2_fibrocartilage_matrix	status_anatomy_celltype	abnormal|outer|Ch.4(CFD)	1071	-0.2129868945431139	-0.23547359811802293	-0.3710362290451171	-0.0863741486814846	0.029878618113912233
K12_P2_fibrocartilage_matrix	score_K12_P2_fibrocartilage_matrix	status_anatomy_celltype	abnormal|outer|Ch.5(cycling)	57	-0.39487359276810463	-0.3741608759899529	-0.5504522961794653	-0.19667694483893808	0.0
K12_P2_fibrocartilage_matrix	score_K12_P2_fibrocartilage_matrix	status_anatomy_celltype	abnormal|outer|PCL.1	498	-0.5616055881229055	-0.5679038204476696	-0.6377498858246834	-0.49631291056737825	0.0
K12_P2_fibrocartilage_matrix	score_K12_P2_fibrocartilage_matrix	status_anatomy_celltype	abnormal|outer|PCL.2	144	-0.5670981601223745	-0.5800399898221875	-0.6691896721857915	-0.4830845094011958	0.0
K12_P2_fibrocartilage_matrix	score_K12_P2_fibrocartilage_matrix	status_anatomy_celltype	normal|inner|Ch.1(CHAD)	6265	0.07520899199271873	0.06021827746588319	-0.13825956097497827	0.27349415791839726	0.24054269752593774
K12_P2_fibrocartilage_matrix	score_K12_P2_fibrocartilage_matrix	status_anatomy_celltype	normal|inner|Ch.2(FNDC1)	125	0.06366521556471755	0.056165210277705234	-0.11474558635079628	0.22152065973471252	0.208
K12_P2_fibrocartilage_matrix	score_K12_P2_fibrocartilage_matrix	status_anatomy_celltype	normal|inner|Ch.3(PRG4)	371	0.17973195318529203	0.17514997220102332	0.03604782635335582	0.3210573734757698	0.3018867924528302
K12_P2_fibrocartilage_matrix	score_K12_P2_fibrocartilage_matrix	status_anatomy_celltype	normal|inner|Ch.4(CFD)	49	-0.5307396981000703	-0.5527204253635843	-0.6249734947017375	-0.4544892828140269	0.0
K12_P2_fibrocartilage_matrix	score_K12_P2_fibrocartilage_matrix	status_anatomy_celltype	normal|inner|Ch.5(cycling)	2	-0.7296970990738081	-0.7296970990738081	-0.7587513268808951	-0.7006428712667212	0.0
K12_P2_fibrocartilage_matrix	score_K12_P2_fibrocartilage_matrix	status_anatomy_celltype	normal|inner|PCL.1	31	-0.5221980150991252	-0.4788446401396212	-0.6296550528527106	-0.43458905712360907	0.0
K12_P2_fibrocartilage_matrix	score_K12_P2_fibrocartilage_matrix	status_anatomy_celltype	normal|inner|PCL.2	6	-0.69618331269304	-0.7329327319098249	-0.8075371320276241	-0.6630544684802906	0.0
K12_P2_fibrocartilage_matrix	score_K12_P2_fibrocartilage_matrix	status_anatomy_celltype	normal|outer|Ch.1(CHAD)	2279	-0.01837387059928375	0.0015951541045325286	-0.2647889548954181	0.2418711764600484	0.20359806932865293
K12_P2_fibrocartilage_matrix	score_K12_P2_fibrocartilage_matrix	status_anatomy_celltype	normal|outer|Ch.2(FNDC1)	81	-0.17913456286428353	-0.20264060230760386	-0.34304051643138117	-0.046283859663053206	0.06172839506172839
K12_P2_fibrocartilage_matrix	score_K12_P2_fibrocartilage_matrix	status_anatomy_celltype	normal|outer|Ch.3(PRG4)	78	0.18719226486156293	0.19400888429799995	0.11391293513562142	0.30865672463015537	0.2948717948717949
K12_P2_fibrocartilage_matrix	score_K12_P2_fibrocartilage_matrix	status_anatomy_celltype	normal|outer|Ch.4(CFD)	937	-0.37040691068847315	-0.38927174794543995	-0.49411738217614404	-0.2622782155190772	0.007470651013874066
K12_P2_fibrocartilage_matrix	score_K12_P2_fibrocartilage_matrix	status_anatomy_celltype	normal|outer|Ch.5(cycling)	2	-0.7451750777358164	-0.7451750777358164	-0.7880342729453158	-0.7023158825263168	0.0
K12_P2_fibrocartilage_matrix	score_K12_P2_fibrocartilage_matrix	status_anatomy_celltype	normal|outer|PCL.1	2161	-0.5960543662675218	-0.6049636054976013	-0.707364271340409	-0.506091631613163	0.0
K12_P2_fibrocartilage_matrix	score_K12_P2_fibrocartilage_matrix	status_anatomy_celltype	normal|outer|PCL.2	1832	-0.5994514194094724	-0.6031740193550659	-0.732346266963678	-0.4867676431707452	0.0005458515283842794
K12_P3_other_fibrochondrocyte_program	score_K12_P3_other_fibrochondrocyte_program	status	abnormal	14467	0.028129597468465512	0.019459465792308995	-0.16733449975101172	0.21943140749283302	0.2784267643602682
K12_P3_other_fibrochondrocyte_program	score_K12_P3_other_fibrochondrocyte_program	status	normal	14219	-0.028620218480644916	-0.03531681462514325	-0.23441473242756863	0.16419003304963475	0.22111259582249104
K12_P3_other_fibrochondrocyte_program	score_K12_P3_other_fibrochondrocyte_program	anatomy	inner	15815	0.012305737191870275	-0.0012328276800441795	-0.17394044386537538	0.18310103400387273	0.23945621245652862
K12_P3_other_fibrochondrocyte_program	score_K12_P3_other_fibrochondrocyte_program	anatomy	outer	12871	-0.015120443919619912	-0.015964725619977607	-0.24763281092212347	0.20546583539681063	0.2629943283350167
K12_P3_other_fibrochondrocyte_program	score_K12_P3_other_fibrochondrocyte_program	celltype	Ch.1(CHAD)	10389	0.018389675616339956	0.004190462059587366	-0.19681525782807796	0.21838413459341036	0.2765424968716912
K12_P3_other_fibrochondrocyte_program	score_K12_P3_other_fibrochondrocyte_program	celltype	Ch.2(FNDC1)	6156	0.05587457204039805	0.05835096426160811	-0.10856400178820552	0.22783315379923813	0.2932098765432099
K12_P3_other_fibrochondrocyte_program	score_K12_P3_other_fibrochondrocyte_program	celltype	Ch.3(PRG4)	4729	-0.016967578008241502	-0.029305295612552632	-0.20703622042959263	0.15594550235582716	0.21421019242968914
K12_P3_other_fibrochondrocyte_program	score_K12_P3_other_fibrochondrocyte_program	celltype	Ch.4(CFD)	2224	0.06381192847805599	0.037196644211163046	-0.17392070723543046	0.2846173180947929	0.33138489208633093
K12_P3_other_fibrochondrocyte_program	score_K12_P3_other_fibrochondrocyte_program	celltype	Ch.5(cycling)	292	-0.14208315310808028	-0.12874030648772022	-0.2549246756765667	0.003647255415018184	0.05136986301369863
K12_P3_other_fibrochondrocyte_program	score_K12_P3_other_fibrochondrocyte_program	celltype	PCL.1	2880	-0.0806306179855665	-0.0887586304050417	-0.2802612032417244	0.11251268576044855	0.17673611111111112
K12_P3_other_fibrochondrocyte_program	score_K12_P3_other_fibrochondrocyte_program	celltype	PCL.2	2016	-0.16021220113446288	-0.16698468649099127	-0.3372413548566685	0.038745445028665525	0.10912698412698413
K12_P3_other_fibrochondrocyte_program	score_K12_P3_other_fibrochondrocyte_program	status_anatomy	abnormal|inner	8966	-0.008138361849467797	-0.012319261415320703	-0.18710667794476332	0.1655087211061062	0.2209457952264109
K12_P3_other_fibrochondrocyte_program	score_K12_P3_other_fibrochondrocyte_program	status_anatomy	abnormal|outer	5501	0.08724221758200669	0.08525015335897614	-0.1266282739048658	0.3046688456116388	0.37211416106162515
K12_P3_other_fibrochondrocyte_program	score_K12_P3_other_fibrochondrocyte_program	status_anatomy	normal|inner	6849	0.039069029936013536	0.013979706408918779	-0.1578857749305093	0.20477300976483692	0.2636881296539641
K12_P3_other_fibrochondrocyte_program	score_K12_P3_other_fibrochondrocyte_program	status_anatomy	normal|outer	7370	-0.09152437891561015	-0.09619907243616783	-0.2998035801957346	0.11679150826079417	0.18154681139755766
K12_P3_other_fibrochondrocyte_program	score_K12_P3_other_fibrochondrocyte_program	status_celltype	abnormal|Ch.1(CHAD)	1845	0.05016291063342827	0.03322897857953994	-0.23351979759646763	0.30951347019656184	0.36205962059620594
K12_P3_other_fibrochondrocyte_program	score_K12_P3_other_fibrochondrocyte_program	status_celltype	abnormal|Ch.2(FNDC1)	5950	0.05288527982646407	0.05506600832767277	-0.1120708601755144	0.22361406459711994	0.28907563025210087
K12_P3_other_fibrochondrocyte_program	score_K12_P3_other_fibrochondrocyte_program	status_celltype	abnormal|Ch.3(PRG4)	4280	-0.01738731140718689	-0.029247986075467955	-0.21245572618257388	0.1624826350123007	0.21985981308411215
K12_P3_other_fibrochondrocyte_program	score_K12_P3_other_fibrochondrocyte_program	status_celltype	abnormal|Ch.4(CFD)	1238	0.12263571528792834	0.11681595808782366	-0.10207501006150872	0.3577894482575714	0.4087237479806139
K12_P3_other_fibrochondrocyte_program	score_K12_P3_other_fibrochondrocyte_program	status_celltype	abnormal|Ch.5(cycling)	288	-0.1407289993142545	-0.12673493646373607	-0.2549246756765667	0.0038406506309252896	0.052083333333333336
K12_P3_other_fibrochondrocyte_program	score_K12_P3_other_fibrochondrocyte_program	status_celltype	abnormal|PCL.1	688	-0.033346138421995346	-0.03202108226710722	-0.2242354556090759	0.16042207350819845	0.2136627906976744
K12_P3_other_fibrochondrocyte_program	score_K12_P3_other_fibrochondrocyte_program	status_celltype	abnormal|PCL.2	178	-0.07977711335226481	-0.1029596522666897	-0.34035519606717984	0.1011925142758592	0.17415730337078653
K12_P3_other_fibrochondrocyte_program	score_K12_P3_other_fibrochondrocyte_program	status_celltype	normal|Ch.1(CHAD)	8544	0.011528531116512248	9.452640688300087e-05	-0.1911258927752543	0.20092078104237723	0.2580758426966292
K12_P3_other_fibrochondrocyte_program	score_K12_P3_other_fibrochondrocyte_program	status_celltype	normal|Ch.2(FNDC1)	206	0.1422157791904333	0.14338827946459548	-0.009600951886790055	0.2879963787175359	0.41262135922330095
K12_P3_other_fibrochondrocyte_program	score_K12_P3_other_fibrochondrocyte_program	status_celltype	normal|Ch.3(PRG4)	449	-0.012966555853483736	-0.029872341053635544	-0.1618745827134029	0.11812862812561936	0.1603563474387528
K12_P3_other_fibrochondrocyte_program	score_K12_P3_other_fibrochondrocyte_program	status_celltype	normal|Ch.4(CFD)	986	-0.010045929605739126	-0.03406315124525408	-0.2644406310057529	0.17438384012901137	0.23427991886409735
K12_P3_other_fibrochondrocyte_program	score_K12_P3_other_fibrochondrocyte_program	status_celltype	normal|Ch.5(cycling)	4	-0.2395822262635374	-0.1834772977445433	-0.25654934591520684	-0.16651017809287388	0.0
K12_P3_other_fibrochondrocyte_program	score_K12_P3_other_fibrochondrocyte_program	status_celltype	normal|PCL.1	2192	-0.09547173200916914	-0.10598131943049559	-0.2916988674849514	0.10196909327727856	0.16514598540145986
K12_P3_other_fibrochondrocyte_program	score_K12_P3_other_fibrochondrocyte_program	status_celltype	normal|PCL.2	1838	-0.16800188863458868	-0.17150148053435943	-0.337082829798073	0.02895233352581982	0.10282916213275299
K12_P3_other_fibrochondrocyte_program	score_K12_P3_other_fibrochondrocyte_program	anatomy_celltype	inner|Ch.1(CHAD)	6979	0.0422411531448058	0.016571508213448438	-0.16193053830297524	0.21698157364597997	0.27740363948989827
K12_P3_other_fibrochondrocyte_program	score_K12_P3_other_fibrochondrocyte_program	anatomy_celltype	inner|Ch.2(FNDC1)	3904	0.014808182065548585	0.02208247486777416	-0.1385149970213415	0.17602848364653634	0.2307889344262295
K12_P3_other_fibrochondrocyte_program	score_K12_P3_other_fibrochondrocyte_program	anatomy_celltype	inner|Ch.3(PRG4)	4222	-0.031675236988903226	-0.0405318436076654	-0.2134842664501438	0.13815442629107458	0.197063003315964
K12_P3_other_fibrochondrocyte_program	score_K12_P3_other_fibrochondrocyte_program	anatomy_celltype	inner|Ch.4(CFD)	216	0.1417808873118027	0.06630482673938135	-0.10161083098416201	0.3206821615973963	0.3425925925925926
K12_P3_other_fibrochondrocyte_program	score_K12_P3_other_fibrochondrocyte_program	anatomy_celltype	inner|Ch.5(cycling)	233	-0.1571578174633146	-0.13580321864288997	-0.2599163692276366	-0.031245138841649214	0.02145922746781116
K12_P3_other_fibrochondrocyte_program	score_K12_P3_other_fibrochondrocyte_program	anatomy_celltype	inner|PCL.1	221	-0.061930797498023334	-0.05276370791625668	-0.21212536813800045	0.09838595850728815	0.16289592760180996
K12_P3_other_fibrochondrocyte_program	score_K12_P3_other_fibrochondrocyte_program	anatomy_celltype	inner|PCL.2	40	-0.11460650670643817	-0.08931228229270494	-0.3549143408840051	0.08680774702891561	0.075
K12_P3_other_fibrochondrocyte_program	score_K12_P3_other_fibrochondrocyte_program	anatomy_celltype	outer|Ch.1(CHAD)	3410	-0.030425415782828147	-0.03125138852205454	-0.2793411370019679	0.22017979975799193	0.2747800586510264
K12_P3_other_fibrochondrocyte_program	score_K12_P3_other_fibrochondrocyte_program	anatomy_celltype	outer|Ch.2(FNDC1)	2252	0.12706604027388488	0.12783469472920286	-0.04422696153350258	0.30468991801653605	0.40142095914742454
K12_P3_other_fibrochondrocyte_program	score_K12_P3_other_fibrochondrocyte_program	anatomy_celltype	outer|Ch.3(PRG4)	507	0.10550921926267327	0.08233252925410049	-0.11383609817481971	0.3096926201304854	0.35700197238658776
K12_P3_other_fibrochondrocyte_program	score_K12_P3_other_fibrochondrocyte_program	anatomy_celltype	outer|Ch.4(CFD)	2008	0.055424829320641	0.03222050638516882	-0.18728361443529506	0.2821926493610145	0.3301792828685259
K12_P3_other_fibrochondrocyte_program	score_K12_P3_other_fibrochondrocyte_program	anatomy_celltype	outer|Ch.5(cycling)	59	-0.0825510040441889	-0.09354388632648143	-0.22506519999513958	0.10433350394218965	0.1694915254237288
K12_P3_other_fibrochondrocyte_program	score_K12_P3_other_fibrochondrocyte_program	anatomy_celltype	outer|PCL.1	2659	-0.08218483397945407	-0.09308084153243913	-0.2825040263319334	0.11267339600868811	0.17788642346746897
K12_P3_other_fibrochondrocyte_program	score_K12_P3_other_fibrochondrocyte_program	anatomy_celltype	outer|PCL.2	1976	-0.16113539332936214	-0.1676397478351818	-0.33641492364927206	0.036009924364405296	0.10981781376518218
K12_P3_other_fibrochondrocyte_program	score_K12_P3_other_fibrochondrocyte_program	status_anatomy_celltype	abnormal|inner|Ch.1(CHAD)	714	0.06460424208289274	0.03861167415005713	-0.20779703571935118	0.2831225469186127	0.3641456582633053
K12_P3_other_fibrochondrocyte_program	score_K12_P3_other_fibrochondrocyte_program	status_anatomy_celltype	abnormal|inner|Ch.2(FNDC1)	3779	0.010284934574977896	0.01719683316923719	-0.1424525669045345	0.17023120092097777	0.22545646996559937
K12_P3_other_fibrochondrocyte_program	score_K12_P3_other_fibrochondrocyte_program	status_anatomy_celltype	abnormal|inner|Ch.3(PRG4)	3851	-0.030694933183713875	-0.03988729403983671	-0.2190194705291468	0.1461981353467619	0.20306413918462737
K12_P3_other_fibrochondrocyte_program	score_K12_P3_other_fibrochondrocyte_program	status_anatomy_celltype	abnormal|inner|Ch.4(CFD)	167	0.0740713332194388	0.04240618273649774	-0.10491569933958719	0.2300249202573479	0.2934131736526946
K12_P3_other_fibrochondrocyte_program	score_K12_P3_other_fibrochondrocyte_program	status_anatomy_celltype	abnormal|inner|Ch.5(cycling)	231	-0.15595842926141665	-0.13454573181252627	-0.2580466893154344	-0.03062288396533619	0.021645021645021644
K12_P3_other_fibrochondrocyte_program	score_K12_P3_other_fibrochondrocyte_program	status_anatomy_celltype	abnormal|inner|PCL.1	190	-0.059521554428772	-0.04764411866725039	-0.20394711182104208	0.08822577641595758	0.1631578947368421
K12_P3_other_fibrochondrocyte_program	score_K12_P3_other_fibrochondrocyte_program	status_anatomy_celltype	abnormal|inner|PCL.2	34	-0.14091121778427684	-0.12135544096423315	-0.36774964966723317	0.07015490975546383	0.058823529411764705
K12_P3_other_fibrochondrocyte_program	score_K12_P3_other_fibrochondrocyte_program	status_anatomy_celltype	abnormal|outer|Ch.1(CHAD)	1131	0.041046101919973245	0.02351169520618238	-0.25510742932905317	0.325919987982351	0.36074270557029176
K12_P3_other_fibrochondrocyte_program	score_K12_P3_other_fibrochondrocyte_program	status_anatomy_celltype	abnormal|outer|Ch.2(FNDC1)	2171	0.12703852934528775	0.12660510454579113	-0.04371909461860201	0.30491217337151466	0.3998157531091663
K12_P3_other_fibrochondrocyte_program	score_K12_P3_other_fibrochondrocyte_program	status_anatomy_celltype	abnormal|outer|Ch.3(PRG4)	429	0.10207108360774408	0.08741901389215244	-0.12383438071980857	0.3249439078150647	0.3706293706293706
K12_P3_other_fibrochondrocyte_program	score_K12_P3_other_fibrochondrocyte_program	status_anatomy_celltype	abnormal|outer|Ch.4(CFD)	1071	0.1302083126786265	0.13211161916373299	-0.10058163476468548	0.37270790526043773	0.42670401493930904
K12_P3_other_fibrochondrocyte_program	score_K12_P3_other_fibrochondrocyte_program	status_anatomy_celltype	abnormal|outer|Ch.5(cycling)	57	-0.07900973058101855	-0.09089082653105852	-0.23564921295163807	0.10699569963146803	0.17543859649122806
K12_P3_other_fibrochondrocyte_program	score_K12_P3_other_fibrochondrocyte_program	status_anatomy_celltype	abnormal|outer|PCL.1	498	-0.023359533921417916	-0.025236686435532774	-0.22566199278474675	0.17791867754783602	0.23293172690763053
K12_P3_other_fibrochondrocyte_program	score_K12_P3_other_fibrochondrocyte_program	status_anatomy_celltype	abnormal|outer|PCL.2	144	-0.06534267202803973	-0.1029596522666897	-0.3200716362130043	0.14627990098824217	0.2013888888888889
K12_P3_other_fibrochondrocyte_program	score_K12_P3_other_fibrochondrocyte_program	status_anatomy_celltype	normal|inner|Ch.1(CHAD)	6265	0.039692510606610436	0.014153939331144384	-0.15884461534888114	0.20731311240827904	0.2675179569034318
K12_P3_other_fibrochondrocyte_program	score_K12_P3_other_fibrochondrocyte_program	status_anatomy_celltype	normal|inner|Ch.2(FNDC1)	125	0.15155500020048165	0.14268494835134965	0.01892937505362842	0.28899384407997	0.392
K12_P3_other_fibrochondrocyte_program	score_K12_P3_other_fibrochondrocyte_program	status_anatomy_celltype	normal|inner|Ch.3(PRG4)	371	-0.041850843333335115	-0.04448814653906991	-0.18142828852245946	0.09408049664763121	0.1347708894878706
K12_P3_other_fibrochondrocyte_program	score_K12_P3_other_fibrochondrocyte_program	status_anatomy_celltype	normal|inner|Ch.4(CFD)	49	0.3725461022796551	0.19631054146971605	-0.024270935838928424	0.7141961844835194	0.5102040816326531
K12_P3_other_fibrochondrocyte_program	score_K12_P3_other_fibrochondrocyte_program	status_anatomy_celltype	normal|inner|Ch.5(cycling)	2	-0.2956871547825315	-0.2956871547825315	-0.36928238393412566	-0.22209192563093735	0.0
K12_P3_other_fibrochondrocyte_program	score_K12_P3_other_fibrochondrocyte_program	status_anatomy_celltype	normal|inner|PCL.1	31	-0.076697125986983	-0.1523953029429861	-0.2723545807835177	0.12607453767308852	0.16129032258064516
K12_P3_other_fibrochondrocyte_program	score_K12_P3_other_fibrochondrocyte_program	status_anatomy_celltype	normal|inner|PCL.2	6	0.03445352273464753	0.10841950721482299	-0.1567288878644648	0.1262342527448311	0.16666666666666666
K12_P3_other_fibrochondrocyte_program	score_K12_P3_other_fibrochondrocyte_program	status_anatomy_celltype	normal|outer|Ch.1(CHAD)	2279	-0.0658946068850082	-0.05159112079831067	-0.2869839375728507	0.175524649608168	0.23211935059236508
K12_P3_other_fibrochondrocyte_program	score_K12_P3_other_fibrochondrocyte_program	status_anatomy_celltype	normal|outer|Ch.2(FNDC1)	81	0.12780340108850682	0.1645485818159546	-0.0579701392347639	0.28500398263023374	0.4444444444444444
K12_P3_other_fibrochondrocyte_program	score_K12_P3_other_fibrochondrocyte_program	status_anatomy_celltype	normal|outer|Ch.3(PRG4)	78	0.12441896536478374	0.07761282496084285	-0.07280076562795666	0.20146402514334827	0.28205128205128205
K12_P3_other_fibrochondrocyte_program	score_K12_P3_other_fibrochondrocyte_program	status_anatomy_celltype	normal|outer|Ch.4(CFD)	937	-0.03005341046207243	-0.0498360418077739	-0.27315083994557265	0.1598750655087725	0.2198505869797225
K12_P3_other_fibrochondrocyte_program	score_K12_P3_other_fibrochondrocyte_program	status_anatomy_celltype	normal|outer|Ch.5(cycling)	2	-0.1834772977445433	-0.1834772977445433	-0.18895861063478958	-0.17799598485429705	0.0
K12_P3_other_fibrochondrocyte_program	score_K12_P3_other_fibrochondrocyte_program	status_anatomy_celltype	normal|outer|PCL.1	2161	-0.09574105768556329	-0.10537944998677841	-0.29171263523587415	0.10169022173610429	0.16520129569643682
K12_P3_other_fibrochondrocyte_program	score_K12_P3_other_fibrochondrocyte_program	status_anatomy_celltype	normal|outer|PCL.2	1832	-0.16866495220894206	-0.17187789899995293	-0.3372413548566685	0.028553881950671857	0.10262008733624454
K12_P6_other_fibrochondrocyte_program	score_K12_P6_other_fibrochondrocyte_program	status	abnormal	14467	0.4559171909043845	0.40776680523852094	-0.1424489086776926	1.0462194605645787	0.4839980645607244
K12_P6_other_fibrochondrocyte_program	score_K12_P6_other_fibrochondrocyte_program	status	normal	14219	-0.46386904851351934	-0.5049867230870507	-0.6609568081563242	-0.3311906314583277	0.01195583374358253
K12_P6_other_fibrochondrocyte_program	score_K12_P6_other_fibrochondrocyte_program	anatomy	inner	15815	0.10900228191680565	-0.13590196420042816	-0.5006320179939383	0.7185818855373012	0.30376225102750554
K12_P6_other_fibrochondrocyte_program	score_K12_P6_other_fibrochondrocyte_program	anatomy	outer	12871	-0.1339345108005813	-0.36111525211945456	-0.570386636278012	0.1410995145842977	0.1839794887732111
K12_P6_other_fibrochondrocyte_program	score_K12_P6_other_fibrochondrocyte_program	celltype	Ch.1(CHAD)	10389	-0.45963071097904873	-0.5230844255158893	-0.6809440316757309	-0.2987062267224273	0.010588122052170565
K12_P6_other_fibrochondrocyte_program	score_K12_P6_other_fibrochondrocyte_program	celltype	Ch.2(FNDC1)	6156	1.0942693219615822	1.1094218926512132	0.825172813644542	1.3781717891895873	0.9374593892137751
K12_P6_other_fibrochondrocyte_program	score_K12_P6_other_fibrochondrocyte_program	celltype	Ch.3(PRG4)	4729	-0.004456793609162019	-0.06851165458169092	-0.2876965177250125	0.2131873400187972	0.13554662719390992
K12_P6_other_fibrochondrocyte_program	score_K12_P6_other_fibrochondrocyte_program	celltype	Ch.4(CFD)	2224	-0.1257008514392428	-0.21338124991393442	-0.43789328490893786	0.13774791308970882	0.11016187050359712
K12_P6_other_fibrochondrocyte_program	score_K12_P6_other_fibrochondrocyte_program	celltype	Ch.5(cycling)	292	0.7839567038338755	0.8722597319818884	0.5721342476259066	1.2027293600843203	0.8082191780821918
K12_P6_other_fibrochondrocyte_program	score_K12_P6_other_fibrochondrocyte_program	celltype	PCL.1	2880	-0.3073133400954964	-0.38316078422520006	-0.5749224264558181	-0.1441316167961437	0.05798611111111111
K12_P6_other_fibrochondrocyte_program	score_K12_P6_other_fibrochondrocyte_program	celltype	PCL.2	2016	-0.4982324191964395	-0.489357511081997	-0.6138066462749254	-0.3881293013685069	0.000992063492063492
K12_P6_other_fibrochondrocyte_program	score_K12_P6_other_fibrochondrocyte_program	status_anatomy	abnormal|inner	8966	0.5413046281468451	0.5407067104833918	-0.08355236161792669	1.1366216563190497	0.525094802587553
K12_P6_other_fibrochondrocyte_program	score_K12_P6_other_fibrochondrocyte_program	status_anatomy	abnormal|outer	5501	0.31674544716399156	0.2569065772159045	-0.25937082705506226	0.851588118975066	0.41701508816578803
K12_P6_other_fibrochondrocyte_program	score_K12_P6_other_fibrochondrocyte_program	status_anatomy	normal|inner	6849	-0.4569230847496468	-0.5151304736499445	-0.6730907118319399	-0.30623496952741586	0.01401664476565922
K12_P6_other_fibrochondrocyte_program	score_K12_P6_other_fibrochondrocyte_program	status_anatomy	normal|outer	7370	-0.4703239882446947	-0.49657228453832636	-0.6513086427406953	-0.3456595012741095	0.010040705563093623
K12_P6_other_fibrochondrocyte_program	score_K12_P6_other_fibrochondrocyte_program	status_celltype	abnormal|Ch.1(CHAD)	1845	-0.2579588017403889	-0.31597872841263375	-0.5572178204026522	-0.00865320032795287	0.04769647696476965
K12_P6_other_fibrochondrocyte_program	score_K12_P6_other_fibrochondrocyte_program	status_celltype	abnormal|Ch.2(FNDC1)	5950	1.1129149111275987	1.1260389584442647	0.8486556769661593	1.3897029482626686	0.9494117647058824
K12_P6_other_fibrochondrocyte_program	score_K12_P6_other_fibrochondrocyte_program	status_celltype	abnormal|Ch.3(PRG4)	4280	0.027770637149879162	-0.043553194715422086	-0.2555619542276234	0.24437560170811157	0.1485981308411215
K12_P6_other_fibrochondrocyte_program	score_K12_P6_other_fibrochondrocyte_program	status_celltype	abnormal|Ch.4(CFD)	1238	0.06980568747054275	0.05522357278850014	-0.24934647622331368	0.3641890524455475	0.19143780290791598
K12_P6_other_fibrochondrocyte_program	score_K12_P6_other_fibrochondrocyte_program	status_celltype	abnormal|Ch.5(cycling)	288	0.8016424610563035	0.887555573539391	0.5931584335149611	1.2076690969558053	0.8194444444444444
K12_P6_other_fibrochondrocyte_program	score_K12_P6_other_fibrochondrocyte_program	status_celltype	abnormal|PCL.1	688	0.11819096349832424	0.11443439173709008	-0.19204635468557835	0.4097766889069527	0.2238372093023256
K12_P6_other_fibrochondrocyte_program	score_K12_P6_other_fibrochondrocyte_program	status_celltype	abnormal|PCL.2	178	-0.37989837609855576	-0.39652391142975285	-0.5150597206645705	-0.2784865140151078	0.011235955056179775
K12_P6_other_fibrochondrocyte_program	score_K12_P6_other_fibrochondrocyte_program	status_celltype	normal|Ch.1(CHAD)	8544	-0.5031799469979308	-0.5499645888830267	-0.6988125197547381	-0.35969096603379946	0.0025749063670411983
K12_P6_other_fibrochondrocyte_program	score_K12_P6_other_fibrochondrocyte_program	status_celltype	normal|Ch.2(FNDC1)	206	0.5557195377975107	0.5168085714706009	0.29847842976095706	0.7553583015928325	0.5922330097087378
K12_P6_other_fibrochondrocyte_program	score_K12_P6_other_fibrochondrocyte_program	status_celltype	normal|Ch.3(PRG4)	449	-0.3116581380383297	-0.3647090585824427	-0.48288994388700496	-0.1712558920862446	0.011135857461024499
K12_P6_other_fibrochondrocyte_program	score_K12_P6_other_fibrochondrocyte_program	status_celltype	normal|Ch.4(CFD)	986	-0.371174578792503	-0.40962066150423243	-0.5426944603385685	-0.24229247852651006	0.008113590263691683
K12_P6_other_fibrochondrocyte_program	score_K12_P6_other_fibrochondrocyte_program	status_celltype	normal|Ch.5(cycling)	4	-0.4894178161809465	-0.5434151923536126	-0.5762682410988588	-0.45656476743570024	0.0
K12_P6_other_fibrochondrocyte_program	score_K12_P6_other_fibrochondrocyte_program	status_celltype	normal|PCL.1	2192	-0.44086578574903135	-0.45800134785112556	-0.6215116448719804	-0.2879722039536209	0.005930656934306569
K12_P6_other_fibrochondrocyte_program	score_K12_P6_other_fibrochondrocyte_program	status_celltype	normal|PCL.2	1838	-0.5096924081362781	-0.49686150166797716	-0.6244863215243567	-0.39811597039650515	0.0
K12_P6_other_fibrochondrocyte_program	score_K12_P6_other_fibrochondrocyte_program	anatomy_celltype	inner|Ch.1(CHAD)	6979	-0.45340082047623964	-0.5119824013161398	-0.6723793848590112	-0.29289860519450495	0.011033099297893681
K12_P6_other_fibrochondrocyte_program	score_K12_P6_other_fibrochondrocyte_program	anatomy_celltype	inner|Ch.2(FNDC1)	3904	1.1696559587427036	1.1777666123047763	0.9104916001234462	1.451547195913466	0.9623463114754098
K12_P6_other_fibrochondrocyte_program	score_K12_P6_other_fibrochondrocyte_program	anatomy_celltype	inner|Ch.3(PRG4)	4222	0.0016503015370631644	-0.06153229500586842	-0.2779178200450087	0.21331281032573712	0.1359545239223117
K12_P6_other_fibrochondrocyte_program	score_K12_P6_other_fibrochondrocyte_program	anatomy_celltype	inner|Ch.4(CFD)	216	0.29010524053264186	0.4409672546643139	-0.15208007373205537	0.7171104547540648	0.4722222222222222
K12_P6_other_fibrochondrocyte_program	score_K12_P6_other_fibrochondrocyte_program	anatomy_celltype	inner|Ch.5(cycling)	233	0.8511844656527711	0.9400258850263139	0.6457556871892904	1.2688145497627803	0.8540772532188842
K12_P6_other_fibrochondrocyte_program	score_K12_P6_other_fibrochondrocyte_program	anatomy_celltype	inner|PCL.1	221	0.3133404680385907	0.39115765827324706	0.023108614277365908	0.6575167244302463	0.4253393665158371
K12_P6_other_fibrochondrocyte_program	score_K12_P6_other_fibrochondrocyte_program	anatomy_celltype	inner|PCL.2	40	-0.38464943229282594	-0.4428059122978296	-0.510756188961018	-0.24940555028575923	0.025
K12_P6_other_fibrochondrocyte_program	score_K12_P6_other_fibrochondrocyte_program	anatomy_celltype	outer|Ch.1(CHAD)	3410	-0.47238097661515016	-0.5436819144836338	-0.695654970719999	-0.31269799658923586	0.00967741935483871
K12_P6_other_fibrochondrocyte_program	score_K12_P6_other_fibrochondrocyte_program	anatomy_celltype	outer|Ch.2(FNDC1)	2252	0.9635812979857841	0.9714930759836935	0.6905062881598956	1.2634617840516196	0.894316163410302
K12_P6_other_fibrochondrocyte_program	score_K12_P6_other_fibrochondrocyte_program	anatomy_celltype	outer|Ch.3(PRG4)	507	-0.05531311650336864	-0.12594294445535587	-0.37028112630185267	0.20678059618005076	0.13214990138067062
K12_P6_other_fibrochondrocyte_program	score_K12_P6_other_fibrochondrocyte_program	anatomy_celltype	outer|Ch.4(CFD)	2008	-0.17042899679080012	-0.24818434276891396	-0.4477831392415942	0.07439361491386515	0.07121513944223108
K12_P6_other_fibrochondrocyte_program	score_K12_P6_other_fibrochondrocyte_program	anatomy_celltype	outer|Ch.5(cycling)	59	0.5184640173287447	0.6230138009432419	0.25037022410348175	0.9965178031789979	0.6271186440677966
K12_P6_other_fibrochondrocyte_program	score_K12_P6_other_fibrochondrocyte_program	anatomy_celltype	outer|PCL.1	2659	-0.35889833129430543	-0.40924638818829884	-0.58753457749447	-0.19848026461674514	0.02745393004889056
K12_P6_other_fibrochondrocyte_program	score_K12_P6_other_fibrochondrocyte_program	anatomy_celltype	outer|PCL.2	1976	-0.5005316699434762	-0.4899945574498681	-0.6156836510306809	-0.38961269264305837	0.0005060728744939271
K12_P6_other_fibrochondrocyte_program	score_K12_P6_other_fibrochondrocyte_program	status_anatomy_celltype	abnormal|inner|Ch.1(CHAD)	714	-0.1545428441404233	-0.22113367007561385	-0.45880529476126536	0.11114692703079393	0.08543417366946779
K12_P6_other_fibrochondrocyte_program	score_K12_P6_other_fibrochondrocyte_program	status_anatomy_celltype	abnormal|inner|Ch.2(FNDC1)	3779	1.1932020828313814	1.1945905862145707	0.9420616663682155	1.4604208252728936	0.9764487959777719
K12_P6_other_fibrochondrocyte_program	score_K12_P6_other_fibrochondrocyte_program	status_anatomy_celltype	abnormal|inner|Ch.3(PRG4)	3851	0.030629226295258057	-0.04118182460423518	-0.24822973346976895	0.2410611105560972	0.14775383017398078
K12_P6_other_fibrochondrocyte_program	score_K12_P6_other_fibrochondrocyte_program	status_anatomy_celltype	abnormal|inner|Ch.4(CFD)	167	0.5084320111434674	0.5849603551067202	0.2863036741513191	0.7586321503389559	0.6107784431137725
K12_P6_other_fibrochondrocyte_program	score_K12_P6_other_fibrochondrocyte_program	status_anatomy_celltype	abnormal|inner|Ch.5(cycling)	231	0.8622880177413776	0.948500781551153	0.6523780966410072	1.2716621188049033	0.8614718614718615
K12_P6_other_fibrochondrocyte_program	score_K12_P6_other_fibrochondrocyte_program	status_anatomy_celltype	abnormal|inner|PCL.1	190	0.33853405673703124	0.40617739970874045	0.03546374510360617	0.6713506023610896	0.45263157894736844
K12_P6_other_fibrochondrocyte_program	score_K12_P6_other_fibrochondrocyte_program	status_anatomy_celltype	abnormal|inner|PCL.2	34	-0.34709069238846657	-0.4079916784754094	-0.5060206160677153	-0.23986888969944647	0.029411764705882353
K12_P6_other_fibrochondrocyte_program	score_K12_P6_other_fibrochondrocyte_program	status_anatomy_celltype	abnormal|outer|Ch.1(CHAD)	1131	-0.32324526834195866	-0.386933459562595	-0.597163250023814	-0.08504271271663823	0.023872679045092837
K12_P6_other_fibrochondrocyte_program	score_K12_P6_other_fibrochondrocyte_program	status_anatomy_celltype	abnormal|outer|Ch.2(FNDC1)	2171	0.9731612391475923	0.9823980933148556	0.7037790813288501	1.267054468625373	0.9023491478581299
K12_P6_other_fibrochondrocyte_program	score_K12_P6_other_fibrochondrocyte_program	status_anatomy_celltype	abnormal|outer|Ch.3(PRG4)	429	0.0021099686210816586	-0.054395702580004326	-0.31848095485104977	0.31527492405271257	0.1561771561771562
K12_P6_other_fibrochondrocyte_program	score_K12_P6_other_fibrochondrocyte_program	status_anatomy_celltype	abnormal|outer|Ch.4(CFD)	1071	0.0014111066550633602	-0.0067348781781036374	-0.2823110981619308	0.2621457391809149	0.12605042016806722
K12_P6_other_fibrochondrocyte_program	score_K12_P6_other_fibrochondrocyte_program	status_anatomy_celltype	abnormal|outer|Ch.5(cycling)	57	0.5558683629115286	0.6250871383396153	0.28001786931198785	1.0127311114380761	0.6491228070175439
K12_P6_other_fibrochondrocyte_program	score_K12_P6_other_fibrochondrocyte_program	status_anatomy_celltype	abnormal|outer|PCL.1	498	0.03412432149962075	0.032523017675510524	-0.24837835256678178	0.31797236635588744	0.13654618473895583
K12_P6_other_fibrochondrocyte_program	score_K12_P6_other_fibrochondrocyte_program	status_anatomy_celltype	abnormal|outer|PCL.2	144	-0.3876446347523268	-0.3924426777960816	-0.5237728207410418	-0.2902712153153635	0.006944444444444444
K12_P6_other_fibrochondrocyte_program	score_K12_P6_other_fibrochondrocyte_program	status_anatomy_celltype	normal|inner|Ch.1(CHAD)	6265	-0.4874606121927237	-0.5329779457240504	-0.685209912791252	-0.3410951582970116	0.002553870710295291
K12_P6_other_fibrochondrocyte_program	score_K12_P6_other_fibrochondrocyte_program	status_anatomy_celltype	normal|inner|Ch.2(FNDC1)	125	0.4578095352937957	0.4743415873311439	0.26573864592415386	0.6179923308795593	0.536
K12_P6_other_fibrochondrocyte_program	score_K12_P6_other_fibrochondrocyte_program	status_anatomy_celltype	normal|inner|Ch.3(PRG4)	371	-0.2991524996591863	-0.35262019154939006	-0.4884730232318163	-0.13322373823907876	0.013477088948787063
K12_P6_other_fibrochondrocyte_program	score_K12_P6_other_fibrochondrocyte_program	status_anatomy_celltype	normal|inner|Ch.4(CFD)	49	-0.45398803889609	-0.4472312882113879	-0.6119121573476709	-0.31313589304227285	0.0
K12_P6_other_fibrochondrocyte_program	score_K12_P6_other_fibrochondrocyte_program	status_anatomy_celltype	normal|inner|Ch.5(cycling)	2	-0.43127580058129444	-0.43127580058129444	-0.5027358609833301	-0.3598157401792588	0.0
K12_P6_other_fibrochondrocyte_program	score_K12_P6_other_fibrochondrocyte_program	status_anatomy_celltype	normal|inner|PCL.1	31	0.15892815020943926	0.27669164606732144	-0.10400629175149535	0.46380401705065244	0.25806451612903225
K12_P6_other_fibrochondrocyte_program	score_K12_P6_other_fibrochondrocyte_program	status_anatomy_celltype	normal|inner|PCL.2	6	-0.5974822917508629	-0.5560151811164931	-0.7250812146346705	-0.47464350057951155	0.0
K12_P6_other_fibrochondrocyte_program	score_K12_P6_other_fibrochondrocyte_program	status_anatomy_celltype	normal|outer|Ch.1(CHAD)	2279	-0.5463925984040836	-0.6020878146511872	-0.7282183620323242	-0.4210787101716219	0.0026327336551118913
K12_P6_other_fibrochondrocyte_program	score_K12_P6_other_fibrochondrocyte_program	status_anatomy_celltype	normal|outer|Ch.2(FNDC1)	81	0.7068152206736138	0.6923653844802663	0.3576745572161859	1.0140006599519835	0.6790123456790124
K12_P6_other_fibrochondrocyte_program	score_K12_P6_other_fibrochondrocyte_program	status_anatomy_celltype	normal|outer|Ch.3(PRG4)	78	-0.3711400846878452	-0.3931853867518885	-0.4542412992380272	-0.27619915728915634	0.0
K12_P6_other_fibrochondrocyte_program	score_K12_P6_other_fibrochondrocyte_program	status_anatomy_celltype	normal|outer|Ch.4(CFD)	937	-0.366843885574706	-0.40323682141523864	-0.5395806893590371	-0.24123020611242202	0.008537886872998933
K12_P6_other_fibrochondrocyte_program	score_K12_P6_other_fibrochondrocyte_program	status_anatomy_celltype	normal|outer|Ch.5(cycling)	2	-0.5475598317805984	-0.5475598317805984	-0.565022516009968	-0.5300971475512288	0.0
K12_P6_other_fibrochondrocyte_program	score_K12_P6_other_fibrochondrocyte_program	status_anatomy_celltype	normal|outer|PCL.1	2161	-0.4494699560473713	-0.46047552095983174	-0.6226388004928619	-0.29666723585381444	0.0023137436372049976
K12_P6_other_fibrochondrocyte_program	score_K12_P6_other_fibrochondrocyte_program	status_anatomy_celltype	normal|outer|PCL.2	1832	-0.509404886683392	-0.49680695252149365	-0.6241846296699624	-0.3978580305442911	0.0
K12_P8_senescence_paracrine_MSP_like	score_K12_P8_senescence_paracrine_MSP_like	status	abnormal	14467	0.07514482018717022	0.03282222799313201	-0.1642746738662106	0.2613220861469868	0.330338010644916
K12_P8_senescence_paracrine_MSP_like	score_K12_P8_senescence_paracrine_MSP_like	status	normal	14219	-0.07645545492986788	-0.10229728094506023	-0.25723782345150425	0.08043665223775665	0.16829594204937057
K12_P8_senescence_paracrine_MSP_like	score_K12_P8_senescence_paracrine_MSP_like	anatomy	inner	15815	0.08310154947615694	0.03888996195278562	-0.12343383924995416	0.24084341562242767	0.32020233955105915
K12_P8_senescence_paracrine_MSP_like	score_K12_P8_senescence_paracrine_MSP_like	anatomy	outer	12871	-0.10210947128936537	-0.14763764334363275	-0.31158424698104203	0.05830853537539456	0.16377903814777406
K12_P8_senescence_paracrine_MSP_like	score_K12_P8_senescence_paracrine_MSP_like	celltype	Ch.1(CHAD)	10389	-0.04678582869519159	-0.06715466450127333	-0.2213173359769475	0.11125989532825979	0.18817980556357686
K12_P8_senescence_paracrine_MSP_like	score_K12_P8_senescence_paracrine_MSP_like	celltype	Ch.2(FNDC1)	6156	0.07408932789283607	0.06154591792865434	-0.11579395914667495	0.24629655938776593	0.33512020792722547
K12_P8_senescence_paracrine_MSP_like	score_K12_P8_senescence_paracrine_MSP_like	celltype	Ch.3(PRG4)	4729	0.23988669175428254	0.1787603322787367	-0.040173181551927166	0.46689988283599265	0.5056037217170649
K12_P8_senescence_paracrine_MSP_like	score_K12_P8_senescence_paracrine_MSP_like	celltype	Ch.4(CFD)	2224	-0.10684503018294236	-0.16011085104117279	-0.3073897584269736	0.028025542145818816	0.14703237410071943
K12_P8_senescence_paracrine_MSP_like	score_K12_P8_senescence_paracrine_MSP_like	celltype	Ch.5(cycling)	292	0.16066480902102906	0.17744714119749555	-0.013725190480535731	0.34236927026469044	0.5068493150684932
K12_P8_senescence_paracrine_MSP_like	score_K12_P8_senescence_paracrine_MSP_like	celltype	PCL.1	2880	-0.15584299075467636	-0.1701639505779376	-0.3153122339539112	-0.01719580848324209	0.08611111111111111
K12_P8_senescence_paracrine_MSP_like	score_K12_P8_senescence_paracrine_MSP_like	celltype	PCL.2	2016	-0.2306165958500811	-0.2236425626108891	-0.3579917951500291	-0.09237804002926678	0.01984126984126984
K12_P8_senescence_paracrine_MSP_like	score_K12_P8_senescence_paracrine_MSP_like	status_anatomy	abnormal|inner	8966	0.10897083348622802	0.059999384680772386	-0.11881291959720391	0.27859684322825873	0.35366941780058
K12_P8_senescence_paracrine_MSP_like	score_K12_P8_senescence_paracrine_MSP_like	status_anatomy	abnormal|outer	5501	0.02001229242142729	-0.022387717046720823	-0.23686142701519805	0.22403535205604205	0.29231048900199963
K12_P8_senescence_paracrine_MSP_like	score_K12_P8_senescence_paracrine_MSP_like	status_anatomy	normal|inner	6849	0.0492361676051835	0.014426602714463508	-0.13103401936136086	0.19595820935628028	0.27639071397284276
K12_P8_senescence_paracrine_MSP_like	score_K12_P8_senescence_paracrine_MSP_like	status_anatomy	normal|outer	7370	-0.19326168596685117	-0.20334639323690568	-0.34521275915878546	-0.05612124022610959	0.06784260515603799
K12_P8_senescence_paracrine_MSP_like	score_K12_P8_senescence_paracrine_MSP_like	status_celltype	abnormal|Ch.1(CHAD)	1845	-0.1281928749759451	-0.1521395850851026	-0.30524821130788393	0.012526914215153066	0.11382113821138211
K12_P8_senescence_paracrine_MSP_like	score_K12_P8_senescence_paracrine_MSP_like	status_celltype	abnormal|Ch.2(FNDC1)	5950	0.06982438934722562	0.05663337759473053	-0.1188423362980444	0.23977061052201504	0.32857142857142857
K12_P8_senescence_paracrine_MSP_like	score_K12_P8_senescence_paracrine_MSP_like	status_celltype	abnormal|Ch.3(PRG4)	4280	0.2308773509702264	0.15450299618977376	-0.0538420930582503	0.45920421710305026	0.48341121495327105
K12_P8_senescence_paracrine_MSP_like	score_K12_P8_senescence_paracrine_MSP_like	status_celltype	abnormal|Ch.4(CFD)	1238	-0.06135232985885719	-0.13230569717521923	-0.28624082145598756	0.08159609822252128	0.18497576736672053
K12_P8_senescence_paracrine_MSP_like	score_K12_P8_senescence_paracrine_MSP_like	status_celltype	abnormal|Ch.5(cycling)	288	0.16266061727637166	0.17882544113557622	-0.013725190480535731	0.3499028495423325	0.5138888888888888
K12_P8_senescence_paracrine_MSP_like	score_K12_P8_senescence_paracrine_MSP_like	status_celltype	abnormal|PCL.1	688	-0.03626153920230808	-0.045143982955644216	-0.22620645538661216	0.14666169014856098	0.2238372093023256
K12_P8_senescence_paracrine_MSP_like	score_K12_P8_senescence_paracrine_MSP_like	status_celltype	abnormal|PCL.2	178	-0.1456086810634439	-0.14506470053721293	-0.30993780394414044	-0.03483048403889047	0.07865168539325842
K12_P8_senescence_paracrine_MSP_like	score_K12_P8_senescence_paracrine_MSP_like	status_celltype	normal|Ch.1(CHAD)	8544	-0.029206708799593487	-0.04866848793212904	-0.20205358706784965	0.1292977156758745	0.20423689138576778
K12_P8_senescence_paracrine_MSP_like	score_K12_P8_senescence_paracrine_MSP_like	status_celltype	normal|Ch.2(FNDC1)	206	0.19727565967139	0.19796779826381322	0.04270608240284429	0.3422679356967379	0.5242718446601942
K12_P8_senescence_paracrine_MSP_like	score_K12_P8_senescence_paracrine_MSP_like	status_celltype	normal|Ch.3(PRG4)	449	0.32576637673370334	0.319242217304656	0.15157098988575163	0.5070197923679275	0.7171492204899778
K12_P8_senescence_paracrine_MSP_like	score_K12_P8_senescence_paracrine_MSP_like	status_celltype	normal|Ch.4(CFD)	986	-0.16396466811521157	-0.18538621349263612	-0.3283110163121744	-0.017452774947032776	0.09939148073022312
K12_P8_senescence_paracrine_MSP_like	score_K12_P8_senescence_paracrine_MSP_like	status_celltype	normal|Ch.5(cycling)	4	0.01696661463636328	0.06072566491966677	-0.029453933228957348	0.1071462127849874	0.0
K12_P8_senescence_paracrine_MSP_like	score_K12_P8_senescence_paracrine_MSP_like	status_celltype	normal|PCL.1	2192	-0.1933758551105292	-0.1988366495800215	-0.3268579054261886	-0.07348460483681395	0.04288321167883212
K12_P8_senescence_paracrine_MSP_like	score_K12_P8_senescence_paracrine_MSP_like	status_celltype	normal|PCL.2	1838	-0.23884913601984245	-0.22958088063766224	-0.3607003685769285	-0.09865430753225765	0.014145810663764961
K12_P8_senescence_paracrine_MSP_like	score_K12_P8_senescence_paracrine_MSP_like	anatomy_celltype	inner|Ch.1(CHAD)	6979	0.021093675811962503	-0.008727703324617133	-0.14959964968295725	0.1619182631190517	0.23799971342599227
K12_P8_senescence_paracrine_MSP_like	score_K12_P8_senescence_paracrine_MSP_like	anatomy_celltype	inner|Ch.2(FNDC1)	3904	0.04116417398638253	0.03575842189680431	-0.12315249065037563	0.2006480969354606	0.28304303278688525
K12_P8_senescence_paracrine_MSP_like	score_K12_P8_senescence_paracrine_MSP_like	anatomy_celltype	inner|Ch.3(PRG4)	4222	0.24071611013140304	0.17713776736695735	-0.03760933207660867	0.4676037085848827	0.5040265277119849
K12_P8_senescence_paracrine_MSP_like	score_K12_P8_senescence_paracrine_MSP_like	anatomy_celltype	inner|Ch.4(CFD)	216	-0.09811054267265053	-0.12016187533827312	-0.26087561329822273	0.020624387476115873	0.10648148148148148
K12_P8_senescence_paracrine_MSP_like	score_K12_P8_senescence_paracrine_MSP_like	anatomy_celltype	inner|Ch.5(cycling)	233	0.14837344651994377	0.16303312067506648	-0.02364719810177514	0.321500241360099	0.4892703862660944
K12_P8_senescence_paracrine_MSP_like	score_K12_P8_senescence_paracrine_MSP_like	anatomy_celltype	inner|PCL.1	221	-0.07078008660838792	-0.0744058053209888	-0.1996943138621191	0.05847085665541092	0.14027149321266968
K12_P8_senescence_paracrine_MSP_like	score_K12_P8_senescence_paracrine_MSP_like	anatomy_celltype	inner|PCL.2	40	-0.19267118563214974	-0.2321635374179858	-0.3812644539862934	-0.053016119259169	0.05
K12_P8_senescence_paracrine_MSP_like	score_K12_P8_senescence_paracrine_MSP_like	anatomy_celltype	outer|Ch.1(CHAD)	3410	-0.18570989378476005	-0.20647817843723604	-0.3550248760775466	-0.042756099473327674	0.08621700879765395
K12_P8_senescence_paracrine_MSP_like	score_K12_P8_senescence_paracrine_MSP_like	anatomy_celltype	outer|Ch.2(FNDC1)	2252	0.13116739221379284	0.12090789497479762	-0.08777081485525627	0.3349505806313661	0.42539964476021314
K12_P8_senescence_paracrine_MSP_like	score_K12_P8_senescence_paracrine_MSP_like	anatomy_celltype	outer|Ch.3(PRG4)	507	0.2329797797459924	0.189555325061608	-0.07953512844060648	0.46502070757765457	0.5187376725838264
K12_P8_senescence_paracrine_MSP_like	score_K12_P8_senescence_paracrine_MSP_like	anatomy_celltype	outer|Ch.4(CFD)	2008	-0.10778459656851161	-0.16566368677415585	-0.3113599255449502	0.02942566415031053	0.15139442231075698
K12_P8_senescence_paracrine_MSP_like	score_K12_P8_senescence_paracrine_MSP_like	anatomy_celltype	outer|Ch.5(cycling)	59	0.20920527449141688	0.2241827654797683	0.02070662665045911	0.4273255347003474	0.576271186440678
K12_P8_senescence_paracrine_MSP_like	score_K12_P8_senescence_paracrine_MSP_like	anatomy_celltype	outer|PCL.1	2659	-0.1629129049390802	-0.17920800511766846	-0.32070316271784555	-0.028796523905918046	0.08160962767957879
K12_P8_senescence_paracrine_MSP_like	score_K12_P8_senescence_paracrine_MSP_like	anatomy_celltype	outer|PCL.2	1976	-0.2313847215629947	-0.2236425626108891	-0.3576086090895477	-0.09357149245236476	0.019230769230769232
K12_P8_senescence_paracrine_MSP_like	score_K12_P8_senescence_paracrine_MSP_like	status_anatomy_celltype	abnormal|inner|Ch.1(CHAD)	714	-0.06155932913261421	-0.08298142796036273	-0.22645089674911378	0.0927849754949425	0.1568627450980392
K12_P8_senescence_paracrine_MSP_like	score_K12_P8_senescence_paracrine_MSP_like	status_anatomy_celltype	abnormal|inner|Ch.2(FNDC1)	3779	0.03591862214884798	0.028027395673447166	-0.12860628548966024	0.19496671757132006	0.27599894151892035
K12_P8_senescence_paracrine_MSP_like	score_K12_P8_senescence_paracrine_MSP_like	status_anatomy_celltype	abnormal|inner|Ch.3(PRG4)	3851	0.23242580431247023	0.15663377375256743	-0.04800820316173457	0.4575271971746825	0.48428979485847834
K12_P8_senescence_paracrine_MSP_like	score_K12_P8_senescence_paracrine_MSP_like	status_anatomy_celltype	abnormal|inner|Ch.4(CFD)	167	-0.14180757917075934	-0.15998266225006164	-0.27647084791331195	-0.024311439470860324	0.04790419161676647
K12_P8_senescence_paracrine_MSP_like	score_K12_P8_senescence_paracrine_MSP_like	status_anatomy_celltype	abnormal|inner|Ch.5(cycling)	231	0.1488097222169731	0.165385700914699	-0.02482530414937257	0.32220222809379895	0.4935064935064935
K12_P8_senescence_paracrine_MSP_like	score_K12_P8_senescence_paracrine_MSP_like	status_anatomy_celltype	abnormal|inner|PCL.1	190	-0.07325378877588273	-0.07496326929055881	-0.20581938111338755	0.058104065004517744	0.14210526315789473
K12_P8_senescence_paracrine_MSP_like	score_K12_P8_senescence_paracrine_MSP_like	status_anatomy_celltype	abnormal|inner|PCL.2	34	-0.19403975625878409	-0.2024721253481555	-0.3857133969061708	-0.06454765051459088	0.058823529411764705
K12_P8_senescence_paracrine_MSP_like	score_K12_P8_senescence_paracrine_MSP_like	status_anatomy_celltype	abnormal|outer|Ch.1(CHAD)	1131	-0.17025861479215929	-0.20524268336201978	-0.34778125581735275	-0.04469583163656271	0.08664898320070734
K12_P8_senescence_paracrine_MSP_like	score_K12_P8_senescence_paracrine_MSP_like	status_anatomy_celltype	abnormal|outer|Ch.2(FNDC1)	2171	0.1288432259398876	0.11748013282781009	-0.09216836673458564	0.3330001756325791	0.4200829111008752
K12_P8_senescence_paracrine_MSP_like	score_K12_P8_senescence_paracrine_MSP_like	status_anatomy_celltype	abnormal|outer|Ch.3(PRG4)	429	0.2169773653735347	0.14655904605768733	-0.096310939663022	0.46521058507712765	0.4755244755244755
K12_P8_senescence_paracrine_MSP_like	score_K12_P8_senescence_paracrine_MSP_like	status_anatomy_celltype	abnormal|outer|Ch.4(CFD)	1071	-0.048807020208915405	-0.1302151200153329	-0.28866231439442636	0.1075450018987869	0.20634920634920634
K12_P8_senescence_paracrine_MSP_like	score_K12_P8_senescence_paracrine_MSP_like	status_anatomy_celltype	abnormal|outer|Ch.5(cycling)	57	0.2187931919907763	0.23256496628018203	0.024634767981674698	0.4274593015280508	0.5964912280701754
K12_P8_senescence_paracrine_MSP_like	score_K12_P8_senescence_paracrine_MSP_like	status_anatomy_celltype	abnormal|outer|PCL.1	498	-0.02214803032885591	-0.020987537653570316	-0.2336977975268794	0.17650788224081282	0.25502008032128515
K12_P8_senescence_paracrine_MSP_like	score_K12_P8_senescence_paracrine_MSP_like	status_anatomy_celltype	abnormal|outer|PCL.2	144	-0.13417356608676637	-0.13927636636101529	-0.3022424709984224	-0.02925514892873451	0.08333333333333333
K12_P8_senescence_paracrine_MSP_like	score_K12_P8_senescence_paracrine_MSP_like	status_anatomy_celltype	normal|inner|Ch.1(CHAD)	6265	0.030513347883858392	-0.0013161867663828313	-0.14152876552133817	0.16942207915386245	0.2472466081404629
K12_P8_senescence_paracrine_MSP_like	score_K12_P8_senescence_paracrine_MSP_like	status_anatomy_celltype	normal|inner|Ch.2(FNDC1)	125	0.19974769713872684	0.16978493114207366	0.04005980052606112	0.3322703639581504	0.496
K12_P8_senescence_paracrine_MSP_like	score_K12_P8_senescence_paracrine_MSP_like	status_anatomy_celltype	normal|inner|Ch.3(PRG4)	371	0.32676993144868205	0.31347079991454163	0.14789901271724645	0.5334627438001258	0.7088948787061995
K12_P8_senescence_paracrine_MSP_like	score_K12_P8_senescence_paracrine_MSP_like	status_anatomy_celltype	normal|inner|Ch.4(CFD)	49	0.05081609192294494	0.0137176501612835	-0.16270660759878852	0.2710364791367378	0.30612244897959184
K12_P8_senescence_paracrine_MSP_like	score_K12_P8_senescence_paracrine_MSP_like	status_anatomy_celltype	normal|inner|Ch.5(cycling)	2	0.09798360351305282	0.09798360351305282	0.065458844932046	0.13050836209405964	0.0
K12_P8_senescence_paracrine_MSP_like	score_K12_P8_senescence_paracrine_MSP_like	status_anatomy_celltype	normal|inner|PCL.1	31	-0.055618686226968014	-0.07351502523988236	-0.14776974835343604	0.10888489323845796	0.12903225806451613
K12_P8_senescence_paracrine_MSP_like	score_K12_P8_senescence_paracrine_MSP_like	status_anatomy_celltype	normal|inner|PCL.2	6	-0.1849159520812216	-0.2904095111570323	-0.31885964985622556	-0.0017723320746001608	0.0
K12_P8_senescence_paracrine_MSP_like	score_K12_P8_senescence_paracrine_MSP_like	status_anatomy_celltype	normal|outer|Ch.1(CHAD)	2279	-0.19337790455291776	-0.20651957405655266	-0.35848591175396516	-0.042051843210809126	0.08600263273365512
K12_P8_senescence_paracrine_MSP_like	score_K12_P8_senescence_paracrine_MSP_like	status_anatomy_celltype	normal|outer|Ch.2(FNDC1)	81	0.19346078703661093	0.20623204828859998	0.04830561784406961	0.38257396975970126	0.5679012345679012
K12_P8_senescence_paracrine_MSP_like	score_K12_P8_senescence_paracrine_MSP_like	status_anatomy_celltype	normal|outer|Ch.3(PRG4)	78	0.3209930587945098	0.3376193589468374	0.18444097795074996	0.4508970195748198	0.7564102564102564
K12_P8_senescence_paracrine_MSP_like	score_K12_P8_senescence_paracrine_MSP_like	status_anatomy_celltype	normal|outer|Ch.4(CFD)	937	-0.17519653283438946	-0.19229878959449334	-0.3384182992643469	-0.030750489911690392	0.08858057630736393
K12_P8_senescence_paracrine_MSP_like	score_K12_P8_senescence_paracrine_MSP_like	status_anatomy_celltype	normal|outer|Ch.5(cycling)	2	-0.06405037424032627	-0.06405037424032627	-0.14033418310463658	0.012233434623984046	0.0
K12_P8_senescence_paracrine_MSP_like	score_K12_P8_senescence_paracrine_MSP_like	status_anatomy_celltype	normal|outer|PCL.1	2161	-0.19535201070302824	-0.2007454197450629	-0.32769647680625225	-0.07656354992825694	0.041647385469689956
K12_P8_senescence_paracrine_MSP_like	score_K12_P8_senescence_paracrine_MSP_like	status_anatomy_celltype	normal|outer|PCL.2	1832	-0.23902577308514367	-0.2293010001847694	-0.3607655507825023	-0.09870440079545431	0.014192139737991267
K12_P9_other_fibrochondrocyte_program	score_K12_P9_other_fibrochondrocyte_program	status	abnormal	14467	0.2723976156796304	0.06145386068411325	-0.19012384752938372	0.5966652838823605	0.4296675191815857
K12_P9_other_fibrochondrocyte_program	score_K12_P9_other_fibrochondrocyte_program	status	normal	14219	-0.2771486255037072	-0.3218472972953725	-0.4959093984158506	-0.1341414407612911	0.06723398269920529
K12_P9_other_fibrochondrocyte_program	score_K12_P9_other_fibrochondrocyte_program	anatomy	inner	15815	0.23319733898188774	-0.0017154258602508077	-0.21210102637894218	0.4993878667152726	0.3850774581093898
K12_P9_other_fibrochondrocyte_program	score_K12_P9_other_fibrochondrocyte_program	anatomy	outer	12871	-0.2865368592959797	-0.3621961429083985	-0.5260876020037062	-0.12184077886230704	0.08406495221816487
K12_P9_other_fibrochondrocyte_program	score_K12_P9_other_fibrochondrocyte_program	celltype	Ch.1(CHAD)	10389	-0.1789864744553789	-0.19999839046886475	-0.335588625581993	-0.048636141510773924	0.08711136779285783
K12_P9_other_fibrochondrocyte_program	score_K12_P9_other_fibrochondrocyte_program	celltype	Ch.2(FNDC1)	6156	0.011000632514116072	-0.004849653370200613	-0.14630488546645254	0.14727133251754437	0.25389863547758285
K12_P9_other_fibrochondrocyte_program	score_K12_P9_other_fibrochondrocyte_program	celltype	Ch.3(PRG4)	4729	1.07465952263965	1.0419419979585498	0.6524163772103744	1.4651152084890808	0.9769507295411292
K12_P9_other_fibrochondrocyte_program	score_K12_P9_other_fibrochondrocyte_program	celltype	Ch.4(CFD)	2224	-0.3428451751077696	-0.360886133999953	-0.4716475864503087	-0.2351218629496912	0.009442446043165468
K12_P9_other_fibrochondrocyte_program	score_K12_P9_other_fibrochondrocyte_program	celltype	Ch.5(cycling)	292	-0.056915556530840794	-0.05153291023218149	-0.24538438731316123	0.08941783724596511	0.21232876712328766
K12_P9_other_fibrochondrocyte_program	score_K12_P9_other_fibrochondrocyte_program	celltype	PCL.1	2880	-0.5003040915809048	-0.5223358503391591	-0.5725930938043059	-0.42894139056518593	0.0
K12_P9_other_fibrochondrocyte_program	score_K12_P9_other_fibrochondrocyte_program	celltype	PCL.2	2016	-0.5309084809043556	-0.5513946160589331	-0.5921876898737376	-0.4851076751012387	0.000496031746031746
K12_P9_other_fibrochondrocyte_program	score_K12_P9_other_fibrochondrocyte_program	status_anatomy	abnormal|inner	8966	0.5102621401119402	0.2885572526539051	-0.04206202623640071	1.0494745874950384	0.5897836270354673
K12_P9_other_fibrochondrocyte_program	score_K12_P9_other_fibrochondrocyte_program	status_anatomy	abnormal|outer	5501	-0.11529431779793534	-0.15009111634188263	-0.35162944211381514	0.05499723974608104	0.16869660061806943
K12_P9_other_fibrochondrocyte_program	score_K12_P9_other_fibrochondrocyte_program	status_anatomy	normal|inner	6849	-0.12950714443642866	-0.1775735173412289	-0.3057360788467828	-0.024377972232807653	0.11709738647977808
K12_P9_other_fibrochondrocyte_program	score_K12_P9_other_fibrochondrocyte_program	status_anatomy	normal|outer	7370	-0.4143530357926883	-0.4721650280247006	-0.5588733520623429	-0.32636345102460873	0.020895522388059702
K12_P9_other_fibrochondrocyte_program	score_K12_P9_other_fibrochondrocyte_program	status_celltype	abnormal|Ch.1(CHAD)	1845	-0.056547147853099465	-0.08175559548571097	-0.2603295862605102	0.12821692686203187	0.23197831978319783
K12_P9_other_fibrochondrocyte_program	score_K12_P9_other_fibrochondrocyte_program	status_celltype	abnormal|Ch.2(FNDC1)	5950	0.011165321143117335	-0.005242578059286917	-0.1497623038939505	0.14876320989931285	0.2568067226890756
K12_P9_other_fibrochondrocyte_program	score_K12_P9_other_fibrochondrocyte_program	status_celltype	abnormal|Ch.3(PRG4)	4280	1.1169032740902103	1.1118172971700915	0.7008025083678715	1.5038174843207543	0.9761682242990655
K12_P9_other_fibrochondrocyte_program	score_K12_P9_other_fibrochondrocyte_program	status_celltype	abnormal|Ch.4(CFD)	1238	-0.28763973861784464	-0.3028390513681761	-0.4186879233600324	-0.1782201198848652	0.015347334410339256
K12_P9_other_fibrochondrocyte_program	score_K12_P9_other_fibrochondrocyte_program	status_celltype	abnormal|Ch.5(cycling)	288	-0.05102032147501764	-0.04659218939179893	-0.2439695139795533	0.08984497705347391	0.2152777777777778
K12_P9_other_fibrochondrocyte_program	score_K12_P9_other_fibrochondrocyte_program	status_celltype	abnormal|PCL.1	688	-0.4971690394588358	-0.5108795768819521	-0.5843817184064266	-0.42453393667967304	0.0
K12_P9_other_fibrochondrocyte_program	score_K12_P9_other_fibrochondrocyte_program	status_celltype	abnormal|PCL.2	178	-0.4990434378656831	-0.5326157268151609	-0.5796452518874136	-0.43374563900512575	0.0056179775280898875
K12_P9_other_fibrochondrocyte_program	score_K12_P9_other_fibrochondrocyte_program	status_celltype	normal|Ch.1(CHAD)	8544	-0.2054261464569245	-0.21770006418600724	-0.3491337137781374	-0.080933063353649	0.055828651685393256
K12_P9_other_fibrochondrocyte_program	score_K12_P9_other_fibrochondrocyte_program	status_celltype	normal|Ch.2(FNDC1)	206	0.006243849297817512	0.003982834985884735	-0.08619990218757441	0.08626363275312096	0.16990291262135923
K12_P9_other_fibrochondrocyte_program	score_K12_P9_other_fibrochondrocyte_program	status_celltype	normal|Ch.3(PRG4)	449	0.6719796647144869	0.6395163607663361	0.444066527757518	0.8440346116307011	0.9844097995545658
K12_P9_other_fibrochondrocyte_program	score_K12_P9_other_fibrochondrocyte_program	status_celltype	normal|Ch.4(CFD)	986	-0.41215991179593087	-0.41778469104551913	-0.5184776808332463	-0.3232729626532251	0.002028397565922921
K12_P9_other_fibrochondrocyte_program	score_K12_P9_other_fibrochondrocyte_program	status_celltype	normal|Ch.5(cycling)	4	-0.4813724805501084	-0.4783739833325894	-0.5927915457549111	-0.3669549181277866	0.0
K12_P9_other_fibrochondrocyte_program	score_K12_P9_other_fibrochondrocyte_program	status_celltype	normal|PCL.1	2192	-0.5012880860425761	-0.5245319277859919	-0.5704362404232525	-0.43044548412402545	0.0
K12_P9_other_fibrochondrocyte_program	score_K12_P9_other_fibrochondrocyte_program	status_celltype	normal|PCL.2	1838	-0.5339944317535851	-0.5523782879627903	-0.59293240498999	-0.49103148735121677	0.0
K12_P9_other_fibrochondrocyte_program	score_K12_P9_other_fibrochondrocyte_program	anatomy_celltype	inner|Ch.1(CHAD)	6979	-0.14710648324460598	-0.1739717447109012	-0.3007641439142759	-0.02289366953086288	0.10459951282418685
K12_P9_other_fibrochondrocyte_program	score_K12_P9_other_fibrochondrocyte_program	anatomy_celltype	inner|Ch.2(FNDC1)	3904	0.033250894371583496	0.011792137051916915	-0.12811034191284087	0.17687992717225232	0.29021516393442626
K12_P9_other_fibrochondrocyte_program	score_K12_P9_other_fibrochondrocyte_program	anatomy_celltype	inner|Ch.3(PRG4)	4222	1.132389612395684	1.1164455596443807	0.7118301502603199	1.5094695915599154	0.9881572714353387
K12_P9_other_fibrochondrocyte_program	score_K12_P9_other_fibrochondrocyte_program	anatomy_celltype	inner|Ch.4(CFD)	216	-0.31152785885510875	-0.3330159514184868	-0.4440248831284108	-0.20395265799389212	0.013888888888888888
K12_P9_other_fibrochondrocyte_program	score_K12_P9_other_fibrochondrocyte_program	anatomy_celltype	inner|Ch.5(cycling)	233	-0.026935805757515606	-0.025915932288459655	-0.19410077776884038	0.09584686143086636	0.21888412017167383
K12_P9_other_fibrochondrocyte_program	score_K12_P9_other_fibrochondrocyte_program	anatomy_celltype	inner|PCL.1	221	-0.4696849402658634	-0.47936377309709777	-0.5473945160967416	-0.40138040637808226	0.0
K12_P9_other_fibrochondrocyte_program	score_K12_P9_other_fibrochondrocyte_program	anatomy_celltype	inner|PCL.2	40	-0.46804851364048916	-0.5061549726439116	-0.5647126197241529	-0.4166531079958334	0.025
K12_P9_other_fibrochondrocyte_program	score_K12_P9_other_fibrochondrocyte_program	anatomy_celltype	outer|Ch.1(CHAD)	3410	-0.24423294327062353	-0.267699076265975	-0.40649947045862295	-0.10175093492346274	0.051319648093841645
K12_P9_other_fibrochondrocyte_program	score_K12_P9_other_fibrochondrocyte_program	anatomy_celltype	outer|Ch.2(FNDC1)	2252	-0.02757175749101396	-0.028988069634753144	-0.16859805910606684	0.10213617593762782	0.19094138543516873
K12_P9_other_fibrochondrocyte_program	score_K12_P9_other_fibrochondrocyte_program	anatomy_celltype	outer|Ch.3(PRG4)	507	0.5939170395036031	0.5560859659957631	0.3265665203888878	0.8357420450300674	0.883629191321499
K12_P9_other_fibrochondrocyte_program	score_K12_P9_other_fibrochondrocyte_program	anatomy_celltype	outer|Ch.4(CFD)	2008	-0.34621397008315535	-0.363499802558808	-0.47666511821915464	-0.23955492301447234	0.008964143426294821
K12_P9_other_fibrochondrocyte_program	score_K12_P9_other_fibrochondrocyte_program	anatomy_celltype	outer|Ch.5(cycling)	59	-0.17531016551702333	-0.20870018921896855	-0.4410370459539467	0.04518847573518429	0.1864406779661017
K12_P9_other_fibrochondrocyte_program	score_K12_P9_other_fibrochondrocyte_program	anatomy_celltype	outer|PCL.1	2659	-0.502848970272377	-0.5245177777690323	-0.5737552180140818	-0.4328941180369025	0.0
K12_P9_other_fibrochondrocyte_program	score_K12_P9_other_fibrochondrocyte_program	anatomy_celltype	outer|PCL.2	1976	-0.5321809498773084	-0.5520793809150645	-0.5927130864876218	-0.48679613595711135	0.0
K12_P9_other_fibrochondrocyte_program	score_K12_P9_other_fibrochondrocyte_program	status_anatomy_celltype	abnormal|inner|Ch.1(CHAD)	714	0.10152801375173175	0.11122864135360205	-0.07649849044250556	0.27100623423893666	0.44537815126050423
K12_P9_other_fibrochondrocyte_program	score_K12_P9_other_fibrochondrocyte_program	status_anatomy_celltype	abnormal|inner|Ch.2(FNDC1)	3779	0.03365766826244455	0.011866544619061337	-0.1314143295609916	0.1792395259579717	0.29319925906324423
K12_P9_other_fibrochondrocyte_program	score_K12_P9_other_fibrochondrocyte_program	status_anatomy_celltype	abnormal|inner|Ch.3(PRG4)	3851	1.177648583675146	1.1772049208802782	0.7796052232417761	1.549146953491904	0.9888340690729681
K12_P9_other_fibrochondrocyte_program	score_K12_P9_other_fibrochondrocyte_program	status_anatomy_celltype	abnormal|inner|Ch.4(CFD)	167	-0.28606449203820816	-0.29279825608667764	-0.4078882360190461	-0.19143911195314123	0.011976047904191617
K12_P9_other_fibrochondrocyte_program	score_K12_P9_other_fibrochondrocyte_program	status_anatomy_celltype	abnormal|inner|Ch.5(cycling)	231	-0.02302725010751497	-0.025394321206387314	-0.19292745958710522	0.09924743000380826	0.22077922077922077
K12_P9_other_fibrochondrocyte_program	score_K12_P9_other_fibrochondrocyte_program	status_anatomy_celltype	abnormal|inner|PCL.1	190	-0.4805917118210884	-0.48594618853261146	-0.5539870781389595	-0.4200245422715307	0.0
K12_P9_other_fibrochondrocyte_program	score_K12_P9_other_fibrochondrocyte_program	status_anatomy_celltype	abnormal|inner|PCL.2	34	-0.45274080825362906	-0.4929955574502533	-0.5545922645795246	-0.4007057825302647	0.029411764705882353
K12_P9_other_fibrochondrocyte_program	score_K12_P9_other_fibrochondrocyte_program	status_anatomy_celltype	abnormal|outer|Ch.1(CHAD)	1131	-0.15633995544447832	-0.17413244908244713	-0.3211026222361523	-0.009787575401528274	0.09725906277630415
K12_P9_other_fibrochondrocyte_program	score_K12_P9_other_fibrochondrocyte_program	status_anatomy_celltype	abnormal|outer|Ch.2(FNDC1)	2171	-0.027986488973850678	-0.029393681214895828	-0.16916442437998636	0.10411784739706398	0.19345923537540305
K12_P9_other_fibrochondrocyte_program	score_K12_P9_other_fibrochondrocyte_program	status_anatomy_celltype	abnormal|outer|Ch.3(PRG4)	429	0.5716114624081888	0.5311757357717696	0.23807720091416132	0.8344018854772457	0.8624708624708625
K12_P9_other_fibrochondrocyte_program	score_K12_P9_other_fibrochondrocyte_program	status_anatomy_celltype	abnormal|outer|Ch.4(CFD)	1071	-0.2878853653020643	-0.3067268784778555	-0.4192756661099477	-0.17610960575469653	0.015873015873015872
K12_P9_other_fibrochondrocyte_program	score_K12_P9_other_fibrochondrocyte_program	status_anatomy_celltype	abnormal|outer|Ch.5(cycling)	57	-0.16446592649068636	-0.1970147641702423	-0.43797619091186657	0.059723033900402775	0.19298245614035087
K12_P9_other_fibrochondrocyte_program	score_K12_P9_other_fibrochondrocyte_program	status_anatomy_celltype	abnormal|outer|PCL.1	498	-0.5034937226941211	-0.5205828770411602	-0.5919683407088463	-0.4261139481179619	0.0
K12_P9_other_fibrochondrocyte_program	score_K12_P9_other_fibrochondrocyte_program	status_anatomy_celltype	abnormal|outer|PCL.2	144	-0.5099760031907513	-0.5454993007061899	-0.5836886161403926	-0.44071427196991825	0.0
K12_P9_other_fibrochondrocyte_program	score_K12_P9_other_fibrochondrocyte_program	status_anatomy_celltype	normal|inner|Ch.1(CHAD)	6265	-0.17544248178497077	-0.19255575117319676	-0.31247326383406965	-0.06023410800424981	0.06576217079010375
K12_P9_other_fibrochondrocyte_program	score_K12_P9_other_fibrochondrocyte_program	status_anatomy_celltype	normal|inner|Ch.2(FNDC1)	125	0.020953306103072174	0.01132077433632533	-0.0774877855356108	0.09567183571288262	0.2
K12_P9_other_fibrochondrocyte_program	score_K12_P9_other_fibrochondrocyte_program	status_anatomy_celltype	normal|inner|Ch.3(PRG4)	371	0.6625990506781424	0.6320752413839819	0.43502576751625677	0.8350990728886353	0.9811320754716981
K12_P9_other_fibrochondrocyte_program	score_K12_P9_other_fibrochondrocyte_program	status_anatomy_celltype	normal|inner|Ch.4(CFD)	49	-0.39831117025148394	-0.4363174630563802	-0.49288983097378347	-0.363779199722521	0.02040816326530612
K12_P9_other_fibrochondrocyte_program	score_K12_P9_other_fibrochondrocyte_program	status_anatomy_celltype	normal|inner|Ch.5(cycling)	2	-0.4783739833325894	-0.4783739833325894	-0.5210764999872095	-0.4356714666779693	0.0
K12_P9_other_fibrochondrocyte_program	score_K12_P9_other_fibrochondrocyte_program	status_anatomy_celltype	normal|inner|PCL.1	31	-0.40283698557254916	-0.40138040637808226	-0.520723024587386	-0.2998018944864212	0.0
K12_P9_other_fibrochondrocyte_program	score_K12_P9_other_fibrochondrocyte_program	status_anatomy_celltype	normal|inner|PCL.2	6	-0.5547921774993633	-0.567014515347782	-0.5844434355586927	-0.5227222066303898	0.0
K12_P9_other_fibrochondrocyte_program	score_K12_P9_other_fibrochondrocyte_program	status_anatomy_celltype	normal|outer|Ch.1(CHAD)	2279	-0.28785162217864035	-0.3083054089890198	-0.44383501901359435	-0.15698574731855588	0.028521281263712155
K12_P9_other_fibrochondrocyte_program	score_K12_P9_other_fibrochondrocyte_program	status_anatomy_celltype	normal|outer|Ch.2(FNDC1)	81	-0.016455929722637215	-0.005117555138732887	-0.11515438010097934	0.07059646604592763	0.12345679012345678
K12_P9_other_fibrochondrocyte_program	score_K12_P9_other_fibrochondrocyte_program	status_anatomy_celltype	normal|outer|Ch.3(PRG4)	78	0.7165977135283818	0.6808149741705907	0.47753753544769545	0.8796516853060299	1.0
K12_P9_other_fibrochondrocyte_program	score_K12_P9_other_fibrochondrocyte_program	status_anatomy_celltype	normal|outer|Ch.4(CFD)	937	-0.4128841256013502	-0.4177478079627119	-0.5196808174218607	-0.3222381681079075	0.0010672358591248667
K12_P9_other_fibrochondrocyte_program	score_K12_P9_other_fibrochondrocyte_program	status_anatomy_celltype	normal|outer|Ch.5(cycling)	2	-0.4843709777676273	-0.4843709777676273	-0.5821000554308916	-0.38664190010436306	0.0
K12_P9_other_fibrochondrocyte_program	score_K12_P9_other_fibrochondrocyte_program	status_anatomy_celltype	normal|outer|PCL.1	2161	-0.5027003878077639	-0.5251267882070982	-0.5707677602586152	-0.4338769498933043	0.0
K12_P9_other_fibrochondrocyte_program	score_K12_P9_other_fibrochondrocyte_program	status_anatomy_celltype	normal|outer|PCL.2	1832	-0.5339263168657713	-0.5523782879627903	-0.592970297400941	-0.49087845645290423	0.0
K12_P10_mural_muscle_contamination	score_K12_P10_mural_muscle_contamination	status	abnormal	14467	-0.09616990164421267	-0.20834436206252294	-0.2703954378654022	-0.0921861573780991	0.17792216769198865
K12_P10_mural_muscle_contamination	score_K12_P10_mural_muscle_contamination	status	normal	14219	0.0978472443270852	-0.2592173121420608	-0.3133361011527917	0.4779814559122478	0.3233701385470146
K12_P10_mural_muscle_contamination	score_K12_P10_mural_muscle_contamination	anatomy	inner	15815	-0.20573528858508167	-0.2638693075737749	-0.3037810432068946	-0.1863421676944142	0.08239013594688586
K12_P10_mural_muscle_contamination	score_K12_P10_mural_muscle_contamination	anatomy	outer	12871	0.2527933796109911	-0.08834632133975842	-0.2566102899577556	0.7582562650860389	0.4559863258488074
K12_P10_mural_muscle_contamination	score_K12_P10_mural_muscle_contamination	celltype	Ch.1(CHAD)	10389	-0.2772321361457515	-0.2941846714285	-0.3505879738172832	-0.25983901537373544	0.027625372990663203
K12_P10_mural_muscle_contamination	score_K12_P10_mural_muscle_contamination	celltype	Ch.2(FNDC1)	6156	-0.12097973230999429	-0.14445836924933986	-0.21733703879829097	-0.05667963268659394	0.19850552306692656
K12_P10_mural_muscle_contamination	score_K12_P10_mural_muscle_contamination	celltype	Ch.3(PRG4)	4729	-0.25474618836933305	-0.2613150984171148	-0.2923776720420503	-0.22827856898790583	0.006766758299851977
K12_P10_mural_muscle_contamination	score_K12_P10_mural_muscle_contamination	celltype	Ch.4(CFD)	2224	-0.08459352881267183	-0.13404067636415828	-0.23468671555469903	0.014486250563231929	0.31789568345323743
K12_P10_mural_muscle_contamination	score_K12_P10_mural_muscle_contamination	celltype	Ch.5(cycling)	292	-0.060213706356252124	-0.1513139968545601	-0.2122608054178521	-0.06768623224524488	0.20205479452054795
K12_P10_mural_muscle_contamination	score_K12_P10_mural_muscle_contamination	celltype	PCL.1	2880	1.0786718964271402	1.0515486794874906	0.665110003799961	1.4511015030478882	0.9895833333333334
K12_P10_mural_muscle_contamination	score_K12_P10_mural_muscle_contamination	celltype	PCL.2	2016	0.9567231983841054	0.9447395525288496	0.6990327135757269	1.225978396247837	0.9995039682539683
K12_P10_mural_muscle_contamination	score_K12_P10_mural_muscle_contamination	status_anatomy	abnormal|inner	8966	-0.1463253695875038	-0.22261689273244517	-0.27410011175727994	-0.11787320463758011	0.13785411554762436
K12_P10_mural_muscle_contamination	score_K12_P10_mural_muscle_contamination	status_anatomy	abnormal|outer	5501	-0.014422232933151324	-0.1816258320367225	-0.25864311371070525	-0.03855185598426602	0.2432285039083803
K12_P10_mural_muscle_contamination	score_K12_P10_mural_muscle_contamination	status_anatomy	normal|inner	6849	-0.2835085888818087	-0.29261558642441404	-0.3505879738172832	-0.26430241484590933	0.009782449992699664
K12_P10_mural_muscle_contamination	score_K12_P10_mural_muscle_contamination	status_anatomy	normal|outer	7370	0.4522442730445498	0.40201091654539217	-0.25379483693092114	1.0184157207142506	0.6147896879240163
K12_P10_mural_muscle_contamination	score_K12_P10_mural_muscle_contamination	status_celltype	abnormal|Ch.1(CHAD)	1845	-0.2722968326829734	-0.29151664006607736	-0.3505879738172832	-0.24315927297394038	0.027642276422764227
K12_P10_mural_muscle_contamination	score_K12_P10_mural_muscle_contamination	status_celltype	abnormal|Ch.2(FNDC1)	5950	-0.11848626164494647	-0.14200453622083797	-0.2137631305583895	-0.05480389832131019	0.20285714285714285
K12_P10_mural_muscle_contamination	score_K12_P10_mural_muscle_contamination	status_celltype	abnormal|Ch.3(PRG4)	4280	-0.25322450177145955	-0.2594143488682947	-0.2906469291716978	-0.22669219197560445	0.006775700934579439
K12_P10_mural_muscle_contamination	score_K12_P10_mural_muscle_contamination	status_celltype	abnormal|Ch.4(CFD)	1238	-0.10183882785091024	-0.1451341924709486	-0.24432059759897307	0.008483921792755176	0.2956381260096931
K12_P10_mural_muscle_contamination	score_K12_P10_mural_muscle_contamination	status_celltype	abnormal|Ch.5(cycling)	288	-0.06482328191325235	-0.15347978376198113	-0.2131304332200018	-0.06934563433286313	0.1909722222222222
K12_P10_mural_muscle_contamination	score_K12_P10_mural_muscle_contamination	status_celltype	abnormal|PCL.1	688	1.2791740371457914	1.2648997833227351	0.9029985540073384	1.6473090044557053	1.0
K12_P10_mural_muscle_contamination	score_K12_P10_mural_muscle_contamination	status_celltype	abnormal|PCL.2	178	0.9245261241386458	0.8988676768700602	0.6375905043537758	1.1539797355517758	1.0
K12_P10_mural_muscle_contamination	score_K12_P10_mural_muscle_contamination	status_celltype	normal|Ch.1(CHAD)	8544	-0.27829787056626004	-0.29460386467450583	-0.3505879738172832	-0.26280533661226557	0.02762172284644195
K12_P10_mural_muscle_contamination	score_K12_P10_mural_muscle_contamination	status_celltype	normal|Ch.2(FNDC1)	206	-0.1929998801596763	-0.23080188663409573	-0.2741491934670812	-0.14354602553164802	0.07281553398058252
K12_P10_mural_muscle_contamination	score_K12_P10_mural_muscle_contamination	status_celltype	normal|Ch.3(PRG4)	449	-0.2692513523757884	-0.27859110854382874	-0.30707760074988544	-0.25030793400370027	0.0066815144766146995
K12_P10_mural_muscle_contamination	score_K12_P10_mural_muscle_contamination	status_celltype	normal|Ch.4(CFD)	986	-0.0629407091277437	-0.1108836073195357	-0.22213038918986514	0.018473900303853888	0.345841784989858
K12_P10_mural_muscle_contamination	score_K12_P10_mural_muscle_contamination	status_celltype	normal|Ch.5(cycling)	4	0.27167573374776444	0.2601316932260626	0.1765145702867486	0.35529285668707844	1.0
K12_P10_mural_muscle_contamination	score_K12_P10_mural_muscle_contamination	status_celltype	normal|PCL.1	2192	1.0157405675884394	0.9809649974863242	0.6004605530794551	1.377664211486756	0.9863138686131386
K12_P10_mural_muscle_contamination	score_K12_P10_mural_muscle_contamination	status_celltype	normal|PCL.2	1838	0.9598413045950367	0.9489467811947141	0.7043373520901097	1.2309252404652258	0.999455930359086
K12_P10_mural_muscle_contamination	score_K12_P10_mural_muscle_contamination	anatomy_celltype	inner|Ch.1(CHAD)	6979	-0.2957283910150497	-0.2957042623105749	-0.3505879738172832	-0.26723942031331327	0.0020060180541624875
K12_P10_mural_muscle_contamination	score_K12_P10_mural_muscle_contamination	anatomy_celltype	inner|Ch.2(FNDC1)	3904	-0.11542910940392924	-0.14016787421104704	-0.21256287610367797	-0.04609424169080363	0.21746926229508196
K12_P10_mural_muscle_contamination	score_K12_P10_mural_muscle_contamination	anatomy_celltype	inner|Ch.3(PRG4)	4222	-0.25442245946775194	-0.2613405592212674	-0.292286307962673	-0.2285690902054499	0.007342491710090005
K12_P10_mural_muscle_contamination	score_K12_P10_mural_muscle_contamination	anatomy_celltype	inner|Ch.4(CFD)	216	-0.015021622251434876	-0.03671887983009947	-0.21263860359676198	0.12756719560393714	0.4861111111111111
K12_P10_mural_muscle_contamination	score_K12_P10_mural_muscle_contamination	anatomy_celltype	inner|Ch.5(cycling)	233	-0.0819394433804612	-0.16084449427298209	-0.21845076856370582	-0.07485259432223317	0.18454935622317598
K12_P10_mural_muscle_contamination	score_K12_P10_mural_muscle_contamination	anatomy_celltype	inner|PCL.1	221	1.435984282057681	1.4746265679106947	1.0646025353792243	1.798480741162334	1.0
K12_P10_mural_muscle_contamination	score_K12_P10_mural_muscle_contamination	anatomy_celltype	inner|PCL.2	40	0.9993938321490962	0.987717709583839	0.6166445888349694	1.3409889083544626	1.0
K12_P10_mural_muscle_contamination	score_K12_P10_mural_muscle_contamination	anatomy_celltype	outer|Ch.1(CHAD)	3410	-0.23937719106280933	-0.28839707496260636	-0.3505879738172832	-0.24053378234100437	0.08005865102639297
K12_P10_mural_muscle_contamination	score_K12_P10_mural_muscle_contamination	anatomy_celltype	outer|Ch.2(FNDC1)	2252	-0.13060212654857242	-0.15234951537084468	-0.2256018289007207	-0.07186181214278364	0.16563055062166962
K12_P10_mural_muscle_contamination	score_K12_P10_mural_muscle_contamination	anatomy_celltype	outer|Ch.3(PRG4)	507	-0.2574420136602114	-0.261162024303502	-0.2942702373361171	-0.226634043994611	0.0019723865877712033
K12_P10_mural_muscle_contamination	score_K12_P10_mural_muscle_contamination	anatomy_celltype	outer|Ch.4(CFD)	2008	-0.09207735939894035	-0.1400363308086445	-0.23647175306987467	0.0044315969307707394	0.299800796812749
K12_P10_mural_muscle_contamination	score_K12_P10_mural_muscle_contamination	anatomy_celltype	outer|Ch.5(cycling)	59	0.0255845432478278	-0.11659892806586883	-0.1843164355103638	-0.010213632408472686	0.2711864406779661
K12_P10_mural_muscle_contamination	score_K12_P10_mural_muscle_contamination	anatomy_celltype	outer|PCL.1	2659	1.0489742517395324	1.0114607219708927	0.6399086105262473	1.416803415087135	0.9887175629936066
K12_P10_mural_muscle_contamination	score_K12_P10_mural_muscle_contamination	anatomy_celltype	outer|PCL.2	1976	0.9558594203726684	0.9435643675330986	0.7002312053318223	1.224759519416074	0.9994939271255061
K12_P10_mural_muscle_contamination	score_K12_P10_mural_muscle_contamination	status_anatomy_celltype	abnormal|inner|Ch.1(CHAD)	714	-0.2912756805341035	-0.3065999658184718	-0.3505879738172832	-0.2634857122672303	0.00980392156862745
K12_P10_mural_muscle_contamination	score_K12_P10_mural_muscle_contamination	status_anatomy_celltype	abnormal|inner|Ch.2(FNDC1)	3779	-0.11244733908029654	-0.13742995253296783	-0.20889820390277736	-0.043904986146633435	0.2230748875363853
K12_P10_mural_muscle_contamination	score_K12_P10_mural_muscle_contamination	status_anatomy_celltype	abnormal|inner|Ch.3(PRG4)	3851	-0.25322793453450176	-0.25981277993646396	-0.29039962609302006	-0.22727360277584258	0.007270838743183588
K12_P10_mural_muscle_contamination	score_K12_P10_mural_muscle_contamination	status_anatomy_celltype	abnormal|inner|Ch.4(CFD)	167	0.028621810382991227	0.00794267929717871	-0.15744938342246012	0.17368491394062407	0.5568862275449101
K12_P10_mural_muscle_contamination	score_K12_P10_mural_muscle_contamination	status_anatomy_celltype	abnormal|inner|Ch.5(cycling)	231	-0.08490109824285536	-0.16245423485861205	-0.21984261297185706	-0.07636125991664361	0.1774891774891775
K12_P10_mural_muscle_contamination	score_K12_P10_mural_muscle_contamination	status_anatomy_celltype	abnormal|inner|PCL.1	190	1.4428189060924925	1.4813614217966875	1.0671426748705946	1.797745298474188	1.0
K12_P10_mural_muscle_contamination	score_K12_P10_mural_muscle_contamination	status_anatomy_celltype	abnormal|inner|PCL.2	34	1.0833400487989446	1.0383107217115048	0.7302942065092912	1.419907507666972	1.0
K12_P10_mural_muscle_contamination	score_K12_P10_mural_muscle_contamination	status_anatomy_celltype	abnormal|outer|Ch.1(CHAD)	1131	-0.26031549106873214	-0.2809973032327409	-0.3505879738172832	-0.23509266535791634	0.038903625110521665
K12_P10_mural_muscle_contamination	score_K12_P10_mural_muscle_contamination	status_anatomy_celltype	abnormal|outer|Ch.2(FNDC1)	2171	-0.12899804808981613	-0.14987765158564223	-0.22262481073230433	-0.070829642122443	0.16766467065868262
K12_P10_mural_muscle_contamination	score_K12_P10_mural_muscle_contamination	status_anatomy_celltype	abnormal|outer|Ch.3(PRG4)	429	-0.2531936869218662	-0.25323848406086275	-0.2944729443551307	-0.22120657983310238	0.002331002331002331
K12_P10_mural_muscle_contamination	score_K12_P10_mural_muscle_contamination	status_anatomy_celltype	abnormal|outer|Ch.4(CFD)	1071	-0.12218142970437572	-0.159148464791306	-0.25336092273250654	-0.027953737890859177	0.2549019607843137
K12_P10_mural_muscle_contamination	score_K12_P10_mural_muscle_contamination	status_anatomy_celltype	abnormal|outer|Ch.5(cycling)	57	0.01654471058040189	-0.11832400031103327	-0.1846490459020922	-0.034836435346995445	0.24561403508771928
K12_P10_mural_muscle_contamination	score_K12_P10_mural_muscle_contamination	status_anatomy_celltype	abnormal|outer|PCL.1	498	1.216739247788616	1.186032988130242	0.8560540229324798	1.5552669009635873	1.0
K12_P10_mural_muscle_contamination	score_K12_P10_mural_muscle_contamination	status_anatomy_celltype	abnormal|outer|PCL.2	144	0.8870283919271862	0.8542984165814267	0.6242756765725924	1.1223094710785475	1.0
K12_P10_mural_muscle_contamination	score_K12_P10_mural_muscle_contamination	status_anatomy_celltype	normal|inner|Ch.1(CHAD)	6265	-0.29623585075701236	-0.2947988513718117	-0.3505879738172832	-0.2675130932273463	0.0011173184357541898
K12_P10_mural_muscle_contamination	score_K12_P10_mural_muscle_contamination	status_anatomy_celltype	normal|inner|Ch.2(FNDC1)	125	-0.2055739898279924	-0.2353984437397078	-0.27053534341795116	-0.1570027906817195	0.048
K12_P10_mural_muscle_contamination	score_K12_P10_mural_muscle_contamination	status_anatomy_celltype	normal|inner|Ch.3(PRG4)	371	-0.2668216926697639	-0.2781545542001092	-0.30754979537242233	-0.24459773385833672	0.008086253369272238
K12_P10_mural_muscle_contamination	score_K12_P10_mural_muscle_contamination	status_anatomy_celltype	normal|inner|Ch.4(CFD)	49	-0.1637655661279483	-0.21642542068320295	-0.2573808351636362	-0.03855318755805574	0.24489795918367346
K12_P10_mural_muscle_contamination	score_K12_P10_mural_muscle_contamination	status_anatomy_celltype	normal|inner|Ch.5(cycling)	2	0.2601316932260626	0.2601316932260626	0.22149391571592378	0.2987694707362014	1.0
K12_P10_mural_muscle_contamination	score_K12_P10_mural_muscle_contamination	status_anatomy_celltype	normal|inner|PCL.1	31	1.394094650876578	1.3927310830320838	1.0223886017109023	1.8230455195226054	1.0
K12_P10_mural_muscle_contamination	score_K12_P10_mural_muscle_contamination	status_anatomy_celltype	normal|inner|PCL.2	6	0.523698604466623	0.4214544027144907	0.2554830316219131	0.7071112686432593	1.0
K12_P10_mural_muscle_contamination	score_K12_P10_mural_muscle_contamination	status_anatomy_celltype	normal|outer|Ch.1(CHAD)	2279	-0.22898613476324872	-0.2929048189390536	-0.3505879738172832	-0.24492329312721606	0.10048266783677051
K12_P10_mural_muscle_contamination	score_K12_P10_mural_muscle_contamination	status_anatomy_celltype	normal|outer|Ch.2(FNDC1)	81	-0.17359538993079351	-0.22414270501729158	-0.2749958574242596	-0.13171086188861586	0.1111111111111111
K12_P10_mural_muscle_contamination	score_K12_P10_mural_muscle_contamination	status_anatomy_celltype	normal|outer|Ch.3(PRG4)	78	-0.2808078107211098	-0.28040206920474475	-0.2939199361647645	-0.26616289738551435	0.0
K12_P10_mural_muscle_contamination	score_K12_P10_mural_muscle_contamination	status_anatomy_celltype	normal|outer|Ch.4(CFD)	937	-0.05766811788653769	-0.10519950448060056	-0.22007488456003338	0.02020390320445494	0.3511205976520811
K12_P10_mural_muscle_contamination	score_K12_P10_mural_muscle_contamination	status_anatomy_celltype	normal|outer|Ch.5(cycling)	2	0.28321977426946626	0.28321977426946626	0.22035482039955293	0.3460847281393796	1.0
K12_P10_mural_muscle_contamination	score_K12_P10_mural_muscle_contamination	status_anatomy_celltype	normal|outer|PCL.1	2161	1.0103129986009651	0.9787408940257807	0.5987266185947351	1.373592397262097	0.9861175381767701
K12_P10_mural_muscle_contamination	score_K12_P10_mural_muscle_contamination	status_anatomy_celltype	normal|outer|PCL.2	1832	0.9612697195517891	0.9493126814270328	0.7069726162814939	1.2325115964469742	0.9994541484716157
K12_P11_immune_contamination	score_K12_P11_immune_contamination	status	abnormal	14467	0.012586529648421444	-0.03746940551973276	-0.03746940551973276	-0.03746940551973276	0.028893343471348587
K12_P11_immune_contamination	score_K12_P11_immune_contamination	status	normal	14219	-0.01280605699583043	-0.03746940551973276	-0.03746940551973276	-0.03746940551973276	0.033265349180673746
K12_P11_immune_contamination	score_K12_P11_immune_contamination	anatomy	inner	15815	0.003280052625719909	-0.03746940551973276	-0.03746940551973276	-0.03746940551973276	0.022889661713563072
K12_P11_immune_contamination	score_K12_P11_immune_contamination	anatomy	outer	12871	-0.004030303183572388	-0.03746940551973276	-0.03746940551973276	-0.03746940551973276	0.04110014761867765
K12_P11_immune_contamination	score_K12_P11_immune_contamination	celltype	Ch.1(CHAD)	10389	-0.010776017733258286	-0.03746940551973276	-0.03746940551973276	-0.03746940551973276	0.0243526807199923
K12_P11_immune_contamination	score_K12_P11_immune_contamination	celltype	Ch.2(FNDC1)	6156	-0.01672391705682029	-0.03746940551973276	-0.03746940551973276	-0.03746940551973276	0.029077322936972058
K12_P11_immune_contamination	score_K12_P11_immune_contamination	celltype	Ch.3(PRG4)	4729	-0.029381535133369233	-0.03746940551973276	-0.03746940551973276	-0.03746940551973276	0.01374497779657433
K12_P11_immune_contamination	score_K12_P11_immune_contamination	celltype	Ch.4(CFD)	2224	0.007071066901838324	-0.03746940551973276	-0.03746940551973276	-0.03746940551973276	0.09442446043165467
K12_P11_immune_contamination	score_K12_P11_immune_contamination	celltype	Ch.5(cycling)	292	1.4018270806291604	-0.03746940551973276	-0.03746940551973276	-0.03746940551973276	0.1404109589041096
K12_P11_immune_contamination	score_K12_P11_immune_contamination	celltype	PCL.1	2880	-0.004578016105443404	-0.03746940551973276	-0.03746940551973276	-0.03746940551973276	0.042708333333333334
K12_P11_immune_contamination	score_K12_P11_immune_contamination	celltype	PCL.2	2016	-0.02878229795209174	-0.03746940551973276	-0.03746940551973276	-0.03746940551973276	0.00992063492063492
K12_P11_immune_contamination	score_K12_P11_immune_contamination	status_anatomy	abnormal|inner	8966	0.02176832857667396	-0.03746940551973276	-0.03746940551973276	-0.03746940551973276	0.02319875083649342
K12_P11_immune_contamination	score_K12_P11_immune_contamination	status_anatomy	abnormal|outer	5501	-0.002378751062487849	-0.03746940551973276	-0.03746940551973276	-0.03746940551973276	0.03817487729503727
K12_P11_immune_contamination	score_K12_P11_immune_contamination	status_anatomy	normal|inner	6849	-0.020922879506891274	-0.03746940551973276	-0.03746940551973276	-0.03746940551973276	0.022485034311578334
K12_P11_immune_contamination	score_K12_P11_immune_contamination	status_anatomy	normal|outer	7370	-0.005263028857668189	-0.03746940551973276	-0.03746940551973276	-0.03746940551973276	0.04328358208955224
K12_P11_immune_contamination	score_K12_P11_immune_contamination	status_celltype	abnormal|Ch.1(CHAD)	1845	0.012658585856373594	-0.03746940551973276	-0.03746940551973276	-0.03746940551973276	0.016802168021680216
K12_P11_immune_contamination	score_K12_P11_immune_contamination	status_celltype	abnormal|Ch.2(FNDC1)	5950	-0.016247183810342698	-0.03746940551973276	-0.03746940551973276	-0.03746940551973276	0.02957983193277311
K12_P11_immune_contamination	score_K12_P11_immune_contamination	status_celltype	abnormal|Ch.3(PRG4)	4280	-0.02860502451468579	-0.03746940551973276	-0.03746940551973276	-0.03746940551973276	0.014953271028037384
K12_P11_immune_contamination	score_K12_P11_immune_contamination	status_celltype	abnormal|Ch.4(CFD)	1238	-0.012176845465593616	-0.03746940551973276	-0.03746940551973276	-0.03746940551973276	0.04604200323101777
K12_P11_immune_contamination	score_K12_P11_immune_contamination	status_celltype	abnormal|Ch.5(cycling)	288	1.4074833782243819	-0.03746940551973276	-0.03746940551973276	-0.03746940551973276	0.1284722222222222
K12_P11_immune_contamination	score_K12_P11_immune_contamination	status_celltype	abnormal|PCL.1	688	-0.010797545700459911	-0.03746940551973276	-0.03746940551973276	-0.03746940551973276	0.07267441860465117
K12_P11_immune_contamination	score_K12_P11_immune_contamination	status_celltype	abnormal|PCL.2	178	-0.02818586902922824	-0.03746940551973276	-0.03746940551973276	-0.03746940551973276	0.016853932584269662
K12_P11_immune_contamination	score_K12_P11_immune_contamination	status_celltype	normal|Ch.1(CHAD)	8544	-0.01583650973031714	-0.03746940551973276	-0.03746940551973276	-0.03746940551973276	0.02598314606741573
K12_P11_immune_contamination	score_K12_P11_immune_contamination	status_celltype	normal|Ch.2(FNDC1)	206	-0.03049363946721679	-0.03746940551973276	-0.03746940551973276	-0.03746940551973276	0.014563106796116505
K12_P11_immune_contamination	score_K12_P11_immune_contamination	status_celltype	normal|Ch.3(PRG4)	449	-0.036783462634405066	-0.03746940551973276	-0.03746940551973276	-0.03746940551973276	0.0022271714922048997
K12_P11_immune_contamination	score_K12_P11_immune_contamination	status_celltype	normal|Ch.4(CFD)	986	0.031238324012265044	-0.03746940551973276	-0.03746940551973276	-0.03746940551973276	0.15517241379310345
K12_P11_immune_contamination	score_K12_P11_immune_contamination	status_celltype	normal|Ch.5(cycling)	4	0.9945736537732068	0.8016084552638433	0.7189432086756427	1.0772389003614076	1.0
K12_P11_immune_contamination	score_K12_P11_immune_contamination	status_celltype	normal|PCL.1	2192	-0.002625900977080557	-0.03746940551973276	-0.03746940551973276	-0.03746940551973276	0.0333029197080292
K12_P11_immune_contamination	score_K12_P11_immune_contamination	status_celltype	normal|PCL.2	1838	-0.028840058750932703	-0.03746940551973276	-0.03746940551973276	-0.03746940551973276	0.009249183895538629
K12_P11_immune_contamination	score_K12_P11_immune_contamination	anatomy_celltype	inner|Ch.1(CHAD)	6979	-0.016857525670748726	-0.03746940551973276	-0.03746940551973276	-0.03746940551973276	0.019773606533887378
K12_P11_immune_contamination	score_K12_P11_immune_contamination	anatomy_celltype	inner|Ch.2(FNDC1)	3904	-0.01673311962151658	-0.03746940551973276	-0.03746940551973276	-0.03746940551973276	0.026383196721311477
K12_P11_immune_contamination	score_K12_P11_immune_contamination	anatomy_celltype	inner|Ch.3(PRG4)	4222	-0.029872690529543017	-0.03746940551973276	-0.03746940551973276	-0.03746940551973276	0.013263855992420654
K12_P11_immune_contamination	score_K12_P11_immune_contamination	anatomy_celltype	inner|Ch.4(CFD)	216	0.06294856099637584	-0.03746940551973276	-0.03746940551973276	-0.03746940551973276	0.14814814814814814
K12_P11_immune_contamination	score_K12_P11_immune_contamination	anatomy_celltype	inner|Ch.5(cycling)	233	1.5205711817133416	-0.03746940551973276	-0.03746940551973276	-0.03746940551973276	0.12446351931330472
K12_P11_immune_contamination	score_K12_P11_immune_contamination	anatomy_celltype	inner|PCL.1	221	-0.024524416034341124	-0.03746940551973276	-0.03746940551973276	-0.03746940551973276	0.01809954751131222
K12_P11_immune_contamination	score_K12_P11_immune_contamination	anatomy_celltype	inner|PCL.2	40	-0.03746940551973276	-0.03746940551973276	-0.03746940551973276	-0.03746940551973276	0.0
K12_P11_immune_contamination	score_K12_P11_immune_contamination	anatomy_celltype	outer|Ch.1(CHAD)	3410	0.001670564054350444	-0.03746940551973276	-0.03746940551973276	-0.03746940551973276	0.03372434017595308
K12_P11_immune_contamination	score_K12_P11_immune_contamination	anatomy_celltype	outer|Ch.2(FNDC1)	2252	-0.016707963765268643	-0.03746940551973276	-0.03746940551973276	-0.03746940551973276	0.03374777975133215
K12_P11_immune_contamination	score_K12_P11_immune_contamination	anatomy_celltype	outer|Ch.3(PRG4)	507	-0.02529147974353545	-0.03746940551973276	-0.03746940551973276	-0.03746940551973276	0.01775147928994083
K12_P11_immune_contamination	score_K12_P11_immune_contamination	anatomy_celltype	outer|Ch.4(CFD)	2008	0.0010603404454538094	-0.03746940551973276	-0.03746940551973276	-0.03746940551973276	0.08864541832669323
K12_P11_immune_contamination	score_K12_P11_immune_contamination	anatomy_celltype	outer|Ch.5(cycling)	59	0.9328885119407837	-0.03746940551973276	-0.03746940551973276	-0.03746940551973276	0.2033898305084746
K12_P11_immune_contamination	score_K12_P11_immune_contamination	anatomy_celltype	outer|PCL.1	2659	-0.002920191966937802	-0.03746940551973276	-0.03746940551973276	-0.03746940551973276	0.04475366679202708
K12_P11_immune_contamination	score_K12_P11_immune_contamination	anatomy_celltype	outer|PCL.2	1976	-0.028606445572179975	-0.03746940551973276	-0.03746940551973276	-0.03746940551973276	0.010121457489878543
K12_P11_immune_contamination	score_K12_P11_immune_contamination	status_anatomy_celltype	abnormal|inner|Ch.1(CHAD)	714	0.033671975460333035	-0.03746940551973276	-0.03746940551973276	-0.03746940551973276	0.018207282913165267
K12_P11_immune_contamination	score_K12_P11_immune_contamination	status_anatomy_celltype	abnormal|inner|Ch.2(FNDC1)	3779	-0.016270358732428908	-0.03746940551973276	-0.03746940551973276	-0.03746940551973276	0.026726647261180205
K12_P11_immune_contamination	score_K12_P11_immune_contamination	status_anatomy_celltype	abnormal|inner|Ch.3(PRG4)	3851	-0.029220809743812484	-0.03746940551973276	-0.03746940551973276	-0.03746940551973276	0.01428200467411062
K12_P11_immune_contamination	score_K12_P11_immune_contamination	status_anatomy_celltype	abnormal|inner|Ch.4(CFD)	167	0.003719176309341128	-0.03746940551973276	-0.03746940551973276	-0.03746940551973276	0.0718562874251497
K12_P11_immune_contamination	score_K12_P11_immune_contamination	status_anatomy_celltype	abnormal|inner|Ch.5(cycling)	231	1.5277926922329517	-0.03746940551973276	-0.03746940551973276	-0.03746940551973276	0.11688311688311688
K12_P11_immune_contamination	score_K12_P11_immune_contamination	status_anatomy_celltype	abnormal|inner|PCL.1	190	-0.03746940551973276	-0.03746940551973276	-0.03746940551973276	-0.03746940551973276	0.0
K12_P11_immune_contamination	score_K12_P11_immune_contamination	status_anatomy_celltype	abnormal|inner|PCL.2	34	-0.037469405519732754	-0.03746940551973276	-0.03746940551973276	-0.03746940551973276	0.0
K12_P11_immune_contamination	score_K12_P11_immune_contamination	status_anatomy_celltype	abnormal|outer|Ch.1(CHAD)	1131	-0.0006071614267626028	-0.03746940551973276	-0.03746940551973276	-0.03746940551973276	0.015915119363395226
K12_P11_immune_contamination	score_K12_P11_immune_contamination	status_anatomy_celltype	abnormal|outer|Ch.2(FNDC1)	2171	-0.016206843860750896	-0.03746940551973276	-0.03746940551973276	-0.03746940551973276	0.03454629203132197
K12_P11_immune_contamination	score_K12_P11_immune_contamination	status_anatomy_celltype	abnormal|outer|Ch.3(PRG4)	429	-0.023077311420590475	-0.03746940551973276	-0.03746940551973276	-0.03746940551973276	0.02097902097902098
K12_P11_immune_contamination	score_K12_P11_immune_contamination	status_anatomy_celltype	abnormal|outer|Ch.4(CFD)	1071	-0.014655496853468595	-0.03746940551973276	-0.03746940551973276	-0.03746940551973276	0.04201680672268908
K12_P11_immune_contamination	score_K12_P11_immune_contamination	status_anatomy_celltype	abnormal|outer|Ch.5(cycling)	57	0.9199140530317572	-0.03746940551973276	-0.03746940551973276	-0.03746940551973276	0.17543859649122806
K12_P11_immune_contamination	score_K12_P11_immune_contamination	status_anatomy_celltype	abnormal|outer|PCL.1	498	-0.0006215349260385431	-0.03746940551973276	-0.03746940551973276	-0.03746940551973276	0.10040160642570281
K12_P11_immune_contamination	score_K12_P11_immune_contamination	status_anatomy_celltype	abnormal|outer|PCL.2	144	-0.025993922913414673	-0.03746940551973276	-0.03746940551973276	-0.03746940551973276	0.020833333333333332
K12_P11_immune_contamination	score_K12_P11_immune_contamination	status_anatomy_celltype	normal|inner|Ch.1(CHAD)	6265	-0.022616195073397148	-0.03746940551973276	-0.03746940551973276	-0.03746940551973276	0.019952114924181964
K12_P11_immune_contamination	score_K12_P11_immune_contamination	status_anatomy_celltype	normal|inner|Ch.2(FNDC1)	125	-0.030723306820415002	-0.03746940551973276	-0.03746940551973276	-0.03746940551973276	0.016
K12_P11_immune_contamination	score_K12_P11_immune_contamination	status_anatomy_celltype	normal|inner|Ch.3(PRG4)	371	-0.036639248227247234	-0.03746940551973276	-0.03746940551973276	-0.03746940551973276	0.0026954177897574125
K12_P11_immune_contamination	score_K12_P11_immune_contamination	status_anatomy_celltype	normal|inner|Ch.4(CFD)	49	0.2648119741134125	-0.03746940551973276	-0.03746940551973276	0.45497063497249685	0.40816326530612246
K12_P11_immune_contamination	score_K12_P11_immune_contamination	status_anatomy_celltype	normal|inner|Ch.5(cycling)	2	0.6864867166983737	0.6864867166983737	0.6540302247211047	0.7189432086756427	1.0
K12_P11_immune_contamination	score_K12_P11_immune_contamination	status_anatomy_celltype	normal|inner|PCL.1	31	0.05481584210193022	-0.03746940551973276	-0.03746940551973276	-0.03746940551973276	0.12903225806451613
K12_P11_immune_contamination	score_K12_P11_immune_contamination	status_anatomy_celltype	normal|inner|PCL.2	6	-0.03746940551973276	-0.03746940551973276	-0.03746940551973276	-0.03746940551973276	0.0
K12_P11_immune_contamination	score_K12_P11_immune_contamination	status_anatomy_celltype	normal|outer|Ch.1(CHAD)	2279	0.002800931548487722	-0.03746940551973276	-0.03746940551973276	-0.03746940551973276	0.04256252742430891
K12_P11_immune_contamination	score_K12_P11_immune_contamination	status_anatomy_celltype	normal|outer|Ch.2(FNDC1)	81	-0.030139214539441773	-0.03746940551973276	-0.03746940551973276	-0.03746940551973276	0.012345679012345678
K12_P11_immune_contamination	score_K12_P11_immune_contamination	status_anatomy_celltype	normal|outer|Ch.3(PRG4)	78	-0.037469405519732754	-0.03746940551973276	-0.03746940551973276	-0.03746940551973276	0.0
K12_P11_immune_contamination	score_K12_P11_immune_contamination	status_anatomy_celltype	normal|outer|Ch.4(CFD)	937	0.019023693430668214	-0.03746940551973276	-0.03746940551973276	-0.03746940551973276	0.14194236926360726
K12_P11_immune_contamination	score_K12_P11_immune_contamination	status_anatomy_celltype	normal|outer|Ch.5(cycling)	2	1.30266059084804	1.30266059084804	1.0772389003614076	1.5280822813346724	1.0
K12_P11_immune_contamination	score_K12_P11_immune_contamination	status_anatomy_celltype	normal|outer|PCL.1	2161	-0.0034499148759465146	-0.03746940551973276	-0.03746940551973276	-0.03746940551973276	0.031929662193428965
K12_P11_immune_contamination	score_K12_P11_immune_contamination	status_anatomy_celltype	normal|outer|PCL.2	1832	-0.02881179669819646	-0.03746940551973276	-0.03746940551973276	-0.03746940551973276	0.009279475982532752
K12_P12_cycling_program	score_K12_P12_cycling_program	status	abnormal	14467	0.08379827296219744	-0.10456179452959628	-0.10456179452959628	-0.10456179452959628	0.11661021635446188
K12_P12_cycling_program	score_K12_P12_cycling_program	status	normal	14219	-0.08525983648246074	-0.10456179452959628	-0.10456179452959628	-0.10456179452959628	0.05021450172304663
K12_P12_cycling_program	score_K12_P12_cycling_program	anatomy	inner	15815	0.035681892419334504	-0.10456179452959628	-0.10456179452959628	-0.10456179452959628	0.08504584255453683
K12_P12_cycling_program	score_K12_P12_cycling_program	anatomy	outer	12871	-0.043843456500021326	-0.10456179452959628	-0.10456179452959628	-0.10456179452959628	0.08204490715562117
K12_P12_cycling_program	score_K12_P12_cycling_program	celltype	Ch.1(CHAD)	10389	-0.09193225208602136	-0.10456179452959628	-0.10456179452959628	-0.10456179452959628	0.02637404947540668
K12_P12_cycling_program	score_K12_P12_cycling_program	celltype	Ch.2(FNDC1)	6156	-0.0364496267098713	-0.10456179452959628	-0.10456179452959628	-0.10456179452959628	0.14896036387264458
K12_P12_cycling_program	score_K12_P12_cycling_program	celltype	Ch.3(PRG4)	4729	-0.08672940108815234	-0.10456179452959628	-0.10456179452959628	-0.10456179452959628	0.06555297102981603
K12_P12_cycling_program	score_K12_P12_cycling_program	celltype	Ch.4(CFD)	2224	-0.08751764309257383	-0.10456179452959628	-0.10456179452959628	-0.10456179452959628	0.055305755395683456
K12_P12_cycling_program	score_K12_P12_cycling_program	celltype	Ch.5(cycling)	292	7.224937683866853	7.112219516247297	5.239114650756534	9.107817122281325	1.0
K12_P12_cycling_program	score_K12_P12_cycling_program	celltype	PCL.1	2880	-0.05616874593264875	-0.10456179452959628	-0.10456179452959628	-0.10456179452959628	0.11770833333333333
K12_P12_cycling_program	score_K12_P12_cycling_program	celltype	PCL.2	2016	-0.08118312027365654	-0.10456179452959628	-0.10456179452959628	-0.10456179452959628	0.07242063492063493
K12_P12_cycling_program	score_K12_P12_cycling_program	status_anatomy	abnormal|inner	8966	0.13446589861794428	-0.10456179452959628	-0.10456179452959628	-0.10456179452959628	0.12859692170421594
K12_P12_cycling_program	score_K12_P12_cycling_program	status_anatomy	abnormal|outer	5501	0.0012158458345068448	-0.10456179452959628	-0.10456179452959628	-0.10456179452959628	0.09707325940738047
K12_P12_cycling_program	score_K12_P12_cycling_program	status_anatomy	normal|inner	6849	-0.09363587653624074	-0.10456179452959628	-0.10456179452959628	-0.10456179452959628	0.02803328953131844
K12_P12_cycling_program	score_K12_P12_cycling_program	status_anatomy	normal|outer	7370	-0.0774759154067024	-0.10456179452959628	-0.10456179452959628	-0.10456179452959628	0.07082767978290366
K12_P12_cycling_program	score_K12_P12_cycling_program	status_celltype	abnormal|Ch.1(CHAD)	1845	-0.08660897414245	-0.10456179452959628	-0.10456179452959628	-0.10456179452959628	0.023306233062330622
K12_P12_cycling_program	score_K12_P12_cycling_program	status_celltype	abnormal|Ch.2(FNDC1)	5950	-0.03554509582166114	-0.10456179452959628	-0.10456179452959628	-0.10456179452959628	0.14890756302521008
K12_P12_cycling_program	score_K12_P12_cycling_program	status_celltype	abnormal|Ch.3(PRG4)	4280	-0.08578095669234152	-0.10456179452959628	-0.10456179452959628	-0.10456179452959628	0.06799065420560747
K12_P12_cycling_program	score_K12_P12_cycling_program	status_celltype	abnormal|Ch.4(CFD)	1238	-0.09201921975445956	-0.10456179452959628	-0.10456179452959628	-0.10456179452959628	0.029079159935379646
K12_P12_cycling_program	score_K12_P12_cycling_program	status_celltype	abnormal|Ch.5(cycling)	288	7.230437229210224	7.112219516247297	5.239114650756534	9.143493830088564	1.0
K12_P12_cycling_program	score_K12_P12_cycling_program	status_celltype	abnormal|PCL.1	688	-0.0020588041135203784	-0.10456179452959628	-0.10456179452959628	-0.10456179452959628	0.2005813953488372
K12_P12_cycling_program	score_K12_P12_cycling_program	status_celltype	abnormal|PCL.2	178	-0.09152069498531175	-0.10456179452959628	-0.10456179452959628	-0.10456179452959628	0.028089887640449437
K12_P12_cycling_program	score_K12_P12_cycling_program	status_celltype	normal|Ch.1(CHAD)	8544	-0.09308176610824621	-0.10456179452959628	-0.10456179452959628	-0.10456179452959628	0.027036516853932584
K12_P12_cycling_program	score_K12_P12_cycling_program	status_celltype	normal|Ch.2(FNDC1)	206	-0.06257564022856264	-0.10456179452959628	-0.10456179452959628	-0.10456179452959628	0.15048543689320387
K12_P12_cycling_program	score_K12_P12_cycling_program	status_celltype	normal|Ch.3(PRG4)	449	-0.09577025189899933	-0.10456179452959628	-0.10456179452959628	-0.10456179452959628	0.042316258351893093
K12_P12_cycling_program	score_K12_P12_cycling_program	status_celltype	normal|Ch.4(CFD)	986	-0.08186556205057124	-0.10456179452959628	-0.10456179452959628	-0.10456179452959628	0.08823529411764706
K12_P12_cycling_program	score_K12_P12_cycling_program	status_celltype	normal|Ch.5(cycling)	4	6.828970419144112	7.437043014846987	5.704083027669806	8.561930406321293	1.0
K12_P12_cycling_program	score_K12_P12_cycling_program	status_celltype	normal|PCL.1	2192	-0.07315215832843357	-0.10456179452959628	-0.10456179452959628	-0.10456179452959628	0.09169708029197081
K12_P12_cycling_program	score_K12_P12_cycling_program	status_celltype	normal|PCL.2	1838	-0.08018198409374651	-0.10456179452959628	-0.10456179452959628	-0.10456179452959628	0.07671381936887922
K12_P12_cycling_program	score_K12_P12_cycling_program	anatomy_celltype	inner|Ch.1(CHAD)	6979	-0.09651893993883552	-0.10456179452959628	-0.10456179452959628	-0.10456179452959628	0.0239289296460811
K12_P12_cycling_program	score_K12_P12_cycling_program	anatomy_celltype	inner|Ch.2(FNDC1)	3904	-0.027263886282559407	-0.10456179452959628	-0.10456179452959628	-0.10456179452959628	0.16393442622950818
K12_P12_cycling_program	score_K12_P12_cycling_program	anatomy_celltype	inner|Ch.3(PRG4)	4222	-0.088445590046179	-0.10456179452959628	-0.10456179452959628	-0.10456179452959628	0.06158218853623875
K12_P12_cycling_program	score_K12_P12_cycling_program	anatomy_celltype	inner|Ch.4(CFD)	216	-0.09644133388797703	-0.10456179452959628	-0.10456179452959628	-0.10456179452959628	0.018518518518518517
K12_P12_cycling_program	score_K12_P12_cycling_program	anatomy_celltype	inner|Ch.5(cycling)	233	7.488663154091995	7.7743202347004	5.414638856244891	9.450923672209239	1.0
K12_P12_cycling_program	score_K12_P12_cycling_program	anatomy_celltype	inner|PCL.1	221	-0.011652566893509719	-0.10456179452959628	-0.10456179452959628	-0.10456179452959628	0.18099547511312217
K12_P12_cycling_program	score_K12_P12_cycling_program	anatomy_celltype	inner|PCL.2	40	-0.09204164582944188	-0.10456179452959628	-0.10456179452959628	-0.10456179452959628	0.025
K12_P12_cycling_program	score_K12_P12_cycling_program	anatomy_celltype	outer|Ch.1(CHAD)	3410	-0.08254501028989525	-0.10456179452959628	-0.10456179452959628	-0.10456179452959628	0.031378299120234605
K12_P12_cycling_program	score_K12_P12_cycling_program	anatomy_celltype	outer|Ch.2(FNDC1)	2252	-0.05237375221085959	-0.10456179452959628	-0.10456179452959628	-0.10456179452959628	0.12300177619893428
K12_P12_cycling_program	score_K12_P12_cycling_program	anatomy_celltype	outer|Ch.3(PRG4)	507	-0.0724379814021788	-0.10456179452959628	-0.10456179452959628	-0.10456179452959628	0.09861932938856016
K12_P12_cycling_program	score_K12_P12_cycling_program	anatomy_celltype	outer|Ch.4(CFD)	2008	-0.08655772416239099	-0.10456179452959628	-0.10456179452959628	-0.10456179452959628	0.05926294820717132
K12_P12_cycling_program	score_K12_P12_cycling_program	anatomy_celltype	outer|Ch.5(cycling)	59	6.183445572638756	6.145568213099803	4.620095440880743	7.057901603687165	1.0
K12_P12_cycling_program	score_K12_P12_cycling_program	anatomy_celltype	outer|PCL.1	2659	-0.05986866152785362	-0.10456179452959628	-0.10456179452959628	-0.10456179452959628	0.11244828883038736
K12_P12_cycling_program	score_K12_P12_cycling_program	anatomy_celltype	outer|PCL.2	1976	-0.08096331206402525	-0.10456179452959628	-0.10456179452959628	-0.10456179452959628	0.07338056680161943
K12_P12_cycling_program	score_K12_P12_cycling_program	status_anatomy_celltype	abnormal|inner|Ch.1(CHAD)	714	-0.09072692359409822	-0.10456179452959628	-0.10456179452959628	-0.10456179452959628	0.028011204481792718
K12_P12_cycling_program	score_K12_P12_cycling_program	status_anatomy_celltype	abnormal|inner|Ch.2(FNDC1)	3779	-0.025921377463295654	-0.10456179452959628	-0.10456179452959628	-0.10456179452959628	0.16379994707594603
K12_P12_cycling_program	score_K12_P12_cycling_program	status_anatomy_celltype	abnormal|inner|Ch.3(PRG4)	3851	-0.08780257814268973	-0.10456179452959628	-0.10456179452959628	-0.10456179452959628	0.06361983900285641
K12_P12_cycling_program	score_K12_P12_cycling_program	status_anatomy_celltype	abnormal|inner|Ch.4(CFD)	167	-0.09405868375959775	-0.10456179452959628	-0.10456179452959628	-0.10456179452959628	0.023952095808383235
K12_P12_cycling_program	score_K12_P12_cycling_program	status_anatomy_celltype	abnormal|inner|Ch.5(cycling)	231	7.489110081704505	7.7743202347004	5.375878470819521	9.45310105374297	1.0
K12_P12_cycling_program	score_K12_P12_cycling_program	status_anatomy_celltype	abnormal|inner|PCL.1	190	-0.02493394370484625	-0.10456179452959628	-0.10456179452959628	-0.10456179452959628	0.1736842105263158
K12_P12_cycling_program	score_K12_P12_cycling_program	status_anatomy_celltype	abnormal|inner|PCL.2	34	-0.08983220782353225	-0.10456179452959628	-0.10456179452959628	-0.10456179452959628	0.029411764705882353
K12_P12_cycling_program	score_K12_P12_cycling_program	status_anatomy_celltype	abnormal|outer|Ch.1(CHAD)	1131	-0.08400931374591876	-0.10456179452959628	-0.10456179452959628	-0.10456179452959628	0.020335985853227233
K12_P12_cycling_program	score_K12_P12_cycling_program	status_anatomy_celltype	abnormal|outer|Ch.2(FNDC1)	2171	-0.05229683772689522	-0.10456179452959628	-0.10456179452959628	-0.10456179452959628	0.12298479963150621
K12_P12_cycling_program	score_K12_P12_cycling_program	status_anatomy_celltype	abnormal|outer|Ch.3(PRG4)	429	-0.06763348768233919	-0.10456179452959628	-0.10456179452959628	-0.10456179452959628	0.10722610722610723
K12_P12_cycling_program	score_K12_P12_cycling_program	status_anatomy_celltype	abnormal|outer|Ch.4(CFD)	1071	-0.09170120809352766	-0.10456179452959628	-0.10456179452959628	-0.10456179452959628	0.029878618113912233
K12_P12_cycling_program	score_K12_P12_cycling_program	status_anatomy_celltype	abnormal|outer|Ch.5(cycling)	57	6.182131458575511	6.145568213099803	4.659865447384819	7.017373445876435	1.0
K12_P12_cycling_program	score_K12_P12_cycling_program	status_anatomy_celltype	abnormal|outer|PCL.1	498	0.006668658782768618	-0.10456179452959628	-0.10456179452959628	-0.10456179452959628	0.21084337349397592
K12_P12_cycling_program	score_K12_P12_cycling_program	status_anatomy_celltype	abnormal|outer|PCL.2	144	-0.09191936556517637	-0.10456179452959628	-0.10456179452959628	-0.10456179452959628	0.027777777777777776
K12_P12_cycling_program	score_K12_P12_cycling_program	status_anatomy_celltype	normal|inner|Ch.1(CHAD)	6265	-0.09717903565633629	-0.10456179452959628	-0.10456179452959628	-0.10456179452959628	0.02346368715083799
K12_P12_cycling_program	score_K12_P12_cycling_program	status_anatomy_celltype	normal|inner|Ch.2(FNDC1)	125	-0.06785061290654111	-0.10456179452959628	-0.10456179452959628	-0.10456179452959628	0.168
K12_P12_cycling_program	score_K12_P12_cycling_program	status_anatomy_celltype	normal|inner|Ch.3(PRG4)	371	-0.09512008826811201	-0.10456179452959628	-0.10456179452959628	-0.10456179452959628	0.04043126684636118
K12_P12_cycling_program	score_K12_P12_cycling_program	status_anatomy_celltype	normal|inner|Ch.4(CFD)	49	-0.10456179452959628	-0.10456179452959628	-0.10456179452959628	-0.10456179452959628	0.0
K12_P12_cycling_program	score_K12_P12_cycling_program	status_anatomy_celltype	normal|inner|Ch.5(cycling)	2	7.437043014846987	7.437043014846987	6.9165869311499275	7.957499098544046	1.0
K12_P12_cycling_program	score_K12_P12_cycling_program	status_anatomy_celltype	normal|inner|PCL.1	31	0.06974942001468194	-0.10456179452959628	-0.10456179452959628	-0.10456179452959628	0.22580645161290322
K12_P12_cycling_program	score_K12_P12_cycling_program	status_anatomy_celltype	normal|inner|PCL.2	6	-0.10456179452959628	-0.10456179452959628	-0.10456179452959628	-0.10456179452959628	0.0
K12_P12_cycling_program	score_K12_P12_cycling_program	status_anatomy_celltype	normal|outer|Ch.1(CHAD)	2279	-0.081818319983286	-0.10456179452959628	-0.10456179452959628	-0.10456179452959628	0.036858271171566474
K12_P12_cycling_program	score_K12_P12_cycling_program	status_anatomy_celltype	normal|outer|Ch.2(FNDC1)	81	-0.054435250293410675	-0.10456179452959628	-0.10456179452959628	-0.10456179452959628	0.12345679012345678
K12_P12_cycling_program	score_K12_P12_cycling_program	status_anatomy_celltype	normal|outer|Ch.3(PRG4)	78	-0.09886269686129669	-0.10456179452959628	-0.10456179452959628	-0.10456179452959628	0.05128205128205128
K12_P12_cycling_program	score_K12_P12_cycling_program	status_anatomy_celltype	normal|outer|Ch.4(CFD)	937	-0.08067867262530738	-0.10456179452959628	-0.10456179452959628	-0.10456179452959628	0.09284951974386339
K12_P12_cycling_program	score_K12_P12_cycling_program	status_anatomy_celltype	normal|outer|Ch.5(cycling)	2	6.220897823441239	6.220897823441239	4.924418695880928	7.517376951001548	1.0
K12_P12_cycling_program	score_K12_P12_cycling_program	status_anatomy_celltype	normal|outer|PCL.1	2161	-0.07520211155778876	-0.10456179452959628	-0.10456179452959628	-0.10456179452959628	0.08977325312355391
K12_P12_cycling_program	score_K12_P12_cycling_program	status_anatomy_celltype	normal|outer|PCL.2	1832	-0.08010213755301775	-0.10456179452959628	-0.10456179452959628	-0.10456179452959628	0.0769650655021834
K14_P1_generic_stress_response	score_K14_P1_generic_stress_response	status	abnormal	14467	0.031194403458353896	0.007269263925445782	-0.21795672415051381	0.2600259151410522	0.2621137761802723
K14_P1_generic_stress_response	score_K14_P1_generic_stress_response	status	normal	14219	-0.0317384791358046	-0.0570074066909793	-0.34633408332292787	0.230235315306648	0.23771010619593502
K14_P1_generic_stress_response	score_K14_P1_generic_stress_response	anatomy	inner	15815	0.14228486683487349	0.11663137239269754	-0.11194569037826457	0.35670884973951894	0.35757192538729055
K14_P1_generic_stress_response	score_K14_P1_generic_stress_response	anatomy	outer	12871	-0.1748298631802909	-0.21150198811463258	-0.4292460758542206	0.04953842175112319	0.11786185999533835
K14_P1_generic_stress_response	score_K14_P1_generic_stress_response	celltype	Ch.1(CHAD)	10389	0.1530703140155661	0.12856184462788076	-0.09818598411264465	0.3635915906267188	0.36519395514486475
K14_P1_generic_stress_response	score_K14_P1_generic_stress_response	celltype	Ch.2(FNDC1)	6156	-0.11367132630127152	-0.13478306207419466	-0.2924063489779322	0.046054822667122	0.08333333333333333
K14_P1_generic_stress_response	score_K14_P1_generic_stress_response	celltype	Ch.3(PRG4)	4729	0.25234514921698703	0.2587123992557541	0.054570348792798595	0.45552153827806424	0.5165997039543244
K14_P1_generic_stress_response	score_K14_P1_generic_stress_response	celltype	Ch.4(CFD)	2224	-0.22576937616523693	-0.28096227174766375	-0.4798229176548713	-0.01679460192960433	0.09397482014388489
K14_P1_generic_stress_response	score_K14_P1_generic_stress_response	celltype	Ch.5(cycling)	292	-0.07014491267268815	-0.07806474350711601	-0.21807593623480379	0.0636466680828749	0.09246575342465753
K14_P1_generic_stress_response	score_K14_P1_generic_stress_response	celltype	PCL.1	2880	-0.2720371829224686	-0.3055094997292799	-0.48300580204169824	-0.09374456945041973	0.04722222222222222
K14_P1_generic_stress_response	score_K14_P1_generic_stress_response	celltype	PCL.2	2016	-0.3857968870712296	-0.41488583177190025	-0.6653172474298434	-0.23060428268789018	0.0248015873015873
K14_P1_generic_stress_response	score_K14_P1_generic_stress_response	status_anatomy	abnormal|inner	8966	0.0717806203037095	0.04611578685052127	-0.18160217035647036	0.30773695715565946	0.30314521525764
K14_P1_generic_stress_response	score_K14_P1_generic_stress_response	status_anatomy	abnormal|outer	5501	-0.03495648187803193	-0.05366804724846621	-0.2790855516821193	0.1829552494275812	0.19523722959461917
K14_P1_generic_stress_response	score_K14_P1_generic_stress_response	status_anatomy	normal|inner	6849	0.23458170935179798	0.1895180427437462	-0.008202047144564887	0.4177811383582701	0.42882172579938677
K14_P1_generic_stress_response	score_K14_P1_generic_stress_response	status_anatomy	normal|outer	7370	-0.27923196230427005	-0.31600292901153626	-0.520162837744479	-0.0909031097432542	0.06010854816824966
K14_P1_generic_stress_response	score_K14_P1_generic_stress_response	status_celltype	abnormal|Ch.1(CHAD)	1845	0.16464944489066302	0.1516659303699943	-0.08191209459980744	0.3932555048655168	0.389159891598916
K14_P1_generic_stress_response	score_K14_P1_generic_stress_response	status_celltype	abnormal|Ch.2(FNDC1)	5950	-0.11494464415976548	-0.1362470870571944	-0.2941172424720004	0.045303555180894024	0.08403361344537816
K14_P1_generic_stress_response	score_K14_P1_generic_stress_response	status_celltype	abnormal|Ch.3(PRG4)	4280	0.25634778014881	0.26240475667177243	0.05668196420560792	0.46234315661070047	0.5231308411214953
K14_P1_generic_stress_response	score_K14_P1_generic_stress_response	status_celltype	abnormal|Ch.4(CFD)	1238	-0.12225234557752981	-0.15389064848995482	-0.3952984133331095	0.12394922683848084	0.15266558966074315
K14_P1_generic_stress_response	score_K14_P1_generic_stress_response	status_celltype	abnormal|Ch.5(cycling)	288	-0.06401095379036281	-0.07180065336417138	-0.21204722736290565	0.06531640716409694	0.09375
K14_P1_generic_stress_response	score_K14_P1_generic_stress_response	status_celltype	abnormal|PCL.1	688	-0.10078709748472484	-0.10598539596536008	-0.3302249035431808	0.09837333532472851	0.12936046511627908
K14_P1_generic_stress_response	score_K14_P1_generic_stress_response	status_celltype	abnormal|PCL.2	178	-0.14950323422175668	-0.18724336417076898	-0.4597922815255869	0.14604401619247362	0.16853932584269662
K14_P1_generic_stress_response	score_K14_P1_generic_stress_response	status_celltype	normal|Ch.1(CHAD)	8544	0.15056990478516422	0.12247132503563651	-0.09962757268557856	0.35645643764485174	0.3600187265917603
K14_P1_generic_stress_response	score_K14_P1_generic_stress_response	status_celltype	normal|Ch.2(FNDC1)	206	-0.07689345611661617	-0.09086023160057649	-0.23563676610177975	0.08653011565713825	0.06310679611650485
K14_P1_generic_stress_response	score_K14_P1_generic_stress_response	status_celltype	normal|Ch.3(PRG4)	449	0.21419089445484385	0.2167910044573659	0.03560375262099867	0.39974060385444815	0.45434298440979953
K14_P1_generic_stress_response	score_K14_P1_generic_stress_response	status_celltype	normal|Ch.4(CFD)	986	-0.3557430920552789	-0.3840924489721013	-0.5473830162954897	-0.2118847792016826	0.02028397565922921
K14_P1_generic_stress_response	score_K14_P1_generic_stress_response	status_celltype	normal|Ch.5(cycling)	4	-0.5117899522001113	-0.4993418218445067	-0.6102917877614883	-0.4008399862831297	0.0
K14_P1_generic_stress_response	score_K14_P1_generic_stress_response	status_celltype	normal|PCL.1	2192	-0.3257872097386948	-0.35211474461167	-0.5227226629700622	-0.16831424896969902	0.02144160583941606
K14_P1_generic_stress_response	score_K14_P1_generic_stress_response	status_celltype	normal|PCL.2	1838	-0.40868060317961163	-0.43325590443526474	-0.6653172474298434	-0.25089414753938666	0.01088139281828074
K14_P1_generic_stress_response	score_K14_P1_generic_stress_response	anatomy_celltype	inner|Ch.1(CHAD)	6979	0.24353833380157677	0.1965949393547748	-0.0026273674796824993	0.4299038368116811	0.4401776758847972
K14_P1_generic_stress_response	score_K14_P1_generic_stress_response	anatomy_celltype	inner|Ch.2(FNDC1)	3904	-0.10663909604902837	-0.12726853091375223	-0.28448019290198734	0.04686184483154142	0.08376024590163934
K14_P1_generic_stress_response	score_K14_P1_generic_stress_response	anatomy_celltype	inner|Ch.3(PRG4)	4222	0.2603768797659456	0.2659747634351181	0.06427395098115858	0.46325725514493543	0.5270014211274278
K14_P1_generic_stress_response	score_K14_P1_generic_stress_response	anatomy_celltype	inner|Ch.4(CFD)	216	-0.2996644072457587	-0.345515591362616	-0.4414790371960506	-0.18781743126858907	0.009259259259259259
K14_P1_generic_stress_response	score_K14_P1_generic_stress_response	anatomy_celltype	inner|Ch.5(cycling)	233	-0.07200582397464617	-0.08383474171603382	-0.21599857785966114	0.04490303534280475	0.06437768240343347
K14_P1_generic_stress_response	score_K14_P1_generic_stress_response	anatomy_celltype	inner|PCL.1	221	-0.17554289732160433	-0.18754029066162964	-0.36660276305770795	-0.00015007850319933848	0.05429864253393665
K14_P1_generic_stress_response	score_K14_P1_generic_stress_response	anatomy_celltype	inner|PCL.2	40	-0.3027792186211272	-0.3845170362233788	-0.5150756495410134	-0.13269984483552283	0.05
K14_P1_generic_stress_response	score_K14_P1_generic_stress_response	anatomy_celltype	outer|Ch.1(CHAD)	3410	-0.032084029118324996	-0.047073435098875724	-0.29484812037595054	0.20330391477012638	0.21173020527859238
K14_P1_generic_stress_response	score_K14_P1_generic_stress_response	anatomy_celltype	outer|Ch.2(FNDC1)	2252	-0.12586219082381025	-0.15002642616580059	-0.30547158665766816	0.044221493620216955	0.08259325044404973
K14_P1_generic_stress_response	score_K14_P1_generic_stress_response	anatomy_celltype	outer|Ch.3(PRG4)	507	0.1854615863418332	0.18785745509882457	-0.015760414906675624	0.3786016228189333	0.42998027613412226
K14_P1_generic_stress_response	score_K14_P1_generic_stress_response	anatomy_celltype	outer|Ch.4(CFD)	2008	-0.2178205082800812	-0.26897684322480087	-0.4857530696028606	0.0013316778903317158	0.10308764940239044
K14_P1_generic_stress_response	score_K14_P1_generic_stress_response	anatomy_celltype	outer|Ch.5(cycling)	59	-0.06279589007343014	-0.05869316212711857	-0.22683189820851324	0.16745084154573578	0.2033898305084746
K14_P1_generic_stress_response	score_K14_P1_generic_stress_response	anatomy_celltype	outer|PCL.1	2659	-0.28005720440339793	-0.3173722919383538	-0.49197732974371355	-0.10390463648580539	0.046634072959759305
K14_P1_generic_stress_response	score_K14_P1_generic_stress_response	anatomy_celltype	outer|PCL.2	1976	-0.38747740667548264	-0.4163354699045994	-0.6653172474298434	-0.2315045176870245	0.024291497975708502
K14_P1_generic_stress_response	score_K14_P1_generic_stress_response	status_anatomy_celltype	abnormal|inner|Ch.1(CHAD)	714	0.2121164525204347	0.20106756127675382	-0.04835054893491474	0.44272553307543383	0.4523809523809524
K14_P1_generic_stress_response	score_K14_P1_generic_stress_response	status_anatomy_celltype	abnormal|inner|Ch.2(FNDC1)	3779	-0.10986113159934248	-0.13023955803982773	-0.2875170905224005	0.044238146401909956	0.08335538502249272
K14_P1_generic_stress_response	score_K14_P1_generic_stress_response	status_anatomy_celltype	abnormal|inner|Ch.3(PRG4)	3851	0.2640882762058585	0.2693811886468567	0.0666773642755937	0.4661708690344409	0.5325889379381978
K14_P1_generic_stress_response	score_K14_P1_generic_stress_response	status_anatomy_celltype	abnormal|inner|Ch.4(CFD)	167	-0.33606583566876874	-0.3786441677514615	-0.46085823658602415	-0.2284898613393062	0.0
K14_P1_generic_stress_response	score_K14_P1_generic_stress_response	status_anatomy_celltype	abnormal|inner|Ch.5(cycling)	231	-0.06840800043523347	-0.08135094326780665	-0.2121489630616751	0.045483996936590915	0.06493506493506493
K14_P1_generic_stress_response	score_K14_P1_generic_stress_response	status_anatomy_celltype	abnormal|inner|PCL.1	190	-0.15083288677038334	-0.1437602337870495	-0.35643240007860694	0.042765122915217224	0.06315789473684211
K14_P1_generic_stress_response	score_K14_P1_generic_stress_response	status_anatomy_celltype	abnormal|inner|PCL.2	34	-0.26827499022884377	-0.3638121260314037	-0.5062121893027274	-0.07006098125708529	0.058823529411764705
K14_P1_generic_stress_response	score_K14_P1_generic_stress_response	status_anatomy_celltype	abnormal|outer|Ch.1(CHAD)	1131	0.13468353556470633	0.12654224190598473	-0.10701240676880486	0.34570820086620774	0.34924845269672855
K14_P1_generic_stress_response	score_K14_P1_generic_stress_response	status_anatomy_celltype	abnormal|outer|Ch.2(FNDC1)	2171	-0.12379337468295226	-0.1482414599168246	-0.30539661793940853	0.04805451600363281	0.0852141870105942
K14_P1_generic_stress_response	score_K14_P1_generic_stress_response	status_anatomy_celltype	abnormal|outer|Ch.3(PRG4)	429	0.18686374677889464	0.19415241772069777	-0.029588458655873985	0.38268213404031914	0.4382284382284382
K14_P1_generic_stress_response	score_K14_P1_generic_stress_response	status_anatomy_celltype	abnormal|outer|Ch.4(CFD)	1071	-0.08891261369588943	-0.10428342697288462	-0.36705358256574483	0.14948988914795097	0.17647058823529413
K14_P1_generic_stress_response	score_K14_P1_generic_stress_response	status_anatomy_celltype	abnormal|outer|Ch.5(cycling)	57	-0.04619134370325542	-0.046182945507325435	-0.19840021514025105	0.16776845081763275	0.21052631578947367
K14_P1_generic_stress_response	score_K14_P1_generic_stress_response	status_anatomy_celltype	abnormal|outer|PCL.1	498	-0.08169332245605994	-0.06492252086615662	-0.32711739202582035	0.13347998571631414	0.15461847389558234
K14_P1_generic_stress_response	score_K14_P1_generic_stress_response	status_anatomy_celltype	abnormal|outer|PCL.2	144	-0.12145990294230555	-0.1739486491158493	-0.43853164343844475	0.1812060712812191	0.19444444444444445
K14_P1_generic_stress_response	score_K14_P1_generic_stress_response	status_anatomy_celltype	normal|inner|Ch.1(CHAD)	6265	0.24711937502020973	0.1962999185391842	0.0004906663577687459	0.42812170250611076	0.4387869114126097
K14_P1_generic_stress_response	score_K14_P1_generic_stress_response	status_anatomy_celltype	normal|inner|Ch.2(FNDC1)	125	-0.009230517291932593	-0.014589186811742464	-0.15794697262087112	0.13992798126307282	0.096
K14_P1_generic_stress_response	score_K14_P1_generic_stress_response	status_anatomy_celltype	normal|inner|Ch.3(PRG4)	371	0.22185238464436996	0.2201884950025081	0.045238719794281665	0.40863642944229406	0.46900269541778977
K14_P1_generic_stress_response	score_K14_P1_generic_stress_response	status_anatomy_celltype	normal|inner|Ch.4(CFD)	49	-0.17560239608978567	-0.23284563358362192	-0.3555003432876578	-0.025047076502484535	0.04081632653061224
K14_P1_generic_stress_response	score_K14_P1_generic_stress_response	status_anatomy_celltype	normal|inner|Ch.5(cycling)	2	-0.48755444277681254	-0.48755444277681254	-0.5397522053244246	-0.4353566802292005	0.0
K14_P1_generic_stress_response	score_K14_P1_generic_stress_response	status_anatomy_celltype	normal|inner|PCL.1	31	-0.3269913490871525	-0.29585566199092106	-0.436978811101273	-0.23040094891356913	0.0
K14_P1_generic_stress_response	score_K14_P1_generic_stress_response	status_anatomy_celltype	normal|inner|PCL.2	6	-0.4983031795107337	-0.5126556715685484	-0.5845609581113248	-0.41848666825559516	0.0
K14_P1_generic_stress_response	score_K14_P1_generic_stress_response	status_anatomy_celltype	normal|outer|Ch.1(CHAD)	2279	-0.11484581747133439	-0.12132908280356136	-0.36230495195984236	0.10148769379399859	0.14348398420359806
K14_P1_generic_stress_response	score_K14_P1_generic_stress_response	status_anatomy_celltype	normal|outer|Ch.2(FNDC1)	81	-0.18131157158680686	-0.17091539817620088	-0.30546159633270803	-0.05269518389943648	0.012345679012345678
K14_P1_generic_stress_response	score_K14_P1_generic_stress_response	status_anatomy_celltype	normal|outer|Ch.3(PRG4)	78	0.17774970393799547	0.16923643390299675	0.014230411789338555	0.32020524366236874	0.38461538461538464
K14_P1_generic_stress_response	score_K14_P1_generic_stress_response	status_anatomy_celltype	normal|outer|Ch.4(CFD)	937	-0.36516346996596105	-0.39837956969187005	-0.5525560858937284	-0.218787814105194	0.0192102454642476
K14_P1_generic_stress_response	score_K14_P1_generic_stress_response	status_anatomy_celltype	normal|outer|Ch.5(cycling)	2	-0.5360254616234101	-0.5360254616234101	-0.6006713545266268	-0.47137956872019343	0.0
K14_P1_generic_stress_response	score_K14_P1_generic_stress_response	status_anatomy_celltype	normal|outer|PCL.1	2161	-0.3257699361062088	-0.3531127532362087	-0.524728452174338	-0.16623027355897674	0.02174919018972698
K14_P1_generic_stress_response	score_K14_P1_generic_stress_response	status_anatomy_celltype	normal|outer|PCL.2	1832	-0.4083870794580032	-0.4325047902244098	-0.6653172474298434	-0.250532771679589	0.010917030567685589
K14_P4_fibrocartilage_matrix	score_K14_P4_fibrocartilage_matrix	status	abnormal	14467	0.23318780929540014	0.15094094978744377	-0.17035487516131964	0.5344632283741926	0.41618856708370777
K14_P4_fibrocartilage_matrix	score_K14_P4_fibrocartilage_matrix	status	normal	14219	-0.23725494318000945	-0.2732585862711908	-0.5141495015259716	0.0016990512174978878	0.0809480272874323
K14_P4_fibrocartilage_matrix	score_K14_P4_fibrocartilage_matrix	anatomy	inner	15815	0.18020899802926682	0.08564599739847353	-0.1709220701495442	0.4272750248112901	0.35093265886816316
K14_P4_fibrocartilage_matrix	score_K14_P4_fibrocartilage_matrix	anatomy	outer	12871	-0.22142842854734326	-0.3380863603330418	-0.5384535525269957	0.017477305061867975	0.12601973428638025
K14_P4_fibrocartilage_matrix	score_K14_P4_fibrocartilage_matrix	celltype	Ch.1(CHAD)	10389	-0.004988893862182593	-0.06200800530468675	-0.26314740554424904	0.17214314484792825	0.18336702281259024
K14_P4_fibrocartilage_matrix	score_K14_P4_fibrocartilage_matrix	celltype	Ch.2(FNDC1)	6156	0.10516745085493238	0.08405753076936415	-0.1313640584791709	0.3162490482908428	0.2998700454840806
K14_P4_fibrocartilage_matrix	score_K14_P4_fibrocartilage_matrix	celltype	Ch.3(PRG4)	4729	0.6076801188309194	0.543803939415017	0.21444752863807767	0.9215032929124491	0.7166419961936985
K14_P4_fibrocartilage_matrix	score_K14_P4_fibrocartilage_matrix	celltype	Ch.4(CFD)	2224	-0.31899298977081375	-0.3459965388924589	-0.47640251316319554	-0.18687717942627563	0.012140287769784174
K14_P4_fibrocartilage_matrix	score_K14_P4_fibrocartilage_matrix	celltype	Ch.5(cycling)	292	-0.2821119923163034	-0.29311448787381367	-0.4470438119110888	-0.12502636689325486	0.0136986301369863
K14_P4_fibrocartilage_matrix	score_K14_P4_fibrocartilage_matrix	celltype	PCL.1	2880	-0.5186587400369723	-0.5164305774008258	-0.6088737461046252	-0.43313094323906914	0.00034722222222222224
K14_P4_fibrocartilage_matrix	score_K14_P4_fibrocartilage_matrix	celltype	PCL.2	2016	-0.5871756987931729	-0.6063759086515208	-0.6854477975516777	-0.5029992460651456	0.0
K14_P4_fibrocartilage_matrix	score_K14_P4_fibrocartilage_matrix	status_anatomy	abnormal|inner	8966	0.3586748469895176	0.2844982208698892	-0.05412861388967849	0.6736454294617578	0.5175105955833147
K14_P4_fibrocartilage_matrix	score_K14_P4_fibrocartilage_matrix	status_anatomy	abnormal|outer	5501	0.02865830921078699	-0.03779734343669225	-0.319373650107631	0.2633767144403819	0.25104526449736414
K14_P4_fibrocartilage_matrix	score_K14_P4_fibrocartilage_matrix	status_anatomy	normal|inner	6849	-0.05341996996279173	-0.0669729076064641	-0.2569293821747913	0.1344534174734219	0.1328661118411447
K14_P4_fibrocartilage_matrix	score_K14_P4_fibrocartilage_matrix	status_anatomy	normal|outer	7370	-0.4080942554683031	-0.4815456325808369	-0.6189693980559614	-0.2749546459275295	0.03270013568521031
K14_P4_fibrocartilage_matrix	score_K14_P4_fibrocartilage_matrix	status_celltype	abnormal|Ch.1(CHAD)	1845	0.37705275354390627	0.26158434576205536	-0.07217894015498119	0.735789887667744	0.5002710027100271
K14_P4_fibrocartilage_matrix	score_K14_P4_fibrocartilage_matrix	status_celltype	abnormal|Ch.2(FNDC1)	5950	0.10824305344157643	0.08601184552192523	-0.12895602576903917	0.32037240445516646	0.3038655462184874
K14_P4_fibrocartilage_matrix	score_K14_P4_fibrocartilage_matrix	status_celltype	abnormal|Ch.3(PRG4)	4280	0.655539503920819	0.6027715746321132	0.2782320126851653	0.9770496834149762	0.7616822429906542
K14_P4_fibrocartilage_matrix	score_K14_P4_fibrocartilage_matrix	status_celltype	abnormal|Ch.4(CFD)	1238	-0.22852940109245878	-0.24953473271988538	-0.38016956367457244	-0.09355908998814182	0.0210016155088853
K14_P4_fibrocartilage_matrix	score_K14_P4_fibrocartilage_matrix	status_celltype	abnormal|Ch.5(cycling)	288	-0.27798727056840333	-0.2903379038072204	-0.4380188655174743	-0.12451271198084857	0.013888888888888888
K14_P4_fibrocartilage_matrix	score_K14_P4_fibrocartilage_matrix	status_celltype	abnormal|PCL.1	688	-0.4532792881142975	-0.450805856800342	-0.5105241694518212	-0.3926261527990059	0.0
K14_P4_fibrocartilage_matrix	score_K14_P4_fibrocartilage_matrix	status_celltype	abnormal|PCL.2	178	-0.5452452543350371	-0.5619477089530669	-0.6330957661064234	-0.44347618287266016	0.0
K14_P4_fibrocartilage_matrix	score_K14_P4_fibrocartilage_matrix	status_celltype	normal|Ch.1(CHAD)	8544	-0.0874873535373036	-0.10066631487930416	-0.2866674622616405	0.10146005848751334	0.11493445692883895
K14_P4_fibrocartilage_matrix	score_K14_P4_fibrocartilage_matrix	status_celltype	normal|Ch.2(FNDC1)	206	0.01633329847370854	0.007633523348724058	-0.17167971060319884	0.20123130519364038	0.18446601941747573
K14_P4_fibrocartilage_matrix	score_K14_P4_fibrocartilage_matrix	status_celltype	normal|Ch.3(PRG4)	449	0.15147039013432712	0.13700482048619755	-0.006009728263705373	0.29941476843054293	0.2873051224944321
K14_P4_fibrocartilage_matrix	score_K14_P4_fibrocartilage_matrix	status_celltype	normal|Ch.4(CFD)	986	-0.432577089957227	-0.4448915693622367	-0.5389562554290234	-0.33889546503235224	0.0010141987829614604
K14_P4_fibrocartilage_matrix	score_K14_P4_fibrocartilage_matrix	status_celltype	normal|Ch.5(cycling)	4	-0.5790919581651073	-0.6162166852979203	-0.6228933173415498	-0.5724153261214777	0.0
K14_P4_fibrocartilage_matrix	score_K14_P4_fibrocartilage_matrix	status_celltype	normal|PCL.1	2192	-0.5391792979397098	-0.5413732447670612	-0.6370552746164362	-0.45830288107260436	0.0004562043795620438
K14_P4_fibrocartilage_matrix	score_K14_P4_fibrocartilage_matrix	status_celltype	normal|PCL.2	1838	-0.5912364273642001	-0.6129218499698916	-0.6886751766484374	-0.5083179112781577	0.0
K14_P4_fibrocartilage_matrix	score_K14_P4_fibrocartilage_matrix	anatomy_celltype	inner|Ch.1(CHAD)	6979	0.002863066904721091	-0.05402128492025236	-0.24596552020151644	0.17201750106213154	0.1771027367817739
K14_P4_fibrocartilage_matrix	score_K14_P4_fibrocartilage_matrix	anatomy_celltype	inner|Ch.2(FNDC1)	3904	0.09257857469488538	0.06604724662852908	-0.1474796489684472	0.30942585782195864	0.29123975409836067
K14_P4_fibrocartilage_matrix	score_K14_P4_fibrocartilage_matrix	anatomy_celltype	inner|Ch.3(PRG4)	4222	0.6385434255056892	0.5817985368389137	0.2621803680834574	0.9390492694549442	0.7508289909995263
K14_P4_fibrocartilage_matrix	score_K14_P4_fibrocartilage_matrix	anatomy_celltype	inner|Ch.4(CFD)	216	-0.22097221916582563	-0.20828096557788234	-0.39752094141293803	-0.0662607820860206	0.023148148148148147
K14_P4_fibrocartilage_matrix	score_K14_P4_fibrocartilage_matrix	anatomy_celltype	inner|Ch.5(cycling)	233	-0.2872255244365441	-0.29540108688510575	-0.43560011341352933	-0.14589196256453968	0.008583690987124463
K14_P4_fibrocartilage_matrix	score_K14_P4_fibrocartilage_matrix	anatomy_celltype	inner|PCL.1	221	-0.4159563690513571	-0.4080764350029102	-0.4638786496147886	-0.3564053288146918	0.0
K14_P4_fibrocartilage_matrix	score_K14_P4_fibrocartilage_matrix	anatomy_celltype	inner|PCL.2	40	-0.5188308523790899	-0.5038708915099184	-0.6134651619504368	-0.3937134519921765	0.0
K14_P4_fibrocartilage_matrix	score_K14_P4_fibrocartilage_matrix	anatomy_celltype	outer|Ch.1(CHAD)	3410	-0.021058933214739988	-0.08630855199225934	-0.3071626205161473	0.17275881394395814	0.1961876832844575
K14_P4_fibrocartilage_matrix	score_K14_P4_fibrocartilage_matrix	anatomy_celltype	outer|Ch.2(FNDC1)	2252	0.12699115091213642	0.10899726069206292	-0.10275337940945518	0.3268838837069986	0.3148312611012433
K14_P4_fibrocartilage_matrix	score_K14_P4_fibrocartilage_matrix	anatomy_celltype	outer|Ch.3(PRG4)	507	0.35066851965758916	0.16816325807907914	-0.08803646388548812	0.596549507892817	0.4319526627218935
K14_P4_fibrocartilage_matrix	score_K14_P4_fibrocartilage_matrix	anatomy_celltype	outer|Ch.4(CFD)	2008	-0.3295370567283224	-0.35862674196498723	-0.4793415263158419	-0.20840510232716836	0.010956175298804782
K14_P4_fibrocartilage_matrix	score_K14_P4_fibrocartilage_matrix	anatomy_celltype	outer|Ch.5(cycling)	59	-0.2619178739431493	-0.2716801268268397	-0.4719198034347689	-0.0815945676672775	0.03389830508474576
K14_P4_fibrocartilage_matrix	score_K14_P4_fibrocartilage_matrix	anatomy_celltype	outer|PCL.1	2659	-0.5271947400323922	-0.5264980719504152	-0.620241377204263	-0.4455432697911184	0.000376081233546446
K14_P4_fibrocartilage_matrix	score_K14_P4_fibrocartilage_matrix	anatomy_celltype	outer|PCL.2	1976	-0.5885591977084376	-0.6087676570415981	-0.685912904581269	-0.505068725517086	0.0
K14_P4_fibrocartilage_matrix	score_K14_P4_fibrocartilage_matrix	status_anatomy_celltype	abnormal|inner|Ch.1(CHAD)	714	0.5734352779454602	0.516543014377657	0.08666500208351627	0.9992042239214778	0.6470588235294118
K14_P4_fibrocartilage_matrix	score_K14_P4_fibrocartilage_matrix	status_anatomy_celltype	abnormal|inner|Ch.2(FNDC1)	3779	0.0919756536825677	0.06172979246596459	-0.14960107342186235	0.31163328524415773	0.29214077798359356
K14_P4_fibrocartilage_matrix	score_K14_P4_fibrocartilage_matrix	status_anatomy_celltype	abnormal|inner|Ch.3(PRG4)	3851	0.685648426090395	0.6278408237620352	0.3206594725965369	0.986074411879734	0.7964165151908595
K14_P4_fibrocartilage_matrix	score_K14_P4_fibrocartilage_matrix	status_anatomy_celltype	abnormal|inner|Ch.4(CFD)	167	-0.1265794041994567	-0.1274392618803809	-0.25178399260037443	-0.03603770011194684	0.029940119760479042
K14_P4_fibrocartilage_matrix	score_K14_P4_fibrocartilage_matrix	status_anatomy_celltype	abnormal|inner|Ch.5(cycling)	231	-0.2843178811597005	-0.2927319114098211	-0.4303063622179388	-0.14104393314868904	0.008658008658008658
K14_P4_fibrocartilage_matrix	score_K14_P4_fibrocartilage_matrix	status_anatomy_celltype	abnormal|inner|PCL.1	190	-0.41247364066687725	-0.40842241957778824	-0.45736297458542097	-0.36039543435230054	0.0
K14_P4_fibrocartilage_matrix	score_K14_P4_fibrocartilage_matrix	status_anatomy_celltype	abnormal|inner|PCL.2	34	-0.481647403225629	-0.47526065995687106	-0.5560712805454981	-0.38756945048560676	0.0
K14_P4_fibrocartilage_matrix	score_K14_P4_fibrocartilage_matrix	status_anatomy_celltype	abnormal|outer|Ch.1(CHAD)	1131	0.25307651798006053	0.12895900871680552	-0.13232644605416055	0.4939439761696104	0.40760389036251105
K14_P4_fibrocartilage_matrix	score_K14_P4_fibrocartilage_matrix	status_anatomy_celltype	abnormal|outer|Ch.2(FNDC1)	2171	0.1365592688673222	0.11959497637865642	-0.09028473219051134	0.3341760918780575	0.32427452786734223
K14_P4_fibrocartilage_matrix	score_K14_P4_fibrocartilage_matrix	status_anatomy_celltype	abnormal|outer|Ch.3(PRG4)	429	0.38526104407224604	0.18507596818297342	-0.12397817379448069	0.7882987301601909	0.44988344988344986
K14_P4_fibrocartilage_matrix	score_K14_P4_fibrocartilage_matrix	status_anatomy_celltype	abnormal|outer|Ch.4(CFD)	1071	-0.2444263660608354	-0.2696109704663638	-0.39916551257371624	-0.11284826279230897	0.0196078431372549
K14_P4_fibrocartilage_matrix	score_K14_P4_fibrocartilage_matrix	status_anatomy_celltype	abnormal|outer|Ch.5(cycling)	57	-0.25233163817209353	-0.2610676737978529	-0.46888692623355527	-0.08025744108907755	0.03508771929824561
K14_P4_fibrocartilage_matrix	score_K14_P4_fibrocartilage_matrix	status_anatomy_celltype	abnormal|outer|PCL.1	498	-0.46884770782315266	-0.4636112628158745	-0.5307795374503335	-0.4112724357825309	0.0
K14_P4_fibrocartilage_matrix	score_K14_P4_fibrocartilage_matrix	status_anatomy_celltype	abnormal|outer|PCL.2	144	-0.5602614136247586	-0.5834456947503324	-0.6465765314594492	-0.46596216001363927	0.0
K14_P4_fibrocartilage_matrix	score_K14_P4_fibrocartilage_matrix	status_anatomy_celltype	normal|inner|Ch.1(CHAD)	6265	-0.06216303982841344	-0.08069091108494017	-0.26182341534388737	0.11797209662450925	0.12354349561053472
K14_P4_fibrocartilage_matrix	score_K14_P4_fibrocartilage_matrix	status_anatomy_celltype	normal|inner|Ch.2(FNDC1)	125	0.11080608273927381	0.12020402173172806	-0.05986038968378125	0.2665385354481915	0.264
K14_P4_fibrocartilage_matrix	score_K14_P4_fibrocartilage_matrix	status_anatomy_celltype	normal|inner|Ch.3(PRG4)	371	0.14959098008331195	0.1364769179062956	-0.013664585020398858	0.29464604208278283	0.2776280323450135
K14_P4_fibrocartilage_matrix	score_K14_P4_fibrocartilage_matrix	status_anatomy_celltype	normal|inner|Ch.4(CFD)	49	-0.5426783436430422	-0.5623241572893743	-0.6591954535427323	-0.4674251561491734	0.0
K14_P4_fibrocartilage_matrix	score_K14_P4_fibrocartilage_matrix	status_anatomy_celltype	normal|inner|Ch.5(cycling)	2	-0.6230583229119746	-0.6230583229119746	-0.6232233284823994	-0.6228933173415498	0.0
K14_P4_fibrocartilage_matrix	score_K14_P4_fibrocartilage_matrix	status_anatomy_celltype	normal|inner|PCL.1	31	-0.43730212366591126	-0.4078921334667432	-0.519355456347134	-0.32795572193648215	0.0
K14_P4_fibrocartilage_matrix	score_K14_P4_fibrocartilage_matrix	status_anatomy_celltype	normal|inner|PCL.2	6	-0.7295370642487021	-0.7614338938826297	-0.7614338938826297	-0.6947702565158679	0.0
K14_P4_fibrocartilage_matrix	score_K14_P4_fibrocartilage_matrix	status_anatomy_celltype	normal|outer|Ch.1(CHAD)	2279	-0.15710421417187878	-0.1567846724992821	-0.37235848212674416	0.050811987241085724	0.09126810004387889
K14_P4_fibrocartilage_matrix	score_K14_P4_fibrocartilage_matrix	status_anatomy_celltype	normal|outer|Ch.2(FNDC1)	81	-0.12945803526944769	-0.15375678552764152	-0.2865970173982267	-0.00982754065648117	0.06172839506172839
K14_P4_fibrocartilage_matrix	score_K14_P4_fibrocartilage_matrix	status_anatomy_celltype	normal|outer|Ch.3(PRG4)	78	0.1604096353769762	0.13959718438550311	0.0417105091128938	0.3179544771116172	0.3333333333333333
K14_P4_fibrocartilage_matrix	score_K14_P4_fibrocartilage_matrix	status_anatomy_celltype	normal|outer|Ch.4(CFD)	937	-0.42681939365988975	-0.4411923064494084	-0.5318625998099261	-0.3351875876069489	0.0010672358591248667
K14_P4_fibrocartilage_matrix	score_K14_P4_fibrocartilage_matrix	status_anatomy_celltype	normal|outer|Ch.5(cycling)	2	-0.53512559341824	-0.53512559341824	-0.5724153261214777	-0.4978358607150023	0.0
K14_P4_fibrocartilage_matrix	score_K14_P4_fibrocartilage_matrix	status_anatomy_celltype	normal|outer|PCL.1	2161	-0.5406407474549748	-0.5428399062374462	-0.6373152263189957	-0.46166019443052975	0.00046274872744099955
K14_P4_fibrocartilage_matrix	score_K14_P4_fibrocartilage_matrix	status_anatomy_celltype	normal|outer|PCL.2	1832	-0.5907834776800807	-0.6124712644432962	-0.6884691011583975	-0.5080661367881987	0.0
K14_P7_other_fibrochondrocyte_program	score_K14_P7_other_fibrochondrocyte_program	status	abnormal	14467	0.4559171909043845	0.407766805238521	-0.1424489086776926	1.0462194605645787	0.4839980645607244
K14_P7_other_fibrochondrocyte_program	score_K14_P7_other_fibrochondrocyte_program	status	normal	14219	-0.46386904851351934	-0.5049867230870507	-0.6609568081563242	-0.3311906314583277	0.01195583374358253
K14_P7_other_fibrochondrocyte_program	score_K14_P7_other_fibrochondrocyte_program	anatomy	inner	15815	0.10900228191680565	-0.13590196420042816	-0.5006320179939383	0.7185818855373013	0.30376225102750554
K14_P7_other_fibrochondrocyte_program	score_K14_P7_other_fibrochondrocyte_program	anatomy	outer	12871	-0.1339345108005813	-0.36111525211945456	-0.5703866362780119	0.14109951458429765	0.1839794887732111
K14_P7_other_fibrochondrocyte_program	score_K14_P7_other_fibrochondrocyte_program	celltype	Ch.1(CHAD)	10389	-0.45963071097904873	-0.5230844255158893	-0.6809440316757309	-0.2987062267224273	0.010588122052170565
K14_P7_other_fibrochondrocyte_program	score_K14_P7_other_fibrochondrocyte_program	celltype	Ch.2(FNDC1)	6156	1.0942693219615822	1.1094218926512132	0.825172813644542	1.3781717891895873	0.9374593892137751
K14_P7_other_fibrochondrocyte_program	score_K14_P7_other_fibrochondrocyte_program	celltype	Ch.3(PRG4)	4729	-0.004456793609162019	-0.06851165458169092	-0.2876965177250125	0.2131873400187972	0.13554662719390992
K14_P7_other_fibrochondrocyte_program	score_K14_P7_other_fibrochondrocyte_program	celltype	Ch.4(CFD)	2224	-0.1257008514392428	-0.21338124991393437	-0.43789328490893786	0.1377479130897088	0.11016187050359712
K14_P7_other_fibrochondrocyte_program	score_K14_P7_other_fibrochondrocyte_program	celltype	Ch.5(cycling)	292	0.7839567038338753	0.8722597319818886	0.5721342476259068	1.2027293600843203	0.8082191780821918
K14_P7_other_fibrochondrocyte_program	score_K14_P7_other_fibrochondrocyte_program	celltype	PCL.1	2880	-0.3073133400954964	-0.38316078422520006	-0.5749224264558181	-0.1441316167961437	0.05798611111111111
K14_P7_other_fibrochondrocyte_program	score_K14_P7_other_fibrochondrocyte_program	celltype	PCL.2	2016	-0.4982324191964395	-0.48935751108199693	-0.6138066462749254	-0.3881293013685069	0.000992063492063492
K14_P7_other_fibrochondrocyte_program	score_K14_P7_other_fibrochondrocyte_program	status_anatomy	abnormal|inner	8966	0.5413046281468451	0.5407067104833918	-0.08355236161792669	1.1366216563190497	0.525094802587553
K14_P7_other_fibrochondrocyte_program	score_K14_P7_other_fibrochondrocyte_program	status_anatomy	abnormal|outer	5501	0.31674544716399156	0.2569065772159045	-0.25937082705506226	0.851588118975066	0.41701508816578803
K14_P7_other_fibrochondrocyte_program	score_K14_P7_other_fibrochondrocyte_program	status_anatomy	normal|inner	6849	-0.4569230847496468	-0.5151304736499445	-0.6730907118319398	-0.30623496952741586	0.01401664476565922
K14_P7_other_fibrochondrocyte_program	score_K14_P7_other_fibrochondrocyte_program	status_anatomy	normal|outer	7370	-0.4703239882446947	-0.49657228453832636	-0.6513086427406953	-0.3456595012741095	0.010040705563093623
K14_P7_other_fibrochondrocyte_program	score_K14_P7_other_fibrochondrocyte_program	status_celltype	abnormal|Ch.1(CHAD)	1845	-0.2579588017403889	-0.31597872841263375	-0.5572178204026522	-0.00865320032795287	0.04769647696476965
K14_P7_other_fibrochondrocyte_program	score_K14_P7_other_fibrochondrocyte_program	status_celltype	abnormal|Ch.2(FNDC1)	5950	1.1129149111275987	1.126038958444265	0.8486556769661593	1.3897029482626686	0.9494117647058824
K14_P7_other_fibrochondrocyte_program	score_K14_P7_other_fibrochondrocyte_program	status_celltype	abnormal|Ch.3(PRG4)	4280	0.027770637149879162	-0.043553194715422086	-0.2555619542276234	0.24437560170811154	0.1485981308411215
K14_P7_other_fibrochondrocyte_program	score_K14_P7_other_fibrochondrocyte_program	status_celltype	abnormal|Ch.4(CFD)	1238	0.06980568747054275	0.055223572788500146	-0.24934647622331368	0.36418905244554756	0.19143780290791598
K14_P7_other_fibrochondrocyte_program	score_K14_P7_other_fibrochondrocyte_program	status_celltype	abnormal|Ch.5(cycling)	288	0.8016424610563033	0.887555573539391	0.593158433514961	1.2076690969558053	0.8194444444444444
K14_P7_other_fibrochondrocyte_program	score_K14_P7_other_fibrochondrocyte_program	status_celltype	abnormal|PCL.1	688	0.11819096349832424	0.11443439173709011	-0.19204635468557835	0.40977668890695274	0.2238372093023256
K14_P7_other_fibrochondrocyte_program	score_K14_P7_other_fibrochondrocyte_program	status_celltype	abnormal|PCL.2	178	-0.37989837609855576	-0.39652391142975285	-0.5150597206645705	-0.2784865140151078	0.011235955056179775
K14_P7_other_fibrochondrocyte_program	score_K14_P7_other_fibrochondrocyte_program	status_celltype	normal|Ch.1(CHAD)	8544	-0.5031799469979308	-0.5499645888830267	-0.6988125197547381	-0.35969096603379946	0.0025749063670411983
K14_P7_other_fibrochondrocyte_program	score_K14_P7_other_fibrochondrocyte_program	status_celltype	normal|Ch.2(FNDC1)	206	0.5557195377975107	0.516808571470601	0.29847842976095706	0.7553583015928327	0.5922330097087378
K14_P7_other_fibrochondrocyte_program	score_K14_P7_other_fibrochondrocyte_program	status_celltype	normal|Ch.3(PRG4)	449	-0.3116581380383297	-0.3647090585824427	-0.48288994388700496	-0.1712558920862446	0.011135857461024499
K14_P7_other_fibrochondrocyte_program	score_K14_P7_other_fibrochondrocyte_program	status_celltype	normal|Ch.4(CFD)	986	-0.371174578792503	-0.40962066150423243	-0.5426944603385686	-0.24229247852651006	0.008113590263691683
K14_P7_other_fibrochondrocyte_program	score_K14_P7_other_fibrochondrocyte_program	status_celltype	normal|Ch.5(cycling)	4	-0.4894178161809464	-0.5434151923536126	-0.5762682410988587	-0.45656476743570024	0.0
K14_P7_other_fibrochondrocyte_program	score_K14_P7_other_fibrochondrocyte_program	status_celltype	normal|PCL.1	2192	-0.44086578574903135	-0.45800134785112556	-0.6215116448719804	-0.2879722039536209	0.005930656934306569
K14_P7_other_fibrochondrocyte_program	score_K14_P7_other_fibrochondrocyte_program	status_celltype	normal|PCL.2	1838	-0.5096924081362781	-0.49686150166797716	-0.6244863215243567	-0.39811597039650515	0.0
K14_P7_other_fibrochondrocyte_program	score_K14_P7_other_fibrochondrocyte_program	anatomy_celltype	inner|Ch.1(CHAD)	6979	-0.4534008204762396	-0.5119824013161398	-0.672379384859011	-0.29289860519450495	0.011033099297893681
K14_P7_other_fibrochondrocyte_program	score_K14_P7_other_fibrochondrocyte_program	anatomy_celltype	inner|Ch.2(FNDC1)	3904	1.1696559587427036	1.1777666123047763	0.9104916001234462	1.451547195913466	0.9623463114754098
K14_P7_other_fibrochondrocyte_program	score_K14_P7_other_fibrochondrocyte_program	anatomy_celltype	inner|Ch.3(PRG4)	4222	0.0016503015370631711	-0.061532295005868425	-0.2779178200450087	0.21331281032573712	0.1359545239223117
K14_P7_other_fibrochondrocyte_program	score_K14_P7_other_fibrochondrocyte_program	anatomy_celltype	inner|Ch.4(CFD)	216	0.29010524053264186	0.44096725466431397	-0.15208007373205537	0.7171104547540648	0.4722222222222222
K14_P7_other_fibrochondrocyte_program	score_K14_P7_other_fibrochondrocyte_program	anatomy_celltype	inner|Ch.5(cycling)	233	0.8511844656527711	0.9400258850263139	0.6457556871892904	1.2688145497627803	0.8540772532188842
K14_P7_other_fibrochondrocyte_program	score_K14_P7_other_fibrochondrocyte_program	anatomy_celltype	inner|PCL.1	221	0.3133404680385907	0.39115765827324706	0.023108614277365908	0.6575167244302463	0.4253393665158371
K14_P7_other_fibrochondrocyte_program	score_K14_P7_other_fibrochondrocyte_program	anatomy_celltype	inner|PCL.2	40	-0.38464943229282594	-0.4428059122978296	-0.510756188961018	-0.24940555028575923	0.025
K14_P7_other_fibrochondrocyte_program	score_K14_P7_other_fibrochondrocyte_program	anatomy_celltype	outer|Ch.1(CHAD)	3410	-0.47238097661515016	-0.5436819144836338	-0.695654970719999	-0.31269799658923586	0.00967741935483871
K14_P7_other_fibrochondrocyte_program	score_K14_P7_other_fibrochondrocyte_program	anatomy_celltype	outer|Ch.2(FNDC1)	2252	0.9635812979857841	0.9714930759836935	0.6905062881598956	1.2634617840516196	0.894316163410302
K14_P7_other_fibrochondrocyte_program	score_K14_P7_other_fibrochondrocyte_program	anatomy_celltype	outer|Ch.3(PRG4)	507	-0.05531311650336864	-0.12594294445535587	-0.37028112630185267	0.20678059618005076	0.13214990138067062
K14_P7_other_fibrochondrocyte_program	score_K14_P7_other_fibrochondrocyte_program	anatomy_celltype	outer|Ch.4(CFD)	2008	-0.17042899679080012	-0.24818434276891393	-0.4477831392415942	0.07439361491386515	0.07121513944223108
K14_P7_other_fibrochondrocyte_program	score_K14_P7_other_fibrochondrocyte_program	anatomy_celltype	outer|Ch.5(cycling)	59	0.5184640173287447	0.623013800943242	0.25037022410348175	0.9965178031789979	0.6271186440677966
K14_P7_other_fibrochondrocyte_program	score_K14_P7_other_fibrochondrocyte_program	anatomy_celltype	outer|PCL.1	2659	-0.35889833129430543	-0.40924638818829884	-0.58753457749447	-0.19848026461674512	0.02745393004889056
K14_P7_other_fibrochondrocyte_program	score_K14_P7_other_fibrochondrocyte_program	anatomy_celltype	outer|PCL.2	1976	-0.5005316699434762	-0.4899945574498681	-0.6156836510306809	-0.3896126926430584	0.0005060728744939271
K14_P7_other_fibrochondrocyte_program	score_K14_P7_other_fibrochondrocyte_program	status_anatomy_celltype	abnormal|inner|Ch.1(CHAD)	714	-0.15454284414042327	-0.22113367007561385	-0.45880529476126536	0.11114692703079393	0.08543417366946779
K14_P7_other_fibrochondrocyte_program	score_K14_P7_other_fibrochondrocyte_program	status_anatomy_celltype	abnormal|inner|Ch.2(FNDC1)	3779	1.1932020828313814	1.1945905862145707	0.9420616663682155	1.4604208252728936	0.9764487959777719
K14_P7_other_fibrochondrocyte_program	score_K14_P7_other_fibrochondrocyte_program	status_anatomy_celltype	abnormal|inner|Ch.3(PRG4)	3851	0.030629226295258074	-0.04118182460423518	-0.24822973346976895	0.2410611105560972	0.14775383017398078
K14_P7_other_fibrochondrocyte_program	score_K14_P7_other_fibrochondrocyte_program	status_anatomy_celltype	abnormal|inner|Ch.4(CFD)	167	0.5084320111434674	0.5849603551067202	0.2863036741513191	0.7586321503389559	0.6107784431137725
K14_P7_other_fibrochondrocyte_program	score_K14_P7_other_fibrochondrocyte_program	status_anatomy_celltype	abnormal|inner|Ch.5(cycling)	231	0.8622880177413776	0.948500781551153	0.6523780966410072	1.2716621188049033	0.8614718614718615
K14_P7_other_fibrochondrocyte_program	score_K14_P7_other_fibrochondrocyte_program	status_anatomy_celltype	abnormal|inner|PCL.1	190	0.33853405673703124	0.40617739970874045	0.03546374510360617	0.6713506023610896	0.45263157894736844
K14_P7_other_fibrochondrocyte_program	score_K14_P7_other_fibrochondrocyte_program	status_anatomy_celltype	abnormal|inner|PCL.2	34	-0.34709069238846657	-0.4079916784754094	-0.5060206160677153	-0.23986888969944647	0.029411764705882353
K14_P7_other_fibrochondrocyte_program	score_K14_P7_other_fibrochondrocyte_program	status_anatomy_celltype	abnormal|outer|Ch.1(CHAD)	1131	-0.3232452683419586	-0.38693345956259506	-0.597163250023814	-0.08504271271663824	0.023872679045092837
K14_P7_other_fibrochondrocyte_program	score_K14_P7_other_fibrochondrocyte_program	status_anatomy_celltype	abnormal|outer|Ch.2(FNDC1)	2171	0.9731612391475923	0.9823980933148556	0.7037790813288503	1.267054468625373	0.9023491478581299
K14_P7_other_fibrochondrocyte_program	score_K14_P7_other_fibrochondrocyte_program	status_anatomy_celltype	abnormal|outer|Ch.3(PRG4)	429	0.0021099686210816586	-0.05439570258000435	-0.31848095485104977	0.31527492405271257	0.1561771561771562
K14_P7_other_fibrochondrocyte_program	score_K14_P7_other_fibrochondrocyte_program	status_anatomy_celltype	abnormal|outer|Ch.4(CFD)	1071	0.0014111066550633637	-0.0067348781781036374	-0.2823110981619308	0.2621457391809149	0.12605042016806722
K14_P7_other_fibrochondrocyte_program	score_K14_P7_other_fibrochondrocyte_program	status_anatomy_celltype	abnormal|outer|Ch.5(cycling)	57	0.5558683629115286	0.6250871383396153	0.28001786931198785	1.0127311114380761	0.6491228070175439
K14_P7_other_fibrochondrocyte_program	score_K14_P7_other_fibrochondrocyte_program	status_anatomy_celltype	abnormal|outer|PCL.1	498	0.03412432149962075	0.032523017675510524	-0.24837835256678178	0.31797236635588744	0.13654618473895583
K14_P7_other_fibrochondrocyte_program	score_K14_P7_other_fibrochondrocyte_program	status_anatomy_celltype	abnormal|outer|PCL.2	144	-0.3876446347523268	-0.39244267779608155	-0.5237728207410418	-0.2902712153153635	0.006944444444444444
K14_P7_other_fibrochondrocyte_program	score_K14_P7_other_fibrochondrocyte_program	status_anatomy_celltype	normal|inner|Ch.1(CHAD)	6265	-0.4874606121927237	-0.5329779457240506	-0.685209912791252	-0.3410951582970116	0.002553870710295291
K14_P7_other_fibrochondrocyte_program	score_K14_P7_other_fibrochondrocyte_program	status_anatomy_celltype	normal|inner|Ch.2(FNDC1)	125	0.4578095352937957	0.4743415873311439	0.26573864592415386	0.6179923308795593	0.536
K14_P7_other_fibrochondrocyte_program	score_K14_P7_other_fibrochondrocyte_program	status_anatomy_celltype	normal|inner|Ch.3(PRG4)	371	-0.2991524996591863	-0.35262019154939006	-0.4884730232318163	-0.1332237382390788	0.013477088948787063
K14_P7_other_fibrochondrocyte_program	score_K14_P7_other_fibrochondrocyte_program	status_anatomy_celltype	normal|inner|Ch.4(CFD)	49	-0.45398803889609	-0.4472312882113879	-0.6119121573476709	-0.31313589304227285	0.0
K14_P7_other_fibrochondrocyte_program	score_K14_P7_other_fibrochondrocyte_program	status_anatomy_celltype	normal|inner|Ch.5(cycling)	2	-0.43127580058129444	-0.43127580058129444	-0.5027358609833301	-0.3598157401792588	0.0
K14_P7_other_fibrochondrocyte_program	score_K14_P7_other_fibrochondrocyte_program	status_anatomy_celltype	normal|inner|PCL.1	31	0.1589281502094392	0.27669164606732144	-0.10400629175149535	0.46380401705065244	0.25806451612903225
K14_P7_other_fibrochondrocyte_program	score_K14_P7_other_fibrochondrocyte_program	status_anatomy_celltype	normal|inner|PCL.2	6	-0.5974822917508629	-0.5560151811164931	-0.7250812146346705	-0.47464350057951155	0.0
K14_P7_other_fibrochondrocyte_program	score_K14_P7_other_fibrochondrocyte_program	status_anatomy_celltype	normal|outer|Ch.1(CHAD)	2279	-0.5463925984040836	-0.6020878146511872	-0.7282183620323242	-0.4210787101716219	0.0026327336551118913
K14_P7_other_fibrochondrocyte_program	score_K14_P7_other_fibrochondrocyte_program	status_anatomy_celltype	normal|outer|Ch.2(FNDC1)	81	0.7068152206736138	0.6923653844802663	0.3576745572161859	1.0140006599519835	0.6790123456790124
K14_P7_other_fibrochondrocyte_program	score_K14_P7_other_fibrochondrocyte_program	status_anatomy_celltype	normal|outer|Ch.3(PRG4)	78	-0.3711400846878452	-0.3931853867518885	-0.45424129923802714	-0.27619915728915634	0.0
K14_P7_other_fibrochondrocyte_program	score_K14_P7_other_fibrochondrocyte_program	status_anatomy_celltype	normal|outer|Ch.4(CFD)	937	-0.366843885574706	-0.40323682141523864	-0.5395806893590371	-0.24123020611242202	0.008537886872998933
K14_P7_other_fibrochondrocyte_program	score_K14_P7_other_fibrochondrocyte_program	status_anatomy_celltype	normal|outer|Ch.5(cycling)	2	-0.5475598317805983	-0.5475598317805983	-0.5650225160099679	-0.5300971475512288	0.0
K14_P7_other_fibrochondrocyte_program	score_K14_P7_other_fibrochondrocyte_program	status_anatomy_celltype	normal|outer|PCL.1	2161	-0.4494699560473713	-0.46047552095983174	-0.622638800492862	-0.29666723585381444	0.0023137436372049976
K14_P7_other_fibrochondrocyte_program	score_K14_P7_other_fibrochondrocyte_program	status_anatomy_celltype	normal|outer|PCL.2	1832	-0.509404886683392	-0.49680695252149365	-0.6241846296699624	-0.39785803054429103	0.0
K14_P9_angiogenic_paracrine	score_K14_P9_angiogenic_paracrine	status	abnormal	14467	0.08932372607379557	0.048621179588746205	-0.16635114404956647	0.30461587177723426	0.3488629294255893
K14_P9_angiogenic_paracrine	score_K14_P9_angiogenic_paracrine	status	normal	14219	-0.09088166151695622	-0.1302295285216088	-0.28093169582756605	0.06376690610144267	0.14944792179478164
K14_P9_angiogenic_paracrine	score_K14_P9_angiogenic_paracrine	anatomy	inner	15815	0.1267633701518265	0.08219407072632672	-0.10913733361903324	0.3196885260137544	0.3730635472652545
K14_P9_angiogenic_paracrine	score_K14_P9_angiogenic_paracrine	anatomy	outer	12871	-0.1557581150610781	-0.1917647777960717	-0.33053250057082584	-0.01783573790607699	0.09882681998290731
K14_P9_angiogenic_paracrine	score_K14_P9_angiogenic_paracrine	celltype	Ch.1(CHAD)	10389	-0.0378585741253473	-0.06049400776332505	-0.22449746916912847	0.12438889594709615	0.1865434594282414
K14_P9_angiogenic_paracrine	score_K14_P9_angiogenic_paracrine	celltype	Ch.2(FNDC1)	6156	0.06733914304765679	0.046696677544956204	-0.12593974886277473	0.24245140160685272	0.3094541910331384
K14_P9_angiogenic_paracrine	score_K14_P9_angiogenic_paracrine	celltype	Ch.3(PRG4)	4729	0.3336049796780451	0.3151783556287457	0.08580129291828424	0.5679183816329594	0.6407274265172341
K14_P9_angiogenic_paracrine	score_K14_P9_angiogenic_paracrine	celltype	Ch.4(CFD)	2224	-0.19769401135525252	-0.22198764043642857	-0.3345896213792928	-0.0916921103959508	0.048111510791366906
K14_P9_angiogenic_paracrine	score_K14_P9_angiogenic_paracrine	celltype	Ch.5(cycling)	292	0.1776605222451762	0.17512344275223418	-0.01993339379273769	0.3867418942797402	0.4691780821917808
K14_P9_angiogenic_paracrine	score_K14_P9_angiogenic_paracrine	celltype	PCL.1	2880	-0.22110899661137665	-0.226302024199244	-0.33135533996087524	-0.10574931634334803	0.01597222222222222
K14_P9_angiogenic_paracrine	score_K14_P9_angiogenic_paracrine	celltype	PCL.2	2016	-0.28484943844809635	-0.2844739824871143	-0.3815917900915704	-0.17545650594916767	0.004464285714285714
K14_P9_angiogenic_paracrine	score_K14_P9_angiogenic_paracrine	status_anatomy	abnormal|inner	8966	0.1861540357305192	0.15445819815551962	-0.07359741522858874	0.4112673527814772	0.4621904974347535
K14_P9_angiogenic_paracrine	score_K14_P9_angiogenic_paracrine	status_anatomy	abnormal|outer	5501	-0.06849858921109515	-0.09584706196003541	-0.2731515555544544	0.10382218837511573	0.16415197236866025
K14_P9_angiogenic_paracrine	score_K14_P9_angiogenic_paracrine	status_anatomy	normal|inner	6849	0.049015274432953886	0.014691645423489502	-0.13897892882822427	0.1969127945281492	0.25638779383851656
K14_P9_angiogenic_paracrine	score_K14_P9_angiogenic_paracrine	status_anatomy	normal|outer	7370	-0.22088900402997308	-0.2428680634115689	-0.3527092084821849	-0.10913184545629112	0.05006784260515604
K14_P9_angiogenic_paracrine	score_K14_P9_angiogenic_paracrine	status_celltype	abnormal|Ch.1(CHAD)	1845	-0.09686786292144572	-0.1302383642040684	-0.31504630793029503	0.08623644934058132	0.16260162601626016
K14_P9_angiogenic_paracrine	score_K14_P9_angiogenic_paracrine	status_celltype	abnormal|Ch.2(FNDC1)	5950	0.0629668554166964	0.04155391429454367	-0.12931657817689518	0.2371485628357197	0.3028571428571429
K14_P9_angiogenic_paracrine	score_K14_P9_angiogenic_paracrine	status_celltype	abnormal|Ch.3(PRG4)	4280	0.3329645026981092	0.31196525082544974	0.07615205503956055	0.5709119867696072	0.6336448598130842
K14_P9_angiogenic_paracrine	score_K14_P9_angiogenic_paracrine	status_celltype	abnormal|Ch.4(CFD)	1238	-0.18213349829145484	-0.21138959673046406	-0.3301663446246016	-0.07200413044385656	0.05088852988691438
K14_P9_angiogenic_paracrine	score_K14_P9_angiogenic_paracrine	status_celltype	abnormal|Ch.5(cycling)	288	0.18299644545764562	0.17757087098267557	-0.012606979364912462	0.3890304558772697	0.4756944444444444
K14_P9_angiogenic_paracrine	score_K14_P9_angiogenic_paracrine	status_celltype	abnormal|PCL.1	688	-0.16073110850362476	-0.15282442310130034	-0.30363483333656155	-0.029410089690183	0.04505813953488372
K14_P9_angiogenic_paracrine	score_K14_P9_angiogenic_paracrine	status_celltype	abnormal|PCL.2	178	-0.25512366198915715	-0.2664560930651126	-0.3759082925588887	-0.13439798164017358	0.011235955056179775
K14_P9_angiogenic_paracrine	score_K14_P9_angiogenic_paracrine	status_celltype	normal|Ch.1(CHAD)	8544	-0.025116048630403294	-0.045370231767782834	-0.20726774349079347	0.1312398592964041	0.19171348314606743
K14_P9_angiogenic_paracrine	score_K14_P9_angiogenic_paracrine	status_celltype	normal|Ch.2(FNDC1)	206	0.19362609161180397	0.19522332411779214	0.022527866680047255	0.34800649104607334	0.5
K14_P9_angiogenic_paracrine	score_K14_P9_angiogenic_paracrine	status_celltype	normal|Ch.3(PRG4)	449	0.33971019454246754	0.3300894940456446	0.1504737746267067	0.5304450001638943	0.7082405345211581
K14_P9_angiogenic_paracrine	score_K14_P9_angiogenic_paracrine	status_celltype	normal|Ch.4(CFD)	986	-0.21723145067876318	-0.23393178743223839	-0.3383210697945857	-0.11239443864400808	0.04462474645030426
K14_P9_angiogenic_paracrine	score_K14_P9_angiogenic_paracrine	status_celltype	normal|Ch.5(cycling)	4	-0.2065259490526225	-0.18786266020372244	-0.2767921847143653	-0.11759642454197962	0.0
K14_P9_angiogenic_paracrine	score_K14_P9_angiogenic_paracrine	status_celltype	normal|PCL.1	2192	-0.24005972061599948	-0.24645209058181594	-0.33874191389908836	-0.1328843383667701	0.006843065693430657
K14_P9_angiogenic_paracrine	score_K14_P9_angiogenic_paracrine	status_celltype	normal|PCL.2	1838	-0.28772821331735166	-0.2851315729267523	-0.38280943930187256	-0.17884429539810265	0.003808487486398259
K14_P9_angiogenic_paracrine	score_K14_P9_angiogenic_paracrine	anatomy_celltype	inner|Ch.1(CHAD)	6979	0.03290268552878478	0.0030722248327101436	-0.14608600411412476	0.1768808777799259	0.23413096432153604
K14_P9_angiogenic_paracrine	score_K14_P9_angiogenic_paracrine	anatomy_celltype	inner|Ch.2(FNDC1)	3904	0.08796551249120453	0.063271088868433	-0.12078588664831863	0.2744842733121254	0.34375
K14_P9_angiogenic_paracrine	score_K14_P9_angiogenic_paracrine	anatomy_celltype	inner|Ch.3(PRG4)	4222	0.34991183470034937	0.3307598236615764	0.10795049389803418	0.5783405269968538	0.6617716721932734
K14_P9_angiogenic_paracrine	score_K14_P9_angiogenic_paracrine	anatomy_celltype	inner|Ch.4(CFD)	216	-0.18844648952139553	-0.20655800073349914	-0.29437778701422024	-0.1116745085145583	0.037037037037037035
K14_P9_angiogenic_paracrine	score_K14_P9_angiogenic_paracrine	anatomy_celltype	inner|Ch.5(cycling)	233	0.19518381118219894	0.19437478830580468	-0.01038979946232392	0.39936982805166654	0.5021459227467812
K14_P9_angiogenic_paracrine	score_K14_P9_angiogenic_paracrine	anatomy_celltype	inner|PCL.1	221	-0.17571437307043572	-0.15278762346912617	-0.301724156954529	-0.059922159941274124	0.01809954751131222
K14_P9_angiogenic_paracrine	score_K14_P9_angiogenic_paracrine	anatomy_celltype	inner|PCL.2	40	-0.2887695011263699	-0.3433958055068922	-0.4170349335221006	-0.2144440690242477	0.025
K14_P9_angiogenic_paracrine	score_K14_P9_angiogenic_paracrine	anatomy_celltype	outer|Ch.1(CHAD)	3410	-0.18268051873713256	-0.21198208228579035	-0.35969438577071683	-0.03664977212969624	0.08914956011730206
K14_P9_angiogenic_paracrine	score_K14_P9_angiogenic_paracrine	anatomy_celltype	outer|Ch.2(FNDC1)	2252	0.03158188447411756	0.02696803928687571	-0.13249342794095054	0.19072417863543253	0.25
K14_P9_angiogenic_paracrine	score_K14_P9_angiogenic_paracrine	anatomy_celltype	outer|Ch.3(PRG4)	507	0.19781101142524712	0.15656983941586108	-0.060276226531514675	0.4108981528583678	0.46548323471400394
K14_P9_angiogenic_paracrine	score_K14_P9_angiogenic_paracrine	anatomy_celltype	outer|Ch.4(CFD)	2008	-0.19868876469993035	-0.22554030545707016	-0.33858545252232064	-0.08896396824470126	0.04930278884462151
K14_P9_angiogenic_paracrine	score_K14_P9_angiogenic_paracrine	anatomy_celltype	outer|Ch.5(cycling)	59	0.10845838118879836	0.09161431996766345	-0.06266382640615545	0.27516045931146504	0.3389830508474576
K14_P9_angiogenic_paracrine	score_K14_P9_angiogenic_paracrine	anatomy_celltype	outer|PCL.1	2659	-0.2248819232012781	-0.2306952622696763	-0.3341495269354503	-0.11252622233492024	0.015795411808950735
K14_P9_angiogenic_paracrine	score_K14_P9_angiogenic_paracrine	anatomy_celltype	outer|PCL.2	1976	-0.28477008495258477	-0.2837100989347535	-0.3809965229758862	-0.17528584650091109	0.004048582995951417
K14_P9_angiogenic_paracrine	score_K14_P9_angiogenic_paracrine	status_anatomy_celltype	abnormal|inner|Ch.1(CHAD)	714	0.04088821533168122	0.03533999830043945	-0.15944885292587946	0.22786804686433867	0.29411764705882354
K14_P9_angiogenic_paracrine	score_K14_P9_angiogenic_paracrine	status_anatomy_celltype	abnormal|inner|Ch.2(FNDC1)	3779	0.08411192638929166	0.05568535142597575	-0.12513051953811488	0.27050899855180455	0.3379200846784864
K14_P9_angiogenic_paracrine	score_K14_P9_angiogenic_paracrine	status_anatomy_celltype	abnormal|inner|Ch.3(PRG4)	3851	0.3516730619059217	0.331384990545873	0.10239638363383574	0.5823894990584441	0.6582705790703713
K14_P9_angiogenic_paracrine	score_K14_P9_angiogenic_paracrine	status_anatomy_celltype	abnormal|inner|Ch.4(CFD)	167	-0.20185772650057784	-0.20746596252487864	-0.31451630558961785	-0.11570626076932047	0.005988023952095809
K14_P9_angiogenic_paracrine	score_K14_P9_angiogenic_paracrine	status_anatomy_celltype	abnormal|inner|Ch.5(cycling)	231	0.1984969069258119	0.19700709686140722	-0.007304831158324192	0.40071336338643804	0.5064935064935064
K14_P9_angiogenic_paracrine	score_K14_P9_angiogenic_paracrine	status_anatomy_celltype	abnormal|inner|PCL.1	190	-0.18329944639548743	-0.15823172795896384	-0.3145563071873455	-0.0687735193641309	0.015789473684210527
K14_P9_angiogenic_paracrine	score_K14_P9_angiogenic_paracrine	status_anatomy_celltype	abnormal|inner|PCL.2	34	-0.28249067561606445	-0.3680004257573266	-0.42084643412059836	-0.1662230029965919	0.029411764705882353
K14_P9_angiogenic_paracrine	score_K14_P9_angiogenic_paracrine	status_anatomy_celltype	abnormal|outer|Ch.1(CHAD)	1131	-0.18383323858257095	-0.21895569549359237	-0.37000784009209464	-0.05883445246303639	0.07957559681697612
K14_P9_angiogenic_paracrine	score_K14_P9_angiogenic_paracrine	status_anatomy_celltype	abnormal|outer|Ch.2(FNDC1)	2171	0.02616021183980213	0.02266179463911993	-0.13427714701792864	0.18426051932353854	0.2418240442192538
K14_P9_angiogenic_paracrine	score_K14_P9_angiogenic_paracrine	status_anatomy_celltype	abnormal|outer|Ch.3(PRG4)	429	0.16502356677902819	0.11672887607850542	-0.08438443988343287	0.37779129131199846	0.4125874125874126
K14_P9_angiogenic_paracrine	score_K14_P9_angiogenic_paracrine	status_anatomy_celltype	abnormal|outer|Ch.4(CFD)	1071	-0.179057918355952	-0.2148867285686718	-0.33591387401366446	-0.059537255915180665	0.05788982259570495
K14_P9_angiogenic_paracrine	score_K14_P9_angiogenic_paracrine	status_anatomy_celltype	abnormal|outer|Ch.5(cycling)	57	0.12017878582349796	0.09875295508607337	-0.060990507465240505	0.2762628293335614	0.3508771929824561
K14_P9_angiogenic_paracrine	score_K14_P9_angiogenic_paracrine	status_anatomy_celltype	abnormal|outer|PCL.1	498	-0.15212069846456067	-0.15021405771185325	-0.29927611149019206	-0.006819759813919772	0.05622489959839357
K14_P9_angiogenic_paracrine	score_K14_P9_angiogenic_paracrine	status_anatomy_celltype	abnormal|outer|PCL.2	144	-0.24866200599391514	-0.25892949489846206	-0.3559400146292751	-0.1329242550922052	0.006944444444444444
K14_P9_angiogenic_paracrine	score_K14_P9_angiogenic_paracrine	status_anatomy_celltype	normal|inner|Ch.1(CHAD)	6265	0.031992602802644626	0.000722532882723767	-0.1452108386063282	0.16895598702723483	0.22729449321628092
K14_P9_angiogenic_paracrine	score_K14_P9_angiogenic_paracrine	status_anatomy_celltype	normal|inner|Ch.2(FNDC1)	125	0.20446712752423432	0.21231309236489881	0.0568320173343438	0.34252931200229403	0.52
K14_P9_angiogenic_paracrine	score_K14_P9_angiogenic_paracrine	status_anatomy_celltype	normal|inner|Ch.3(PRG4)	371	0.3316302013616461	0.32504423891312373	0.14039965682797437	0.504541340339649	0.6981132075471698
K14_P9_angiogenic_paracrine	score_K14_P9_angiogenic_paracrine	status_anatomy_celltype	normal|inner|Ch.4(CFD)	49	-0.14273880430663116	-0.18842643883058452	-0.2814829076698616	-0.0628896113807024	0.14285714285714285
K14_P9_angiogenic_paracrine	score_K14_P9_angiogenic_paracrine	status_anatomy_celltype	normal|inner|Ch.5(cycling)	2	-0.1874787472051047	-0.1874787472051047	-0.22270784328563056	-0.1522496511245789	0.0
K14_P9_angiogenic_paracrine	score_K14_P9_angiogenic_paracrine	status_anatomy_celltype	normal|inner|PCL.1	31	-0.1292252139814089	-0.10289903437664849	-0.25952561952932623	-0.014806039784187519	0.03225806451612903
K14_P9_angiogenic_paracrine	score_K14_P9_angiogenic_paracrine	status_anatomy_celltype	normal|inner|PCL.2	6	-0.3243495123514344	-0.31955028367196336	-0.3258862937547282	-0.27932936340138526	0.0
K14_P9_angiogenic_paracrine	score_K14_P9_angiogenic_paracrine	status_anatomy_celltype	normal|outer|Ch.1(CHAD)	2279	-0.18210845812055038	-0.21081312510176345	-0.3570177823472162	-0.029007861448865923	0.09390083369899078
K14_P9_angiogenic_paracrine	score_K14_P9_angiogenic_paracrine	status_anatomy_celltype	normal|outer|Ch.2(FNDC1)	81	0.17689609791978175	0.17435786987504828	-0.010083083588151718	0.3585540386415851	0.4691358024691358
K14_P9_angiogenic_paracrine	score_K14_P9_angiogenic_paracrine	status_anatomy_celltype	normal|outer|Ch.3(PRG4)	78	0.3781419569794513	0.35904928158506755	0.19559743709889013	0.5940022697414262	0.7564102564102564
K14_P9_angiogenic_paracrine	score_K14_P9_angiogenic_paracrine	status_anatomy_celltype	normal|outer|Ch.4(CFD)	937	-0.22112701062778609	-0.2377436564434257	-0.34390287900742555	-0.11451758734960533	0.03948772678762007
K14_P9_angiogenic_paracrine	score_K14_P9_angiogenic_paracrine	status_anatomy_celltype	normal|outer|Ch.5(cycling)	2	-0.22557315090014024	-0.22557315090014024	-0.2794655358295661	-0.17168076597071436	0.0
K14_P9_angiogenic_paracrine	score_K14_P9_angiogenic_paracrine	status_anatomy_celltype	normal|outer|PCL.1	2161	-0.24164966494995244	-0.24754349174111226	-0.3393498949648043	-0.13552537310879098	0.006478482184173994
K14_P9_angiogenic_paracrine	score_K14_P9_angiogenic_paracrine	status_anatomy_celltype	normal|outer|PCL.2	1832	-0.2876082745650566	-0.2848635625616257	-0.38312050426787914	-0.17869390952218409	0.003820960698689956
K14_P10_senescence_inflammatory	score_K14_P10_senescence_inflammatory	status	abnormal	14467	0.07375875003332946	-0.05964710765117333	-0.2810216957394783	0.33764473657381533	0.3026197553051773
K14_P10_senescence_inflammatory	score_K14_P10_senescence_inflammatory	status	normal	14219	-0.07504520970055399	-0.1585228952582539	-0.37250908859574	0.14569859801391288	0.19649764399746816
K14_P10_senescence_inflammatory	score_K14_P10_senescence_inflammatory	anatomy	inner	15815	-0.028283683097533426	-0.11064156359022063	-0.30731516174466467	0.1947061482367321	0.2261776794182738
K14_P10_senescence_inflammatory	score_K14_P10_senescence_inflammatory	anatomy	outer	12871	0.03475304546558087	-0.11236894957250212	-0.3567571842070374	0.3054105625384048	0.27931007691710047
K14_P10_senescence_inflammatory	score_K14_P10_senescence_inflammatory	celltype	Ch.1(CHAD)	10389	-0.13972526933565144	-0.22589384319155173	-0.3918149955578992	0.03814343026261659	0.14274713639426317
K14_P10_senescence_inflammatory	score_K14_P10_senescence_inflammatory	celltype	Ch.2(FNDC1)	6156	0.11144631216431142	0.003117283299886986	-0.2160779622907368	0.3562555501316851	0.3206627680311891
K14_P10_senescence_inflammatory	score_K14_P10_senescence_inflammatory	celltype	Ch.3(PRG4)	4729	0.014512226838139238	-0.08747710638420915	-0.3028058816665418	0.28411546942031624	0.27828293508141255
K14_P10_senescence_inflammatory	score_K14_P10_senescence_inflammatory	celltype	Ch.4(CFD)	2224	0.2590947796325166	0.1130959948618577	-0.24802050245935037	0.6603520672103966	0.4352517985611511
K14_P10_senescence_inflammatory	score_K14_P10_senescence_inflammatory	celltype	Ch.5(cycling)	292	0.14496880648621055	0.04879467092192036	-0.1858895296654291	0.36778074101761454	0.3527397260273973
K14_P10_senescence_inflammatory	score_K14_P10_senescence_inflammatory	celltype	PCL.1	2880	0.10123442073076785	-0.0033438194073936722	-0.2769812237602419	0.4093635829917155	0.33993055555555557
K14_P10_senescence_inflammatory	score_K14_P10_senescence_inflammatory	celltype	PCL.2	2016	-0.10575337716978216	-0.18067734695701798	-0.39171654220805213	0.1190344341229118	0.17311507936507936
K14_P10_senescence_inflammatory	score_K14_P10_senescence_inflammatory	status_anatomy	abnormal|inner	8966	-0.00462638012230354	-0.09769138378081763	-0.286226652834089	0.22018465750238791	0.2407985723845639
K14_P10_senescence_inflammatory	score_K14_P10_senescence_inflammatory	status_anatomy	abnormal|outer	5501	0.20151753515883492	0.032933558869680225	-0.2724598541914286	0.6087052720683871	0.40338120341756045
K14_P10_senescence_inflammatory	score_K14_P10_senescence_inflammatory	status_anatomy	normal|inner	6849	-0.05925336896056617	-0.13147696497434413	-0.33862720111207145	0.16561947341568098	0.2070375237260914
K14_P10_senescence_inflammatory	score_K14_P10_senescence_inflammatory	status_anatomy	normal|outer	7370	-0.08972069372065937	-0.18861164176563588	-0.38961035558802987	0.11946982974036359	0.18670284938941656
K14_P10_senescence_inflammatory	score_K14_P10_senescence_inflammatory	status_celltype	abnormal|Ch.1(CHAD)	1845	-0.18814110473464457	-0.27028973909321974	-0.4018925830788741	-0.08196487946918853	0.0981029810298103
K14_P10_senescence_inflammatory	score_K14_P10_senescence_inflammatory	status_celltype	abnormal|Ch.2(FNDC1)	5950	0.10426896275688786	-0.010949452281777967	-0.22320307029209893	0.3427616835784961	0.31092436974789917
K14_P10_senescence_inflammatory	score_K14_P10_senescence_inflammatory	status_celltype	abnormal|Ch.3(PRG4)	4280	0.006944888921778079	-0.11516839102503622	-0.3177958656271401	0.291632483678367	0.2780373831775701
K14_P10_senescence_inflammatory	score_K14_P10_senescence_inflammatory	status_celltype	abnormal|Ch.4(CFD)	1238	0.33187462228879555	0.13088878333585735	-0.2233889611087854	0.802928891196262	0.4531502423263328
K14_P10_senescence_inflammatory	score_K14_P10_senescence_inflammatory	status_celltype	abnormal|Ch.5(cycling)	288	0.14421630127903612	0.042182927099186626	-0.1858895296654291	0.36778074101761454	0.3541666666666667
K14_P10_senescence_inflammatory	score_K14_P10_senescence_inflammatory	status_celltype	abnormal|PCL.1	688	0.4024508664468706	0.3888713024464398	-0.04378774980316143	0.7748111786601695	0.5988372093023255
K14_P10_senescence_inflammatory	score_K14_P10_senescence_inflammatory	status_celltype	abnormal|PCL.2	178	0.19540701517733294	0.09939759374762223	-0.3034444266778197	0.6239285461831455	0.4606741573033708
K14_P10_senescence_inflammatory	score_K14_P10_senescence_inflammatory	status_celltype	normal|Ch.1(CHAD)	8544	-0.1292703048797593	-0.21199661407586995	-0.38850927875726976	0.06211985901575167	0.1523876404494382
K14_P10_senescence_inflammatory	score_K14_P10_senescence_inflammatory	status_celltype	normal|Ch.2(FNDC1)	206	0.3187532489321273	0.32252738975518064	0.11477924582039027	0.521554571811217	0.6019417475728155
K14_P10_senescence_inflammatory	score_K14_P10_senescence_inflammatory	status_celltype	normal|Ch.3(PRG4)	449	0.08664631655311837	0.07434658111495765	-0.0991217500640217	0.2526779068198571	0.2806236080178174
K14_P10_senescence_inflammatory	score_K14_P10_senescence_inflammatory	status_celltype	normal|Ch.4(CFD)	986	0.16771400355901414	0.09195769430167872	-0.27942063931498723	0.4982453506149431	0.4127789046653144
K14_P10_senescence_inflammatory	score_K14_P10_senescence_inflammatory	status_celltype	normal|Ch.5(cycling)	4	0.1991491814027686	0.1537208996616719	-0.007166215884008176	0.36003629694844874	0.25
K14_P10_senescence_inflammatory	score_K14_P10_senescence_inflammatory	status_celltype	normal|PCL.1	2192	0.006692032659290337	-0.08412318215713513	-0.33144186520022983	0.2489474177150483	0.25866788321167883
K14_P10_senescence_inflammatory	score_K14_P10_senescence_inflammatory	status_celltype	normal|PCL.2	1838	-0.13491907349066704	-0.19665319654949034	-0.39407139334654856	0.09190723383765134	0.14526659412404788
K14_P10_senescence_inflammatory	score_K14_P10_senescence_inflammatory	anatomy_celltype	inner|Ch.1(CHAD)	6979	-0.09355103037852082	-0.18021200987508723	-0.36401113511278693	0.10877330582856418	0.17767588479724888
K14_P10_senescence_inflammatory	score_K14_P10_senescence_inflammatory	anatomy_celltype	inner|Ch.2(FNDC1)	3904	0.019574012275658564	-0.04855567225637226	-0.2283718914091931	0.2096518469149624	0.23104508196721313
K14_P10_senescence_inflammatory	score_K14_P10_senescence_inflammatory	anatomy_celltype	inner|Ch.3(PRG4)	4222	-0.0008156757905480433	-0.09988006763401021	-0.3051497408170082	0.2636311685409787	0.2678825201326386
K14_P10_senescence_inflammatory	score_K14_P10_senescence_inflammatory	anatomy_celltype	inner|Ch.4(CFD)	216	0.13980697668041556	0.10119469258333208	-0.14800808042054084	0.4186613981264825	0.41203703703703703
K14_P10_senescence_inflammatory	score_K14_P10_senescence_inflammatory	anatomy_celltype	inner|Ch.5(cycling)	233	0.06188915917185249	-0.005809225647472707	-0.1959064017094878	0.2503251109688895	0.27467811158798283
K14_P10_senescence_inflammatory	score_K14_P10_senescence_inflammatory	anatomy_celltype	inner|PCL.1	221	0.4070554161666285	0.41702909387110754	0.05878937874167765	0.7446716059701528	0.6380090497737556
K14_P10_senescence_inflammatory	score_K14_P10_senescence_inflammatory	anatomy_celltype	inner|PCL.2	40	-0.04911739837769787	-0.13749264345020812	-0.3554503510067396	0.23236044848317625	0.25
K14_P10_senescence_inflammatory	score_K14_P10_senescence_inflammatory	anatomy_celltype	outer|Ch.1(CHAD)	3410	-0.2342267396235735	-0.30589649777825656	-0.4352909090689547	-0.10299533448294217	0.07126099706744868
K14_P10_senescence_inflammatory	score_K14_P10_senescence_inflammatory	anatomy_celltype	outer|Ch.2(FNDC1)	2252	0.27071338976879655	0.19715369664966803	-0.1889795518211912	0.6648387288947387	0.47602131438721135
K14_P10_senescence_inflammatory	score_K14_P10_senescence_inflammatory	anatomy_celltype	outer|Ch.3(PRG4)	507	0.14215405109517593	0.01757263800042185	-0.28039339262820817	0.5421147789677087	0.36489151873767256
K14_P10_senescence_inflammatory	score_K14_P10_senescence_inflammatory	anatomy_celltype	outer|Ch.4(CFD)	2008	0.2719265353285593	0.11339085036611182	-0.25261074469528666	0.7122538665303464	0.43774900398406374
K14_P10_senescence_inflammatory	score_K14_P10_senescence_inflammatory	anatomy_celltype	outer|Ch.5(cycling)	59	0.47306300689715003	0.5860694113208175	0.03807623311355797	0.8661306536756914	0.6610169491525424
K14_P10_senescence_inflammatory	score_K14_P10_senescence_inflammatory	anatomy_celltype	outer|PCL.1	2659	0.07581642900781743	-0.03176585220754804	-0.29482141101399584	0.3582247703790702	0.3151560737119218
K14_P10_senescence_inflammatory	score_K14_P10_senescence_inflammatory	anatomy_celltype	outer|PCL.2	1976	-0.10689985447326567	-0.1812181999928804	-0.391959028945448	0.11787217015345572	0.1715587044534413
K14_P10_senescence_inflammatory	score_K14_P10_senescence_inflammatory	status_anatomy_celltype	abnormal|inner|Ch.1(CHAD)	714	-0.2049270609884227	-0.29502593850698555	-0.4051978106865283	-0.12892679538690366	0.09103641456582633
K14_P10_senescence_inflammatory	score_K14_P10_senescence_inflammatory	status_anatomy_celltype	abnormal|inner|Ch.2(FNDC1)	3779	0.007182696055093499	-0.05811831984730477	-0.23300598233483197	0.18419088482975265	0.21460703889917968
K14_P10_senescence_inflammatory	score_K14_P10_senescence_inflammatory	status_anatomy_celltype	abnormal|inner|Ch.3(PRG4)	3851	-0.011556848169697218	-0.1274835283330554	-0.31952961500262045	0.25820899923887686	0.2627888860036354
K14_P10_senescence_inflammatory	score_K14_P10_senescence_inflammatory	status_anatomy_celltype	abnormal|inner|Ch.4(CFD)	167	0.1685346255432115	0.15464495641982393	-0.13593923085864296	0.4878474897081434	0.4431137724550898
K14_P10_senescence_inflammatory	score_K14_P10_senescence_inflammatory	status_anatomy_celltype	abnormal|inner|Ch.5(cycling)	231	0.05774600263195408	-0.006666154824777432	-0.19671785012787601	0.24821866384847197	0.2727272727272727
K14_P10_senescence_inflammatory	score_K14_P10_senescence_inflammatory	status_anatomy_celltype	abnormal|inner|PCL.1	190	0.4228860314011941	0.4468142403526514	0.05512975509662293	0.7470718418480167	0.6526315789473685
K14_P10_senescence_inflammatory	score_K14_P10_senescence_inflammatory	status_anatomy_celltype	abnormal|inner|PCL.2	34	0.010789889368862974	-0.09392505000218115	-0.3164416682718853	0.2955756387157536	0.29411764705882354
K14_P10_senescence_inflammatory	score_K14_P10_senescence_inflammatory	status_anatomy_celltype	abnormal|outer|Ch.1(CHAD)	1131	-0.1775441350041428	-0.25753667089825616	-0.3985450629494379	-0.05180336202386854	0.10256410256410256
K14_P10_senescence_inflammatory	score_K14_P10_senescence_inflammatory	status_anatomy_celltype	abnormal|outer|Ch.2(FNDC1)	2171	0.27326435744416605	0.19593234640446927	-0.19544992308761672	0.6739019537056274	0.4785812989405804
K14_P10_senescence_inflammatory	score_K14_P10_senescence_inflammatory	status_anatomy_celltype	abnormal|outer|Ch.3(PRG4)	429	0.17302924682217766	0.08285567723461355	-0.30531853392814107	0.620705205803086	0.4149184149184149
K14_P10_senescence_inflammatory	score_K14_P10_senescence_inflammatory	status_anatomy_celltype	abnormal|outer|Ch.4(CFD)	1071	0.3573440708943162	0.12925873509167754	-0.23394063986375385	0.9003385059238174	0.45471521942110177
K14_P10_senescence_inflammatory	score_K14_P10_senescence_inflammatory	status_anatomy_celltype	abnormal|outer|Ch.5(cycling)	57	0.4946485642172108	0.590195084715577	0.05859571792490067	0.8964056032592886	0.6842105263157895
K14_P10_senescence_inflammatory	score_K14_P10_senescence_inflammatory	status_anatomy_celltype	abnormal|outer|PCL.1	498	0.39465431756871505	0.35478517205317506	-0.069912780339842	0.8225158298397286	0.5783132530120482
K14_P10_senescence_inflammatory	score_K14_P10_senescence_inflammatory	status_anatomy_celltype	abnormal|outer|PCL.2	144	0.23899716988211056	0.2065390451379207	-0.2865123714388104	0.6754566835073328	0.5
K14_P10_senescence_inflammatory	score_K14_P10_senescence_inflammatory	status_anatomy_celltype	normal|inner|Ch.1(CHAD)	6265	-0.08085789616376104	-0.15817840169575326	-0.35450357595070126	0.12803645675086456	0.18754988028731046
K14_P10_senescence_inflammatory	score_K14_P10_senescence_inflammatory	status_anatomy_celltype	normal|inner|Ch.2(FNDC1)	125	0.3941882842557817	0.3771935683846603	0.21370176362376264	0.5769094997949639	0.728
K14_P10_senescence_inflammatory	score_K14_P10_senescence_inflammatory	status_anatomy_celltype	normal|inner|Ch.3(PRG4)	371	0.11067827254396273	0.10739043195982689	-0.07853091461026548	0.28692920720581006	0.32075471698113206
K14_P10_senescence_inflammatory	score_K14_P10_senescence_inflammatory	status_anatomy_celltype	normal|inner|Ch.4(CFD)	49	0.04189845912762135	-0.002919963963843075	-0.19929514697591758	0.3177390881554735	0.30612244897959184
K14_P10_senescence_inflammatory	score_K14_P10_senescence_inflammatory	status_anatomy_celltype	normal|inner|Ch.5(cycling)	2	0.54042373953012	0.54042373953012	0.36003629694844874	0.7208111821117913	0.5
K14_P10_senescence_inflammatory	score_K14_P10_senescence_inflammatory	status_anatomy_celltype	normal|inner|PCL.1	31	0.3100290647289687	0.26717552840148373	0.07778825557610689	0.6522125974619959	0.5483870967741935
K14_P10_senescence_inflammatory	score_K14_P10_senescence_inflammatory	status_anatomy_celltype	normal|inner|PCL.2	6	-0.3885920289415427	-0.36984717130491507	-0.4838363611775883	-0.3249987941093574	0.0
K14_P10_senescence_inflammatory	score_K14_P10_senescence_inflammatory	status_anatomy_celltype	normal|outer|Ch.1(CHAD)	2279	-0.2623566324820975	-0.33144665310488197	-0.5218034778772151	-0.1244818851949267	0.055726195699868364
K14_P10_senescence_inflammatory	score_K14_P10_senescence_inflammatory	status_anatomy_celltype	normal|outer|Ch.2(FNDC1)	81	0.20234115738327793	0.2002012787259453	0.04540596520043697	0.36558188855826423	0.4074074074074074
K14_P10_senescence_inflammatory	score_K14_P10_senescence_inflammatory	status_anatomy_celltype	normal|outer|Ch.3(PRG4)	78	-0.027659525403333624	-0.01199282923289791	-0.16238882378860447	0.11320350950386687	0.08974358974358974
K14_P10_senescence_inflammatory	score_K14_P10_senescence_inflammatory	status_anatomy_celltype	normal|outer|Ch.4(CFD)	937	0.1742934717309867	0.09713169058217651	-0.28330552730138725	0.524839455370805	0.4183564567769477
K14_P10_senescence_inflammatory	score_K14_P10_senescence_inflammatory	status_anatomy_celltype	normal|outer|Ch.5(cycling)	2	-0.14212537672458278	-0.14212537672458278	-0.2770845375651574	-0.007166215884008176	0.0
K14_P10_senescence_inflammatory	score_K14_P10_senescence_inflammatory	status_anatomy_celltype	normal|outer|PCL.1	2161	0.0023405990664351786	-0.08656207273875384	-0.3348947084830068	0.2433774203968717	0.25451180009254976
K14_P10_senescence_inflammatory	score_K14_P10_senescence_inflammatory	status_anatomy_celltype	normal|outer|PCL.2	1832	-0.13408826686801137	-0.19553263037247398	-0.39407139334654856	0.09262217583719438	0.1457423580786026
K14_P12_mural_muscle_contamination	score_K14_P12_mural_muscle_contamination	status	abnormal	14467	-0.09616990164421267	-0.20834436206252294	-0.2703954378654022	-0.0921861573780991	0.17792216769198865
K14_P12_mural_muscle_contamination	score_K14_P12_mural_muscle_contamination	status	normal	14219	0.0978472443270852	-0.2592173121420608	-0.3133361011527917	0.47798145591224767	0.3233701385470146
K14_P12_mural_muscle_contamination	score_K14_P12_mural_muscle_contamination	anatomy	inner	15815	-0.20573528858508167	-0.2638693075737749	-0.3037810432068946	-0.1863421676944142	0.08239013594688586
K14_P12_mural_muscle_contamination	score_K14_P12_mural_muscle_contamination	anatomy	outer	12871	0.2527933796109911	-0.08834632133975842	-0.2566102899577556	0.7582562650860389	0.4559863258488074
K14_P12_mural_muscle_contamination	score_K14_P12_mural_muscle_contamination	celltype	Ch.1(CHAD)	10389	-0.2772321361457515	-0.2941846714285	-0.3505879738172832	-0.25983901537373544	0.027625372990663203
K14_P12_mural_muscle_contamination	score_K14_P12_mural_muscle_contamination	celltype	Ch.2(FNDC1)	6156	-0.12097973230999429	-0.14445836924933986	-0.21733703879829097	-0.056679632686593935	0.19850552306692656
K14_P12_mural_muscle_contamination	score_K14_P12_mural_muscle_contamination	celltype	Ch.3(PRG4)	4729	-0.25474618836933305	-0.2613150984171148	-0.2923776720420503	-0.22827856898790588	0.006766758299851977
K14_P12_mural_muscle_contamination	score_K14_P12_mural_muscle_contamination	celltype	Ch.4(CFD)	2224	-0.08459352881267183	-0.13404067636415828	-0.23468671555469903	0.01448625056323194	0.31789568345323743
K14_P12_mural_muscle_contamination	score_K14_P12_mural_muscle_contamination	celltype	Ch.5(cycling)	292	-0.060213706356252124	-0.1513139968545601	-0.2122608054178521	-0.06768623224524487	0.20205479452054795
K14_P12_mural_muscle_contamination	score_K14_P12_mural_muscle_contamination	celltype	PCL.1	2880	1.0786718964271402	1.0515486794874906	0.665110003799961	1.4511015030478882	0.9895833333333334
K14_P12_mural_muscle_contamination	score_K14_P12_mural_muscle_contamination	celltype	PCL.2	2016	0.9567231983841054	0.9447395525288498	0.6990327135757268	1.2259783962478372	0.9995039682539683
K14_P12_mural_muscle_contamination	score_K14_P12_mural_muscle_contamination	status_anatomy	abnormal|inner	8966	-0.1463253695875038	-0.22261689273244517	-0.27410011175727994	-0.1178732046375801	0.13785411554762436
K14_P12_mural_muscle_contamination	score_K14_P12_mural_muscle_contamination	status_anatomy	abnormal|outer	5501	-0.014422232933151324	-0.18162583203672253	-0.25864311371070525	-0.03855185598426601	0.2432285039083803
K14_P12_mural_muscle_contamination	score_K14_P12_mural_muscle_contamination	status_anatomy	normal|inner	6849	-0.2835085888818087	-0.29261558642441404	-0.3505879738172832	-0.26430241484590933	0.009782449992699664
K14_P12_mural_muscle_contamination	score_K14_P12_mural_muscle_contamination	status_anatomy	normal|outer	7370	0.4522442730445498	0.4020109165453922	-0.25379483693092114	1.0184157207142506	0.6147896879240163
K14_P12_mural_muscle_contamination	score_K14_P12_mural_muscle_contamination	status_celltype	abnormal|Ch.1(CHAD)	1845	-0.2722968326829734	-0.29151664006607736	-0.3505879738172832	-0.24315927297394038	0.027642276422764227
K14_P12_mural_muscle_contamination	score_K14_P12_mural_muscle_contamination	status_celltype	abnormal|Ch.2(FNDC1)	5950	-0.11848626164494647	-0.14200453622083797	-0.2137631305583895	-0.05480389832131019	0.20285714285714285
K14_P12_mural_muscle_contamination	score_K14_P12_mural_muscle_contamination	status_celltype	abnormal|Ch.3(PRG4)	4280	-0.25322450177145955	-0.2594143488682947	-0.2906469291716978	-0.22669219197560445	0.006775700934579439
K14_P12_mural_muscle_contamination	score_K14_P12_mural_muscle_contamination	status_celltype	abnormal|Ch.4(CFD)	1238	-0.10183882785091024	-0.1451341924709486	-0.24432059759897307	0.008483921792755178	0.2956381260096931
K14_P12_mural_muscle_contamination	score_K14_P12_mural_muscle_contamination	status_celltype	abnormal|Ch.5(cycling)	288	-0.06482328191325235	-0.15347978376198113	-0.2131304332200018	-0.06934563433286314	0.1909722222222222
K14_P12_mural_muscle_contamination	score_K14_P12_mural_muscle_contamination	status_celltype	abnormal|PCL.1	688	1.2791740371457914	1.2648997833227351	0.9029985540073384	1.6473090044557053	1.0
K14_P12_mural_muscle_contamination	score_K14_P12_mural_muscle_contamination	status_celltype	abnormal|PCL.2	178	0.9245261241386458	0.8988676768700601	0.6375905043537758	1.1539797355517758	1.0
K14_P12_mural_muscle_contamination	score_K14_P12_mural_muscle_contamination	status_celltype	normal|Ch.1(CHAD)	8544	-0.27829787056626004	-0.29460386467450583	-0.3505879738172832	-0.26280533661226557	0.02762172284644195
K14_P12_mural_muscle_contamination	score_K14_P12_mural_muscle_contamination	status_celltype	normal|Ch.2(FNDC1)	206	-0.1929998801596763	-0.23080188663409573	-0.2741491934670812	-0.14354602553164802	0.07281553398058252
K14_P12_mural_muscle_contamination	score_K14_P12_mural_muscle_contamination	status_celltype	normal|Ch.3(PRG4)	449	-0.2692513523757884	-0.27859110854382874	-0.30707760074988544	-0.25030793400370027	0.0066815144766146995
K14_P12_mural_muscle_contamination	score_K14_P12_mural_muscle_contamination	status_celltype	normal|Ch.4(CFD)	986	-0.0629407091277437	-0.1108836073195357	-0.2221303891898651	0.01847390030385391	0.345841784989858
K14_P12_mural_muscle_contamination	score_K14_P12_mural_muscle_contamination	status_celltype	normal|Ch.5(cycling)	4	0.27167573374776444	0.2601316932260626	0.1765145702867486	0.35529285668707844	1.0
K14_P12_mural_muscle_contamination	score_K14_P12_mural_muscle_contamination	status_celltype	normal|PCL.1	2192	1.0157405675884394	0.9809649974863244	0.6004605530794551	1.3776642114867559	0.9863138686131386
K14_P12_mural_muscle_contamination	score_K14_P12_mural_muscle_contamination	status_celltype	normal|PCL.2	1838	0.9598413045950367	0.9489467811947141	0.7043373520901097	1.2309252404652258	0.999455930359086
K14_P12_mural_muscle_contamination	score_K14_P12_mural_muscle_contamination	anatomy_celltype	inner|Ch.1(CHAD)	6979	-0.2957283910150497	-0.2957042623105749	-0.3505879738172832	-0.26723942031331327	0.0020060180541624875
K14_P12_mural_muscle_contamination	score_K14_P12_mural_muscle_contamination	anatomy_celltype	inner|Ch.2(FNDC1)	3904	-0.11542910940392924	-0.14016787421104704	-0.21256287610367797	-0.04609424169080363	0.21746926229508196
K14_P12_mural_muscle_contamination	score_K14_P12_mural_muscle_contamination	anatomy_celltype	inner|Ch.3(PRG4)	4222	-0.25442245946775194	-0.2613405592212674	-0.292286307962673	-0.2285690902054499	0.007342491710090005
K14_P12_mural_muscle_contamination	score_K14_P12_mural_muscle_contamination	anatomy_celltype	inner|Ch.4(CFD)	216	-0.015021622251434876	-0.03671887983009947	-0.21263860359676198	0.12756719560393714	0.4861111111111111
K14_P12_mural_muscle_contamination	score_K14_P12_mural_muscle_contamination	anatomy_celltype	inner|Ch.5(cycling)	233	-0.0819394433804612	-0.16084449427298209	-0.21845076856370582	-0.07485259432223318	0.18454935622317598
K14_P12_mural_muscle_contamination	score_K14_P12_mural_muscle_contamination	anatomy_celltype	inner|PCL.1	221	1.435984282057681	1.4746265679106947	1.0646025353792243	1.7984807411623336	1.0
K14_P12_mural_muscle_contamination	score_K14_P12_mural_muscle_contamination	anatomy_celltype	inner|PCL.2	40	0.9993938321490962	0.987717709583839	0.6166445888349694	1.3409889083544626	1.0
K14_P12_mural_muscle_contamination	score_K14_P12_mural_muscle_contamination	anatomy_celltype	outer|Ch.1(CHAD)	3410	-0.23937719106280933	-0.28839707496260636	-0.3505879738172832	-0.24053378234100437	0.08005865102639297
K14_P12_mural_muscle_contamination	score_K14_P12_mural_muscle_contamination	anatomy_celltype	outer|Ch.2(FNDC1)	2252	-0.13060212654857242	-0.15234951537084468	-0.2256018289007207	-0.07186181214278364	0.16563055062166962
K14_P12_mural_muscle_contamination	score_K14_P12_mural_muscle_contamination	anatomy_celltype	outer|Ch.3(PRG4)	507	-0.2574420136602114	-0.261162024303502	-0.2942702373361171	-0.226634043994611	0.0019723865877712033
K14_P12_mural_muscle_contamination	score_K14_P12_mural_muscle_contamination	anatomy_celltype	outer|Ch.4(CFD)	2008	-0.09207735939894035	-0.14003633080864447	-0.23647175306987467	0.004431596930770744	0.299800796812749
K14_P12_mural_muscle_contamination	score_K14_P12_mural_muscle_contamination	anatomy_celltype	outer|Ch.5(cycling)	59	0.0255845432478278	-0.1165989280658688	-0.1843164355103638	-0.01021363240847269	0.2711864406779661
K14_P12_mural_muscle_contamination	score_K14_P12_mural_muscle_contamination	anatomy_celltype	outer|PCL.1	2659	1.0489742517395324	1.0114607219708927	0.6399086105262473	1.4168034150871347	0.9887175629936066
K14_P12_mural_muscle_contamination	score_K14_P12_mural_muscle_contamination	anatomy_celltype	outer|PCL.2	1976	0.9558594203726682	0.9435643675330987	0.7002312053318223	1.224759519416074	0.9994939271255061
K14_P12_mural_muscle_contamination	score_K14_P12_mural_muscle_contamination	status_anatomy_celltype	abnormal|inner|Ch.1(CHAD)	714	-0.2912756805341035	-0.3065999658184718	-0.3505879738172832	-0.2634857122672303	0.00980392156862745
K14_P12_mural_muscle_contamination	score_K14_P12_mural_muscle_contamination	status_anatomy_celltype	abnormal|inner|Ch.2(FNDC1)	3779	-0.11244733908029654	-0.13742995253296783	-0.20889820390277736	-0.043904986146633435	0.2230748875363853
K14_P12_mural_muscle_contamination	score_K14_P12_mural_muscle_contamination	status_anatomy_celltype	abnormal|inner|Ch.3(PRG4)	3851	-0.25322793453450176	-0.25981277993646396	-0.29039962609302006	-0.22727360277584258	0.007270838743183588
K14_P12_mural_muscle_contamination	score_K14_P12_mural_muscle_contamination	status_anatomy_celltype	abnormal|inner|Ch.4(CFD)	167	0.028621810382991233	0.007942679297178708	-0.15744938342246012	0.17368491394062407	0.5568862275449101
K14_P12_mural_muscle_contamination	score_K14_P12_mural_muscle_contamination	status_anatomy_celltype	abnormal|inner|Ch.5(cycling)	231	-0.08490109824285536	-0.16245423485861205	-0.21984261297185706	-0.07636125991664358	0.1774891774891775
K14_P12_mural_muscle_contamination	score_K14_P12_mural_muscle_contamination	status_anatomy_celltype	abnormal|inner|PCL.1	190	1.4428189060924925	1.4813614217966875	1.0671426748705946	1.7977452984741877	1.0
K14_P12_mural_muscle_contamination	score_K14_P12_mural_muscle_contamination	status_anatomy_celltype	abnormal|inner|PCL.2	34	1.0833400487989446	1.0383107217115048	0.7302942065092913	1.419907507666972	1.0
K14_P12_mural_muscle_contamination	score_K14_P12_mural_muscle_contamination	status_anatomy_celltype	abnormal|outer|Ch.1(CHAD)	1131	-0.26031549106873214	-0.2809973032327409	-0.3505879738172832	-0.23509266535791637	0.038903625110521665
K14_P12_mural_muscle_contamination	score_K14_P12_mural_muscle_contamination	status_anatomy_celltype	abnormal|outer|Ch.2(FNDC1)	2171	-0.12899804808981613	-0.14987765158564223	-0.22262481073230433	-0.070829642122443	0.16766467065868262
K14_P12_mural_muscle_contamination	score_K14_P12_mural_muscle_contamination	status_anatomy_celltype	abnormal|outer|Ch.3(PRG4)	429	-0.2531936869218662	-0.25323848406086275	-0.2944729443551307	-0.22120657983310238	0.002331002331002331
K14_P12_mural_muscle_contamination	score_K14_P12_mural_muscle_contamination	status_anatomy_celltype	abnormal|outer|Ch.4(CFD)	1071	-0.12218142970437572	-0.159148464791306	-0.25336092273250654	-0.02795373789085918	0.2549019607843137
K14_P12_mural_muscle_contamination	score_K14_P12_mural_muscle_contamination	status_anatomy_celltype	abnormal|outer|Ch.5(cycling)	57	0.01654471058040189	-0.11832400031103327	-0.1846490459020922	-0.03483643534699545	0.24561403508771928
K14_P12_mural_muscle_contamination	score_K14_P12_mural_muscle_contamination	status_anatomy_celltype	abnormal|outer|PCL.1	498	1.216739247788616	1.186032988130242	0.8560540229324797	1.555266900963587	1.0
K14_P12_mural_muscle_contamination	score_K14_P12_mural_muscle_contamination	status_anatomy_celltype	abnormal|outer|PCL.2	144	0.8870283919271862	0.8542984165814267	0.6242756765725924	1.1223094710785473	1.0
K14_P12_mural_muscle_contamination	score_K14_P12_mural_muscle_contamination	status_anatomy_celltype	normal|inner|Ch.1(CHAD)	6265	-0.29623585075701236	-0.2947988513718117	-0.3505879738172832	-0.2675130932273463	0.0011173184357541898
K14_P12_mural_muscle_contamination	score_K14_P12_mural_muscle_contamination	status_anatomy_celltype	normal|inner|Ch.2(FNDC1)	125	-0.2055739898279924	-0.2353984437397078	-0.27053534341795116	-0.1570027906817195	0.048
K14_P12_mural_muscle_contamination	score_K14_P12_mural_muscle_contamination	status_anatomy_celltype	normal|inner|Ch.3(PRG4)	371	-0.2668216926697639	-0.2781545542001092	-0.30754979537242233	-0.24459773385833672	0.008086253369272238
K14_P12_mural_muscle_contamination	score_K14_P12_mural_muscle_contamination	status_anatomy_celltype	normal|inner|Ch.4(CFD)	49	-0.1637655661279483	-0.2164254206832029	-0.2573808351636362	-0.03855318755805574	0.24489795918367346
K14_P12_mural_muscle_contamination	score_K14_P12_mural_muscle_contamination	status_anatomy_celltype	normal|inner|Ch.5(cycling)	2	0.2601316932260626	0.2601316932260626	0.22149391571592378	0.2987694707362014	1.0
K14_P12_mural_muscle_contamination	score_K14_P12_mural_muscle_contamination	status_anatomy_celltype	normal|inner|PCL.1	31	1.394094650876578	1.3927310830320838	1.0223886017109023	1.8230455195226054	1.0
K14_P12_mural_muscle_contamination	score_K14_P12_mural_muscle_contamination	status_anatomy_celltype	normal|inner|PCL.2	6	0.523698604466623	0.4214544027144907	0.2554830316219131	0.7071112686432592	1.0
K14_P12_mural_muscle_contamination	score_K14_P12_mural_muscle_contamination	status_anatomy_celltype	normal|outer|Ch.1(CHAD)	2279	-0.22898613476324872	-0.2929048189390536	-0.3505879738172832	-0.24492329312721606	0.10048266783677051
K14_P12_mural_muscle_contamination	score_K14_P12_mural_muscle_contamination	status_anatomy_celltype	normal|outer|Ch.2(FNDC1)	81	-0.17359538993079354	-0.22414270501729158	-0.2749958574242596	-0.13171086188861583	0.1111111111111111
K14_P12_mural_muscle_contamination	score_K14_P12_mural_muscle_contamination	status_anatomy_celltype	normal|outer|Ch.3(PRG4)	78	-0.2808078107211098	-0.28040206920474475	-0.2939199361647645	-0.26616289738551435	0.0
K14_P12_mural_muscle_contamination	score_K14_P12_mural_muscle_contamination	status_anatomy_celltype	normal|outer|Ch.4(CFD)	937	-0.05766811788653769	-0.10519950448060056	-0.22007488456003332	0.02020390320445496	0.3511205976520811
K14_P12_mural_muscle_contamination	score_K14_P12_mural_muscle_contamination	status_anatomy_celltype	normal|outer|Ch.5(cycling)	2	0.2832197742694662	0.2832197742694662	0.2203548203995529	0.3460847281393795	1.0
K14_P12_mural_muscle_contamination	score_K14_P12_mural_muscle_contamination	status_anatomy_celltype	normal|outer|PCL.1	2161	1.0103129986009651	0.9787408940257807	0.5987266185947351	1.373592397262097	0.9861175381767701
K14_P12_mural_muscle_contamination	score_K14_P12_mural_muscle_contamination	status_anatomy_celltype	normal|outer|PCL.2	1832	0.9612697195517892	0.9493126814270328	0.7069726162814938	1.2325115964469742	0.9994541484716157
K14_P13_immune_contamination	score_K14_P13_immune_contamination	status	abnormal	14467	0.012586529648421444	-0.03746940551973276	-0.03746940551973276	-0.03746940551973276	0.028893343471348587
K14_P13_immune_contamination	score_K14_P13_immune_contamination	status	normal	14219	-0.01280605699583043	-0.03746940551973276	-0.03746940551973276	-0.03746940551973276	0.033265349180673746
K14_P13_immune_contamination	score_K14_P13_immune_contamination	anatomy	inner	15815	0.003280052625719909	-0.03746940551973276	-0.03746940551973276	-0.03746940551973276	0.022889661713563072
K14_P13_immune_contamination	score_K14_P13_immune_contamination	anatomy	outer	12871	-0.004030303183572388	-0.03746940551973276	-0.03746940551973276	-0.03746940551973276	0.04110014761867765
K14_P13_immune_contamination	score_K14_P13_immune_contamination	celltype	Ch.1(CHAD)	10389	-0.010776017733258286	-0.03746940551973276	-0.03746940551973276	-0.03746940551973276	0.0243526807199923
K14_P13_immune_contamination	score_K14_P13_immune_contamination	celltype	Ch.2(FNDC1)	6156	-0.01672391705682029	-0.03746940551973276	-0.03746940551973276	-0.03746940551973276	0.029077322936972058
K14_P13_immune_contamination	score_K14_P13_immune_contamination	celltype	Ch.3(PRG4)	4729	-0.029381535133369233	-0.03746940551973276	-0.03746940551973276	-0.03746940551973276	0.01374497779657433
K14_P13_immune_contamination	score_K14_P13_immune_contamination	celltype	Ch.4(CFD)	2224	0.007071066901838324	-0.03746940551973276	-0.03746940551973276	-0.03746940551973276	0.09442446043165467
K14_P13_immune_contamination	score_K14_P13_immune_contamination	celltype	Ch.5(cycling)	292	1.4018270806291604	-0.03746940551973276	-0.03746940551973276	-0.03746940551973276	0.1404109589041096
K14_P13_immune_contamination	score_K14_P13_immune_contamination	celltype	PCL.1	2880	-0.004578016105443404	-0.03746940551973276	-0.03746940551973276	-0.03746940551973276	0.042708333333333334
K14_P13_immune_contamination	score_K14_P13_immune_contamination	celltype	PCL.2	2016	-0.02878229795209174	-0.03746940551973276	-0.03746940551973276	-0.03746940551973276	0.00992063492063492
K14_P13_immune_contamination	score_K14_P13_immune_contamination	status_anatomy	abnormal|inner	8966	0.02176832857667396	-0.03746940551973276	-0.03746940551973276	-0.03746940551973276	0.02319875083649342
K14_P13_immune_contamination	score_K14_P13_immune_contamination	status_anatomy	abnormal|outer	5501	-0.002378751062487849	-0.03746940551973276	-0.03746940551973276	-0.03746940551973276	0.03817487729503727
K14_P13_immune_contamination	score_K14_P13_immune_contamination	status_anatomy	normal|inner	6849	-0.020922879506891274	-0.03746940551973276	-0.03746940551973276	-0.03746940551973276	0.022485034311578334
K14_P13_immune_contamination	score_K14_P13_immune_contamination	status_anatomy	normal|outer	7370	-0.005263028857668189	-0.03746940551973276	-0.03746940551973276	-0.03746940551973276	0.04328358208955224
K14_P13_immune_contamination	score_K14_P13_immune_contamination	status_celltype	abnormal|Ch.1(CHAD)	1845	0.012658585856373594	-0.03746940551973276	-0.03746940551973276	-0.03746940551973276	0.016802168021680216
K14_P13_immune_contamination	score_K14_P13_immune_contamination	status_celltype	abnormal|Ch.2(FNDC1)	5950	-0.016247183810342698	-0.03746940551973276	-0.03746940551973276	-0.03746940551973276	0.02957983193277311
K14_P13_immune_contamination	score_K14_P13_immune_contamination	status_celltype	abnormal|Ch.3(PRG4)	4280	-0.02860502451468579	-0.03746940551973276	-0.03746940551973276	-0.03746940551973276	0.014953271028037384
K14_P13_immune_contamination	score_K14_P13_immune_contamination	status_celltype	abnormal|Ch.4(CFD)	1238	-0.012176845465593616	-0.03746940551973276	-0.03746940551973276	-0.03746940551973276	0.04604200323101777
K14_P13_immune_contamination	score_K14_P13_immune_contamination	status_celltype	abnormal|Ch.5(cycling)	288	1.4074833782243819	-0.03746940551973276	-0.03746940551973276	-0.03746940551973276	0.1284722222222222
K14_P13_immune_contamination	score_K14_P13_immune_contamination	status_celltype	abnormal|PCL.1	688	-0.010797545700459911	-0.03746940551973276	-0.03746940551973276	-0.03746940551973276	0.07267441860465117
K14_P13_immune_contamination	score_K14_P13_immune_contamination	status_celltype	abnormal|PCL.2	178	-0.02818586902922824	-0.03746940551973276	-0.03746940551973276	-0.03746940551973276	0.016853932584269662
K14_P13_immune_contamination	score_K14_P13_immune_contamination	status_celltype	normal|Ch.1(CHAD)	8544	-0.01583650973031714	-0.03746940551973276	-0.03746940551973276	-0.03746940551973276	0.02598314606741573
K14_P13_immune_contamination	score_K14_P13_immune_contamination	status_celltype	normal|Ch.2(FNDC1)	206	-0.03049363946721679	-0.03746940551973276	-0.03746940551973276	-0.03746940551973276	0.014563106796116505
K14_P13_immune_contamination	score_K14_P13_immune_contamination	status_celltype	normal|Ch.3(PRG4)	449	-0.036783462634405066	-0.03746940551973276	-0.03746940551973276	-0.03746940551973276	0.0022271714922048997
K14_P13_immune_contamination	score_K14_P13_immune_contamination	status_celltype	normal|Ch.4(CFD)	986	0.031238324012265044	-0.03746940551973276	-0.03746940551973276	-0.03746940551973276	0.15517241379310345
K14_P13_immune_contamination	score_K14_P13_immune_contamination	status_celltype	normal|Ch.5(cycling)	4	0.9945736537732068	0.8016084552638433	0.7189432086756427	1.0772389003614076	1.0
K14_P13_immune_contamination	score_K14_P13_immune_contamination	status_celltype	normal|PCL.1	2192	-0.002625900977080557	-0.03746940551973276	-0.03746940551973276	-0.03746940551973276	0.0333029197080292
K14_P13_immune_contamination	score_K14_P13_immune_contamination	status_celltype	normal|PCL.2	1838	-0.028840058750932703	-0.03746940551973276	-0.03746940551973276	-0.03746940551973276	0.009249183895538629
K14_P13_immune_contamination	score_K14_P13_immune_contamination	anatomy_celltype	inner|Ch.1(CHAD)	6979	-0.016857525670748726	-0.03746940551973276	-0.03746940551973276	-0.03746940551973276	0.019773606533887378
K14_P13_immune_contamination	score_K14_P13_immune_contamination	anatomy_celltype	inner|Ch.2(FNDC1)	3904	-0.01673311962151658	-0.03746940551973276	-0.03746940551973276	-0.03746940551973276	0.026383196721311477
K14_P13_immune_contamination	score_K14_P13_immune_contamination	anatomy_celltype	inner|Ch.3(PRG4)	4222	-0.029872690529543017	-0.03746940551973276	-0.03746940551973276	-0.03746940551973276	0.013263855992420654
K14_P13_immune_contamination	score_K14_P13_immune_contamination	anatomy_celltype	inner|Ch.4(CFD)	216	0.06294856099637584	-0.03746940551973276	-0.03746940551973276	-0.03746940551973276	0.14814814814814814
K14_P13_immune_contamination	score_K14_P13_immune_contamination	anatomy_celltype	inner|Ch.5(cycling)	233	1.5205711817133416	-0.03746940551973276	-0.03746940551973276	-0.03746940551973276	0.12446351931330472
K14_P13_immune_contamination	score_K14_P13_immune_contamination	anatomy_celltype	inner|PCL.1	221	-0.024524416034341124	-0.03746940551973276	-0.03746940551973276	-0.03746940551973276	0.01809954751131222
K14_P13_immune_contamination	score_K14_P13_immune_contamination	anatomy_celltype	inner|PCL.2	40	-0.03746940551973276	-0.03746940551973276	-0.03746940551973276	-0.03746940551973276	0.0
K14_P13_immune_contamination	score_K14_P13_immune_contamination	anatomy_celltype	outer|Ch.1(CHAD)	3410	0.001670564054350444	-0.03746940551973276	-0.03746940551973276	-0.03746940551973276	0.03372434017595308
K14_P13_immune_contamination	score_K14_P13_immune_contamination	anatomy_celltype	outer|Ch.2(FNDC1)	2252	-0.016707963765268643	-0.03746940551973276	-0.03746940551973276	-0.03746940551973276	0.03374777975133215
K14_P13_immune_contamination	score_K14_P13_immune_contamination	anatomy_celltype	outer|Ch.3(PRG4)	507	-0.02529147974353545	-0.03746940551973276	-0.03746940551973276	-0.03746940551973276	0.01775147928994083
K14_P13_immune_contamination	score_K14_P13_immune_contamination	anatomy_celltype	outer|Ch.4(CFD)	2008	0.0010603404454538094	-0.03746940551973276	-0.03746940551973276	-0.03746940551973276	0.08864541832669323
K14_P13_immune_contamination	score_K14_P13_immune_contamination	anatomy_celltype	outer|Ch.5(cycling)	59	0.9328885119407837	-0.03746940551973276	-0.03746940551973276	-0.03746940551973276	0.2033898305084746
K14_P13_immune_contamination	score_K14_P13_immune_contamination	anatomy_celltype	outer|PCL.1	2659	-0.002920191966937802	-0.03746940551973276	-0.03746940551973276	-0.03746940551973276	0.04475366679202708
K14_P13_immune_contamination	score_K14_P13_immune_contamination	anatomy_celltype	outer|PCL.2	1976	-0.028606445572179975	-0.03746940551973276	-0.03746940551973276	-0.03746940551973276	0.010121457489878543
K14_P13_immune_contamination	score_K14_P13_immune_contamination	status_anatomy_celltype	abnormal|inner|Ch.1(CHAD)	714	0.033671975460333035	-0.03746940551973276	-0.03746940551973276	-0.03746940551973276	0.018207282913165267
K14_P13_immune_contamination	score_K14_P13_immune_contamination	status_anatomy_celltype	abnormal|inner|Ch.2(FNDC1)	3779	-0.016270358732428908	-0.03746940551973276	-0.03746940551973276	-0.03746940551973276	0.026726647261180205
K14_P13_immune_contamination	score_K14_P13_immune_contamination	status_anatomy_celltype	abnormal|inner|Ch.3(PRG4)	3851	-0.029220809743812484	-0.03746940551973276	-0.03746940551973276	-0.03746940551973276	0.01428200467411062
K14_P13_immune_contamination	score_K14_P13_immune_contamination	status_anatomy_celltype	abnormal|inner|Ch.4(CFD)	167	0.003719176309341128	-0.03746940551973276	-0.03746940551973276	-0.03746940551973276	0.0718562874251497
K14_P13_immune_contamination	score_K14_P13_immune_contamination	status_anatomy_celltype	abnormal|inner|Ch.5(cycling)	231	1.5277926922329517	-0.03746940551973276	-0.03746940551973276	-0.03746940551973276	0.11688311688311688
K14_P13_immune_contamination	score_K14_P13_immune_contamination	status_anatomy_celltype	abnormal|inner|PCL.1	190	-0.03746940551973276	-0.03746940551973276	-0.03746940551973276	-0.03746940551973276	0.0
K14_P13_immune_contamination	score_K14_P13_immune_contamination	status_anatomy_celltype	abnormal|inner|PCL.2	34	-0.037469405519732754	-0.03746940551973276	-0.03746940551973276	-0.03746940551973276	0.0
K14_P13_immune_contamination	score_K14_P13_immune_contamination	status_anatomy_celltype	abnormal|outer|Ch.1(CHAD)	1131	-0.0006071614267626028	-0.03746940551973276	-0.03746940551973276	-0.03746940551973276	0.015915119363395226
K14_P13_immune_contamination	score_K14_P13_immune_contamination	status_anatomy_celltype	abnormal|outer|Ch.2(FNDC1)	2171	-0.016206843860750896	-0.03746940551973276	-0.03746940551973276	-0.03746940551973276	0.03454629203132197
K14_P13_immune_contamination	score_K14_P13_immune_contamination	status_anatomy_celltype	abnormal|outer|Ch.3(PRG4)	429	-0.023077311420590475	-0.03746940551973276	-0.03746940551973276	-0.03746940551973276	0.02097902097902098
K14_P13_immune_contamination	score_K14_P13_immune_contamination	status_anatomy_celltype	abnormal|outer|Ch.4(CFD)	1071	-0.014655496853468595	-0.03746940551973276	-0.03746940551973276	-0.03746940551973276	0.04201680672268908
K14_P13_immune_contamination	score_K14_P13_immune_contamination	status_anatomy_celltype	abnormal|outer|Ch.5(cycling)	57	0.9199140530317572	-0.03746940551973276	-0.03746940551973276	-0.03746940551973276	0.17543859649122806
K14_P13_immune_contamination	score_K14_P13_immune_contamination	status_anatomy_celltype	abnormal|outer|PCL.1	498	-0.0006215349260385431	-0.03746940551973276	-0.03746940551973276	-0.03746940551973276	0.10040160642570281
K14_P13_immune_contamination	score_K14_P13_immune_contamination	status_anatomy_celltype	abnormal|outer|PCL.2	144	-0.025993922913414673	-0.03746940551973276	-0.03746940551973276	-0.03746940551973276	0.020833333333333332
K14_P13_immune_contamination	score_K14_P13_immune_contamination	status_anatomy_celltype	normal|inner|Ch.1(CHAD)	6265	-0.022616195073397148	-0.03746940551973276	-0.03746940551973276	-0.03746940551973276	0.019952114924181964
K14_P13_immune_contamination	score_K14_P13_immune_contamination	status_anatomy_celltype	normal|inner|Ch.2(FNDC1)	125	-0.030723306820415002	-0.03746940551973276	-0.03746940551973276	-0.03746940551973276	0.016
K14_P13_immune_contamination	score_K14_P13_immune_contamination	status_anatomy_celltype	normal|inner|Ch.3(PRG4)	371	-0.036639248227247234	-0.03746940551973276	-0.03746940551973276	-0.03746940551973276	0.0026954177897574125
K14_P13_immune_contamination	score_K14_P13_immune_contamination	status_anatomy_celltype	normal|inner|Ch.4(CFD)	49	0.2648119741134125	-0.03746940551973276	-0.03746940551973276	0.45497063497249685	0.40816326530612246
K14_P13_immune_contamination	score_K14_P13_immune_contamination	status_anatomy_celltype	normal|inner|Ch.5(cycling)	2	0.6864867166983737	0.6864867166983737	0.6540302247211047	0.7189432086756427	1.0
K14_P13_immune_contamination	score_K14_P13_immune_contamination	status_anatomy_celltype	normal|inner|PCL.1	31	0.05481584210193022	-0.03746940551973276	-0.03746940551973276	-0.03746940551973276	0.12903225806451613
K14_P13_immune_contamination	score_K14_P13_immune_contamination	status_anatomy_celltype	normal|inner|PCL.2	6	-0.03746940551973276	-0.03746940551973276	-0.03746940551973276	-0.03746940551973276	0.0
K14_P13_immune_contamination	score_K14_P13_immune_contamination	status_anatomy_celltype	normal|outer|Ch.1(CHAD)	2279	0.002800931548487722	-0.03746940551973276	-0.03746940551973276	-0.03746940551973276	0.04256252742430891
K14_P13_immune_contamination	score_K14_P13_immune_contamination	status_anatomy_celltype	normal|outer|Ch.2(FNDC1)	81	-0.030139214539441773	-0.03746940551973276	-0.03746940551973276	-0.03746940551973276	0.012345679012345678
K14_P13_immune_contamination	score_K14_P13_immune_contamination	status_anatomy_celltype	normal|outer|Ch.3(PRG4)	78	-0.037469405519732754	-0.03746940551973276	-0.03746940551973276	-0.03746940551973276	0.0
K14_P13_immune_contamination	score_K14_P13_immune_contamination	status_anatomy_celltype	normal|outer|Ch.4(CFD)	937	0.019023693430668214	-0.03746940551973276	-0.03746940551973276	-0.03746940551973276	0.14194236926360726
K14_P13_immune_contamination	score_K14_P13_immune_contamination	status_anatomy_celltype	normal|outer|Ch.5(cycling)	2	1.30266059084804	1.30266059084804	1.0772389003614076	1.5280822813346724	1.0
K14_P13_immune_contamination	score_K14_P13_immune_contamination	status_anatomy_celltype	normal|outer|PCL.1	2161	-0.0034499148759465146	-0.03746940551973276	-0.03746940551973276	-0.03746940551973276	0.031929662193428965
K14_P13_immune_contamination	score_K14_P13_immune_contamination	status_anatomy_celltype	normal|outer|PCL.2	1832	-0.02881179669819646	-0.03746940551973276	-0.03746940551973276	-0.03746940551973276	0.009279475982532752
K14_P14_cycling_program	score_K14_P14_cycling_program	status	abnormal	14467	0.08379827296219744	-0.10456179452959628	-0.10456179452959628	-0.10456179452959628	0.11661021635446188
K14_P14_cycling_program	score_K14_P14_cycling_program	status	normal	14219	-0.08525983648246074	-0.10456179452959628	-0.10456179452959628	-0.10456179452959628	0.05021450172304663
K14_P14_cycling_program	score_K14_P14_cycling_program	anatomy	inner	15815	0.035681892419334504	-0.10456179452959628	-0.10456179452959628	-0.10456179452959628	0.08504584255453683
K14_P14_cycling_program	score_K14_P14_cycling_program	anatomy	outer	12871	-0.043843456500021326	-0.10456179452959628	-0.10456179452959628	-0.10456179452959628	0.08204490715562117
K14_P14_cycling_program	score_K14_P14_cycling_program	celltype	Ch.1(CHAD)	10389	-0.09193225208602136	-0.10456179452959628	-0.10456179452959628	-0.10456179452959628	0.02637404947540668
K14_P14_cycling_program	score_K14_P14_cycling_program	celltype	Ch.2(FNDC1)	6156	-0.0364496267098713	-0.10456179452959628	-0.10456179452959628	-0.10456179452959628	0.14896036387264458
K14_P14_cycling_program	score_K14_P14_cycling_program	celltype	Ch.3(PRG4)	4729	-0.08672940108815234	-0.10456179452959628	-0.10456179452959628	-0.10456179452959628	0.06555297102981603
K14_P14_cycling_program	score_K14_P14_cycling_program	celltype	Ch.4(CFD)	2224	-0.08751764309257383	-0.10456179452959628	-0.10456179452959628	-0.10456179452959628	0.055305755395683456
K14_P14_cycling_program	score_K14_P14_cycling_program	celltype	Ch.5(cycling)	292	7.224937683866853	7.112219516247297	5.239114650756534	9.107817122281325	1.0
K14_P14_cycling_program	score_K14_P14_cycling_program	celltype	PCL.1	2880	-0.05616874593264875	-0.10456179452959628	-0.10456179452959628	-0.10456179452959628	0.11770833333333333
K14_P14_cycling_program	score_K14_P14_cycling_program	celltype	PCL.2	2016	-0.08118312027365654	-0.10456179452959628	-0.10456179452959628	-0.10456179452959628	0.07242063492063493
K14_P14_cycling_program	score_K14_P14_cycling_program	status_anatomy	abnormal|inner	8966	0.13446589861794428	-0.10456179452959628	-0.10456179452959628	-0.10456179452959628	0.12859692170421594
K14_P14_cycling_program	score_K14_P14_cycling_program	status_anatomy	abnormal|outer	5501	0.0012158458345068448	-0.10456179452959628	-0.10456179452959628	-0.10456179452959628	0.09707325940738047
K14_P14_cycling_program	score_K14_P14_cycling_program	status_anatomy	normal|inner	6849	-0.09363587653624074	-0.10456179452959628	-0.10456179452959628	-0.10456179452959628	0.02803328953131844
K14_P14_cycling_program	score_K14_P14_cycling_program	status_anatomy	normal|outer	7370	-0.0774759154067024	-0.10456179452959628	-0.10456179452959628	-0.10456179452959628	0.07082767978290366
K14_P14_cycling_program	score_K14_P14_cycling_program	status_celltype	abnormal|Ch.1(CHAD)	1845	-0.08660897414245	-0.10456179452959628	-0.10456179452959628	-0.10456179452959628	0.023306233062330622
K14_P14_cycling_program	score_K14_P14_cycling_program	status_celltype	abnormal|Ch.2(FNDC1)	5950	-0.03554509582166114	-0.10456179452959628	-0.10456179452959628	-0.10456179452959628	0.14890756302521008
K14_P14_cycling_program	score_K14_P14_cycling_program	status_celltype	abnormal|Ch.3(PRG4)	4280	-0.08578095669234152	-0.10456179452959628	-0.10456179452959628	-0.10456179452959628	0.06799065420560747
K14_P14_cycling_program	score_K14_P14_cycling_program	status_celltype	abnormal|Ch.4(CFD)	1238	-0.09201921975445956	-0.10456179452959628	-0.10456179452959628	-0.10456179452959628	0.029079159935379646
K14_P14_cycling_program	score_K14_P14_cycling_program	status_celltype	abnormal|Ch.5(cycling)	288	7.230437229210224	7.112219516247297	5.239114650756534	9.143493830088564	1.0
K14_P14_cycling_program	score_K14_P14_cycling_program	status_celltype	abnormal|PCL.1	688	-0.0020588041135203784	-0.10456179452959628	-0.10456179452959628	-0.10456179452959628	0.2005813953488372
K14_P14_cycling_program	score_K14_P14_cycling_program	status_celltype	abnormal|PCL.2	178	-0.09152069498531175	-0.10456179452959628	-0.10456179452959628	-0.10456179452959628	0.028089887640449437
K14_P14_cycling_program	score_K14_P14_cycling_program	status_celltype	normal|Ch.1(CHAD)	8544	-0.09308176610824621	-0.10456179452959628	-0.10456179452959628	-0.10456179452959628	0.027036516853932584
K14_P14_cycling_program	score_K14_P14_cycling_program	status_celltype	normal|Ch.2(FNDC1)	206	-0.06257564022856264	-0.10456179452959628	-0.10456179452959628	-0.10456179452959628	0.15048543689320387
K14_P14_cycling_program	score_K14_P14_cycling_program	status_celltype	normal|Ch.3(PRG4)	449	-0.09577025189899933	-0.10456179452959628	-0.10456179452959628	-0.10456179452959628	0.042316258351893093
K14_P14_cycling_program	score_K14_P14_cycling_program	status_celltype	normal|Ch.4(CFD)	986	-0.08186556205057124	-0.10456179452959628	-0.10456179452959628	-0.10456179452959628	0.08823529411764706
K14_P14_cycling_program	score_K14_P14_cycling_program	status_celltype	normal|Ch.5(cycling)	4	6.828970419144112	7.437043014846987	5.704083027669806	8.561930406321293	1.0
K14_P14_cycling_program	score_K14_P14_cycling_program	status_celltype	normal|PCL.1	2192	-0.07315215832843357	-0.10456179452959628	-0.10456179452959628	-0.10456179452959628	0.09169708029197081
K14_P14_cycling_program	score_K14_P14_cycling_program	status_celltype	normal|PCL.2	1838	-0.08018198409374651	-0.10456179452959628	-0.10456179452959628	-0.10456179452959628	0.07671381936887922
K14_P14_cycling_program	score_K14_P14_cycling_program	anatomy_celltype	inner|Ch.1(CHAD)	6979	-0.09651893993883552	-0.10456179452959628	-0.10456179452959628	-0.10456179452959628	0.0239289296460811
K14_P14_cycling_program	score_K14_P14_cycling_program	anatomy_celltype	inner|Ch.2(FNDC1)	3904	-0.027263886282559407	-0.10456179452959628	-0.10456179452959628	-0.10456179452959628	0.16393442622950818
K14_P14_cycling_program	score_K14_P14_cycling_program	anatomy_celltype	inner|Ch.3(PRG4)	4222	-0.088445590046179	-0.10456179452959628	-0.10456179452959628	-0.10456179452959628	0.06158218853623875
K14_P14_cycling_program	score_K14_P14_cycling_program	anatomy_celltype	inner|Ch.4(CFD)	216	-0.09644133388797703	-0.10456179452959628	-0.10456179452959628	-0.10456179452959628	0.018518518518518517
K14_P14_cycling_program	score_K14_P14_cycling_program	anatomy_celltype	inner|Ch.5(cycling)	233	7.488663154091995	7.7743202347004	5.414638856244891	9.450923672209239	1.0
K14_P14_cycling_program	score_K14_P14_cycling_program	anatomy_celltype	inner|PCL.1	221	-0.011652566893509719	-0.10456179452959628	-0.10456179452959628	-0.10456179452959628	0.18099547511312217
K14_P14_cycling_program	score_K14_P14_cycling_program	anatomy_celltype	inner|PCL.2	40	-0.09204164582944188	-0.10456179452959628	-0.10456179452959628	-0.10456179452959628	0.025
K14_P14_cycling_program	score_K14_P14_cycling_program	anatomy_celltype	outer|Ch.1(CHAD)	3410	-0.08254501028989525	-0.10456179452959628	-0.10456179452959628	-0.10456179452959628	0.031378299120234605
K14_P14_cycling_program	score_K14_P14_cycling_program	anatomy_celltype	outer|Ch.2(FNDC1)	2252	-0.05237375221085959	-0.10456179452959628	-0.10456179452959628	-0.10456179452959628	0.12300177619893428
K14_P14_cycling_program	score_K14_P14_cycling_program	anatomy_celltype	outer|Ch.3(PRG4)	507	-0.0724379814021788	-0.10456179452959628	-0.10456179452959628	-0.10456179452959628	0.09861932938856016
K14_P14_cycling_program	score_K14_P14_cycling_program	anatomy_celltype	outer|Ch.4(CFD)	2008	-0.08655772416239099	-0.10456179452959628	-0.10456179452959628	-0.10456179452959628	0.05926294820717132
K14_P14_cycling_program	score_K14_P14_cycling_program	anatomy_celltype	outer|Ch.5(cycling)	59	6.183445572638756	6.145568213099803	4.620095440880743	7.057901603687165	1.0
K14_P14_cycling_program	score_K14_P14_cycling_program	anatomy_celltype	outer|PCL.1	2659	-0.05986866152785362	-0.10456179452959628	-0.10456179452959628	-0.10456179452959628	0.11244828883038736
K14_P14_cycling_program	score_K14_P14_cycling_program	anatomy_celltype	outer|PCL.2	1976	-0.08096331206402525	-0.10456179452959628	-0.10456179452959628	-0.10456179452959628	0.07338056680161943
K14_P14_cycling_program	score_K14_P14_cycling_program	status_anatomy_celltype	abnormal|inner|Ch.1(CHAD)	714	-0.09072692359409822	-0.10456179452959628	-0.10456179452959628	-0.10456179452959628	0.028011204481792718
K14_P14_cycling_program	score_K14_P14_cycling_program	status_anatomy_celltype	abnormal|inner|Ch.2(FNDC1)	3779	-0.025921377463295654	-0.10456179452959628	-0.10456179452959628	-0.10456179452959628	0.16379994707594603
K14_P14_cycling_program	score_K14_P14_cycling_program	status_anatomy_celltype	abnormal|inner|Ch.3(PRG4)	3851	-0.08780257814268973	-0.10456179452959628	-0.10456179452959628	-0.10456179452959628	0.06361983900285641
K14_P14_cycling_program	score_K14_P14_cycling_program	status_anatomy_celltype	abnormal|inner|Ch.4(CFD)	167	-0.09405868375959775	-0.10456179452959628	-0.10456179452959628	-0.10456179452959628	0.023952095808383235
K14_P14_cycling_program	score_K14_P14_cycling_program	status_anatomy_celltype	abnormal|inner|Ch.5(cycling)	231	7.489110081704505	7.7743202347004	5.375878470819521	9.45310105374297	1.0
K14_P14_cycling_program	score_K14_P14_cycling_program	status_anatomy_celltype	abnormal|inner|PCL.1	190	-0.02493394370484625	-0.10456179452959628	-0.10456179452959628	-0.10456179452959628	0.1736842105263158
K14_P14_cycling_program	score_K14_P14_cycling_program	status_anatomy_celltype	abnormal|inner|PCL.2	34	-0.08983220782353225	-0.10456179452959628	-0.10456179452959628	-0.10456179452959628	0.029411764705882353
K14_P14_cycling_program	score_K14_P14_cycling_program	status_anatomy_celltype	abnormal|outer|Ch.1(CHAD)	1131	-0.08400931374591876	-0.10456179452959628	-0.10456179452959628	-0.10456179452959628	0.020335985853227233
K14_P14_cycling_program	score_K14_P14_cycling_program	status_anatomy_celltype	abnormal|outer|Ch.2(FNDC1)	2171	-0.05229683772689522	-0.10456179452959628	-0.10456179452959628	-0.10456179452959628	0.12298479963150621
K14_P14_cycling_program	score_K14_P14_cycling_program	status_anatomy_celltype	abnormal|outer|Ch.3(PRG4)	429	-0.06763348768233919	-0.10456179452959628	-0.10456179452959628	-0.10456179452959628	0.10722610722610723
K14_P14_cycling_program	score_K14_P14_cycling_program	status_anatomy_celltype	abnormal|outer|Ch.4(CFD)	1071	-0.09170120809352766	-0.10456179452959628	-0.10456179452959628	-0.10456179452959628	0.029878618113912233
K14_P14_cycling_program	score_K14_P14_cycling_program	status_anatomy_celltype	abnormal|outer|Ch.5(cycling)	57	6.182131458575511	6.145568213099803	4.659865447384819	7.017373445876435	1.0
K14_P14_cycling_program	score_K14_P14_cycling_program	status_anatomy_celltype	abnormal|outer|PCL.1	498	0.006668658782768618	-0.10456179452959628	-0.10456179452959628	-0.10456179452959628	0.21084337349397592
K14_P14_cycling_program	score_K14_P14_cycling_program	status_anatomy_celltype	abnormal|outer|PCL.2	144	-0.09191936556517637	-0.10456179452959628	-0.10456179452959628	-0.10456179452959628	0.027777777777777776
K14_P14_cycling_program	score_K14_P14_cycling_program	status_anatomy_celltype	normal|inner|Ch.1(CHAD)	6265	-0.09717903565633629	-0.10456179452959628	-0.10456179452959628	-0.10456179452959628	0.02346368715083799
K14_P14_cycling_program	score_K14_P14_cycling_program	status_anatomy_celltype	normal|inner|Ch.2(FNDC1)	125	-0.06785061290654111	-0.10456179452959628	-0.10456179452959628	-0.10456179452959628	0.168
K14_P14_cycling_program	score_K14_P14_cycling_program	status_anatomy_celltype	normal|inner|Ch.3(PRG4)	371	-0.09512008826811201	-0.10456179452959628	-0.10456179452959628	-0.10456179452959628	0.04043126684636118
K14_P14_cycling_program	score_K14_P14_cycling_program	status_anatomy_celltype	normal|inner|Ch.4(CFD)	49	-0.10456179452959628	-0.10456179452959628	-0.10456179452959628	-0.10456179452959628	0.0
K14_P14_cycling_program	score_K14_P14_cycling_program	status_anatomy_celltype	normal|inner|Ch.5(cycling)	2	7.437043014846987	7.437043014846987	6.9165869311499275	7.957499098544046	1.0
K14_P14_cycling_program	score_K14_P14_cycling_program	status_anatomy_celltype	normal|inner|PCL.1	31	0.06974942001468194	-0.10456179452959628	-0.10456179452959628	-0.10456179452959628	0.22580645161290322
K14_P14_cycling_program	score_K14_P14_cycling_program	status_anatomy_celltype	normal|inner|PCL.2	6	-0.10456179452959628	-0.10456179452959628	-0.10456179452959628	-0.10456179452959628	0.0
K14_P14_cycling_program	score_K14_P14_cycling_program	status_anatomy_celltype	normal|outer|Ch.1(CHAD)	2279	-0.081818319983286	-0.10456179452959628	-0.10456179452959628	-0.10456179452959628	0.036858271171566474
K14_P14_cycling_program	score_K14_P14_cycling_program	status_anatomy_celltype	normal|outer|Ch.2(FNDC1)	81	-0.054435250293410675	-0.10456179452959628	-0.10456179452959628	-0.10456179452959628	0.12345679012345678
K14_P14_cycling_program	score_K14_P14_cycling_program	status_anatomy_celltype	normal|outer|Ch.3(PRG4)	78	-0.09886269686129669	-0.10456179452959628	-0.10456179452959628	-0.10456179452959628	0.05128205128205128
K14_P14_cycling_program	score_K14_P14_cycling_program	status_anatomy_celltype	normal|outer|Ch.4(CFD)	937	-0.08067867262530738	-0.10456179452959628	-0.10456179452959628	-0.10456179452959628	0.09284951974386339
K14_P14_cycling_program	score_K14_P14_cycling_program	status_anatomy_celltype	normal|outer|Ch.5(cycling)	2	6.220897823441239	6.220897823441239	4.924418695880928	7.517376951001548	1.0
K14_P14_cycling_program	score_K14_P14_cycling_program	status_anatomy_celltype	normal|outer|PCL.1	2161	-0.07520211155778876	-0.10456179452959628	-0.10456179452959628	-0.10456179452959628	0.08977325312355391
K14_P14_cycling_program	score_K14_P14_cycling_program	status_anatomy_celltype	normal|outer|PCL.2	1832	-0.08010213755301775	-0.10456179452959628	-0.10456179452959628	-0.10456179452959628	0.0769650655021834
